goal_id,period_id,l2_name,l1_name,attainability,relevance,coherence,integrity,composite_raw,composite,composite_adjusted,final_composite,gp_std,uncertain,at_risk,critical,weakest_dim,weakest_score,shock_effect,goal_priority,attainability_norm,relevance_norm,coherence_norm,integrity_norm,verified_attainability,verified_relevance,verified_coherence,verified_integrity,verified_composite,verified,verification_flags,verification_narrative,verification_adjustments,verifier_model_used,attainability_at_risk,relevance_at_risk,coherence_at_risk,integrity_at_risk
1,1,Paid Acquisition,Marketing,0.0992578158392996,0.75,0.65,0.75,0.5623144539598249,0.5623144539598249,0.5623144539598249,0.5623144539598249,0.026703101475246,False,False,False,attainability,0.0992578158392996,,P3,0.10924132575147888,0.7409042625988322,0.5333333333333333,0.75,,,,,,,,,,,True,False,False,False
1,2,Paid Acquisition,Marketing,0.1002352534521733,0.75,0.65,0.75,0.5625588133630434,0.5625588133630434,0.5625588133630434,0.5625588133630434,0.026609664065795,False,False,False,attainability,0.1002352534521733,,P3,0.11032008062586583,0.7409042625988322,0.5333333333333333,0.75,,,,,,,,,,,True,False,False,False
1,3,Paid Acquisition,Marketing,0.1015640411664781,0.75,0.65,0.4,0.47539101029161956,0.47539101029161956,0.47539101029161956,0.47539101029161956,0.0266231923043567,False,False,False,attainability,0.1015640411664781,,P3,0.11178660514359692,0.7409042625988322,0.5333333333333333,0.4,,,,,,,,,,,True,False,False,False
1,4,Paid Acquisition,Marketing,0.1002718344752364,0.75,0.65,0.0,0.3750679586188091,0.3750679586188091,0.3750679586188091,0.3750679586188091,0.0267028455080672,False,False,False,integrity,0.0,,P3,0.11036045349101818,0.7409042625988322,0.5333333333333333,0.0,,,,,,,,,,,True,False,False,True
1,5,Paid Acquisition,Marketing,0.1117180624276018,0.75,0.65,0.0,0.37792951560690047,0.37792951560690047,0.37792951560690047,0.37792951560690047,0.0264076979172695,False,False,False,integrity,0.0,,P3,0.12299315151115671,0.7409042625988322,0.5333333333333333,0.0,,,,,,,,,,,True,False,False,True
1,6,Paid Acquisition,Marketing,0.094795366649611,0.75,0.65,0.0,0.37369884166240275,0.37369884166240275,0.37369884166240275,0.3862,0.0263104346697565,False,False,False,integrity,0.05,0.0,P3,0.10431631698193934,0.7409042625988322,0.5333333333333333,0.0,0.0948,0.75,0.65,0.05,0.3862,True,[],The provided scores are consistent with the given evidence. No adjustments are necessary. Final verifier adjustments applied: integrity adjusted by +0.05.,"{""integrity"": 0.05}",verifier_primary,True,False,False,True
1,7,Paid Acquisition,Marketing,0.1058604172745902,0.75,0.65,0.4,0.4764651043186475,0.4764651043186475,0.4764651043186475,0.4764651043186475,0.0265688398924676,False,False,False,attainability,0.1058604172745902,,P3,0.1165283263622017,0.7409042625988322,0.5333333333333333,0.4,,,,,,,,,,,True,False,False,False
1,8,Paid Acquisition,Marketing,0.1016938403308855,0.75,0.65,0.0612169769779869,0.3907277043272181,0.3907277043272181,0.3907277043272181,0.3907277043272181,0.0263668884205274,False,False,False,integrity,0.0612169769779869,,P3,0.11192985876863817,0.7409042625988322,0.5333333333333333,0.0612169769779869,,,,,,,,,,,True,False,False,True
1,9,Paid Acquisition,Marketing,0.1036413088085862,0.75,0.65,0.0,0.37591032720214657,0.37591032720214657,0.37591032720214657,0.37591032720214657,0.0263214789313856,False,False,False,integrity,0.0,,P3,0.11407919401557845,0.7409042625988322,0.5333333333333333,0.0,,,,,,,,,,,True,False,False,True
1,10,Paid Acquisition,Marketing,0.1097750495372508,0.75,0.65,0.0,0.3774437623843127,0.3774437623843127,0.3774437623843127,0.3774437623843127,0.0265036059148564,False,False,False,integrity,0.0,,P3,0.1208487336998752,0.7409042625988322,0.5333333333333333,0.0,,,,,,,,,,,True,False,False,True
1,11,Paid Acquisition,Marketing,0.1046663109160767,0.75,0.65,0.0044943425552452,0.3772901633678305,0.3772901633678305,0.3772901633678305,0.3772901633678305,0.0265647989690945,False,False,False,integrity,0.0044943425552452,,P3,0.1152104437292675,0.7409042625988322,0.5333333333333333,0.0044943425552452,,,,,,,,,,,True,False,False,True
1,12,Paid Acquisition,Marketing,0.274309266009847,0.7009237369757464,0.6288408022262739,0.4145728643216081,0.5046616673833688,0.5046616673833688,0.5046616673833688,0.4797,0.0264386732458244,False,False,False,attainability,0.2143,-0.1,P3,0.30243790694789535,0.6900424603701817,0.5051210696350319,0.4145728643216081,0.2143,0.7009,0.5888,0.4146,0.4797,True,"[""budget shock reduced allocation and may weaken attainability and coherence""]",The provided scores are consistent with the given evidence. No adjustments are necessary. Final verifier adjustments applied: attainability adjusted by -0.06; coherence adjusted by -0.04.,"{""attainability"": -0.06, ""coherence"": -0.04}",verifier_primary,True,False,False,False
1,13,Paid Acquisition,Marketing,0.2969663446131352,0.75,0.65,0.1025975341750165,0.4498909696970379,0.4498909696970379,0.4498909696970379,0.4498909696970379,0.0265982750336234,False,False,False,integrity,0.1025975341750165,,P3,0.3274435274199858,0.7409042625988322,0.5333333333333333,0.1025975341750165,,,,,,,,,,,True,False,False,True
1,14,Paid Acquisition,Marketing,0.1033608577426566,0.75,0.65,0.0,0.3758402144356642,0.3758402144356642,0.3758402144356642,0.3758402144356642,0.026591175200004,False,False,False,integrity,0.0,,P3,0.11376967251731207,0.7409042625988322,0.5333333333333333,0.0,,,,,,,,,,,True,False,False,True
1,15,Paid Acquisition,Marketing,0.0998420371534758,0.75,0.65,0.0,0.374960509288369,0.374960509288369,0.374960509288369,0.374960509288369,0.02636938092504,False,False,False,integrity,0.0,,P3,0.10988610510321205,0.7409042625988322,0.5333333333333333,0.0,,,,,,,,,,,True,False,False,True
1,16,Paid Acquisition,Marketing,0.0990449345311507,0.75,0.65,0.0,0.3747612336327877,0.3747612336327877,0.3747612336327877,0.3747612336327877,0.0264528067278113,False,False,False,integrity,0.0,,P3,0.1090063780209978,0.7409042625988322,0.5333333333333333,0.0,,,,,,,,,,,True,False,False,True
1,17,Paid Acquisition,Marketing,0.0999740419984356,0.75,0.65,0.0304601289300991,0.38260854273213374,0.38260854273213374,0.38260854273213374,0.38260854273213374,0.0265686964300787,False,False,False,integrity,0.0304601289300991,,P3,0.11003179304080268,0.7409042625988322,0.5333333333333333,0.0304601289300991,,,,,,,,,,,True,False,False,True
1,18,Paid Acquisition,Marketing,0.1462448010208513,0.5399072009207971,0.6339832869080779,0.2480410699810861,0.3920440897077031,0.3920440897077031,0.3920440897077031,0.367,0.0264445744218702,False,False,False,attainability,0.1462,0.0,P3,0.16109879330720786,0.5231676677984265,0.5119777158774372,0.2480410699810861,0.1462,0.5399,0.634,0.148,0.367,True,"[""Integrity score of 0.248 is too low given the evidence of needle_move=0.3050232506857143 and efficiency=0.1170059723953939, which meet the integrity>0.55 requirement.""]","The scores are generally consistent with the provided evidence, with the exception of the integrity score. The integrity score of 0.248 is too low given the evidence of needle_move=0.3050232506857143 and efficiency=0.1170059723953939, which meet the integrity>0.55 requirement. The other scores are appropriate given the weak evidence. Final verifier adjustments applied: integrity adjusted by -0.10.","{""integrity"": -0.1}",verifier_primary,True,False,False,True
1,19,Paid Acquisition,Marketing,0.1020182303413965,0.75,0.65,0.0,0.3755045575853491,0.3755045575853491,0.3755045575853491,0.3755045575853491,0.0264369889600509,False,False,False,integrity,0.0,,P3,0.11228787374620013,0.7409042625988322,0.5333333333333333,0.0,,,,,,,,,,,True,False,False,True
1,20,Paid Acquisition,Marketing,0.1011761457502198,0.75,0.65,0.0,0.375294036437555,0.375294036437555,0.375294036437555,0.375294036437555,0.0260295356157746,False,False,False,integrity,0.0,,P3,0.11135850204470883,0.7409042625988322,0.5333333333333333,0.0,,,,,,,,,,,True,False,False,True
1,21,Paid Acquisition,Marketing,0.1008776476041531,0.75,0.65,0.0,0.37521941190103825,0.37521941190103825,0.37521941190103825,0.37521941190103825,0.025523764848729,False,False,False,integrity,0.0,,P3,0.11102906277838245,0.7409042625988322,0.5333333333333333,0.0,,,,,,,,,,,True,False,False,True
1,22,Paid Acquisition,Marketing,0.102343492497888,0.75,0.65,0.0254430941252869,0.38194664665579375,0.38194664665579375,0.38194664665579375,0.38194664665579375,0.0253522934067292,False,False,False,integrity,0.0254430941252869,,P3,0.1126468512728959,0.7409042625988322,0.5333333333333333,0.0254430941252869,,,,,,,,,,,True,False,False,True
1,23,Paid Acquisition,Marketing,0.0915394172369226,0.75,0.65,0.0,0.3728848543092307,0.3728848543092307,0.3728848543092307,0.3728848543092307,0.0250302204523734,False,False,False,integrity,0.0,,P3,0.1007228689158592,0.7409042625988322,0.5333333333333333,0.0,,,,,,,,,,,True,False,False,True
1,24,Paid Acquisition,Marketing,0.0047127766431693,0.75,0.65,0.0470724946688433,0.36294631782800313,0.36294631782800313,0.36294631782800313,0.36294631782800313,0.026115933727815,False,False,False,attainability,0.0047127766431693,,P3,0.004896127102865783,0.7409042625988322,0.5333333333333333,0.0470724946688433,,,,,,,,,,,True,False,False,True
2,1,Paid Acquisition,Marketing,0.1028925774743432,0.0351057006664855,1.0,0.75,0.47199956953520716,0.47199956953520716,0.47199956953520716,0.47199956953520716,0.0266900616816663,False,False,False,relevance,0.0351057006664855,,P3,0.11325285219510539,0.0,1.0,0.75,,,,,,,,,,,True,True,False,False
2,2,Paid Acquisition,Marketing,0.0970084156394304,0.0351057006664855,1.0,0.5275822217117085,0.4149240845044061,0.4149240845044061,0.4149240845044061,0.4149240845044061,0.0266378703708924,False,False,False,relevance,0.0351057006664855,,P3,0.10675876175138707,0.0,1.0,0.5275822217117085,,,,,,,,,,,True,True,False,False
2,3,Paid Acquisition,Marketing,0.0993548283755353,0.0351057006664855,1.0,0.4770529594871366,0.40287837213228933,0.40287837213228933,0.40287837213228933,0.40287837213228933,0.0266174532319835,False,False,False,relevance,0.0351057006664855,,P3,0.1093483942180107,0.0,1.0,0.4770529594871366,,,,,,,,,,,True,True,False,False
2,4,Paid Acquisition,Marketing,0.1000144902943044,0.0351057006664855,1.0,0.0,0.28378004774019744,0.28378004774019744,0.28378004774019744,0.28378004774019744,0.0265891363789905,False,True,False,integrity,0.0,,P2,0.11007643404474445,0.0,1.0,0.0,,,,,,,,,,,True,True,False,True
2,5,Paid Acquisition,Marketing,0.1005302697510596,0.0351057006664855,1.0,0.0,0.28390899260438623,0.28390899260438623,0.28390899260438623,0.28390899260438623,0.0263941478077597,False,True,False,integrity,0.0,,P2,0.11064567713070211,0.0,1.0,0.0,,,,,,,,,,,True,True,False,True
2,6,Paid Acquisition,Marketing,0.0970109717616297,0.0351057006664855,1.0,0.0,0.2830291681070288,0.2830291681070288,0.2830291681070288,0.2868,0.0265069424215029,False,True,False,relevance,0.05,0.0,P2,0.1067615828309585,0.0,1.0,0.0,0.097,0.05,0.95,0.05,0.2868,True,[],The provided scores are consistent with the given evidence. No adjustments are necessary. Final verifier adjustments applied: relevance adjusted by +0.01; coherence adjusted by -0.05; integrity adjusted by +0.05.,"{""relevance"": 0.0149, ""coherence"": -0.05, ""integrity"": 0.05}",verifier_primary,True,True,False,True
2,7,Paid Acquisition,Marketing,0.1018412388985669,0.0351057006664855,1.0,0.3066904943977082,0.36090935849069017,0.36090935849069017,0.36090935849069017,0.36090935849069017,0.0265996435744792,False,False,False,relevance,0.0351057006664855,,P3,0.11209253608048879,0.0,1.0,0.3066904943977082,,,,,,,,,,,True,True,False,True
2,8,Paid Acquisition,Marketing,0.097051363861729,0.0351057006664855,1.0,0.0,0.2830392661320536,0.2830392661320536,0.2830392661320536,0.2830392661320536,0.0261660302258613,False,True,False,integrity,0.0,,P2,0.10680616181410274,0.0,1.0,0.0,,,,,,,,,,,True,True,False,True
2,9,Paid Acquisition,Marketing,0.1030683904665362,0.0351057006664855,1.0,0.0,0.2845435227832554,0.2845435227832554,0.2845435227832554,0.2845435227832554,0.0262565162714203,False,True,False,integrity,0.0,,P2,0.11344688925671502,0.0,1.0,0.0,,,,,,,,,,,True,True,False,True
2,10,Paid Acquisition,Marketing,0.0973365337236889,0.0351057006664855,1.0,0.0,0.2831105585975436,0.2831105585975436,0.2831105585975436,0.2831105585975436,0.0265706316059219,False,True,False,integrity,0.0,,P2,0.10712089123986432,0.0,1.0,0.0,,,,,,,,,,,True,True,False,True
2,11,Paid Acquisition,Marketing,0.1019678559344118,0.0351057006664855,1.0,0.0,0.2842683891502243,0.2842683891502243,0.2842683891502243,0.2842683891502243,0.0265541011538432,False,True,False,integrity,0.0,,P2,0.11223227773028732,0.0,1.0,0.0,,,,,,,,,,,True,True,False,True
2,12,Paid Acquisition,Marketing,0.1099762362207688,0.2603294311079632,0.847305389221557,0.48,0.4244027641375722,0.4244027641375722,0.4244027641375722,0.3994,0.0266359663057709,False,False,False,attainability,0.05,-0.1,P3,0.12107077458785445,0.23341803407590597,0.7964071856287426,0.48,0.05,0.2603,0.8073,0.48,0.3994,True,"[""budget shock reduced allocation and may weaken attainability and coherence""]",The scores provided are consistent with the given evidence. No adjustments are necessary. Final verifier adjustments applied: attainability adjusted by -0.06; coherence adjusted by -0.04.,"{""attainability"": -0.06, ""coherence"": -0.04}",verifier_primary,True,True,False,False
2,13,Paid Acquisition,Marketing,0.1000870051144424,0.0351057006664855,1.0,0.063470507411965,0.29966580329822323,0.29966580329822323,0.29966580329822323,0.29966580329822323,0.0266728976715511,False,True,False,relevance,0.0351057006664855,,P2,0.11015646546021166,0.0,1.0,0.063470507411965,,,,,,,,,,,True,True,False,True
2,14,Paid Acquisition,Marketing,0.0994028619740547,0.0351057006664855,1.0,0.0,0.28362714066013506,0.28362714066013506,0.28362714066013506,0.28362714066013506,0.0265604067781679,False,True,False,integrity,0.0,,P2,0.1094014067866439,0.0,1.0,0.0,,,,,,,,,,,True,True,False,True
2,15,Paid Acquisition,Marketing,0.1008669621671764,0.0351057006664855,1.0,0.0,0.2839931657084155,0.2839931657084155,0.2839931657084155,0.2839931657084155,0.0264576690673497,False,True,False,integrity,0.0,,P2,0.11101726973187825,0.0,1.0,0.0,,,,,,,,,,,True,True,False,True
2,16,Paid Acquisition,Marketing,0.0987804510279971,0.0351057006664855,1.0,0.0,0.2834715379236206,0.2834715379236206,0.2834715379236206,0.2834715379236206,0.0265063702739166,False,True,False,integrity,0.0,,P2,0.10871447921900362,0.0,1.0,0.0,,,,,,,,,,,True,True,False,True
2,17,Paid Acquisition,Marketing,0.1005734021884213,0.0351057006664855,1.0,0.1085390905833738,0.31105454835957014,0.31105454835957014,0.31105454835957014,0.31105454835957014,0.0266279629464329,False,True,False,relevance,0.0351057006664855,,P2,0.11069328050347527,0.0,1.0,0.1085390905833738,,,,,,,,,,,True,True,False,True
2,18,Paid Acquisition,Marketing,0.0997367504701642,0.1789341240744836,0.847305389221557,0.48,0.4014940659415512,0.4014940659415512,0.4014940659415512,0.3765,0.0265147978638682,False,False,False,attainability,0.0997,0.0,P3,0.10976990482471397,0.14906132568857058,0.7964071856287426,0.48,0.0997,0.1789,0.8473,0.38,0.3765,True,"[""integrity is too high compared to weak needle move and efficiency evidence""]","The scores are generally consistent with the provided evidence, with the exception of the integrity score. The integrity score of 0.480 is too high given the weak needle move (0.2735) and efficiency (0.0877) evidence, which should be above 0.25 and 0.20 respectively for an integrity score over 0.55. The other scores are appropriate given the evidence. Final verifier adjustments applied: integrity adjusted by -0.10.","{""integrity"": -0.1}",verifier_primary,True,True,False,False
2,19,Paid Acquisition,Marketing,0.1007542725759743,0.0351057006664855,1.0,0.0691887945765859,0.3012621919547614,0.3012621919547614,0.3012621919547614,0.3012621919547614,0.0263451452686828,False,True,False,relevance,0.0351057006664855,,P2,0.11089289918975788,0.0,1.0,0.0691887945765859,,,,,,,,,,,True,True,False,True
2,20,Paid Acquisition,Marketing,0.1020409641965321,0.0351057006664855,1.0,0.0,0.2842866662157544,0.2842866662157544,0.2842866662157544,0.2842866662157544,0.0262241849550215,False,True,False,integrity,0.0,,P2,0.11231296410155184,0.0,1.0,0.0,,,,,,,,,,,True,True,False,True
2,21,Paid Acquisition,Marketing,0.0989491406676325,0.0351057006664855,1.0,0.0,0.28351371033352946,0.28351371033352946,0.28351371033352946,0.28351371033352946,0.0264061533687269,False,True,False,integrity,0.0,,P2,0.10890065454990813,0.0,1.0,0.0,,,,,,,,,,,True,True,False,True
2,22,Paid Acquisition,Marketing,0.098607463418341,0.0351057006664855,1.0,0.1708581222106349,0.3261428215738653,0.3261428215738653,0.3261428215738653,0.3261428215738653,0.0264033080754192,False,True,False,relevance,0.0351057006664855,,P2,0.10852356040774934,0.0,1.0,0.1708581222106349,,,,,,,,,,,True,True,False,True
2,23,Paid Acquisition,Marketing,0.0988946270324295,0.0351057006664855,1.0,0.0,0.28350008192472875,0.28350008192472875,0.28350008192472875,0.28350008192472875,0.0264081613719992,False,True,False,integrity,0.0,,P2,0.10884049024998632,0.0,1.0,0.0,,,,,,,,,,,True,True,False,True
2,24,Paid Acquisition,Marketing,0.0019242793782667,0.0351057006664855,1.0,0.0298932049810935,0.26673079625646146,0.26673079625646146,0.26673079625646146,0.26673079625646146,0.0265321972696167,False,True,False,attainability,0.0019242793782667,,P2,0.00181858539881321,0.0,1.0,0.0298932049810935,,,,,,,,,,,True,True,False,True
3,1,Paid Acquisition,Marketing,0.0875619813199515,0.75,0.966553216359545,0.75,0.6385287994198741,0.6385287994198741,0.6385287994198741,0.6385287994198741,0.0266366180615378,False,False,False,attainability,0.0875619813199515,,P3,0.09633314794903491,0.7409042625988322,0.9554042884793934,0.75,,,,,,,,,,,True,False,False,False
3,2,Paid Acquisition,Marketing,0.1020667545988372,0.75,0.966553216359545,0.9763394253138098,0.6987398490680481,0.6987398490680481,0.6987398490680481,0.6987398490680481,0.0264809296851525,False,False,False,attainability,0.1020667545988372,,P3,0.11234142783348992,0.7409042625988322,0.9554042884793934,0.9763394253138098,,,,,,,,,,,True,False,False,False
3,3,Paid Acquisition,Marketing,0.0974585354523947,0.75,0.966553216359545,0.6613648868478166,0.6188441596649391,0.6188441596649391,0.6188441596649391,0.6188441596649391,0.0265100149273153,False,False,False,attainability,0.0974585354523947,,P3,0.10725553917830212,0.7409042625988322,0.9554042884793934,0.6613648868478166,,,,,,,,,,,True,False,False,False
3,4,Paid Acquisition,Marketing,0.0996128052131129,0.75,0.966553216359545,0.4495544228149214,0.5664301110968949,0.5664301110968949,0.5664301110968949,0.5664301110968949,0.0264746003835535,False,False,False,attainability,0.0996128052131129,,P3,0.10963311189957972,0.7409042625988322,0.9554042884793934,0.4495544228149214,,,,,,,,,,,True,False,False,False
3,5,Paid Acquisition,Marketing,0.1053329993244596,0.75,0.966553216359545,0.4307603724515592,0.5631616470338909,0.5631616470338909,0.5631616470338909,0.5631616470338909,0.0253088040766124,False,False,False,attainability,0.1053329993244596,,P3,0.11594623838333845,0.7409042625988322,0.9554042884793934,0.4307603724515592,,,,,,,,,,,True,False,False,False
3,6,Paid Acquisition,Marketing,0.0904082235265216,0.75,0.966553216359545,0.4085640418788595,0.5538813704412315,0.5538813704412315,0.5538813704412315,0.5497,0.0253216488319767,False,False,False,attainability,0.0904,0.0,P3,0.09947442020373803,0.7409042625988322,0.9554042884793934,0.4085640418788595,0.0904,0.75,0.95,0.4086,0.5497,True,[],The provided scores are consistent with the given evidence. No adjustments are necessary. Final verifier adjustments applied: coherence adjusted by -0.02.,"{""coherence"": -0.0166}",verifier_primary,True,False,False,False
3,7,Paid Acquisition,Marketing,0.106479873768754,0.75,0.966553216359545,0.6319295014289101,0.6137406478893023,0.6137406478893023,0.6137406478893023,0.6137406478893023,0.0264544900592941,False,False,False,attainability,0.106479873768754,,P3,0.11721199323131798,0.7409042625988322,0.9554042884793934,0.6319295014289101,,,,,,,,,,,True,False,False,False
3,8,Paid Acquisition,Marketing,0.1128643429442144,0.75,0.966553216359545,0.4142595299950567,0.5609192723247041,0.5609192723247041,0.5609192723247041,0.5609192723247041,0.0262699824480001,False,False,False,attainability,0.1128643429442144,,P3,0.12425825086729377,0.7409042625988322,0.9554042884793934,0.4142595299950567,,,,,,,,,,,True,False,False,False
3,9,Paid Acquisition,Marketing,0.2908290531376254,0.75,0.7898563779087052,0.35,0.5451713577615827,0.5451713577615827,0.5451713577615827,0.5451713577615827,0.0265377000131274,False,False,False,attainability,0.2908290531376254,,P3,0.3206700689326713,0.7409042625988322,0.7198085038782737,0.35,,,,,,,,,,,True,False,False,False
3,10,Paid Acquisition,Marketing,0.0988884506961835,0.75,0.966553216359545,0.6,0.6038604167639321,0.6038604167639321,0.6038604167639321,0.6038604167639321,0.0264493220759344,False,False,False,attainability,0.0988884506961835,,P3,0.10883367369950427,0.7409042625988322,0.9554042884793934,0.6,,,,,,,,,,,True,False,False,False
3,11,Paid Acquisition,Marketing,0.0999732573705399,0.75,0.966553216359545,0.4885448298433426,0.5762678258933569,0.5762678258933569,0.5762678258933569,0.5762678258933569,0.0263943996302281,False,False,False,attainability,0.0999732573705399,,P3,0.11003092708152722,0.7409042625988322,0.9554042884793934,0.4885448298433426,,,,,,,,,,,True,False,False,False
3,12,Paid Acquisition,Marketing,0.1098649300949213,0.4722222222222222,0.8161999957770214,0.5905857991439633,0.49721823680953203,0.49721823680953203,0.49721823680953203,0.4598,0.0264820978898771,False,False,False,attainability,0.05,-0.1,P3,0.12094793091555694,0.45302010993086816,0.7549333277026952,0.5905857991439633,0.05,0.4722,0.7762,0.5406,0.4598,True,"[""budget shock reduced allocation and may weaken attainability and coherence"", ""integrity is too high compared to weak needle_move and efficiency evidence""]","The scores are generally consistent with the provided evidence, with the exception of the integrity score being too high given the weak needle_move and efficiency values. The other scores are appropriate given the evidence. Final verifier adjustments applied: attainability adjusted by -0.06; coherence adjusted by -0.04; integrity adjusted by -0.05.","{""attainability"": -0.0599, ""coherence"": -0.04, ""integrity"": -0.05}",verifier_primary,True,False,False,False
3,13,Paid Acquisition,Marketing,0.0985736519704936,1.0,0.6383706958137512,0.468777640296581,0.5514304970202064,0.5514304970202064,0.5514304970202064,0.5514304970202064,0.0266228037493041,False,False,False,attainability,0.0985736519704936,,P3,0.10848624420086815,1.0,0.5178275944183349,0.468777640296581,,,,,,,,,,,True,False,False,False
3,14,Paid Acquisition,Marketing,0.0949861667511607,1.0,0.6165532163595451,0.4938593337354904,0.5513496792115491,0.5513496792115491,0.5513496792115491,0.5513496792115491,0.0262267739746503,False,False,False,attainability,0.0949861667511607,,P3,0.10452689465653398,1.0,0.4887376218127268,0.4938593337354904,,,,,,,,,,,True,False,False,False
3,15,Paid Acquisition,Marketing,0.1003796137584989,1.0,0.6165532163595451,0.539372693532671,0.5640763809126788,0.5640763809126788,0.5640763809126788,0.5640763809126788,0.0259049259371739,False,False,False,attainability,0.1003796137584989,,P3,0.11047940474237787,1.0,0.4887376218127268,0.539372693532671,,,,,,,,,,,True,False,False,False
3,16,Paid Acquisition,Marketing,0.0969822914186392,0.75,0.6165532163595451,0.6,0.5158838769445461,0.5158838769445461,0.5158838769445461,0.5158838769445461,0.0265809569193295,False,False,False,attainability,0.0969822914186392,,P3,0.1067299295986779,0.7409042625988322,0.4887376218127268,0.6,,,,,,,,,,,True,False,False,False
3,17,Paid Acquisition,Marketing,0.1037358668478848,1.0,0.6165532163595451,0.6,0.5800722708018575,0.5800722708018575,0.5800722708018575,0.5800722708018575,0.0264759156828713,False,False,False,attainability,0.1037358668478848,,P3,0.11418355356186799,1.0,0.4887376218127268,0.6,,,,,,,,,,,True,False,False,False
3,18,Paid Acquisition,Marketing,0.1161600018085799,0.4722222222222222,0.6079477078603361,0.4983845938672158,0.4236786314395885,0.4236786314395885,0.4236786314395885,0.4237,0.0262536452064042,False,False,False,attainability,0.1162,0.0,P3,0.12789552450749928,0.45302010993086816,0.4772636104804482,0.4983845938672158,0.1162,0.4722,0.6079,0.4984,0.4237,True,[],The scores provided are consistent with the given evidence. No adjustments are necessary.,{},verifier_primary,True,False,False,False
3,19,Paid Acquisition,Marketing,0.0980949978328554,0.75,0.6165532163595451,0.2530062059783488,0.42941360504268733,0.42941360504268733,0.42941360504268733,0.42941360504268733,0.0260984481456508,False,False,False,attainability,0.0980949978328554,,P3,0.10795797469566197,0.7409042625988322,0.4887376218127268,0.2530062059783488,,,,,,,,,,,True,False,False,True
3,20,Paid Acquisition,Marketing,0.0992621396912991,1.0,0.6165532163595451,0.4376747696765327,0.5383725314318443,0.5383725314318443,0.5383725314318443,0.5383725314318443,0.0266361484028715,False,False,False,attainability,0.0992621396912991,,P3,0.10924609779662954,1.0,0.4887376218127268,0.4376747696765327,,,,,,,,,,,True,False,False,False
3,21,Paid Acquisition,Marketing,0.1017371915651687,0.75,0.6165532163595451,0.2550937034580156,0.4308460278456823,0.4308460278456823,0.4308460278456823,0.4308460278456823,0.0261784341881027,False,False,False,attainability,0.1017371915651687,,P3,0.1119777036179439,0.7409042625988322,0.4887376218127268,0.2550937034580156,,,,,,,,,,,True,False,False,True
3,22,Paid Acquisition,Marketing,0.1008649309117316,0.75,0.6165532163595451,0.2702927825992036,0.43442773246762006,0.43442773246762006,0.43442773246762006,0.43442773246762006,0.0261894067085156,False,False,False,attainability,0.1008649309117316,,P3,0.11101502792464335,0.7409042625988322,0.4887376218127268,0.2702927825992036,,,,,,,,,,,True,False,False,True
3,23,Paid Acquisition,Marketing,0.0975576558927977,0.75,0.6165532163595451,0.308340753581597,0.44311290645848495,0.44311290645848495,0.44311290645848495,0.44311290645848495,0.0262544698854437,False,False,False,attainability,0.0975576558927977,,P3,0.1073649340458904,0.7409042625988322,0.4887376218127268,0.308340753581597,,,,,,,,,,,True,False,False,True
3,24,Paid Acquisition,Marketing,0.0006002579439425,0.75,0.6165532163595451,0.6,0.49178836857587194,0.49178836857587194,0.49178836857587194,0.49178836857587194,0.0265475326296072,False,False,False,attainability,0.0006002579439425,,P3,0.0003573212145234125,0.7409042625988322,0.4887376218127268,0.6,,,,,,,,,,,True,False,False,False
4,1,Content & SEO,Marketing,0.1004243370638103,0.75,0.9472074398098436,0.8955571445449376,0.6732972303546478,0.6732972303546478,0.6732972303546478,0.6732972303546478,0.0267219420413705,False,False,False,attainability,0.1004243370638103,,P3,0.11052876388608991,0.7409042625988322,0.9296099197464581,0.8955571445449376,,,,,,,,,,,True,False,False,False
4,2,Content & SEO,Marketing,0.0984963828645926,0.75,0.8870383170262002,0.8779486976780406,0.6533708493922084,0.6533708493922084,0.6533708493922084,0.6533708493922084,0.0267288080301901,False,False,False,attainability,0.0984963828645926,,P3,0.10840096568944975,0.7409042625988322,0.8493844227016002,0.8779486976780406,,,,,,,,,,,True,False,False,False
4,3,Content & SEO,Marketing,0.0993630006486341,0.75,0.9228242571311128,0.65,0.6055468144449367,0.6055468144449367,0.6055468144449367,0.6055468144449367,0.0267155970602812,False,False,False,attainability,0.0993630006486341,,P3,0.1093574135961521,0.7409042625988322,0.8970990095081505,0.65,,,,,,,,,,,True,False,False,False
4,4,Content & SEO,Marketing,0.0999464534021157,0.75,0.9267540222648118,0.175560226544252,0.4880651755527949,0.4880651755527949,0.4880651755527949,0.4880651755527949,0.0266420181386308,False,False,False,attainability,0.0999464534021157,,P3,0.11000134472127253,0.7409042625988322,0.9023386963530825,0.175560226544252,,,,,,,,,,,True,False,False,True
4,5,Content & SEO,Marketing,0.100359937974685,0.75,1.0,0.424554209406094,0.5687285368451948,0.5687285368451948,0.5687285368451948,0.5687285368451948,0.026442760593127,False,False,False,attainability,0.100359937974685,,P3,0.11045768944575221,0.7409042625988322,1.0,0.424554209406094,,,,,,,,,,,True,False,False,False
4,6,Content & SEO,Marketing,0.0979792530455367,0.75,0.9677554311629188,0.2452288145360635,0.5152408746861298,0.5152408746861298,0.5152408746861298,0.4988,0.0264898031533008,False,False,False,attainability,0.05,-0.05,P3,0.10783023226805287,0.7409042625988322,0.9570072415505585,0.2452288145360635,0.05,0.75,0.95,0.2452,0.4988,True,"[""market shock vulnerability may reduce future attainability""]",The provided scores are consistent with the given evidence. No adjustments are necessary. Final verifier adjustments applied: attainability adjusted by -0.05; coherence adjusted by -0.02.,"{""attainability"": -0.048, ""coherence"": -0.0178}",verifier_primary,True,False,False,True
4,7,Content & SEO,Marketing,0.1003773779537625,0.75,1.0,0.4875963613653694,0.584493434829783,0.584493434829783,0.584493434829783,0.584493434829783,0.0266126415599308,False,False,False,attainability,0.1003773779537625,,P3,0.11047693718309246,0.7409042625988322,1.0,0.4875963613653694,,,,,,,,,,,True,False,False,False
4,8,Content & SEO,Marketing,0.1049084106152618,0.75,0.9225294259073674,0.2251473660761478,0.5006463006496943,0.5006463006496943,0.5006463006496943,0.5006463006496943,0.0263081415193252,False,False,False,attainability,0.1049084106152618,,P3,0.11547763851197665,0.7409042625988322,0.8967059012098232,0.2251473660761478,,,,,,,,,,,True,False,False,True
4,9,Content & SEO,Marketing,0.0950641752883777,0.75,0.7656813858070557,0.2135515711604832,0.4560742830639791,0.4560742830639791,0.4560742830639791,0.4560742830639791,0.0264382702927924,False,False,False,attainability,0.0950641752883777,,P3,0.10461298924575203,0.7409042625988322,0.6875751810760743,0.2135515711604832,,,,,,,,,,,True,False,False,True
4,10,Content & SEO,Marketing,0.0985563571185645,0.75,0.8278747951788732,0.25,0.48160778807435944,0.48160778807435944,0.48160778807435944,0.48160778807435944,0.0266944254979927,False,False,False,attainability,0.0985563571185645,,P3,0.10846715663397427,0.7409042625988322,0.7704997269051642,0.25,,,,,,,,,,,True,False,False,True
4,11,Content & SEO,Marketing,0.1057099200324028,1.0,0.6628281760551209,0.3359360657153445,0.526118540450717,0.526118540450717,0.526118540450717,0.526118540450717,0.0264754521876353,False,False,False,attainability,0.1057099200324028,,P3,0.11636222917967755,1.0,0.5504375680734945,0.3359360657153445,,,,,,,,,,,True,False,False,True
4,12,Content & SEO,Marketing,0.2304859868415893,0.9118844872269528,0.7202140694936161,0.4792928844702676,0.5854693570081064,0.5854693570081064,0.5854693570081064,0.5255,0.0264738052896264,False,False,False,attainability,0.1305,-0.15,P3,0.2540720824781474,0.9086785849663412,0.6269520926581548,0.4792928844702676,0.1305,0.9119,0.6802,0.3793,0.5255,True,"[""budget shock reduced allocation and may weaken attainability and coherence"", ""market shock vulnerability may reduce future attainability"", ""integrity is too high compared to weak needle move and efficiency evidence""]","The scores are generally consistent with the provided evidence, with the exception of integrity. The integrity score of 0.479 is too high given the weak needle move and efficiency evidence. An adjustment of -0.10 is recommended to better align the integrity score with the supporting data. Final verifier adjustments applied: attainability adjusted by -0.10; coherence adjusted by -0.04; integrity adjusted by -0.10.","{""attainability"": -0.1, ""coherence"": -0.04, ""integrity"": -0.1}",verifier_primary,True,False,False,False
4,13,Content & SEO,Marketing,0.2994996933202773,1.0,0.6747140688169615,0.459385046686768,0.6083997022060017,0.6083997022060017,0.6083997022060017,0.6083997022060017,0.0266925547862488,False,False,False,attainability,0.2994996933202773,,P3,0.3302394728904253,1.0,0.566285425089282,0.459385046686768,,,,,,,,,,,True,False,False,False
4,14,Content & SEO,Marketing,0.103151715626824,1.0,0.65,0.25,0.500787928906706,0.500787928906706,0.500787928906706,0.500787928906706,0.0265942531831795,False,False,False,attainability,0.103151715626824,,P3,0.11353885156882135,1.0,0.5333333333333333,0.25,,,,,,,,,,,True,False,False,True
4,15,Content & SEO,Marketing,0.099548325070305,1.0,0.65,0.25,0.49988708126757625,0.49988708126757625,0.49988708126757625,0.49988708126757625,0.0265229462234462,False,False,False,attainability,0.099548325070305,,P3,0.10956194800385989,1.0,0.5333333333333333,0.25,,,,,,,,,,,True,False,False,True
4,16,Content & SEO,Marketing,0.0995906402248743,1.0,0.65,0.25,0.4998976600562186,0.4998976600562186,0.4998976600562186,0.4998976600562186,0.0263016311376448,False,False,False,attainability,0.0995906402248743,,P3,0.10960864937758527,1.0,0.5333333333333333,0.25,,,,,,,,,,,True,False,False,True
4,17,Content & SEO,Marketing,0.0986691421007067,1.0,0.65,0.1423359065897352,0.4727512621726105,0.4727512621726105,0.4727512621726105,0.4727512621726105,0.0264918089120933,False,False,False,attainability,0.0986691421007067,,P3,0.10859163245487688,1.0,0.5333333333333333,0.1423359065897352,,,,,,,,,,,True,False,False,True
4,18,Content & SEO,Marketing,0.1097257552115584,0.9045454545454544,0.7094059405940594,0.4298779722965695,0.5383887806619104,0.5383887806619104,0.5383887806619104,0.5009,0.0265692852570662,False,False,False,attainability,0.0597,-0.05,P3,0.12079432972214822,0.901072536628645,0.6125412541254125,0.4298779722965695,0.0597,0.9045,0.7094,0.3299,0.5009,True,"[""market shock vulnerability may reduce future attainability"", ""Integrity score of 0.430 is too high given weak needle_move of 0.3221669797626034 and efficiency of 0.1581422635116123""]","The scores are generally consistent with the provided evidence, with the exception of the integrity score. The integrity score of 0.430 is too high given the weak needle_move and efficiency values, so it has been adjusted downward by 0.10. Final verifier adjustments applied: attainability adjusted by -0.05; integrity adjusted by -0.10.","{""attainability"": -0.05, ""integrity"": -0.1}",verifier_primary,True,False,False,True
4,19,Content & SEO,Marketing,0.1014906227255126,1.0,0.65,0.3419786254508336,0.5233673120440865,0.5233673120440865,0.5233673120440865,0.5233673120440865,0.0265582858200912,False,False,False,attainability,0.1014906227255126,,P3,0.11170557644159253,1.0,0.5333333333333333,0.3419786254508336,,,,,,,,,,,True,False,False,True
4,20,Content & SEO,Marketing,0.1002959715353429,0.75,0.65,0.2206157237492155,0.43022792382113956,0.43022792382113956,0.43022792382113956,0.43022792382113956,0.0264445740039822,False,False,False,attainability,0.1002959715353429,,P3,0.1103870925019385,0.7409042625988322,0.5333333333333333,0.2206157237492155,,,,,,,,,,,True,False,False,True
4,21,Content & SEO,Marketing,0.0991561730098057,0.75,0.65,0.0862211217927251,0.3963443237006327,0.3963443237006327,0.3963443237006327,0.3963443237006327,0.0263600514733277,False,False,False,integrity,0.0862211217927251,,P3,0.10912914703406625,0.7409042625988322,0.5333333333333333,0.0862211217927251,,,,,,,,,,,True,False,False,True
4,22,Content & SEO,Marketing,0.100587908887254,1.0,0.65,0.2218699228279414,0.4931144579287989,0.4931144579287989,0.4931144579287989,0.4931144579287989,0.026526481433537,False,False,False,attainability,0.100587908887254,,P3,0.11070929090850873,1.0,0.5333333333333333,0.2218699228279414,,,,,,,,,,,True,False,False,True
4,23,Content & SEO,Marketing,0.0988781989420142,1.0,0.65,0.0342375788996666,0.4457789444604202,0.4457789444604202,0.4457789444604202,0.4457789444604202,0.0265846267950975,False,False,False,integrity,0.0342375788996666,,P3,0.10882235928962736,1.0,0.5333333333333333,0.0342375788996666,,,,,,,,,,,True,False,False,True
4,24,Content & SEO,Marketing,0.0014688155490439,0.75,0.65,0.3169906972474584,0.4296148781991255,0.4296148781991255,0.4296148781991255,0.4296148781991255,0.026669053797039,False,False,False,attainability,0.0014688155490439,,P3,0.001315910016354262,0.7409042625988322,0.5333333333333333,0.3169906972474584,,,,,,,,,,,True,False,False,True
5,1,Content & SEO,Marketing,0.0915625802079848,0.3851057006664855,0.65,0.75,0.4691670702186176,0.4691670702186176,0.4691670702186176,0.4691670702186176,0.0266195904535915,False,False,False,attainability,0.0915625802079848,,P3,0.10074843286757287,0.3627340323616348,0.5333333333333333,0.75,,,,,,,,,,,True,False,False,False
5,2,Content & SEO,Marketing,0.1027200901936392,0.3851057006664855,0.65,0.6805573213407329,0.45459577805021445,0.45459577805021445,0.45459577805021445,0.45459577805021445,0.02603320002065,False,False,False,attainability,0.1027200901936392,,P3,0.11306248557489508,0.3627340323616348,0.5333333333333333,0.6805573213407329,,,,,,,,,,,True,False,False,False
5,3,Content & SEO,Marketing,0.1064405595887366,0.3851057006664855,0.65,0.4818009256190653,0.40583679646857185,0.40583679646857185,0.40583679646857185,0.40583679646857185,0.025987101152389,False,False,False,attainability,0.1064405595887366,,P3,0.11716860390112678,0.3627340323616348,0.5333333333333333,0.4818009256190653,,,,,,,,,,,True,False,False,False
5,4,Content & SEO,Marketing,0.0999512614390262,0.3851057006664855,0.65,0.0,0.28376424052637794,0.28376424052637794,0.28376424052637794,0.28376424052637794,0.0264000340458952,False,True,False,integrity,0.0,,P2,0.11000665113999952,0.3627340323616348,0.5333333333333333,0.0,,,,,,,,,,,True,False,False,True
5,5,Content & SEO,Marketing,0.1043571303979777,0.3851057006664855,0.65,0.0,0.2848657077661158,0.2848657077661158,0.2848657077661158,0.2848657077661158,0.0259287624765022,False,True,False,integrity,0.0,,P2,0.11486921479908116,0.3627340323616348,0.5333333333333333,0.0,,,,,,,,,,,True,False,False,True
5,6,Content & SEO,Marketing,0.0946348836785332,0.3851057006664855,0.65,0.0,0.2824351460862547,0.2824351460862547,0.2824351460862547,0.2949,0.0257608658314659,False,True,False,integrity,0.05,0.0,P2,0.10413919898993033,0.3627340323616348,0.5333333333333333,0.0,0.0946,0.3851,0.65,0.05,0.2949,True,[],The provided scores are consistent with the given evidence. No adjustments are necessary. Final verifier adjustments applied: integrity adjusted by +0.05.,"{""integrity"": 0.05}",verifier_primary,True,False,False,True
5,7,Content & SEO,Marketing,0.09959397271871,0.3851057006664855,0.65,0.3817144227966016,0.3791035240454493,0.3791035240454493,0.3791035240454493,0.3791035240454493,0.0263989163445844,False,False,False,attainability,0.09959397271871,,P3,0.10961232730436216,0.3627340323616348,0.5333333333333333,0.3817144227966016,,,,,,,,,,,True,False,False,False
5,8,Content & SEO,Marketing,0.1099448206048281,0.3851057006664855,0.65,0.0,0.2862626303178284,0.2862626303178284,0.2862626303178284,0.2862626303178284,0.0261096753763411,False,True,False,integrity,0.0,,P2,0.12103610255520343,0.3627340323616348,0.5333333333333333,0.0,,,,,,,,,,,True,False,False,True
5,9,Content & SEO,Marketing,0.0993815988141414,0.3851057006664855,0.65,0.0,0.28362182487015675,0.28362182487015675,0.28362182487015675,0.28362182487015675,0.0261518068966138,False,True,False,integrity,0.0,,P2,0.10937793957288085,0.3627340323616348,0.5333333333333333,0.0,,,,,,,,,,,True,False,False,True
5,10,Content & SEO,Marketing,0.0982685088411292,0.3851057006664855,0.65,0.0,0.2833435523769037,0.2833435523769037,0.2833435523769037,0.2833435523769037,0.0266271072070506,False,True,False,integrity,0.0,,P2,0.1081494711589348,0.3627340323616348,0.5333333333333333,0.0,,,,,,,,,,,True,False,False,True
5,11,Content & SEO,Marketing,0.1051851571966986,0.3851057006664855,0.65,0.1425738594654275,0.3207161793321529,0.3207161793321529,0.3207161793321529,0.3207161793321529,0.0264123834607952,False,True,False,attainability,0.1051851571966986,,P2,0.11578307153374995,0.3627340323616348,0.5333333333333333,0.1425738594654275,,,,,,,,,,,True,False,False,True
5,12,Content & SEO,Marketing,0.1332651718229434,0.3720329229294826,0.5218492637883704,0.3896046140388355,0.354187993144908,0.354187993144908,0.354187993144908,0.3292,0.0264372569188515,False,True,False,attainability,0.0733,-0.1,P1,0.14677374782035305,0.3491856284110335,0.3624656850511605,0.3896046140388355,0.0733,0.372,0.4818,0.3896,0.3292,True,"[""budget shock reduced allocation and may weaken attainability and coherence""]",The provided scores are consistent with the given evidence. No adjustments are necessary. Final verifier adjustments applied: attainability adjusted by -0.06; coherence adjusted by -0.04.,"{""attainability"": -0.06, ""coherence"": -0.04}",verifier_primary,True,False,False,False
5,13,Content & SEO,Marketing,0.0996376640812422,0.3851057006664855,0.65,0.0120669747839595,0.2867025848829218,0.2867025848829218,0.2867025848829218,0.2867025848829218,0.0265560762963238,False,True,False,integrity,0.0120669747839595,,P2,0.1096605475382466,0.3627340323616348,0.5333333333333333,0.0120669747839595,,,,,,,,,,,True,False,False,True
5,14,Content & SEO,Marketing,0.1010596076541805,0.3851057006664855,0.65,0.0,0.2840413270801665,0.2840413270801665,0.2840413270801665,0.2840413270801665,0.0265016016897255,False,True,False,integrity,0.0,,P2,0.11122988407717987,0.3627340323616348,0.5333333333333333,0.0,,,,,,,,,,,True,False,False,True
5,15,Content & SEO,Marketing,0.0978787417396726,0.3851057006664855,0.65,0.0,0.28324611060153954,0.28324611060153954,0.28324611060153954,0.28324611060153954,0.0262175686344719,False,True,False,integrity,0.0,,P2,0.1077193023634699,0.3627340323616348,0.5333333333333333,0.0,,,,,,,,,,,True,False,False,True
5,16,Content & SEO,Marketing,0.0997105039078102,0.3851057006664855,0.65,0.0,0.28370405114357394,0.28370405114357394,0.28370405114357394,0.28370405114357394,0.026122576033662,False,True,False,integrity,0.0,,P2,0.10974093764900641,0.3627340323616348,0.5333333333333333,0.0,,,,,,,,,,,True,False,False,True
5,17,Content & SEO,Marketing,0.1013055238782989,0.3851057006664855,0.65,0.0,0.2841028061361961,0.2841028061361961,0.2841028061361961,0.2841028061361961,0.0264618026567407,False,True,False,integrity,0.0,,P2,0.11150129099048518,0.3627340323616348,0.5333333333333333,0.0,,,,,,,,,,,True,False,False,True
5,18,Content & SEO,Marketing,0.1001916242858892,0.2971445148912791,0.6524936139155821,0.2364152473641524,0.3215612501142257,0.3215612501142257,0.3215612501142257,0.2766,0.0265787596795384,False,True,False,attainability,0.1002,0.0,P2,0.11027192903524304,0.27157255919720197,0.5366581518874428,0.2364152473641524,0.1002,0.2971,0.5725,0.1364,0.2766,True,"[""coherence reduced because weighted_goal_status_score is in the deep red zone"", ""Integrity score of 0.236 is too low given the evidence of needle_move=0.2469068293869104 and efficiency=0.0676206974402989, which meet the integrity>0.55 requirement.""]","The scores provided are generally consistent with the given evidence, with the exception of the integrity score. The integrity score of 0.236 is too low given the evidence that the needle move and efficiency metrics meet the required thresholds for an integrity score above 0.55. The integrity score has been adjusted downward by 0.10 to better align with the evidence. Final verifier adjustments applied: coherence adjusted by -0.08; integrity adjusted by -0.10.","{""coherence"": -0.08, ""integrity"": -0.1}",verifier_primary,True,True,False,True
5,19,Content & SEO,Marketing,0.0999821344118232,0.3851057006664855,0.65,0.0,0.28377195876957717,0.28377195876957717,0.28377195876957717,0.28377195876957717,0.0262354858340743,False,True,False,integrity,0.0,,P2,0.11004072428129563,0.3627340323616348,0.5333333333333333,0.0,,,,,,,,,,,True,False,False,True
5,20,Content & SEO,Marketing,0.0980350078369041,0.3851057006664855,0.65,0.0,0.2832851771258474,0.2832851771258474,0.2832851771258474,0.2832851771258474,0.0261208083654686,False,True,False,integrity,0.0,,P2,0.1078917663774076,0.3627340323616348,0.5333333333333333,0.0,,,,,,,,,,,True,False,False,True
5,21,Content & SEO,Marketing,0.1023428808461277,0.3851057006664855,0.65,0.0,0.2843621453781533,0.2843621453781533,0.2843621453781533,0.2843621453781533,0.0262900094963752,False,True,False,integrity,0.0,,P2,0.11264617621976805,0.3627340323616348,0.5333333333333333,0.0,,,,,,,,,,,True,False,False,True
5,22,Content & SEO,Marketing,0.1018317517842798,0.3851057006664855,0.65,0.0887053223841079,0.3064106937087183,0.3064106937087183,0.3064106937087183,0.3064106937087183,0.0262755158225917,False,True,False,integrity,0.0887053223841079,,P2,0.11208206556999659,0.3627340323616348,0.5333333333333333,0.0887053223841079,,,,,,,,,,,True,False,False,True
5,23,Content & SEO,Marketing,0.0957186341431715,0.3851057006664855,0.65,0.0,0.28270608370241423,0.28270608370241423,0.28270608370241423,0.28270608370241423,0.0260223866423958,False,True,False,integrity,0.0,,P2,0.10533528667977328,0.3627340323616348,0.5333333333333333,0.0,,,,,,,,,,,True,False,False,True
5,24,Content & SEO,Marketing,0.0022296264672304,0.3851057006664855,0.65,0.0,0.25933383178342895,0.25933383178342895,0.25933383178342895,0.25933383178342895,0.0263105876978991,False,True,False,integrity,0.0,,P2,0.0021555835419796374,0.3627340323616348,0.5333333333333333,0.0,,,,,,,,,,,True,False,False,True
6,1,Content & SEO,Marketing,0.0996244383074921,0.0351057006664855,0.882316774899016,0.75,0.4417617284682484,0.4417617284682484,0.4417617284682484,0.4417617284682484,0.0266610997584541,False,False,False,relevance,0.0351057006664855,,P3,0.1096459508338508,0.0,0.8430890331986881,0.75,,,,,,,,,,,True,True,False,False
6,2,Content & SEO,Marketing,0.1001074782763223,0.0351057006664855,0.882316774899016,0.5724152573771116,0.39748630280473385,0.39748630280473385,0.39748630280473385,0.39748630280473385,0.0264764684738552,False,False,False,relevance,0.0351057006664855,,P3,0.11017906078791458,0.0,0.8430890331986881,0.5724152573771116,,,,,,,,,,,True,True,False,False
6,3,Content & SEO,Marketing,0.0995874281015452,0.0351057006664855,0.882316774899016,0.4264905365060812,0.360875110043282,0.360875110043282,0.360875110043282,0.360875110043282,0.0265112765772584,False,False,False,relevance,0.0351057006664855,,P3,0.10960510429843877,0.0,0.8430890331986881,0.4264905365060812,,,,,,,,,,,True,True,False,False
6,4,Content & SEO,Marketing,0.1001324113233863,0.0351057006664855,0.882316774899016,0.2367753248057325,0.31358255292365506,0.31358255292365506,0.31358255292365506,0.31358255292365506,0.0263464307831213,False,True,False,relevance,0.0351057006664855,,P2,0.11020657829460692,0.0,0.8430890331986881,0.2367753248057325,,,,,,,,,,,True,True,False,True
6,5,Content & SEO,Marketing,0.0985036099925838,0.0351057006664855,0.882316774899016,0.2447115420719999,0.3151594069075213,0.3151594069075213,0.3151594069075213,0.3151594069075213,0.0261789920556098,False,True,False,relevance,0.0351057006664855,,P2,0.10840894195253359,0.0,0.8430890331986881,0.2447115420719999,,,,,,,,,,,True,True,False,True
6,6,Content & SEO,Marketing,0.0991622865083282,0.0351057006664855,0.882316774899016,0.0402999464550444,0.26422117713221854,0.26422117713221854,0.26422117713221854,0.2704,0.0263565989765876,False,True,False,relevance,0.05,0.0,P2,0.1091358942333185,0.0,0.8430890331986881,0.0402999464550444,0.0992,0.05,0.8823,0.05,0.2704,True,"[""Integrity score of 0.040 is too low given needle move of 0.3145 and efficiency of 0.0638""]","The scores provided are generally consistent with the given evidence, with the exception of the integrity score. The integrity score of 0.040 is too low given the evidence of a needle move of 0.3145 and an efficiency of 0.0638, which suggests the integrity score should be higher. Final verifier adjustments applied: relevance adjusted by +0.01; integrity adjusted by +0.01.","{""relevance"": 0.0149, ""integrity"": 0.0097}",verifier_primary,True,True,False,True
6,7,Content & SEO,Marketing,0.2988247157845639,0.0351057006664855,0.882316774899016,0.7524180387133277,0.4921663075158483,0.4921663075158483,0.4921663075158483,0.4921663075158483,0.0266530427913382,False,False,False,relevance,0.0351057006664855,,P3,0.32949452989134037,0.0,0.8430890331986881,0.7524180387133277,,,,,,,,,,,True,True,False,False
6,8,Content & SEO,Marketing,0.1108635317860561,0.0351057006664855,0.882316774899016,0.036593055916083,0.26621976581691015,0.26621976581691015,0.26621976581691015,0.26621976581691015,0.0261688303755777,False,True,False,relevance,0.0351057006664855,,P2,0.12205004365164819,0.0,0.8430890331986881,0.036593055916083,,,,,,,,,,,True,True,False,True
6,9,Content & SEO,Marketing,0.0922749907147449,0.0351057006664855,0.882316774899016,0.1702618472223212,0.2949898283756419,0.2949898283756419,0.2949898283756419,0.2949898283756419,0.0263144333315303,False,True,False,relevance,0.0351057006664855,,P2,0.10153468898930375,0.0,0.8430890331986881,0.1702618472223212,,,,,,,,,,,True,True,False,True
6,10,Content & SEO,Marketing,0.0986572472298657,0.0351057006664855,0.882316774899016,0.1546179204627781,0.2926744108145364,0.2926744108145364,0.2926744108145364,0.2926744108145364,0.0264376988253234,False,True,False,relevance,0.0351057006664855,,P2,0.10857850460944621,0.0,0.8430890331986881,0.1546179204627781,,,,,,,,,,,True,True,False,True
6,11,Content & SEO,Marketing,0.0978539800339775,0.0351057006664855,0.882316774899016,0.1633821335014422,0.29466464727523034,0.29466464727523034,0.29466464727523034,0.29466464727523034,0.0263622376061014,False,True,False,relevance,0.0351057006664855,,P2,0.10769197395870532,0.0,0.8430890331986881,0.1633821335014422,,,,,,,,,,,True,True,False,True
6,12,Content & SEO,Marketing,0.1007649098324934,0.1416194146309978,0.6827524062971482,0.3421052631578947,0.3168104984796335,0.3168104984796335,0.3168104984796335,0.2816,0.0265389802745281,False,True,False,attainability,0.05,-0.1,P1,0.11090463906161153,0.1103889970518895,0.5770032083961976,0.3421052631578947,0.05,0.1416,0.6428,0.2921,0.2816,True,"[""budget shock reduced allocation and may weaken attainability and coherence"", ""Integrity score of 0.342 is too high given weak needle_move of 0.300801 and efficiency of 0.142""]","The scores are generally consistent with the provided evidence, with the exception of the integrity score. The integrity score of 0.342 is too high given the weak needle_move of 0.300801 and efficiency of 0.142, which do not meet the required thresholds of 0.25 and 0.20 respectively. The other scores are appropriate given the evidence. Final verifier adjustments applied: attainability adjusted by -0.05; coherence adjusted by -0.04; integrity adjusted by -0.05.","{""attainability"": -0.0508, ""coherence"": -0.04, ""integrity"": -0.05}",verifier_primary,True,True,False,True
6,13,Content & SEO,Marketing,0.1010646717667764,0.0351057006664855,0.882316774899016,0.0187437625661166,0.2593077274745986,0.2593077274745986,0.2593077274745986,0.2593077274745986,0.0266166392071081,False,True,False,integrity,0.0187437625661166,,P2,0.11123547311537046,0.0,0.8430890331986881,0.0187437625661166,,,,,,,,,,,True,True,False,True
6,14,Content & SEO,Marketing,0.1016104687399451,0.0351057006664855,0.882316774899016,0.1578764081114018,0.2942273381042121,0.2942273381042121,0.2942273381042121,0.2942273381042121,0.0263620207178001,False,True,False,relevance,0.0351057006664855,,P2,0.1118378452130641,0.0,0.8430890331986881,0.1578764081114018,,,,,,,,,,,True,True,False,True
6,15,Content & SEO,Marketing,0.101404044332663,0.0351057006664855,0.882316774899016,0.0,0.25470662997454113,0.25470662997454113,0.25470662997454113,0.25470662997454113,0.0261608028807639,False,True,False,integrity,0.0,,P2,0.11161002367988888,0.0,0.8430890331986881,0.0,,,,,,,,,,,True,True,False,True
6,16,Content & SEO,Marketing,0.0977485065517273,0.0351057006664855,0.882316774899016,0.0818142927846673,0.274246318725474,0.274246318725474,0.274246318725474,0.274246318725474,0.0263181507800258,False,True,False,relevance,0.0351057006664855,,P2,0.1075755675184401,0.0,0.8430890331986881,0.0818142927846673,,,,,,,,,,,True,True,False,True
6,17,Content & SEO,Marketing,0.0998877843895047,0.0351057006664855,0.882316774899016,0.0,0.2543275649887516,0.2543275649887516,0.2543275649887516,0.2543275649887516,0.0264765456500957,False,True,False,integrity,0.0,,P2,0.10993659431419178,0.0,0.8430890331986881,0.0,,,,,,,,,,,True,True,False,True
6,18,Content & SEO,Marketing,0.0990995106828862,0.2603294311079632,0.8004822110930674,0.4319371727748691,0.39796208141469647,0.39796208141469647,0.39796208141469647,0.373,0.0261830090281321,False,False,False,attainability,0.0991,0.0,P3,0.10906661131766505,0.23341803407590597,0.7339762814574232,0.4319371727748691,0.0991,0.2603,0.8005,0.3319,0.373,True,"[""integrity score of 0.432 is too low given needle_move of 0.2545984296614957 and efficiency of 0.1239397257984164""]","The scores provided are generally consistent with the given evidence, with the exception of the integrity score. The integrity score of 0.432 is too low given the evidence of needle_move of 0.2545984296614957 and efficiency of 0.1239397257984164, which suggest the integrity score should be higher. The other scores are appropriate given the evidence. Final verifier adjustments applied: integrity adjusted by -0.10.","{""integrity"": -0.1}",verifier_primary,True,True,False,True
6,19,Content & SEO,Marketing,0.0988717797729264,0.0351057006664855,0.882316774899016,0.0,0.254073563834607,0.254073563834607,0.254073563834607,0.254073563834607,0.0259193925540135,False,True,False,integrity,0.0,,P2,0.10881527473522534,0.0,0.8430890331986881,0.0,,,,,,,,,,,True,True,False,True
6,20,Content & SEO,Marketing,0.1007937603716027,0.0351057006664855,0.882316774899016,0.0,0.2545540589842761,0.2545540589842761,0.2545540589842761,0.2545540589842761,0.0259601866948151,False,True,False,integrity,0.0,,P2,0.1109364801318578,0.0,0.8430890331986881,0.0,,,,,,,,,,,True,True,False,True
6,21,Content & SEO,Marketing,0.1028040441707906,0.0351057006664855,0.882316774899016,0.0,0.255056629934073,0.255056629934073,0.255056629934073,0.255056629934073,0.0255675564145433,False,True,False,integrity,0.0,,P2,0.1131551418844983,0.0,0.8430890331986881,0.0,,,,,,,,,,,True,True,False,True
6,22,Content & SEO,Marketing,0.0994410079946515,0.0351057006664855,0.882316774899016,0.0,0.2542158708900383,0.2542158708900383,0.2542158708900383,0.2542158708900383,0.0258770963644256,False,True,False,integrity,0.0,,P2,0.10944350687069558,0.0,0.8430890331986881,0.0,,,,,,,,,,,True,True,False,True
6,23,Content & SEO,Marketing,0.0981520081293182,0.0351057006664855,0.882316774899016,0.0,0.25389362092370493,0.25389362092370493,0.25389362092370493,0.25389362092370493,0.0263318005966626,False,True,False,integrity,0.0,,P2,0.10802089445073326,0.0,0.8430890331986881,0.0,,,,,,,,,,,True,True,False,True
6,24,Content & SEO,Marketing,0.0009868785001538,0.0351057006664855,0.882316774899016,0.1656126773151833,0.27100550784520966,0.27100550784520966,0.27100550784520966,0.27100550784520966,0.0265695153146961,False,True,False,attainability,0.0009868785001538,,P2,0.0007840173064867079,0.0,0.8430890331986881,0.1656126773151833,,,,,,,,,,,True,True,False,True
7,1,Partnerships,Marketing,0.0970289178763466,0.6634725955840846,0.281792638093493,0.75,0.44807353788848103,0.44807353788848103,0.44807353788848103,0.44807353788848103,0.0266701326832053,False,False,False,attainability,0.0970289178763466,,P3,0.10678138916792791,0.6512287359886296,0.0423901841246573,0.75,,,,,,,,,,,True,False,True,False
7,2,Partnerships,Marketing,0.1001202794553046,0.6634725955840846,0.281792638093493,0.607322195092847,0.4131769270564323,0.4131769270564323,0.4131769270564323,0.4131769270564323,0.0264753211662773,False,False,False,attainability,0.1001202794553046,,P3,0.11019318888575241,0.6512287359886296,0.0423901841246573,0.607322195092847,,,,,,,,,,,True,False,True,False
7,3,Partnerships,Marketing,0.1006221434694517,0.6634725955840846,0.281792638093493,0.4,0.36147184428675727,0.36147184428675727,0.36147184428675727,0.36147184428675727,0.0264806974710351,False,False,False,attainability,0.1006221434694517,,P3,0.11074707411014938,0.6512287359886296,0.0423901841246573,0.4,,,,,,,,,,,True,False,True,False
7,4,Partnerships,Marketing,0.1050476807805723,0.6634725955840846,0.281792638093493,0.0799391833109268,0.28256302444226916,0.28256302444226916,0.28256302444226916,0.28256302444226916,0.0262461795809627,False,True,False,integrity,0.0799391833109268,,P2,0.11563134486387741,0.6512287359886296,0.0423901841246573,0.0799391833109268,,,,,,,,,,,True,False,True,True
7,5,Partnerships,Marketing,0.0970049999732523,0.6634725955840846,0.281792638093493,0.0316682548994116,0.26848462213756036,0.26848462213756036,0.26848462213756036,0.26848462213756036,0.02633522363073,False,True,False,integrity,0.0316682548994116,,P2,0.10675499203095645,0.6512287359886296,0.0423901841246573,0.0316682548994116,,,,,,,,,,,True,False,True,True
7,6,Partnerships,Marketing,0.0926581510205911,0.6634725955840846,0.281792638093493,0.1253184607814693,0.29081046136990946,0.29081046136990946,0.29081046136990946,0.2801,0.0262555084022869,False,True,False,attainability,0.05,-0.05,P2,0.10195756615523147,0.6512287359886296,0.0423901841246573,0.1253184607814693,0.05,0.6635,0.2818,0.1253,0.2801,True,"[""market shock vulnerability may reduce future attainability""]","The scores provided are consistent with the given evidence. No adjustments are necessary, as the scores align with the observed data and the defined rules. Final verifier adjustments applied: attainability adjusted by -0.04.","{""attainability"": -0.0427}",verifier_primary,True,False,True,True
7,7,Partnerships,Marketing,0.1020143863444489,0.6634725955840846,0.281792638093493,0.3921430514054903,0.35985566785687917,0.35985566785687917,0.35985566785687917,0.35985566785687917,0.0265796395678359,False,False,False,attainability,0.1020143863444489,,P3,0.11228363129595088,0.6512287359886296,0.0423901841246573,0.3921430514054903,,,,,,,,,,,True,False,True,False
7,8,Partnerships,Marketing,0.1067517047340646,0.6634725955840846,0.281792638093493,0.0400050595848318,0.2730054994991185,0.2730054994991185,0.2730054994991185,0.2730054994991185,0.0263118474878942,False,True,False,integrity,0.0400050595848318,,P2,0.11751200110391867,0.6512287359886296,0.0423901841246573,0.0400050595848318,,,,,,,,,,,True,False,True,True
7,9,Partnerships,Marketing,0.0960104201916244,0.6634725955840846,0.281792638093493,0.0,0.2603189134673005,0.2603189134673005,0.2603189134673005,0.2603189134673005,0.0264842359180524,False,True,False,integrity,0.0,,P2,0.10565731809937585,0.6512287359886296,0.0423901841246573,0.0,,,,,,,,,,,True,False,True,True
7,10,Partnerships,Marketing,0.0999973826968593,0.6634725955840846,0.281792638093493,0.0,0.26131565409360924,0.26131565409360924,0.26131565409360924,0.26131565409360924,0.0264406915043057,False,True,False,integrity,0.0,,P2,0.11005755314238312,0.6512287359886296,0.0423901841246573,0.0,,,,,,,,,,,True,False,True,True
7,11,Partnerships,Marketing,0.0991572906924098,0.6634725955840846,0.281792638093493,0.0,0.26110563109249685,0.26110563109249685,0.26110563109249685,0.26110563109249685,0.0264189815673189,False,True,False,integrity,0.0,,P2,0.109130380571165,0.6512287359886296,0.0423901841246573,0.0,,,,,,,,,,,True,False,True,True
7,12,Partnerships,Marketing,0.1375601761289447,0.4677946925856364,0.2758684503676418,0.2926829268292683,0.2934765614778728,0.2934765614778728,0.2934765614778728,0.2616,0.0265216680681916,False,True,False,attainability,0.05,-0.15,P1,0.15151395504134382,0.44843149370664126,0.03449126715685572,0.2926829268292683,0.05,0.4678,0.2359,0.2927,0.2616,True,"[""budget shock reduced allocation and may weaken attainability and coherence"", ""market shock vulnerability may reduce future attainability""]",The provided scores are consistent with the given evidence. No adjustments are necessary. Final verifier adjustments applied: attainability adjusted by -0.09; coherence adjusted by -0.04.,"{""attainability"": -0.0876, ""coherence"": -0.04}",verifier_primary,True,False,True,True
7,13,Partnerships,Marketing,0.1010574950116415,0.6634725955840846,0.281792638093493,0.0280926341694979,0.26860384071467924,0.26860384071467924,0.26860384071467924,0.26860384071467924,0.0266879853967884,False,True,False,integrity,0.0280926341694979,,P2,0.11122755244659112,0.6512287359886296,0.0423901841246573,0.0280926341694979,,,,,,,,,,,True,False,True,True
7,14,Partnerships,Marketing,0.1004393875834612,0.9134725955840846,0.281792638093493,0.25,0.3864261553152597,0.3864261553152597,0.3864261553152597,0.3864261553152597,0.0265999108690976,False,False,False,attainability,0.1004393875834612,,P3,0.11054537448222578,0.9103244733897973,0.0423901841246573,0.25,,,,,,,,,,,True,False,True,True
7,15,Partnerships,Marketing,0.0976757741496713,0.9134725955840846,0.281792638093493,0.25,0.38573525195681224,0.38573525195681224,0.38573525195681224,0.38573525195681224,0.0260414955607308,False,False,False,attainability,0.0976757741496713,,P3,0.1074952959673862,0.9103244733897973,0.0423901841246573,0.25,,,,,,,,,,,True,False,True,True
7,16,Partnerships,Marketing,0.1010752488805864,0.9134725955840846,0.281792638093493,0.1307052734491327,0.35676143900182417,0.35676143900182417,0.35676143900182417,0.35676143900182417,0.0261654528296657,False,False,False,attainability,0.1010752488805864,,P3,0.1112471466103631,0.9103244733897973,0.0423901841246573,0.1307052734491327,,,,,,,,,,,True,False,True,True
7,17,Partnerships,Marketing,0.1004884183435251,0.9134725955840846,0.281792638093493,0.25,0.38643841300527565,0.38643841300527565,0.38643841300527565,0.38643841300527565,0.0265852340230686,False,False,False,attainability,0.1004884183435251,,P3,0.11059948757416861,0.9103244733897973,0.0423901841246573,0.25,,,,,,,,,,,True,False,True,True
7,18,Partnerships,Marketing,0.1098096720495999,0.8282129042031772,0.564710242588396,0.4422895973893039,0.48625560405761925,0.48625560405761925,0.48625560405761925,0.4488,0.0262788286301248,False,False,False,attainability,0.0598,-0.05,P3,0.1208869450429504,0.8219627829540685,0.41961365678452794,0.4422895973893039,0.0598,0.8282,0.5647,0.3423,0.4488,True,"[""market shock vulnerability may reduce future attainability"", ""integrity score of 0.442 is too low given needle move of 0.277 and efficiency of 0.162, which meet the required thresholds""]","The scores provided are generally consistent with the given evidence, with the exception of the integrity score. The integrity score of 0.442 is too low given that the needle move of 0.277 and efficiency of 0.162 meet the required thresholds of 0.25 and 0.20 respectively. Therefore, the integrity score has been adjusted downward by 0.10 to better align with the evidence. Final verifier adjustments applied: attainability adjusted by -0.05; integrity adjusted by -0.10.","{""attainability"": -0.05, ""integrity"": -0.1}",verifier_primary,True,False,False,True
7,19,Partnerships,Marketing,0.1006114694356548,0.9134725955840846,0.281792638093493,0.0338937918072058,0.3324426237301095,0.3324426237301095,0.3324426237301095,0.3324426237301095,0.0263193593003979,False,True,False,integrity,0.0338937918072058,,P2,0.11073529364883286,0.9103244733897973,0.0423901841246573,0.0338937918072058,,,,,,,,,,,True,False,True,True
7,20,Partnerships,Marketing,0.0994844688521273,0.9134725955840846,0.281792638093493,0.25,0.3861874256324262,0.3861874256324262,0.3861874256324262,0.3861874256324262,0.0263756814524198,False,False,False,attainability,0.0994844688521273,,P3,0.10949147270629427,0.9103244733897973,0.0423901841246573,0.25,,,,,,,,,,,True,False,True,True
7,21,Partnerships,Marketing,0.099806365569796,0.6634725955840846,0.281792638093493,0.0477161324466311,0.27319693292350117,0.27319693292350117,0.27319693292350117,0.27319693292350117,0.0266538140045538,False,True,False,integrity,0.0477161324466311,,P2,0.10984673594628085,0.6512287359886296,0.0423901841246573,0.0477161324466311,,,,,,,,,,,True,False,True,True
7,22,Partnerships,Marketing,0.101875695173689,0.9134725955840846,0.281792638093493,0.266563903055481,0.39092620797668687,0.39092620797668687,0.39092620797668687,0.39092620797668687,0.0263108261689437,False,False,False,attainability,0.101875695173689,,P3,0.11213056395485296,0.9103244733897973,0.0423901841246573,0.266563903055481,,,,,,,,,,,True,False,True,True
7,23,Partnerships,Marketing,0.0980938614362051,0.9134725955840846,0.281792638093493,0.25,0.3858397737784457,0.3858397737784457,0.3858397737784457,0.3858397737784457,0.0264347139334261,False,False,False,attainability,0.0980938614362051,,P3,0.10795672050469407,0.9103244733897973,0.0423901841246573,0.25,,,,,,,,,,,True,False,True,True
7,24,Partnerships,Marketing,0.0006236332079755,0.6634725955840846,0.281792638093493,0.0205866563936456,0.24161888081979965,0.24161888081979965,0.24161888081979965,0.24161888081979965,0.026661283347536,False,True,False,attainability,0.0006236332079755,,P2,0.0003831194646455299,0.6512287359886296,0.0423901841246573,0.0205866563936456,,,,,,,,,,,True,False,True,True
8,1,Partnerships,Marketing,0.1016488486089793,0.3971504858804384,0.966553216359545,1.0,0.6163381377122408,0.6163381377122408,0.6163381377122408,0.6163381377122408,0.0266385007201161,False,False,False,attainability,0.1016488486089793,,P3,0.11188020338534402,0.37521704238902603,0.9554042884793934,1.0,,,,,,,,,,,True,False,False,False
8,2,Partnerships,Marketing,0.0970880238132939,0.3971504858804384,0.966553216359545,0.9210619482492668,0.595463418575636,0.595463418575636,0.595463418575636,0.595463418575636,0.0261944203354667,False,False,False,attainability,0.0970880238132939,,P3,0.10684662178916872,0.37521704238902603,0.9554042884793934,0.9210619482492668,,,,,,,,,,,True,False,False,False
8,3,Partnerships,Marketing,0.1009831511584546,0.3971504858804384,0.966553216359545,0.8753547499498922,0.5850104008370826,0.5850104008370826,0.5850104008370826,0.5850104008370826,0.0261875081724987,False,False,False,attainability,0.1009831511584546,,P3,0.11114550240784717,0.37521704238902603,0.9554042884793934,0.8753547499498922,,,,,,,,,,,True,False,False,False
8,4,Partnerships,Marketing,0.0992054960834519,0.3971504858804384,0.966553216359545,0.4374179657130357,0.4750817910091178,0.4750817910091178,0.4750817910091178,0.4750817910091178,0.0260798463806995,False,False,False,attainability,0.0992054960834519,,P3,0.10918358273964458,0.37521704238902603,0.9554042884793934,0.4374179657130357,,,,,,,,,,,True,False,False,False
8,5,Partnerships,Marketing,0.106791338230751,0.3971504858804384,0.966553216359545,0.493134282898623,0.49090733084233934,0.49090733084233934,0.49090733084233934,0.49090733084233934,0.0256977934967983,False,False,False,attainability,0.106791338230751,,P3,0.11755574284986371,0.37521704238902603,0.9554042884793934,0.493134282898623,,,,,,,,,,,True,False,False,False
8,6,Partnerships,Marketing,0.0912668058358934,0.3971504858804384,0.966553216359545,0.3165333603580405,0.4428759671084793,0.4428759671084793,0.4428759671084793,0.4387,0.0259891615707709,False,False,False,attainability,0.0913,0.0,P3,0.10042199971070441,0.37521704238902603,0.9554042884793934,0.3165333603580405,0.0913,0.3972,0.95,0.3165,0.4387,True,[],The provided scores are consistent with the given evidence. No adjustments are necessary. Final verifier adjustments applied: coherence adjusted by -0.02.,"{""coherence"": -0.0166}",verifier_primary,True,False,False,True
8,7,Partnerships,Marketing,0.1030567898404922,0.3971504858804384,0.966553216359545,0.957448237725494,0.6060521824514924,0.6060521824514924,0.6060521824514924,0.6060521824514924,0.0265290772672635,False,False,False,attainability,0.1030567898404922,,P3,0.11343408615631652,0.37521704238902603,0.9554042884793934,0.957448237725494,,,,,,,,,,,True,False,False,False
8,8,Partnerships,Marketing,0.1097679459312787,0.3971504858804384,0.966553216359545,0.5260522420598803,0.49988097255778563,0.49988097255778563,0.49988097255778563,0.49988097255778563,0.0261176959123869,False,False,False,attainability,0.1097679459312787,,P3,0.1208408937626074,0.37521704238902603,0.9554042884793934,0.5260522420598803,,,,,,,,,,,True,False,False,False
8,9,Partnerships,Marketing,0.0911644529913022,0.3971504858804384,0.966553216359545,0.306063631301025,0.44023294663307766,0.44023294663307766,0.44023294663307766,0.44023294663307766,0.0263161799386043,False,False,False,attainability,0.0911644529913022,,P3,0.10030903738087805,0.37521704238902603,0.9554042884793934,0.306063631301025,,,,,,,,,,,True,False,False,True
8,10,Partnerships,Marketing,0.0989044551386384,0.3971504858804384,0.7959989500401775,0.6,0.47301347276481354,0.47301347276481354,0.47301347276481354,0.47301347276481354,0.0265422234297411,False,False,False,attainability,0.0989044551386384,,P3,0.1088513370982549,0.37521704238902603,0.72799860005357,0.6,,,,,,,,,,,True,False,False,False
8,11,Partnerships,Marketing,0.1007348263528973,0.3971504858804384,0.8346907580549732,0.4976816134212376,0.45756442092738664,0.45756442092738664,0.45756442092738664,0.45756442092738664,0.0265236941844807,False,False,False,attainability,0.1007348263528973,,P3,0.11087143724921411,0.37521704238902603,0.7795876774066309,0.4976816134212376,,,,,,,,,,,True,False,False,False
8,12,Partnerships,Marketing,0.114514153144121,0.5733769528249486,0.7135147509972614,0.5298673633955602,0.4828183050904728,0.4828183050904728,0.4828183050904728,0.4453,0.0266558674358234,False,False,False,attainability,0.0545,-0.1,P3,0.12607907377355587,0.5578551479993875,0.6180196679963484,0.5298673633955602,0.0545,0.5734,0.6735,0.4799,0.4453,True,"[""budget shock reduced allocation and may weaken attainability and coherence"", ""Integrity score of 0.530 is inconsistent with weak needle move (0.373) and efficiency (0.209) evidence""]","The scores provided are generally consistent with the given evidence, with a few minor adjustments. The integrity score of 0.530 is slightly high given the weak needle move and efficiency evidence, so it has been adjusted down by 0.05. The other scores are well-aligned with the provided information. Final verifier adjustments applied: attainability adjusted by -0.06; coherence adjusted by -0.04; integrity adjusted by -0.05.","{""attainability"": -0.06, ""coherence"": -0.04, ""integrity"": -0.05}",verifier_primary,True,False,False,False
8,13,Partnerships,Marketing,0.2968463553335307,0.3971504858804384,0.7459072495111202,0.4607296581595019,0.4751584372211478,0.4751584372211478,0.4751584372211478,0.4751584372211478,0.0266101700464681,False,False,False,attainability,0.2968463553335307,,P3,0.32731110053304924,0.37521704238902603,0.6612096660148269,0.4607296581595019,,,,,,,,,,,True,False,False,False
8,14,Partnerships,Marketing,0.1026042445781688,0.6471504858804384,0.6165532163595451,0.4224879046059339,0.44719896285602156,0.44719896285602156,0.44719896285602156,0.44719896285602156,0.0266052774978776,False,False,False,attainability,0.1026042445781688,,P3,0.1129346318676926,0.6343127797901938,0.4887376218127268,0.4224879046059339,,,,,,,,,,,True,False,False,False
8,15,Partnerships,Marketing,0.1031009959581474,0.6471504858804384,0.6165532163595451,0.5079751440583407,0.4686949605641179,0.4686949605641179,0.4686949605641179,0.4686949605641179,0.0263881076000702,False,False,False,attainability,0.1031009959581474,,P3,0.11348287450277483,0.6343127797901938,0.4887376218127268,0.5079751440583407,,,,,,,,,,,True,False,False,False
8,16,Partnerships,Marketing,0.0975185701420168,0.3971504858804384,0.6165532163595451,0.0,0.27780556809550006,0.27780556809550006,0.27780556809550006,0.27780556809550006,0.0265950662038716,False,True,False,integrity,0.0,,P2,0.10732179682299388,0.37521704238902603,0.4887376218127268,0.0,,,,,,,,,,,True,False,False,True
8,17,Partnerships,Marketing,0.0953558663200447,0.6471504858804384,0.6165532163595451,0.6,0.48976489214000707,0.48976489214000707,0.48976489214000707,0.48976489214000707,0.0264743289655732,False,False,False,attainability,0.0953558663200447,,P3,0.10493491579950989,0.6343127797901938,0.4887376218127268,0.6,,,,,,,,,,,True,False,False,False
8,18,Partnerships,Marketing,0.099790606471273,0.3565303575139816,0.5634655792299541,0.5256535872009247,0.38636003260403334,0.38636003260403334,0.38636003260403334,0.3739,0.0263609074837121,False,False,False,attainability,0.0998,0.0,P3,0.10982934332282977,0.3331190339392772,0.4179541056399388,0.5256535872009247,0.0998,0.3565,0.5635,0.4757,0.3739,True,"[""integrity is too high compared to weak needle move and efficiency evidence""]","The scores are generally consistent with the provided evidence, with the exception of the integrity score being too high given the weak needle move and efficiency evidence. The other scores are appropriate given the evidence. Final verifier adjustments applied: integrity adjusted by -0.05.","{""integrity"": -0.05}",verifier_primary,True,False,False,False
8,19,Partnerships,Marketing,0.100169945514149,0.3971504858804384,0.6165532163595451,0.4947731621123489,0.4021617024666203,0.4021617024666203,0.4021617024666203,0.4021617024666203,0.0259941019650009,False,False,False,attainability,0.100169945514149,,P3,0.11024800312899855,0.37521704238902603,0.4887376218127268,0.4947731621123489,,,,,,,,,,,True,False,False,False
8,20,Partnerships,Marketing,0.1022821069908365,0.3971504858804384,0.6165532163595451,0.5944087803418769,0.4275986473931742,0.4275986473931742,0.4275986473931742,0.4275986473931742,0.026158894713237,False,False,False,attainability,0.1022821069908365,,P3,0.11257910279045942,0.37521704238902603,0.4887376218127268,0.5944087803418769,,,,,,,,,,,True,False,False,False
8,21,Partnerships,Marketing,0.1007563353526418,0.3971504858804384,0.6165532163595451,0.3567901516642767,0.36781254731422547,0.36781254731422547,0.36781254731422547,0.36781254731422547,0.0259773740483193,False,False,False,attainability,0.1007563353526418,,P3,0.11089517578557896,0.37521704238902603,0.4887376218127268,0.3567901516642767,,,,,,,,,,,True,False,False,False
8,22,Partnerships,Marketing,0.100568845436424,0.6471504858804384,0.6165532163595451,0.6,0.4910681369191019,0.4910681369191019,0.4910681369191019,0.4910681369191019,0.0266611236622601,False,False,False,attainability,0.100568845436424,,P3,0.11068825141684742,0.6343127797901938,0.4887376218127268,0.6,,,,,,,,,,,True,False,False,False
8,23,Partnerships,Marketing,0.0952747510392134,0.3971504858804384,0.6165532163595451,0.121152443381078,0.3075327241650687,0.3075327241650687,0.3075327241650687,0.3075327241650687,0.0263062030399556,False,True,False,attainability,0.0952747510392134,,P2,0.1048453924340986,0.37521704238902603,0.4887376218127268,0.121152443381078,,,,,,,,,,,True,False,False,True
8,24,Partnerships,Marketing,0.0030521369877072,0.3971504858804384,0.6165532163595451,0.25,0.3166889598069227,0.3166889598069227,0.3166889598069227,0.3166889598069227,0.0264304817442537,False,True,False,attainability,0.0030521369877072,,P2,0.003063352203132603,0.37521704238902603,0.4887376218127268,0.25,,,,,,,,,,,True,False,False,True
9,1,Partnerships,Marketing,0.0998182533665492,0.4,0.7967045228344539,0.75,0.5116306940502507,0.5116306940502507,0.5116306940502507,0.5116306940502507,0.0267406443097724,False,False,False,attainability,0.0998182533665492,,P3,0.10985985598435216,0.3781702302371975,0.7289393637792719,0.75,,,,,,,,,,,True,False,False,False
9,2,Partnerships,Marketing,0.0979734219967366,0.4,0.7967045228344539,0.5403558802172974,0.458758456262122,0.458758456262122,0.458758456262122,0.458758456262122,0.0267417240433804,False,False,False,attainability,0.0979734219967366,,P3,0.10782379679612807,0.3781702302371975,0.7289393637792719,0.5403558802172974,,,,,,,,,,,True,False,False,False
9,3,Partnerships,Marketing,0.0988475979081711,0.4,0.7967045228344539,0.4823589761829366,0.4444777742313904,0.4444777742313904,0.4444777742313904,0.4444777742313904,0.0267287963871921,False,False,False,attainability,0.0988475979081711,,P3,0.10878858627538611,0.3781702302371975,0.7289393637792719,0.4823589761829366,,,,,,,,,,,True,False,False,False
9,4,Partnerships,Marketing,0.0991856667248618,0.4,0.7967045228344539,0.0,0.32397254738982895,0.32397254738982895,0.32397254738982895,0.32397254738982895,0.0267054518324387,False,True,False,integrity,0.0,,P2,0.10916169794929756,0.3781702302371975,0.7289393637792719,0.0,,,,,,,,,,,True,False,False,True
9,5,Partnerships,Marketing,0.098998006698889,0.4,0.7967045228344539,0.0,0.3239256323833357,0.3239256323833357,0.3239256323833357,0.3239256323833357,0.0266889202368143,False,True,False,integrity,0.0,,P2,0.10895458583791628,0.3781702302371975,0.7289393637792719,0.0,,,,,,,,,,,True,False,False,True
9,6,Partnerships,Marketing,0.0997402856024869,0.4,0.7967045228344539,0.0163744172018404,0.3282048064096953,0.3282048064096953,0.3282048064096953,0.3242,0.0267113154387398,False,True,False,attainability,0.05,-0.05,P2,0.10977380639467045,0.3781702302371975,0.7289393637792719,0.0163744172018404,0.05,0.4,0.7967,0.05,0.3242,True,"[""market shock vulnerability may reduce future attainability""]",The provided scores are consistent with the given evidence. No adjustments are necessary. Final verifier adjustments applied: attainability adjusted by -0.05; integrity adjusted by +0.03.,"{""attainability"": -0.0497, ""integrity"": 0.0336}",verifier_primary,True,False,False,True
9,7,Partnerships,Marketing,0.0997697970416637,0.4,0.7967045228344539,0.2896687011386096,0.3965357552536818,0.3965357552536818,0.3965357552536818,0.3965357552536818,0.026712703443861,False,False,False,attainability,0.0997697970416637,,P3,0.1098063768712337,0.3781702302371975,0.7289393637792719,0.2896687011386096,,,,,,,,,,,True,False,False,True
9,8,Partnerships,Marketing,0.1020369997724351,0.4,0.7967045228344539,0.0,0.32468538065172226,0.32468538065172226,0.32468538065172226,0.32468538065172226,0.0266727790448555,False,True,False,integrity,0.0,,P2,0.11230858874115805,0.3781702302371975,0.7289393637792719,0.0,,,,,,,,,,,True,False,False,True
9,9,Partnerships,Marketing,0.297487578271266,0.4,0.7967045228344539,0.0363330140119593,0.38263127877941977,0.38263127877941977,0.38263127877941977,0.38263127877941977,0.0266967940050109,False,False,False,integrity,0.0363330140119593,,P3,0.3280187900679516,0.3781702302371975,0.7289393637792719,0.0363330140119593,,,,,,,,,,,True,False,False,True
9,10,Partnerships,Marketing,0.1008545735556829,0.4,0.7967045228344539,0.0,0.3243897740975342,0.3243897740975342,0.3243897740975342,0.3243897740975342,0.0265927071915409,False,True,False,integrity,0.0,,P2,0.1110035969666199,0.3781702302371975,0.7289393637792719,0.0,,,,,,,,,,,True,False,False,True
9,11,Partnerships,Marketing,0.0992887691672181,0.4,0.7967045228344539,0.0,0.323998323000418,0.323998323000418,0.323998323000418,0.323998323000418,0.026657896473087,False,True,False,integrity,0.0,,P2,0.109275487577186,0.3781702302371975,0.7289393637792719,0.0,,,,,,,,,,,True,False,False,True
9,12,Partnerships,Marketing,0.1472666326251342,0.3535076795350767,0.6659662771042025,0.3101354740962924,0.36921901584017647,0.36921901584017647,0.36921901584017647,0.3349,0.0266454897398055,False,True,False,attainability,0.05,-0.15,P1,0.16222654387604676,0.3299863820197947,0.5546217028056034,0.3101354740962924,0.05,0.3535,0.626,0.3101,0.3349,True,"[""budget shock reduced allocation and may weaken attainability and coherence"", ""market shock vulnerability may reduce future attainability""]",The provided scores are consistent with the given evidence. No adjustments are necessary. Final verifier adjustments applied: attainability adjusted by -0.10; coherence adjusted by -0.04.,"{""attainability"": -0.0973, ""coherence"": -0.04}",verifier_primary,True,False,False,True
9,13,Partnerships,Marketing,0.1010985995918242,0.4,0.7967045228344539,0.0688676252825069,0.34166768692719623,0.34166768692719623,0.34166768692719623,0.34166768692719623,0.0267102683701165,False,True,False,integrity,0.0688676252825069,,P2,0.11127291776264576,0.3781702302371975,0.7289393637792719,0.0688676252825069,,,,,,,,,,,True,False,False,True
9,14,Partnerships,Marketing,0.100106447978155,0.65,0.4574955907382944,0.25,0.36440050967911236,0.36440050967911236,0.36440050967911236,0.36440050967911236,0.0266584225245968,False,False,False,attainability,0.100106447978155,,P3,0.11017792369317277,0.6372659676383652,0.27666078765105917,0.25,,,,,,,,,,,True,False,False,True
9,15,Partnerships,Marketing,0.1000123913424482,0.65,0.4467045228344539,0.25,0.3616792285442255,0.3616792285442255,0.3616792285442255,0.3616792285442255,0.0265764518216571,False,False,False,attainability,0.1000123913424482,,P3,0.11007411752395974,0.6372659676383652,0.2622726971126052,0.25,,,,,,,,,,,True,False,False,True
9,16,Partnerships,Marketing,0.098614480320457,0.65,0.4467045228344539,0.25,0.36132975078872775,0.36132975078872775,0.36132975078872775,0.36132975078872775,0.0262683067160446,False,False,False,attainability,0.098614480320457,,P3,0.10853130465378719,0.6372659676383652,0.2622726971126052,0.25,,,,,,,,,,,True,False,False,True
9,17,Partnerships,Marketing,0.1009095541008073,0.65,0.4467045228344539,0.25,0.3619035192338153,0.3619035192338153,0.3619035192338153,0.3619035192338153,0.0263744498694287,False,False,False,attainability,0.1009095541008073,,P3,0.11106427657447235,0.6372659676383652,0.2622726971126052,0.25,,,,,,,,,,,True,False,False,True
9,18,Partnerships,Marketing,0.114480776322289,0.6339832869080779,0.5123823095117018,0.3308214016578749,0.39791694359998586,0.39791694359998586,0.39791694359998586,0.3604,0.0267210801937434,False,False,False,attainability,0.0645,-0.05,P3,0.12604223724427913,0.6206665192811872,0.34984307934893577,0.3308214016578749,0.0645,0.634,0.5124,0.2308,0.3604,True,"[""market shock vulnerability may reduce future attainability"", ""integrity score of 0.331 is too low given the strong needle move of 0.302 and efficiency of 0.148""]","The scores are generally consistent with the provided evidence, with the exception of the integrity score. The integrity score of 0.331 is too low given the strong needle move of 0.302 and efficiency of 0.148, which indicate that the integrity should be higher. The other scores are appropriate given the evidence. Final verifier adjustments applied: attainability adjusted by -0.05; integrity adjusted by -0.10.","{""attainability"": -0.05, ""integrity"": -0.1}",verifier_primary,True,False,False,True
9,19,Partnerships,Marketing,0.1010557493530941,0.4,0.4467045228344539,0.2540252757922627,0.3004463869949527,0.3004463869949527,0.3004463869949527,0.3004463869949527,0.0267208779057921,False,True,False,attainability,0.1010557493530941,,P2,0.11122562584008219,0.3781702302371975,0.2622726971126052,0.2540252757922627,,,,,,,,,,,True,False,False,True
9,20,Partnerships,Marketing,0.1003603844431329,0.65,0.4467045228344539,0.25,0.36176622681939674,0.36176622681939674,0.36176622681939674,0.36176622681939674,0.0267196108690234,False,False,False,attainability,0.1003603844431329,,P3,0.11045818219332822,0.6372659676383652,0.2622726971126052,0.25,,,,,,,,,,,True,False,False,True
9,21,Partnerships,Marketing,0.0998649490843078,0.4,0.4467045228344539,0.25,0.2991423679796904,0.2991423679796904,0.2991423679796904,0.2991423679796904,0.0267192272230508,False,True,False,attainability,0.0998649490843078,,P2,0.10991139199287243,0.3781702302371975,0.2622726971126052,0.25,,,,,,,,,,,True,False,False,True
9,22,Partnerships,Marketing,0.0996134009006918,0.65,0.4467045228344539,0.25,0.36157948093378645,0.36157948093378645,0.36157948093378645,0.36157948093378645,0.0267067121788051,False,False,False,attainability,0.0996134009006918,,P3,0.10963376933374318,0.6372659676383652,0.2622726971126052,0.25,,,,,,,,,,,True,False,False,True
9,23,Partnerships,Marketing,0.0985249075229644,0.65,0.4467045228344539,0.25,0.3613073575893546,0.3613073575893546,0.3613073575893546,0.3613073575893546,0.0266408567293088,False,False,False,attainability,0.0985249075229644,,P3,0.10843244709946868,0.6372659676383652,0.2622726971126052,0.25,,,,,,,,,,,True,False,False,True
9,24,Partnerships,Marketing,0.0024105926654759,0.65,0.4467045228344539,0.25,0.3372787788749825,0.3372787788749825,0.3372787788749825,0.3372787788749825,0.0266514641792977,False,True,False,attainability,0.0024105926654759,,P2,0.0023553079703067443,0.6372659676383652,0.2622726971126052,0.25,,,,,,,,,,,True,False,False,True
10,1,Events & Community,Marketing,0.0989474232884942,0.75,0.4639013146862982,1.0,0.578212184493698,0.578212184493698,0.578212184493698,0.578212184493698,0.0266879306189636,False,False,False,attainability,0.0989474232884942,,P3,0.1088987591541384,0.7409042625988322,0.2852017529150643,1.0,,,,,,,,,,,True,False,False,False
10,2,Events & Community,Marketing,0.0962510685619954,0.75,0.5728302636472811,0.8451410855882193,0.5660556044493739,0.5660556044493739,0.5660556044493739,0.5660556044493739,0.0265437252078391,False,False,False,attainability,0.0962510685619954,,P3,0.10592291111434872,0.7409042625988322,0.4304403515297081,0.8451410855882193,,,,,,,,,,,True,False,False,False
10,3,Events & Community,Marketing,0.1023334087588281,0.75,0.6,0.6280086448659519,0.520085513406195,0.520085513406195,0.520085513406195,0.520085513406195,0.0265374854240548,False,False,False,attainability,0.1023334087588281,,P3,0.11263572229390058,0.7409042625988322,0.4666666666666666,0.6280086448659519,,,,,,,,,,,True,False,False,False
10,4,Events & Community,Marketing,0.101079544307897,0.75,0.6,0.0887378433320907,0.3849543469099969,0.3849543469099969,0.3849543469099969,0.3849543469099969,0.0264693367840159,False,False,False,integrity,0.0887378433320907,,P3,0.11125188728443565,0.7409042625988322,0.4666666666666666,0.0887378433320907,,,,,,,,,,,True,False,False,True
10,5,Events & Community,Marketing,0.1000126755783709,0.75,0.5086632560090716,0.1494012288670531,0.3770192901136239,0.3770192901136239,0.3770192901136239,0.3770192901136239,0.0265072748847365,False,False,False,attainability,0.1000126755783709,,P3,0.11007443122263784,0.7409042625988322,0.3448843413454288,0.1494012288670531,,,,,,,,,,,True,False,False,True
10,6,Events & Community,Marketing,0.0923156761809095,0.75,0.6,0.0545025248629586,0.37420455026096705,0.37420455026096705,0.37420455026096705,0.3636,0.0263510456187544,False,False,False,attainability,0.05,-0.05,P3,0.10157959174766264,0.7409042625988322,0.4666666666666666,0.0545025248629586,0.05,0.75,0.6,0.0545,0.3636,True,"[""market shock vulnerability may reduce future attainability"", ""Integrity score of 0.055 is too low given the evidence of needle_move=0.3013882013236666 and efficiency=0.1228721946395908, which meet the integrity>0.55 requirement.""]","The scores provided are generally consistent with the given evidence, with the exception of the integrity score. The integrity score of 0.055 is too low given the evidence that the needle move and efficiency metrics meet the required thresholds for an integrity score above 0.55. No other adjustments are needed. Final verifier adjustments applied: attainability adjusted by -0.04.","{""attainability"": -0.0423}",verifier_primary,True,False,False,True
10,7,Events & Community,Marketing,0.1004535446508123,0.75,0.6,0.5197417783113825,0.49254883074054867,0.49254883074054867,0.49254883074054867,0.49254883074054867,0.0265321805201187,False,False,False,attainability,0.1004535446508123,,P3,0.11056099901438095,0.7409042625988322,0.4666666666666666,0.5197417783113825,,,,,,,,,,,True,False,False,False
10,8,Events & Community,Marketing,0.1099465252451688,0.75,0.6,0.138322930000464,0.39956736381140817,0.39956736381140817,0.39956736381140817,0.39956736381140817,0.0258149525752744,False,False,False,attainability,0.1099465252451688,,P3,0.1210379838917229,0.7409042625988322,0.4666666666666666,0.138322930000464,,,,,,,,,,,True,False,False,True
10,9,Events & Community,Marketing,0.0952133437326293,0.75,0.6,0.2179539557240208,0.41579182486416255,0.41579182486416255,0.41579182486416255,0.41579182486416255,0.0262721177941432,False,False,False,attainability,0.0952133437326293,,P3,0.10477761989247743,0.7409042625988322,0.4666666666666666,0.2179539557240208,,,,,,,,,,,True,False,False,True
10,10,Events & Community,Marketing,0.1030551123713274,0.75,0.6,0.1552576266187075,0.4020781847475087,0.4020781847475087,0.4020781847475087,0.4020781847475087,0.0265252730505456,False,False,False,attainability,0.1030551123713274,,P3,0.11343223480742803,0.7409042625988322,0.4666666666666666,0.1552576266187075,,,,,,,,,,,True,False,False,True
10,11,Events & Community,Marketing,0.0974313250100918,0.75,0.6,0.0276981102933108,0.3687823588258506,0.3687823588258506,0.3687823588258506,0.3687823588258506,0.0262022607606385,False,False,False,integrity,0.0276981102933108,,P3,0.10722550821071722,0.7409042625988322,0.4666666666666666,0.0276981102933108,,,,,,,,,,,True,False,False,True
10,12,Events & Community,Marketing,0.1097715120647783,0.6177685950413224,0.5297216024832672,0.485058715232552,0.43558010620548,0.43558010620548,0.43558010620548,0.4106,0.0263603200358206,False,False,False,attainability,0.05,-0.15,P3,0.12084482954719838,0.6038618890973882,0.37296213664435623,0.485058715232552,0.05,0.6178,0.4897,0.4851,0.4106,True,"[""budget shock reduced allocation and may weaken attainability and coherence"", ""market shock vulnerability may reduce future attainability""]","The provided scores are consistent with the given evidence. No adjustments are necessary, as the scores align with the observed data and the defined rules. Final verifier adjustments applied: attainability adjusted by -0.06; coherence adjusted by -0.04.","{""attainability"": -0.0598, ""coherence"": -0.04}",verifier_primary,True,False,False,False
10,13,Events & Community,Marketing,0.0995299032824971,0.75,0.6,0.0,0.3623824758206243,0.3623824758206243,0.3623824758206243,0.3623824758206243,0.02664562398313,False,False,False,integrity,0.0,,P3,0.10954161668743523,0.7409042625988322,0.4666666666666666,0.0,,,,,,,,,,,True,False,False,True
10,14,Events & Community,Marketing,0.0996916206409872,0.75,0.6,0.0,0.3624229051602468,0.3624229051602468,0.3624229051602468,0.3624229051602468,0.0264283739444459,False,False,False,integrity,0.0,,P3,0.1097200970185034,0.7409042625988322,0.4666666666666666,0.0,,,,,,,,,,,True,False,False,True
10,15,Events & Community,Marketing,0.0977313181399834,0.75,0.6,0.0,0.36193282953499584,0.36193282953499584,0.36193282953499584,0.36193282953499584,0.0262808631437754,False,False,False,integrity,0.0,,P3,0.10755659742489397,0.7409042625988322,0.4666666666666666,0.0,,,,,,,,,,,True,False,False,True
10,16,Events & Community,Marketing,0.1021836701996106,0.75,0.6,0.0,0.3630459175499027,0.3630459175499027,0.3630459175499027,0.3630459175499027,0.0257712880871634,False,False,False,integrity,0.0,,P3,0.11247046243637918,0.7409042625988322,0.4666666666666666,0.0,,,,,,,,,,,True,False,False,True
10,17,Events & Community,Marketing,0.1000982188353847,0.75,0.6,0.0174090393300456,0.36687681454135757,0.36687681454135757,0.36687681454135757,0.36687681454135757,0.0261469739830493,False,False,False,integrity,0.0174090393300456,,P3,0.11016884155047785,0.7409042625988322,0.4666666666666666,0.0174090393300456,,,,,,,,,,,True,False,False,True
10,18,Events & Community,Marketing,0.1138687409151781,0.6177685950413224,0.6368488608407317,0.3480486244401791,0.4291337053093528,0.4291337053093528,0.4291337053093528,0.4166,0.0264788485385312,False,False,False,attainability,0.0639,-0.05,P3,0.12536676070232655,0.6038618890973882,0.5157984811209756,0.3480486244401791,0.0639,0.6178,0.6368,0.348,0.4166,True,"[""market shock vulnerability may reduce future attainability""]",The provided scores are consistent with the given evidence. No adjustments are necessary. Final verifier adjustments applied: attainability adjusted by -0.05.,"{""attainability"": -0.05}",verifier_primary,True,False,False,True
10,19,Events & Community,Marketing,0.1034412414027216,0.75,0.6,0.0,0.3633603103506804,0.3633603103506804,0.3633603103506804,0.3633603103506804,0.0263825806774227,False,False,False,integrity,0.0,,P3,0.11385838842508365,0.7409042625988322,0.4666666666666666,0.0,,,,,,,,,,,True,False,False,True
10,20,Events & Community,Marketing,0.0979538984567612,0.75,0.6,0.0,0.36198847461419026,0.36198847461419026,0.36198847461419026,0.36198847461419026,0.026215014184557,False,False,False,integrity,0.0,,P3,0.1078022495243264,0.7409042625988322,0.4666666666666666,0.0,,,,,,,,,,,True,False,False,True
10,21,Events & Community,Marketing,0.1010593950009273,0.75,0.6,0.0,0.36276484875023185,0.36276484875023185,0.36276484875023185,0.36276484875023185,0.0259320818360416,False,False,False,integrity,0.0,,P3,0.1112296493811436,0.7409042625988322,0.4666666666666666,0.0,,,,,,,,,,,True,False,False,True
10,22,Events & Community,Marketing,0.0985461590425453,0.75,0.6,0.0,0.3621365397606363,0.3621365397606363,0.3621365397606363,0.3621365397606363,0.0261642236314704,False,False,False,integrity,0.0,,P3,0.10845590146630915,0.7409042625988322,0.4666666666666666,0.0,,,,,,,,,,,True,False,False,True
10,23,Events & Community,Marketing,0.0983557160613518,0.75,0.6,0.0,0.36208892901533796,0.36208892901533796,0.36208892901533796,0.36208892901533796,0.0263780467115005,False,False,False,integrity,0.0,,P3,0.1082457179297341,0.7409042625988322,0.4666666666666666,0.0,,,,,,,,,,,True,False,False,True
10,24,Events & Community,Marketing,0.0024232587810298,0.75,0.6,0.0,0.33810581469525747,0.33810581469525747,0.33810581469525747,0.33810581469525747,0.0265142065878437,False,True,False,integrity,0.0,,P2,0.0023692870045830565,0.7409042625988322,0.4666666666666666,0.0,,,,,,,,,,,True,False,False,True
11,1,Events & Community,Marketing,0.0988442715254793,0.5740666034105895,0.65,0.75,0.5182277187340172,0.5182277187340172,0.5182277187340172,0.5182277187340172,0.026682493219923,False,False,False,attainability,0.0988442715254793,,P3,0.10878491509320977,0.5585698901075306,0.5333333333333333,0.75,,,,,,,,,,,True,False,False,False
11,2,Events & Community,Marketing,0.1006709813278624,0.5740666034105895,0.65,0.5970829970539129,0.4804551454480912,0.4804551454480912,0.4804551454480912,0.4804551454480912,0.0263258692572282,False,False,False,attainability,0.1006709813278624,,P3,0.11080097430502757,0.5585698901075306,0.5333333333333333,0.5970829970539129,,,,,,,,,,,True,False,False,False
11,3,Events & Community,Marketing,0.099794215752012,0.5740666034105895,0.65,0.4960345930607898,0.4549738530558478,0.4549738530558478,0.4549738530558478,0.4549738530558478,0.0262399108293016,False,False,False,attainability,0.099794215752012,,P3,0.1098333267271299,0.5585698901075306,0.5333333333333333,0.4960345930607898,,,,,,,,,,,True,False,False,False
11,4,Events & Community,Marketing,0.0995250003582234,0.5740666034105895,0.65,0.0,0.3308979009422032,0.3308979009422032,0.3308979009422032,0.3308979009422032,0.0259012180782322,False,True,False,integrity,0.0,,P2,0.10953620554570163,0.5585698901075306,0.5333333333333333,0.0,,,,,,,,,,,True,False,False,True
11,5,Events & Community,Marketing,0.1021986157901816,0.5740666034105895,0.65,0.0124179336571302,0.3346707882144753,0.3346707882144753,0.3346707882144753,0.3346707882144753,0.0247336901044319,False,True,False,integrity,0.0124179336571302,,P2,0.1124869572269077,0.5585698901075306,0.5333333333333333,0.0124179336571302,,,,,,,,,,,True,False,False,True
11,6,Events & Community,Marketing,0.0987844998604843,0.5740666034105895,0.65,0.0,0.3307127758177685,0.3307127758177685,0.3307127758177685,0.331,0.0253695060168101,False,True,False,attainability,0.05,-0.05,P2,0.10871894773722272,0.5585698901075306,0.5333333333333333,0.0,0.05,0.5741,0.65,0.05,0.331,True,"[""market shock vulnerability may reduce future attainability""]",The scores provided are consistent with the given evidence. No adjustments are necessary. Final verifier adjustments applied: attainability adjusted by -0.05; integrity adjusted by +0.05.,"{""attainability"": -0.0488, ""integrity"": 0.05}",verifier_primary,True,False,False,True
11,7,Events & Community,Marketing,0.1025142793388825,0.5740666034105895,0.65,0.4,0.431645220687368,0.431645220687368,0.431645220687368,0.431645220687368,0.0266397722951789,False,False,False,attainability,0.1025142793388825,,P3,0.11283534119263852,0.5585698901075306,0.5333333333333333,0.4,,,,,,,,,,,True,False,False,False
11,8,Events & Community,Marketing,0.1010047422434374,0.5740666034105895,0.65,0.0,0.3312678364135067,0.3312678364135067,0.3312678364135067,0.3312678364135067,0.0264439288529388,False,True,False,integrity,0.0,,P2,0.11116933153807679,0.5585698901075306,0.5333333333333333,0.0,,,,,,,,,,,True,False,False,True
11,9,Events & Community,Marketing,0.1002338162151707,0.5740666034105895,0.65,0.0751823637950444,0.34987069585520114,0.34987069585520114,0.34987069585520114,0.34987069585520114,0.0265436590853352,False,True,False,integrity,0.0751823637950444,,P2,0.11031849441064169,0.5585698901075306,0.5333333333333333,0.0751823637950444,,,,,,,,,,,True,False,False,True
11,10,Events & Community,Marketing,0.1004028415855448,0.5740666034105895,0.65,0.0,0.33111736124903357,0.33111736124903357,0.33111736124903357,0.33111736124903357,0.0264402719741643,False,True,False,integrity,0.0,,P2,0.11050504027278632,0.5585698901075306,0.5333333333333333,0.0,,,,,,,,,,,True,False,False,True
11,11,Events & Community,Marketing,0.1000369448686012,0.5740666034105895,0.65,0.0978155063558492,0.35547976365875994,0.35547976365875994,0.35547976365875994,0.35547976365875994,0.026240360110184,False,False,False,integrity,0.0978155063558492,,P3,0.11010121617012607,0.5585698901075306,0.5333333333333333,0.0978155063558492,,,,,,,,,,,True,False,False,True
11,12,Events & Community,Marketing,0.1329677717745515,0.431393826713329,0.5218492637883704,0.2694166829969299,0.33890688631829524,0.33890688631829524,0.33890688631829524,0.3082,0.0263903275925926,False,True,False,attainability,0.05,-0.15,P1,0.1464455204761009,0.4107062569657353,0.3624656850511605,0.2694166829969299,0.05,0.4314,0.4818,0.2694,0.3082,True,"[""budget shock reduced allocation and may weaken attainability and coherence"", ""market shock vulnerability may reduce future attainability""]",The provided scores are consistent with the given evidence. No adjustments are necessary. Final verifier adjustments applied: attainability adjusted by -0.08; coherence adjusted by -0.04.,"{""attainability"": -0.083, ""coherence"": -0.04}",verifier_primary,True,False,False,True
11,13,Events & Community,Marketing,0.099541804980487,0.5740666034105895,0.65,0.0,0.33090210209776916,0.33090210209776916,0.33090210209776916,0.33090210209776916,0.0266246225986784,False,True,False,integrity,0.0,,P2,0.10955475206768966,0.5585698901075306,0.5333333333333333,0.0,,,,,,,,,,,True,False,False,True
11,14,Events & Community,Marketing,0.1005872609154668,0.5740666034105895,0.65,0.0,0.33116346608151404,0.33116346608151404,0.33116346608151404,0.33116346608151404,0.0266111464380026,False,True,False,integrity,0.0,,P2,0.1107085757705657,0.5585698901075306,0.5333333333333333,0.0,,,,,,,,,,,True,False,False,True
11,15,Events & Community,Marketing,0.0990475541414797,0.5740666034105895,0.65,0.0,0.33077853938801727,0.33077853938801727,0.33077853938801727,0.33077853938801727,0.0266363028504422,False,True,False,integrity,0.0,,P2,0.10900926916962375,0.5585698901075306,0.5333333333333333,0.0,,,,,,,,,,,True,False,False,True
11,16,Events & Community,Marketing,0.0992768009777672,0.5740666034105895,0.65,0.0,0.3308358510970892,0.3308358510970892,0.3308358510970892,0.3308358510970892,0.0266273830056742,False,True,False,integrity,0.0,,P2,0.10926227881323247,0.5585698901075306,0.5333333333333333,0.0,,,,,,,,,,,True,False,False,True
11,17,Events & Community,Marketing,0.1003425260432088,0.5740666034105895,0.65,0.0,0.3311022823634496,0.3311022823634496,0.3311022823634496,0.3311022823634496,0.0266340666180506,False,True,False,integrity,0.0,,P2,0.11043847266331511,0.5585698901075306,0.5333333333333333,0.0,,,,,,,,,,,True,False,False,True
11,18,Events & Community,Marketing,0.1092151254544708,0.4417350423239592,0.6222222222222222,0.3421052631578947,0.37881941328963675,0.37881941328963675,0.37881941328963675,0.3413,0.0262636349301409,False,True,False,attainability,0.0592,-0.05,P2,0.12023077013306532,0.4214237165027781,0.4962962962962963,0.3421052631578947,0.0592,0.4417,0.6222,0.2421,0.3413,True,"[""market shock vulnerability may reduce future attainability"", ""integrity is too high compared to weak needle move and efficiency evidence""]","The scores are generally consistent with the provided evidence, with the exception of the integrity score. The integrity score of 0.342 is too high given the weak needle move (0.2844) and efficiency (0.101) evidence, so it has been adjusted downward by 0.10. Final verifier adjustments applied: attainability adjusted by -0.05; integrity adjusted by -0.10.","{""attainability"": -0.05, ""integrity"": -0.1}",verifier_primary,True,False,False,True
11,19,Events & Community,Marketing,0.1017903888534552,0.5740666034105895,0.65,0.0,0.33146424806601116,0.33146424806601116,0.33146424806601116,0.33146424806601116,0.0259857422128185,False,True,False,integrity,0.0,,P2,0.11203641512370899,0.5585698901075306,0.5333333333333333,0.0,,,,,,,,,,,True,False,False,True
11,20,Events & Community,Marketing,0.1023105442509072,0.5740666034105895,0.65,0.0,0.3315942869153742,0.3315942869153742,0.3315942869153742,0.3315942869153742,0.025989880117603,False,True,False,integrity,0.0,,P2,0.11261048774282001,0.5585698901075306,0.5333333333333333,0.0,,,,,,,,,,,True,False,False,True
11,21,Events & Community,Marketing,0.0985663755586993,0.5740666034105895,0.65,0.0,0.3306582447423222,0.3306582447423222,0.3306582447423222,0.3306582447423222,0.026252014942178,False,True,False,integrity,0.0,,P2,0.10847821354541991,0.5585698901075306,0.5333333333333333,0.0,,,,,,,,,,,True,False,False,True
11,22,Events & Community,Marketing,0.1008966302881685,0.5740666034105895,0.65,0.0,0.3312408084246895,0.3312408084246895,0.3312408084246895,0.3312408084246895,0.0264258469538699,False,True,False,integrity,0.0,,P2,0.11105001313126518,0.5585698901075306,0.5333333333333333,0.0,,,,,,,,,,,True,False,False,True
11,23,Events & Community,Marketing,0.0926113865165284,0.5740666034105895,0.65,0.0,0.3291694974817795,0.3291694974817795,0.3291694974817795,0.3291694974817795,0.0255611835362918,False,True,False,integrity,0.0,,P2,0.10190595423029478,0.5585698901075306,0.5333333333333333,0.0,,,,,,,,,,,True,False,False,True
11,24,Events & Community,Marketing,0.0066181797448834,0.5740666034105895,0.65,0.0,0.30767119578886826,0.30767119578886826,0.30767119578886826,0.30767119578886826,0.0260684946216809,False,True,False,integrity,0.0,,P2,0.006999036645709136,0.5585698901075306,0.5333333333333333,0.0,,,,,,,,,,,True,False,False,True
12,1,Events & Community,Marketing,0.1044215773916824,0.0351057006664855,0.5686894325384875,0.7913839381564161,0.3749001621882678,0.3749001621882678,0.3749001621882678,0.3749001621882678,0.0265827275674534,False,False,False,relevance,0.0351057006664855,,P3,0.11494034210959475,0.0,0.42491924338465,0.7913839381564161,,,,,,,,,,,True,True,False,False
12,2,Events & Community,Marketing,0.0933506951834358,0.0351057006664855,0.5686894325384875,0.75,0.3617864570971022,0.3617864570971022,0.3617864570971022,0.3617864570971022,0.026188148854748,False,False,False,relevance,0.0351057006664855,,P3,0.10272189666753957,0.0,0.42491924338465,0.75,,,,,,,,,,,True,True,False,False
12,3,Events & Community,Marketing,0.1035388656053478,0.0351057006664855,0.5686894325384875,0.5175976262269419,0.30623290625931565,0.30623290625931565,0.30623290625931565,0.30623290625931565,0.0263094304924799,False,True,False,relevance,0.0351057006664855,,P2,0.11396613196089002,0.0,0.42491924338465,0.5175976262269419,,,,,,,,,,,True,True,False,False
12,4,Events & Community,Marketing,0.0996796688329191,0.0351057006664855,0.5686894325384875,0.0,0.17586870050947304,0.17586870050947304,0.17586870050947304,0.17586870050947304,0.0264533071361725,False,True,True,integrity,0.0,,P1,0.10970690633396109,0.0,0.42491924338465,0.0,,,,,,,,,,,True,True,False,True
12,5,Events & Community,Marketing,0.1085424314997298,0.0351057006664855,0.5686894325384875,0.0364251539017668,0.1871906796516174,0.1871906796516174,0.1871906796516174,0.1871906796516174,0.0252559058204878,False,True,True,relevance,0.0351057006664855,,P1,0.11948834742179476,0.0,0.42491924338465,0.0364251539017668,,,,,,,,,,,True,True,False,True
12,6,Events & Community,Marketing,0.0858817111136084,0.0351057006664855,0.5686894325384875,0.0452366032608177,0.18372836189484978,0.18372836189484978,0.18372836189484978,0.1886,0.0251369595599489,False,True,True,relevance,0.05,0.0,P1,0.09447870767427331,0.0,0.42491924338465,0.0452366032608177,0.0859,0.05,0.5687,0.05,0.1886,True,"[""Integrity score of 0.045 is too low given the strong needle move of 0.2925719872995492 and efficiency of 0.0800152656164057""]","The scores provided are generally consistent with the given evidence, with the exception of the integrity score. The integrity score of 0.045 is too low given the strong needle move and efficiency values, which indicate the integrity should be higher. Final verifier adjustments applied: relevance adjusted by +0.01; integrity adjusted by +0.00.","{""relevance"": 0.0149, ""integrity"": 0.0048}",verifier_primary,True,True,False,True
12,7,Events & Community,Marketing,0.1012110784628075,0.0351057006664855,0.5686894325384875,0.3201397312507072,0.2562864857296219,0.2562864857296219,0.2562864857296219,0.2562864857296219,0.0265149224542004,False,True,False,relevance,0.0351057006664855,,P2,0.11139705574213485,0.0,0.42491924338465,0.3201397312507072,,,,,,,,,,,True,True,False,True
12,8,Events & Community,Marketing,0.1087582200167818,0.0351057006664855,0.5686894325384875,0.0228276435044113,0.18384524918154155,0.18384524918154155,0.18384524918154155,0.18384524918154155,0.0256141828263628,False,True,True,integrity,0.0228276435044113,,P1,0.11972650371079023,0.0,0.42491924338465,0.0228276435044113,,,,,,,,,,,True,True,False,True
12,9,Events & Community,Marketing,0.0991986891439753,0.0351057006664855,0.5686894325384875,0.009715844461284,0.1781774167025581,0.1781774167025581,0.1781774167025581,0.1781774167025581,0.0260961198108015,False,True,True,integrity,0.009715844461284,,P1,0.10917607022013098,0.0,0.42491924338465,0.009715844461284,,,,,,,,,,,True,True,False,True
12,10,Events & Community,Marketing,0.1031374057047089,0.0351057006664855,0.5686894325384875,0.0,0.17673313472742047,0.17673313472742047,0.17673313472742047,0.17673313472742047,0.0265461141554838,False,True,True,integrity,0.0,,P1,0.11352305833759058,0.0,0.42491924338465,0.0,,,,,,,,,,,True,True,False,True
12,11,Events & Community,Marketing,0.1010525252120632,0.0351057006664855,0.5686894325384875,0.0,0.17621191460425906,0.17621191460425906,0.17621191460425906,0.17621191460425906,0.0260750757669149,False,True,True,integrity,0.0,,P1,0.11122206749752715,0.0,0.42491924338465,0.0,,,,,,,,,,,True,True,False,True
12,12,Events & Community,Marketing,0.0985287901296873,0.1046959230105716,0.3858321216583555,0.3268156424581005,0.2289681193141787,0.2289681193141787,0.2289681193141787,0.2068,0.0261610019219219,False,True,False,attainability,0.05,-0.1,P1,0.10843673216162762,0.07212211989660883,0.181109495544474,0.3268156424581005,0.05,0.1047,0.3458,0.3268,0.2068,True,"[""budget shock reduced allocation and may weaken attainability and coherence""]",The provided scores are consistent with the given evidence. No adjustments are necessary. Final verifier adjustments applied: attainability adjusted by -0.05; coherence adjusted by -0.04.,"{""attainability"": -0.0485, ""coherence"": -0.04}",verifier_primary,True,True,True,True
12,13,Events & Community,Marketing,0.0981688485919871,0.0351057006664855,0.5686894325384875,0.0,0.17549099544924004,0.17549099544924004,0.17549099544924004,0.17549099544924004,0.026640710972384,False,True,True,integrity,0.0,,P1,0.10803948052819923,0.0,0.42491924338465,0.0,,,,,,,,,,,True,True,False,True
12,14,Events & Community,Marketing,0.1007179793770443,0.2851057006664855,0.5759462940706002,0.25,0.3029424935285325,0.3029424935285325,0.3029424935285325,0.3029424935285325,0.0265075110256704,False,True,False,attainability,0.1007179793770443,,P2,0.11085284398343354,0.25909573740116776,0.43459505876080023,0.25,,,,,,,,,,,True,True,False,True
12,15,Events & Community,Marketing,0.0978731563296618,0.2851057006664855,0.5686894325384875,0.25,0.30041707238365867,0.30041707238365867,0.30041707238365867,0.30041707238365867,0.0263872389027155,False,True,False,attainability,0.0978731563296618,,P2,0.10771313799226578,0.25909573740116776,0.42491924338465,0.25,,,,,,,,,,,True,True,False,True
12,16,Events & Community,Marketing,0.1009606837659278,0.0351057006664855,0.5686894325384875,0.25,0.2386889542427252,0.2386889542427252,0.2386889542427252,0.2386889542427252,0.026649501426441,False,True,False,relevance,0.0351057006664855,,P2,0.11112070613554924,0.0,0.42491924338465,0.25,,,,,,,,,,,True,True,False,True
12,17,Events & Community,Marketing,0.1007836700957806,0.2851057006664855,0.5686894325384875,0.25,0.3011447008251884,0.3011447008251884,0.3011447008251884,0.3011447008251884,0.0266022580235377,False,True,False,attainability,0.1007836700957806,,P2,0.11092534393852573,0.25909573740116776,0.42491924338465,0.25,,,,,,,,,,,True,True,False,True
12,18,Events & Community,Marketing,0.1001305359434198,0.1416194146309978,0.4405192716543443,0.417910447761194,0.27504491749748894,0.27504491749748894,0.27504491749748894,0.275,0.0263944193573567,False,True,False,attainability,0.1001,0.0,P2,0.11020450852027704,0.1103889970518895,0.25402569553912574,0.417910447761194,0.1001,0.1416,0.4405,0.4179,0.275,True,[],The provided scores are consistent with the given evidence. No adjustments are necessary.,{},verifier_primary,True,True,False,False
12,19,Events & Community,Marketing,0.0991271056689184,0.0351057006664855,0.5686894325384875,0.1630914274048487,0.21650341656968503,0.21650341656968503,0.21650341656968503,0.21650341656968503,0.026129810112932,False,True,False,relevance,0.0351057006664855,,P2,0.10909706668923948,0.0,0.42491924338465,0.1630914274048487,,,,,,,,,,,True,True,False,True
12,20,Events & Community,Marketing,0.1021287354470831,0.0351057006664855,0.5686894325384875,0.1167547098186515,0.20566964461767692,0.20566964461767692,0.20566964461767692,0.20566964461767692,0.0259707433977392,False,True,False,relevance,0.0351057006664855,,P2,0.11240983336780053,0.0,0.42491924338465,0.1167547098186515,,,,,,,,,,,True,True,False,True
12,21,Events & Community,Marketing,0.0987309735919113,0.0351057006664855,0.5686894325384875,0.25,0.23813152669922108,0.23813152669922108,0.23813152669922108,0.23813152669922108,0.0255583366395472,False,True,False,relevance,0.0351057006664855,,P2,0.10865987315039449,0.0,0.42491924338465,0.25,,,,,,,,,,,True,True,False,True
12,22,Events & Community,Marketing,0.1027128274240483,0.0351057006664855,0.5686894325384875,0.25,0.23912699015725533,0.23912699015725533,0.23912699015725533,0.23912699015725533,0.0258363667880129,False,True,False,relevance,0.0351057006664855,,P2,0.11305446997574631,0.0,0.42491924338465,0.25,,,,,,,,,,,True,True,False,True
12,23,Events & Community,Marketing,0.0956851626867435,0.0351057006664855,0.5686894325384875,0.25,0.23737007397292914,0.23737007397292914,0.23737007397292914,0.23737007397292914,0.0260365260977382,False,True,False,relevance,0.0351057006664855,,P2,0.10529834570645798,0.0,0.42491924338465,0.25,,,,,,,,,,,True,True,False,True
12,24,Events & Community,Marketing,0.0018770397258679,0.0351057006664855,0.5686894325384875,0.25,0.21391804323271024,0.21391804323271024,0.21391804323271024,0.21391804323271024,0.026457715032218,False,True,False,attainability,0.0018770397258679,,P2,0.0017664490735701827,0.0,0.42491924338465,0.25,,,,,,,,,,,True,True,False,True
13,1,Core Platform,Product,0.112561112195233,0.4950271502424126,0.5769147196087179,0.75,0.4836257455115909,0.4836257455115909,0.4836257455115909,0.4836257455115909,0.0266690831945325,False,False,False,attainability,0.112561112195233,,P3,0.12392358843542155,0.4766547484979553,0.43588629281162383,0.75,,,,,,,,,,,True,False,False,False
13,2,Core Platform,Product,0.0954720324659975,0.4950271502424126,0.6,0.4384062942759419,0.407226369246088,0.407226369246088,0.407226369246088,0.407226369246088,0.026502915024795,False,False,False,attainability,0.0954720324659975,,P3,0.10506312326209863,0.4766547484979553,0.4666666666666666,0.4384062942759419,,,,,,,,,,,True,False,False,False
13,3,Core Platform,Product,0.0987056746691051,0.4950271502424126,0.6,0.6202997048206839,0.4535081324330503,0.4535081324330503,0.4535081324330503,0.4535081324330503,0.0265612035608778,False,False,False,attainability,0.0987056746691051,,P3,0.10863195184274839,0.4766547484979553,0.4666666666666666,0.6202997048206839,,,,,,,,,,,True,False,False,False
13,4,Core Platform,Product,0.0990957528614481,0.4950271502424126,0.6,0.1419104246447269,0.3340083319371469,0.3340083319371469,0.3340083319371469,0.3340083319371469,0.0266034743574561,False,True,False,attainability,0.0990957528614481,,P2,0.10906246397553292,0.4766547484979553,0.4666666666666666,0.1419104246447269,,,,,,,,,,,True,False,False,True
13,5,Core Platform,Product,0.1035895857456495,0.4950271502424126,0.6,0.0175919216175467,0.30405216440140215,0.30405216440140215,0.30405216440140215,0.30405216440140215,0.026552045972515,False,True,False,integrity,0.0175919216175467,,P2,0.1140221095474484,0.4766547484979553,0.4666666666666666,0.0175919216175467,,,,,,,,,,,True,False,False,True
13,6,Core Platform,Product,0.0996421751501333,0.4950271502424126,0.6,0.25,0.3611673313481365,0.3611673313481365,0.3611673313481365,0.3612,0.0266003837389164,False,False,False,attainability,0.0996,0.0,P3,0.10966552620644074,0.4766547484979553,0.4666666666666666,0.25,0.0996,0.495,0.6,0.25,0.3612,True,[],The provided scores are consistent with the given evidence. No adjustments are necessary.,{},verifier_primary,True,False,False,True
13,7,Core Platform,Product,0.0951080134768262,0.4950271502424126,0.6,0.3349619335277108,0.3812742743117374,0.3812742743117374,0.3812742743117374,0.3812742743117374,0.0265153434642665,False,False,False,attainability,0.0951080134768262,,P3,0.1046613715249382,0.4766547484979553,0.4666666666666666,0.3349619335277108,,,,,,,,,,,True,False,False,True
13,8,Core Platform,Product,0.0942395480918,0.4950271502424126,0.6,0.0,0.29731667458355315,0.29731667458355315,0.29731667458355315,0.29731667458355315,0.0264923290569798,False,True,False,integrity,0.0,,P2,0.10370288450234556,0.4766547484979553,0.4666666666666666,0.0,,,,,,,,,,,True,False,False,True
13,9,Core Platform,Product,0.1013017674556942,0.4950271502424126,0.6,0.206156156816159,0.3506212686285664,0.3506212686285664,0.3506212686285664,0.3506212686285664,0.0265472932515043,False,False,False,attainability,0.1013017674556942,,P3,0.11149714519218389,0.4766547484979553,0.4666666666666666,0.206156156816159,,,,,,,,,,,True,False,False,True
13,10,Core Platform,Product,0.10177480236097,0.4950271502424126,0.6,0.093140872199341,0.3224857062006809,0.3224857062006809,0.3224857062006809,0.3224857062006809,0.0265122183626237,False,True,False,integrity,0.093140872199341,,P2,0.1120192129979451,0.4766547484979553,0.4666666666666666,0.093140872199341,,,,,,,,,,,True,False,False,True
13,11,Core Platform,Product,0.1083867362204132,0.4950271502424126,0.6,0.0116617158753826,0.3037689005845521,0.3037689005845521,0.3037689005845521,0.3037689005845521,0.0263171190824751,False,True,False,integrity,0.0116617158753826,,P2,0.1193165133944669,0.4766547484979553,0.4666666666666666,0.0116617158753826,,,,,,,,,,,True,False,False,True
13,12,Core Platform,Product,0.1397787045655837,0.4972923962162044,0.5242424242424243,0.5394216357106075,0.425183790183705,0.425183790183705,0.425183790183705,0.4002,0.026423509861177,False,False,False,attainability,0.0798,-0.1,P3,0.15396244723508518,0.47900241080185374,0.36565656565656574,0.5394216357106075,0.0798,0.4973,0.4842,0.5394,0.4002,True,"[""budget shock reduced allocation and may weaken attainability and coherence""]",The provided scores are consistent with the given evidence. No adjustments are necessary. Final verifier adjustments applied: attainability adjusted by -0.06; coherence adjusted by -0.04.,"{""attainability"": -0.06, ""coherence"": -0.04}",verifier_primary,True,False,False,False
13,13,Core Platform,Product,0.1004071594461038,0.4950271502424126,0.6,0.0,0.29885857742212907,0.29885857742212907,0.29885857742212907,0.29885857742212907,0.0266534633099818,False,True,False,integrity,0.0,,P2,0.1105098057054478,0.4766547484979553,0.4666666666666666,0.0,,,,,,,,,,,True,False,False,True
13,14,Core Platform,Product,0.1022821457317232,0.4950271502424126,0.6,0.0136266622222394,0.3027339895490938,0.3027339895490938,0.3027339895490938,0.3027339895490938,0.0262763280727804,False,True,False,integrity,0.0136266622222394,,P2,0.11257914554707102,0.4766547484979553,0.4666666666666666,0.0136266622222394,,,,,,,,,,,True,False,False,True
13,15,Core Platform,Product,0.0985174675816327,0.4950271502424126,0.6,0.1630614782473426,0.339151524017847,0.339151524017847,0.339151524017847,0.339151524017847,0.0261491577405917,False,True,False,attainability,0.0985174675816327,,P2,0.10842423596366725,0.4766547484979553,0.4666666666666666,0.1630614782473426,,,,,,,,,,,True,False,False,True
13,16,Core Platform,Product,0.1007519245160992,0.4950271502424126,0.6,0.0730982949220504,0.31721934242014055,0.31721934242014055,0.31721934242014055,0.31721934242014055,0.0266542334414886,False,True,False,integrity,0.0730982949220504,,P2,0.11089030773941644,0.4766547484979553,0.4666666666666666,0.0730982949220504,,,,,,,,,,,True,False,False,True
13,17,Core Platform,Product,0.0986155515510056,0.4950271502424126,0.6,0.1290876662849945,0.33068259201960315,0.33068259201960315,0.33068259201960315,0.33068259201960315,0.0265502101032432,False,True,False,attainability,0.0986155515510056,,P2,0.10853248692379672,0.4766547484979553,0.4666666666666666,0.1290876662849945,,,,,,,,,,,True,False,False,True
13,18,Core Platform,Product,0.1109471839335576,0.4972923962162044,0.6,0.3809993895374454,0.39730974242180184,0.39730974242180184,0.39730974242180184,0.3973,0.0265286155968472,False,False,False,attainability,0.1109,0.0,P3,0.12214236684515091,0.47900241080185374,0.4666666666666666,0.3809993895374454,0.1109,0.4973,0.6,0.381,0.3973,True,[],The provided scores are consistent with the given evidence. No adjustments are necessary.,{},verifier_primary,True,False,False,False
13,19,Core Platform,Product,0.0984745106679777,0.4950271502424126,0.6,0.0,0.2983754152275976,0.2983754152275976,0.2983754152275976,0.2983754152275976,0.0264658084880106,False,True,False,integrity,0.0,,P2,0.10837682630868405,0.4766547484979553,0.4666666666666666,0.0,,,,,,,,,,,True,False,False,True
13,20,Core Platform,Product,0.1002594828655483,0.4950271502424126,0.6,0.1858347636995562,0.34528034920187933,0.34528034920187933,0.34528034920187933,0.34528034920187933,0.0266283760528584,False,True,False,attainability,0.1002594828655483,,P2,0.11034682156302393,0.4766547484979553,0.4666666666666666,0.1858347636995562,,,,,,,,,,,True,False,False,True
13,21,Core Platform,Product,0.09934564831064,0.4950271502424126,0.6,0.0,0.29859319963826314,0.29859319963826314,0.29859319963826314,0.29859319963826314,0.026332367687969,False,True,False,integrity,0.0,,P2,0.10933826258441835,0.4766547484979553,0.4666666666666666,0.0,,,,,,,,,,,True,False,False,True
13,22,Core Platform,Product,0.1011870989986992,0.4950271502424126,0.6,0.0,0.2990535623102779,0.2990535623102779,0.2990535623102779,0.2990535623102779,0.0265075179312277,False,True,False,integrity,0.0,,P2,0.11137059066298165,0.4766547484979553,0.4666666666666666,0.0,,,,,,,,,,,True,False,False,True
13,23,Core Platform,Product,0.0944615406639756,0.4950271502424126,0.6,0.0,0.29737217272659705,0.29737217272659705,0.29737217272659705,0.29737217272659705,0.0262224313018492,False,True,False,integrity,0.0,,P2,0.10394788793392833,0.4766547484979553,0.4666666666666666,0.0,,,,,,,,,,,True,False,False,True
13,24,Core Platform,Product,0.0056508287097771,0.4950271502424126,0.6,0.0,0.2751694947380474,0.2751694947380474,0.2751694947380474,0.2751694947380474,0.0263476872238004,False,True,False,integrity,0.0,,P2,0.005931413883274026,0.4766547484979553,0.4666666666666666,0.0,,,,,,,,,,,True,False,False,True
14,1,Core Platform,Product,0.1211466143219546,0.4506320245846305,0.966553216359545,0.75,0.5720829638165326,0.5720829638165326,0.5720829638165326,0.5720829638165326,0.0265629224077445,False,False,False,attainability,0.1211466143219546,,P3,0.13339902926793773,0.43064439722067305,0.9554042884793934,0.75,,,,,,,,,,,True,False,False,False
14,2,Core Platform,Product,0.0814107682442575,0.4506320245846305,0.966553216359545,0.853958159758856,0.5881385422368223,0.5881385422368223,0.5881385422368223,0.5881385422368223,0.0257810018772898,False,False,False,attainability,0.0814107682442575,,P3,0.08954432480431397,0.43064439722067305,0.9554042884793934,0.853958159758856,,,,,,,,,,,True,False,False,False
14,3,Core Platform,Product,0.111046647526119,0.4506320245846305,0.966553216359545,0.7908575754990612,0.579772365992339,0.579772365992339,0.579772365992339,0.579772365992339,0.0258452955364193,False,False,False,attainability,0.111046647526119,,P3,0.12225214043467361,0.43064439722067305,0.9554042884793934,0.7908575754990612,,,,,,,,,,,True,False,False,False
14,4,Core Platform,Product,0.1004415314054042,0.4506320245846305,0.966553216359545,0.6,0.529406693087395,0.529406693087395,0.529406693087395,0.529406693087395,0.026368884808731,False,False,False,attainability,0.1004415314054042,,P3,0.11054774052415046,0.43064439722067305,0.9554042884793934,0.6,,,,,,,,,,,True,False,False,False
14,5,Core Platform,Product,0.1015845416281975,0.4506320245846305,0.966553216359545,0.35,0.46719244564309326,0.46719244564309326,0.46719244564309326,0.46719244564309326,0.0264711453485793,False,False,False,attainability,0.1015845416281975,,P3,0.11180923060093119,0.43064439722067305,0.9554042884793934,0.35,,,,,,,,,,,True,False,False,False
14,6,Core Platform,Product,0.0978865994505649,0.4506320245846305,0.966553216359545,0.6,0.5287679600986851,0.5287679600986851,0.5287679600986851,0.5121,0.0260518205992754,False,False,False,attainability,0.0979,0.0,P3,0.10772797457314848,0.43064439722067305,0.9554042884793934,0.6,0.0979,0.4506,0.95,0.55,0.5121,True,"[""integrity score of 0.600 is too high given weak needle_move of 0.3648 and efficiency of 0.0884""]","The scores are generally consistent with the provided evidence, with the exception of the integrity score. The integrity score of 0.600 is too high given the weak needle_move of 0.3648 and efficiency of 0.0884, which do not meet the required thresholds of 0.25 and 0.20 respectively. Therefore, the integrity score has been adjusted downward by 0.05 to 0.550. Final verifier adjustments applied: coherence adjusted by -0.02; integrity adjusted by -0.05.","{""coherence"": -0.0166, ""integrity"": -0.05}",verifier_primary,True,False,False,False
14,7,Core Platform,Product,0.095301267940604,0.4506320245846305,0.966553216359545,0.8507656094650083,0.590813029587447,0.590813029587447,0.590813029587447,0.590813029587447,0.0264281362066715,False,False,False,attainability,0.095301267940604,,P3,0.1048746579711027,0.43064439722067305,0.9554042884793934,0.8507656094650083,,,,,,,,,,,True,False,False,False
14,8,Core Platform,Product,0.0883270092033293,0.4506320245846305,0.966553216359545,0.570287872923083,0.518950030767647,0.518950030767647,0.518950030767647,0.518950030767647,0.0259048830899345,False,False,False,attainability,0.0883270092033293,,P3,0.09717747555354503,0.43064439722067305,0.9554042884793934,0.570287872923083,,,,,,,,,,,True,False,False,False
14,9,Core Platform,Product,0.1097303801226685,0.4506320245846305,0.966553216359545,0.6,0.531728905266711,0.531728905266711,0.531728905266711,0.531728905266711,0.0264947766996485,False,False,False,attainability,0.1097303801226685,,P3,0.12079943403298905,0.43064439722067305,0.9554042884793934,0.6,,,,,,,,,,,True,False,False,False
14,10,Core Platform,Product,0.1001492249088099,0.4506320245846305,0.966553216359545,0.5586794702792843,0.5190034840330675,0.5190034840330675,0.5190034840330675,0.5190034840330675,0.0264574285447207,False,False,False,attainability,0.1001492249088099,,P3,0.11022513470884017,0.43064439722067305,0.9554042884793934,0.5586794702792843,,,,,,,,,,,True,False,False,False
14,11,Core Platform,Product,0.1030023271706861,0.7006320245846305,0.6406517342577354,0.6890191330390759,0.533326304763032,0.533326304763032,0.533326304763032,0.533326304763032,0.0266695233059023,False,False,False,attainability,0.1030023271706861,,P3,0.11337397810466017,0.6897401346218407,0.5208689790103138,0.6890191330390759,,,,,,,,,,,True,False,False,False
14,12,Core Platform,Product,0.1148953042973165,0.3580742825163747,0.7191518282395384,0.4421052631578947,0.4085566695527811,0.4085566695527811,0.4085566695527811,0.3836,0.0266078830270145,False,False,False,attainability,0.0549,-0.1,P3,0.12649973352612975,0.33471913148722576,0.6255357709860512,0.4421052631578947,0.0549,0.3581,0.6792,0.4421,0.3836,True,"[""budget shock reduced allocation and may weaken attainability and coherence""]",The scores provided are consistent with the given evidence. No adjustments are necessary. Final verifier adjustments applied: attainability adjusted by -0.06; coherence adjusted by -0.04.,"{""attainability"": -0.06, ""coherence"": -0.04}",verifier_primary,True,False,False,False
14,13,Core Platform,Product,0.1013422496209324,0.7006320245846305,0.6291204041522385,0.6,0.5077736695894504,0.5077736695894504,0.5077736695894504,0.5077736695894504,0.0266071250802948,False,False,False,attainability,0.1013422496209324,,P3,0.11154182357625798,0.6897401346218407,0.5054938722029846,0.6,,,,,,,,,,,True,False,False,False
14,14,Core Platform,Product,0.1074531399980877,0.7006320245846305,0.6165532163595451,0.5687852714233309,0.4983559130913986,0.4983559130913986,0.4983559130913986,0.4983559130913986,0.026437653019225,False,False,False,attainability,0.1074531399980877,,P3,0.1182861443332826,0.6897401346218407,0.4887376218127268,0.5687852714233309,,,,,,,,,,,True,False,False,False
14,15,Core Platform,Product,0.4915997895996361,0.7006320245846305,0.6165532163595451,0.6,0.6021962576359529,0.6021962576359529,0.6021962576359529,0.6021962576359529,0.0260169181110866,False,False,False,attainability,0.4915997895996361,,P4,0.5422518944528654,0.6897401346218407,0.4887376218127268,0.6,,,,,,,,,,,False,False,False,False
14,16,Core Platform,Product,0.5034161840195276,0.7006320245846305,0.6165532163595451,0.6,0.6051503562409258,0.6051503562409258,0.6051503562409258,0.6051503562409258,0.0264085548689213,False,False,False,attainability,0.5034161840195276,,P4,0.555293128911462,0.6897401346218407,0.4887376218127268,0.6,,,,,,,,,,,False,False,False,False
14,17,Core Platform,Product,0.105583460079519,0.4506320245846305,0.6165532163595451,0.6,0.4431921752559237,0.4431921752559237,0.4431921752559237,0.4431921752559237,0.0265688976538948,False,False,False,attainability,0.105583460079519,,P3,0.11622266089542967,0.43064439722067305,0.4887376218127268,0.6,,,,,,,,,,,True,False,False,False
14,18,Core Platform,Product,0.1344568032601795,0.4133864850160595,0.5565071263692257,0.5191507122141656,0.4058752817149076,0.4058752817149076,0.4058752817149076,0.4059,0.0263873941291599,False,False,False,attainability,0.1345,0.0,P3,0.14808889899159952,0.39204375506297995,0.408676168492301,0.5191507122141656,0.1345,0.4134,0.5565,0.5192,0.4059,True,[],The provided scores are consistent with the given evidence. No adjustments are necessary.,{},verifier_primary,True,False,False,False
14,19,Core Platform,Product,0.089364725105955,0.4506320245846305,0.6165532163595451,0.4553072986781025,0.4029643161820583,0.4029643161820583,0.4029643161820583,0.4029643161820583,0.0259756717811921,False,False,False,attainability,0.089364725105955,,P3,0.09832275692336581,0.43064439722067305,0.4887376218127268,0.4553072986781025,,,,,,,,,,,True,False,False,False
14,20,Core Platform,Product,0.1011941654463431,0.4506320245846305,0.6165532163595451,0.35,0.3795948515976296,0.3795948515976296,0.3795948515976296,0.3795948515976296,0.0262712164227296,False,False,False,attainability,0.1011941654463431,,P3,0.11137838959023805,0.43064439722067305,0.4887376218127268,0.35,,,,,,,,,,,True,False,False,False
14,21,Core Platform,Product,0.0960737369358308,0.4506320245846305,0.6165532163595451,0.5135853494278442,0.4192110818269626,0.4192110818269626,0.4192110818269626,0.4192110818269626,0.0261226120547427,False,False,False,attainability,0.0960737369358308,,P3,0.10572719800326266,0.43064439722067305,0.4887376218127268,0.5135853494278442,,,,,,,,,,,True,False,False,False
14,22,Core Platform,Product,0.1066655109492732,0.4506320245846305,0.6165532163595451,0.465119858710841,0.4097426526510724,0.4097426526510724,0.4097426526510724,0.4097426526510724,0.0258251208466099,False,False,False,attainability,0.1066655109492732,,P3,0.11741687281720152,0.43064439722067305,0.4887376218127268,0.465119858710841,,,,,,,,,,,True,False,False,False
14,23,Core Platform,Product,0.0955610303135897,0.4506320245846305,0.6165532163595451,0.35,0.37818656781444127,0.37818656781444127,0.37818656781444127,0.37818656781444127,0.0260282629310105,False,False,False,attainability,0.0955610303135897,,P3,0.10516134626951675,0.43064439722067305,0.4887376218127268,0.35,,,,,,,,,,,True,False,False,False
14,24,Core Platform,Product,0.0033948910640091,0.4506320245846305,0.6165532163595451,0.4723416184996881,0.3857304376269682,0.3857304376269682,0.3857304376269682,0.3857304376269682,0.0264257130672219,False,False,False,attainability,0.0033948910640091,,P3,0.003441634791869501,0.43064439722067305,0.4887376218127268,0.4723416184996881,,,,,,,,,,,True,False,False,False
15,1,Core Platform,Product,0.1013639863821491,0.0351057006664855,0.65,0.8301843336639012,0.40416350517813393,0.40416350517813393,0.40416350517813393,0.40416350517813393,0.0266050682969549,False,False,False,relevance,0.0351057006664855,,P3,0.11156581348293547,0.0,0.5333333333333333,0.8301843336639012,,,,,,,,,,,True,True,False,False
15,2,Core Platform,Product,0.0998046888290334,0.0351057006664855,0.65,0.4204582280906085,0.3013421543965319,0.3013421543965319,0.3013421543965319,0.3013421543965319,0.0264428650200201,False,True,False,relevance,0.0351057006664855,,P2,0.10984488540129782,0.0,0.5333333333333333,0.4204582280906085,,,,,,,,,,,True,True,False,False
15,3,Core Platform,Product,0.0990631404958478,0.0351057006664855,0.65,0.4242643462056265,0.30210829684199,0.30210829684199,0.30210829684199,0.30210829684199,0.0264349500209494,False,True,False,relevance,0.0351057006664855,,P2,0.10902647114295387,0.0,0.5333333333333333,0.4242643462056265,,,,,,,,,,,True,True,False,False
15,4,Core Platform,Product,0.1014244691874692,0.0351057006664855,0.65,0.0,0.19663254246348869,0.19663254246348869,0.19663254246348869,0.19663254246348869,0.0261501073988582,False,True,True,integrity,0.0,,P1,0.11163256569320067,0.0,0.5333333333333333,0.0,,,,,,,,,,,True,True,False,True
15,5,Core Platform,Product,0.1047277300783067,0.0351057006664855,0.65,0.0024911758728334,0.19808115165440643,0.19808115165440643,0.19808115165440643,0.19808115165440643,0.0260461588204385,False,True,True,integrity,0.0024911758728334,,P1,0.11527822935544325,0.0,0.5333333333333333,0.0024911758728334,,,,,,,,,,,True,True,False,True
15,6,Core Platform,Product,0.0936183019339691,0.0351057006664855,0.65,0.0,0.19468100065011368,0.19468100065011368,0.19468100065011368,0.2109,0.025551835183076,False,True,False,relevance,0.05,0.0,P2,0.10301724246020649,0.0,0.5333333333333333,0.0,0.0936,0.05,0.65,0.05,0.2109,True,[],The provided scores are consistent with the given evidence. No adjustments are necessary. Final verifier adjustments applied: relevance adjusted by +0.01; integrity adjusted by +0.05.,"{""relevance"": 0.0149, ""integrity"": 0.05}",verifier_primary,True,True,False,True
15,7,Core Platform,Product,0.1019399317205991,0.0351057006664855,0.65,0.4208137728316018,0.30196485130467166,0.30196485130467166,0.30196485130467166,0.30196485130467166,0.0265512425375586,False,True,False,relevance,0.0351057006664855,,P2,0.11220145900450154,0.0,0.5333333333333333,0.4208137728316018,,,,,,,,,,,True,True,False,False
15,8,Core Platform,Product,0.1067618569861447,0.0351057006664855,0.65,0.1153844991962086,0.22681301421220973,0.22681301421220973,0.22681301421220973,0.22681301421220973,0.0259920870938735,False,True,False,relevance,0.0351057006664855,,P2,0.117523205697719,0.0,0.5333333333333333,0.1153844991962086,,,,,,,,,,,True,True,False,True
15,9,Core Platform,Product,0.0914636711133055,0.0351057006664855,0.65,0.0065901912668649,0.195789890761664,0.195789890761664,0.195789890761664,0.195789890761664,0.0259174338891552,False,True,True,integrity,0.0065901912668649,,P1,0.10063927125295812,0.0,0.5333333333333333,0.0065901912668649,,,,,,,,,,,True,True,False,True
15,10,Core Platform,Product,0.0935149690554446,0.0351057006664855,0.65,0.0,0.19465516743048253,0.19465516743048253,0.19465516743048253,0.19465516743048253,0.0264085648435342,False,True,True,integrity,0.0,,P1,0.10290319851006116,0.0,0.5333333333333333,0.0,,,,,,,,,,,True,True,False,True
15,11,Core Platform,Product,0.1022043915885025,0.0351057006664855,0.65,0.1725167130954275,0.23995670133760388,0.23995670133760388,0.23995670133760388,0.23995670133760388,0.0263669547013166,False,True,False,relevance,0.0351057006664855,,P2,0.1124933317213103,0.0,0.5333333333333333,0.1725167130954275,,,,,,,,,,,True,True,False,True
15,12,Core Platform,Product,0.1491893810445979,0.1416194146309978,0.4372340425531915,0.3537931034482758,0.2704589854192658,0.2704589854192658,0.2704589854192658,0.2455,0.0264003716315136,False,True,False,attainability,0.0892,-0.1,P1,0.16434859668268895,0.1103889970518895,0.24964539007092199,0.3537931034482758,0.0892,0.1416,0.3972,0.3538,0.2455,True,"[""budget shock reduced allocation and may weaken attainability and coherence""]",The provided scores are consistent with the given evidence. No adjustments are necessary. Final verifier adjustments applied: attainability adjusted by -0.06; coherence adjusted by -0.04.,"{""attainability"": -0.06, ""coherence"": -0.04}",verifier_primary,True,True,False,False
15,13,Core Platform,Product,0.1031771808561236,0.0351057006664855,0.65,0.0614220305477279,0.21242622801758426,0.21242622801758426,0.21242622801758426,0.21242622801758426,0.0265704229926146,False,True,False,relevance,0.0351057006664855,,P2,0.11356695642162475,0.0,0.5333333333333333,0.0614220305477279,,,,,,,,,,,True,True,False,True
15,14,Core Platform,Product,0.1013542936373536,0.2851057006664855,0.65,0.25,0.32161499857595977,0.32161499857595977,0.32161499857595977,0.32161499857595977,0.0262181683777059,False,True,False,attainability,0.1013542936373536,,P2,0.11155511602710134,0.25909573740116776,0.5333333333333333,0.25,,,,,,,,,,,True,True,False,True
15,15,Core Platform,Product,0.0995005846688304,0.2851057006664855,0.6507508667504035,0.25,0.32133928802142986,0.32133928802142986,0.32133928802142986,0.32133928802142986,0.0261625266313638,False,True,False,attainability,0.0995005846688304,,P2,0.10950925902390084,0.25909573740116776,0.534334489000538,0.25,,,,,,,,,,,True,True,False,True
15,16,Core Platform,Product,0.0998469913715499,0.0351057006664855,0.65,0.3070520575008076,0.2730011873847108,0.2730011873847108,0.2730011873847108,0.2730011873847108,0.0265363069703283,False,True,False,relevance,0.0351057006664855,,P2,0.10989157285565561,0.0,0.5333333333333333,0.3070520575008076,,,,,,,,,,,True,True,False,True
15,17,Core Platform,Product,0.0986953229650118,0.0351057006664855,0.65,0.0,0.19595025590787435,0.19595025590787435,0.19595025590787435,0.19595025590787435,0.0265468720259743,False,True,True,integrity,0.0,,P1,0.10862052712253936,0.0,0.5333333333333333,0.0,,,,,,,,,,,True,True,False,True
15,18,Core Platform,Product,0.1133837174061055,0.2663521368292459,0.6222222222222222,0.2746448426428208,0.3191507297750986,0.3191507297750986,0.3191507297750986,0.3192,0.0266082990720635,False,True,False,attainability,0.1134,0.0,P2,0.12483146160219674,0.2396598635959299,0.4962962962962963,0.2746448426428208,0.1134,0.2664,0.6222,0.2746,0.3192,True,[],The provided scores are consistent with the given evidence. No adjustments are necessary.,{},verifier_primary,True,True,False,True
15,19,Core Platform,Product,0.0993893122371981,0.0351057006664855,0.65,0.1287413219486983,0.2283090837130955,0.2283090837130955,0.2283090837130955,0.2283090837130955,0.0264852420242921,False,True,False,relevance,0.0351057006664855,,P2,0.1093864525384257,0.0,0.5333333333333333,0.1287413219486983,,,,,,,,,,,True,True,False,True
15,20,Core Platform,Product,0.1033216134601278,0.2851057006664855,0.6677830392359181,0.2492846247118151,0.3263737445185866,0.3263737445185866,0.3263737445185866,0.3263737445185866,0.026511423196592,False,True,False,attainability,0.1033216134601278,,P2,0.1137263603299027,0.25909573740116776,0.5570440523145574,0.2492846247118151,,,,,,,,,,,True,True,False,True
15,21,Core Platform,Product,0.1011219937317427,0.0351057006664855,0.65,0.25,0.25905692359955707,0.25905692359955707,0.25905692359955707,0.25905692359955707,0.026530899781615,False,True,False,relevance,0.0351057006664855,,P2,0.11129873684525195,0.0,0.5333333333333333,0.25,,,,,,,,,,,True,True,False,True
15,22,Core Platform,Product,0.1005893981128621,0.0351057006664855,0.65,0.0,0.19642377469483693,0.19642377469483693,0.19642377469483693,0.19642377469483693,0.0265710148264127,False,True,True,integrity,0.0,,P1,0.11071093450126866,0.0,0.5333333333333333,0.0,,,,,,,,,,,True,True,False,True
15,23,Core Platform,Product,0.0946964602881606,0.2851057006664855,0.65,0.25,0.31995054023866154,0.31995054023866154,0.31995054023866154,0.31995054023866154,0.0262953094837994,False,True,False,attainability,0.0946964602881606,,P2,0.10420715838386903,0.25909573740116776,0.5333333333333333,0.25,,,,,,,,,,,True,True,False,True
15,24,Core Platform,Product,0.0044666383178473,0.2851057006664855,0.65,0.25,0.2973930847460832,0.2973930847460832,0.2973930847460832,0.2973930847460832,0.0263878055712881,False,True,False,attainability,0.0044666383178473,,P2,0.004624475066237167,0.25909573740116776,0.5333333333333333,0.25,,,,,,,,,,,True,True,False,True
16,1,New Features,Product,0.0953500102049191,0.3851057006664855,0.6,1.0,0.5201139277178511,0.5201139277178511,0.5201139277178511,0.5201139277178511,0.0266852957966612,False,False,False,attainability,0.0953500102049191,,P3,0.10492845266298484,0.3627340323616348,0.4666666666666666,1.0,,,,,,,,,,,True,False,False,False
16,2,New Features,Product,0.098559044502016,0.3851057006664855,0.6,0.6448753581225313,0.4321350258227582,0.4321350258227582,0.4321350258227582,0.4321350258227582,0.0266351665206137,False,False,False,attainability,0.098559044502016,,P3,0.10847012258081268,0.3627340323616348,0.4666666666666666,0.6448753581225313,,,,,,,,,,,True,False,False,False
16,3,New Features,Product,0.1008740404435012,0.3851057006664855,0.4097666637235835,0.5294562903686983,0.3563006738005671,0.3563006738005671,0.3563006738005671,0.3563006738005671,0.026663377613277,False,False,False,attainability,0.1008740404435012,,P3,0.11102508171392915,0.3627340323616348,0.21302221829811133,0.5294562903686983,,,,,,,,,,,True,False,False,False
16,4,New Features,Product,0.099698320445307,0.3851057006664855,0.6,0.018292907479786,0.2757742321478946,0.2757742321478946,0.2757742321478946,0.2757742321478946,0.0264464973630765,False,True,False,integrity,0.018292907479786,,P2,0.10972749129765967,0.3627340323616348,0.4666666666666666,0.018292907479786,,,,,,,,,,,True,False,False,True
16,5,New Features,Product,0.0995398643454608,0.3851057006664855,0.6,0.2449473946348576,0.3323982399117009,0.3323982399117009,0.3323982399117009,0.3323982399117009,0.0258784478009829,False,True,False,attainability,0.0995398643454608,,P2,0.1095526102742224,0.3627340323616348,0.4666666666666666,0.2449473946348576,,,,,,,,,,,True,False,False,True
16,6,New Features,Product,0.0963569719764379,0.3851057006664855,0.6,0.252299583348601,0.3334405639978811,0.3334405639978811,0.3334405639978811,0.3334,0.0259984964318667,False,True,False,attainability,0.0964,0.0,P2,0.10603979205185243,0.3627340323616348,0.4666666666666666,0.252299583348601,0.0964,0.3851,0.6,0.2523,0.3334,True,[],The provided scores are consistent with the given evidence. No adjustments are necessary.,{},verifier_primary,True,False,False,True
16,7,New Features,Product,0.1063943095937741,0.3851057006664855,0.6,0.6159920899364084,0.426873025049167,0.426873025049167,0.426873025049167,0.426873025049167,0.0265587387579842,False,False,False,attainability,0.1063943095937741,,P3,0.11711755981723944,0.3627340323616348,0.4666666666666666,0.6159920899364084,,,,,,,,,,,True,False,False,False
16,8,New Features,Product,0.1065441175829802,0.3851057006664855,0.6,0.2371716681374032,0.3322053715967172,0.3322053715967172,0.3322053715967172,0.3322053715967172,0.026139098739225,False,True,False,attainability,0.1065441175829802,,P2,0.11728289630158349,0.3627340323616348,0.4666666666666666,0.2371716681374032,,,,,,,,,,,True,False,False,True
16,9,New Features,Product,0.0975905866356867,0.3851057006664855,0.6,0.1575427672054718,0.310059763626911,0.310059763626911,0.310059763626911,0.310059763626911,0.0263848729530795,False,True,False,attainability,0.0975905866356867,,P2,0.10740127825747056,0.3627340323616348,0.4666666666666666,0.1575427672054718,,,,,,,,,,,True,False,False,True
16,10,New Features,Product,0.1002039544239244,0.3851057006664855,0.6,0.0,0.27132741377260244,0.27132741377260244,0.27132741377260244,0.27132741377260244,0.0265106638215057,False,True,False,integrity,0.0,,P2,0.110285537265919,0.3627340323616348,0.4666666666666666,0.0,,,,,,,,,,,True,False,False,True
16,11,New Features,Product,0.0987947615529322,0.3851057006664855,0.6,0.1678757151228983,0.312944044335579,0.312944044335579,0.312944044335579,0.312944044335579,0.026535327365801,False,True,False,attainability,0.0987947615529322,,P2,0.10873027311554029,0.3627340323616348,0.4666666666666666,0.1678757151228983,,,,,,,,,,,True,False,False,True
16,12,New Features,Product,0.1094869916097324,0.4723204955669811,0.5423076923076924,0.4428571428571428,0.39174308058538715,0.39174308058538715,0.39174308058538715,0.3669,0.0266194390500897,False,False,False,attainability,0.05,-0.1,P3,0.12053081684326612,0.45312195874977684,0.38974358974358986,0.4428571428571428,0.05,0.4723,0.5023,0.4429,0.3669,True,"[""budget shock reduced allocation and may weaken attainability and coherence""]","The scores provided are consistent with the given evidence. No adjustments are necessary, as the scores align with the observed data and the defined rules. Final verifier adjustments applied: attainability adjusted by -0.06; coherence adjusted by -0.04.","{""attainability"": -0.0595, ""coherence"": -0.04}",verifier_primary,True,False,False,False
16,13,New Features,Product,0.0988062300495664,0.3851057006664855,0.6,0.108931721467987,0.2982109130460097,0.2982109130460097,0.2982109130460097,0.2982109130460097,0.0266401884371085,False,True,False,attainability,0.0988062300495664,,P2,0.10874293039052449,0.3627340323616348,0.4666666666666666,0.108931721467987,,,,,,,,,,,True,False,False,True
16,14,New Features,Product,0.0971896391833596,0.3851057006664855,0.6,0.0,0.2705738349624613,0.2705738349624613,0.2705738349624613,0.2705738349624613,0.0264088240313837,False,True,False,integrity,0.0,,P2,0.10695877020081898,0.3627340323616348,0.4666666666666666,0.0,,,,,,,,,,,True,False,False,True
16,15,New Features,Product,0.1023530087655563,0.3851057006664855,0.6,0.019259113373257,0.2766794557013247,0.2766794557013247,0.2766794557013247,0.2766794557013247,0.0261700340690607,False,True,False,integrity,0.019259113373257,,P2,0.11265735395869184,0.3627340323616348,0.4666666666666666,0.019259113373257,,,,,,,,,,,True,False,False,True
16,16,New Features,Product,0.098248170487538,0.3851057006664855,0.6,0.0339367875116104,0.2793226646664084,0.2793226646664084,0.2793226646664084,0.2793226646664084,0.0263438067382966,False,True,False,integrity,0.0339367875116104,,P2,0.10812702461320695,0.3627340323616348,0.4666666666666666,0.0339367875116104,,,,,,,,,,,True,False,False,True
16,17,New Features,Product,0.101750753654659,0.3851057006664855,0.6,0.0,0.27171411358028613,0.27171411358028613,0.27171411358028613,0.27171411358028613,0.0264742254876416,False,True,False,integrity,0.0,,P2,0.11199267149922026,0.3627340323616348,0.4666666666666666,0.0,,,,,,,,,,,True,False,False,True
16,18,New Features,Product,0.1109965114504283,0.4351107471626173,0.6115681233933161,0.523696682464455,0.4203430161177042,0.4203430161177042,0.4203430161177042,0.4203,0.0261539014751693,False,False,False,attainability,0.111,0.0,P3,0.12219680745452058,0.4145584099444146,0.48209083119108814,0.523696682464455,0.111,0.4351,0.6116,0.5237,0.4203,True,[],"The scores provided are consistent with the given evidence. No adjustments are necessary, as the scores align with the observed data and business rules.",{},verifier_primary,True,False,False,False
16,19,New Features,Product,0.0963637821967992,0.3851057006664855,0.6,0.0,0.2703673707158212,0.2703673707158212,0.2703673707158212,0.2703673707158212,0.0259512413547378,False,True,False,integrity,0.0,,P2,0.10604730819233407,0.3627340323616348,0.4666666666666666,0.0,,,,,,,,,,,True,False,False,True
16,20,New Features,Product,0.1006815965461448,0.3851057006664855,0.6,0.0469401862917025,0.2831818708760832,0.2831818708760832,0.2831818708760832,0.2831818708760832,0.0263455753128451,False,True,False,integrity,0.0469401862917025,,P2,0.11081268985424933,0.3627340323616348,0.4666666666666666,0.0469401862917025,,,,,,,,,,,True,False,False,True
16,21,New Features,Product,0.1024557963872984,0.3851057006664855,0.6,0.0,0.271890374263446,0.271890374263446,0.271890374263446,0.271890374263446,0.0265077976784965,False,True,False,integrity,0.0,,P2,0.11277079613292426,0.3627340323616348,0.4666666666666666,0.0,,,,,,,,,,,True,False,False,True
16,22,New Features,Product,0.1008997201655245,0.3851057006664855,0.6,0.0,0.2715013552080025,0.2715013552080025,0.2715013552080025,0.2715013552080025,0.0263283479226996,False,True,False,integrity,0.0,,P2,0.11105342329291144,0.3627340323616348,0.4666666666666666,0.0,,,,,,,,,,,True,False,False,True
16,23,New Features,Product,0.0967501838816004,0.3851057006664855,0.6,0.0,0.2704639711370215,0.2704639711370215,0.2704639711370215,0.2704639711370215,0.0263469136496914,False,True,False,integrity,0.0,,P2,0.10647376272555499,0.3627340323616348,0.4666666666666666,0.0,,,,,,,,,,,True,False,False,True
16,24,New Features,Product,0.0012042945677434,0.3851057006664855,0.6,0.0,0.24657749880855723,0.24657749880855723,0.24657749880855723,0.24657749880855723,0.026567335665737,False,True,False,integrity,0.0,,P2,0.0010239698513788322,0.3627340323616348,0.4666666666666666,0.0,,,,,,,,,,,True,False,False,True
17,1,New Features,Product,0.0929339962036251,0.75,0.966553216359545,0.75,0.6398718031407926,0.6398718031407926,0.6398718031407926,0.6398718031407926,0.0265592901970458,False,False,False,attainability,0.0929339962036251,,P3,0.10226200434325987,0.7409042625988322,0.9554042884793934,0.75,,,,,,,,,,,True,False,False,False
17,2,New Features,Product,0.0998569589787338,0.75,0.966553216359545,0.75,0.6416025438345697,0.6416025438345697,0.6416025438345697,0.6416025438345697,0.0264703648756668,False,False,False,attainability,0.0998569589787338,,P3,0.10990257366501058,0.7409042625988322,0.9554042884793934,0.75,,,,,,,,,,,True,False,False,False
17,3,New Features,Product,0.1014957796238943,0.75,0.966553216359545,0.4697115233653466,0.5719401298371964,0.5719401298371964,0.5719401298371964,0.5719401298371964,0.0264810385866276,False,False,False,attainability,0.1014957796238943,,P3,0.11171126788337123,0.7409042625988322,0.9554042884793934,0.4697115233653466,,,,,,,,,,,True,False,False,False
17,4,New Features,Product,0.1050373353596694,0.75,0.966553216359545,0.2155528924455295,0.509285861041186,0.509285861041186,0.509285861041186,0.509285861041186,0.0262879237712308,False,False,False,attainability,0.1050373353596694,,P3,0.11561992707814908,0.7409042625988322,0.9554042884793934,0.2155528924455295,,,,,,,,,,,True,False,False,True
17,5,New Features,Product,0.097796658696741,0.75,0.966553216359545,0.1826664458210845,0.49925408021934264,0.49925408021934264,0.49925408021934264,0.49925408021934264,0.0257351998038448,False,False,False,attainability,0.097796658696741,,P3,0.1076287109216216,0.7409042625988322,0.9554042884793934,0.1826664458210845,,,,,,,,,,,True,False,False,True
17,6,New Features,Product,0.0909994257819718,0.75,0.966553216359545,0.3029051032418468,0.5276144363458409,0.5276144363458409,0.5276144363458409,0.5235,0.0257938929665238,False,False,False,attainability,0.091,0.0,P3,0.10012690411311045,0.7409042625988322,0.9554042884793934,0.3029051032418468,0.091,0.75,0.95,0.3029,0.5235,True,[],The provided scores are consistent with the given evidence. No adjustments are necessary. Final verifier adjustments applied: coherence adjusted by -0.02.,"{""coherence"": -0.0166}",verifier_primary,True,False,False,True
17,7,New Features,Product,0.0995378125436027,0.75,0.966553216359545,0.5629832574693293,0.5947685715931192,0.5947685715931192,0.5947685715931192,0.5947685715931192,0.026459726723512,False,False,False,attainability,0.0995378125436027,,P3,0.10955034579081542,0.7409042625988322,0.9554042884793934,0.5629832574693293,,,,,,,,,,,True,False,False,False
17,8,New Features,Product,0.1161805284289903,0.75,0.966553216359545,0.1427627377358144,0.4938741206310875,0.4938741206310875,0.4938741206310875,0.4938741206310875,0.0261267627124797,False,False,False,attainability,0.1161805284289903,,P3,0.1279181788350295,0.7409042625988322,0.9554042884793934,0.1427627377358144,,,,,,,,,,,True,False,False,True
17,9,New Features,Product,0.0926220966077648,0.75,0.966553216359545,0.2442749878241462,0.513362575197864,0.513362575197864,0.513362575197864,0.513362575197864,0.026239491631633,False,False,False,attainability,0.0926220966077648,,P3,0.10191777448662032,0.7409042625988322,0.9554042884793934,0.2442749878241462,,,,,,,,,,,True,False,False,True
17,10,New Features,Product,0.0982783767195797,0.75,0.966553216359545,0.0265683884670194,0.46034999538653604,0.46034999538653604,0.46034999538653604,0.46034999538653604,0.0265528641629382,False,False,False,integrity,0.0265683884670194,,P3,0.108160361902076,0.7409042625988322,0.9554042884793934,0.0265683884670194,,,,,,,,,,,True,False,False,True
17,11,New Features,Product,0.0967954001763065,1.0,0.6448214925272666,0.3193684941928348,0.515246346724102,0.515246346724102,0.515246346724102,0.515246346724102,0.0266653204492949,False,False,False,attainability,0.0967954001763065,,P3,0.10652366595996453,1.0,0.5264286567030222,0.3193684941928348,,,,,,,,,,,True,False,False,True
17,12,New Features,Product,0.1226083004342668,0.4119457040221423,0.7864119504573237,0.4630212295138649,0.44599679610689946,0.44599679610689946,0.44599679610689946,0.421,0.0265690532301579,False,False,False,attainability,0.0626,-0.1,P3,0.13501222789843106,0.3905505542067697,0.7152159339430982,0.4630212295138649,0.0626,0.4119,0.7464,0.463,0.421,True,"[""budget shock reduced allocation and may weaken attainability and coherence""]",The provided scores are consistent with the given evidence. No adjustments are necessary. Final verifier adjustments applied: attainability adjusted by -0.06; coherence adjusted by -0.04.,"{""attainability"": -0.06, ""coherence"": -0.04}",verifier_primary,True,False,False,False
17,13,New Features,Product,0.1013279358745206,0.75,0.7628425592010171,0.198276887051704,0.4531118455318104,0.4531118455318104,0.4531118455318104,0.4531118455318104,0.0265416055354569,False,False,False,attainability,0.1013279358745206,,P3,0.11152602612431928,0.7409042625988322,0.6837900789346895,0.198276887051704,,,,,,,,,,,True,False,False,True
17,14,New Features,Product,0.1099366721978419,1.0,0.6165532163595451,0.5094536714702362,0.5589858900069058,0.5589858900069058,0.5589858900069058,0.5589858900069058,0.0264176574678942,False,False,False,attainability,0.1099366721978419,,P3,0.12102710951704009,1.0,0.4887376218127268,0.5094536714702362,,,,,,,,,,,True,False,False,False
17,15,New Features,Product,0.2743749104730196,1.0,0.6165532163595451,0.5494360873471318,0.6100910535449241,0.6100910535449241,0.6100910535449241,0.6100910535449241,0.0258481590562793,False,False,False,attainability,0.2743749104730196,,P3,0.30251035585275765,1.0,0.4887376218127268,0.5494360873471318,,,,,,,,,,,True,False,False,False
17,16,New Features,Product,0.1171824969704359,1.0,0.6165532163595451,0.4807991525320684,0.5536337164655124,0.5536337164655124,0.5536337164655124,0.5536337164655124,0.0262082156050126,False,False,False,attainability,0.1171824969704359,,P3,0.1290240074156271,1.0,0.4887376218127268,0.4807991525320684,,,,,,,,,,,True,False,False,False
17,17,New Features,Product,0.100557802788292,0.75,0.6165532163595451,0.207778305161466,0.4187223310773258,0.4187223310773258,0.4187223310773258,0.4187223310773258,0.026552978435147,False,False,False,attainability,0.100557802788292,,P3,0.11067606413211269,0.7409042625988322,0.4887376218127268,0.207778305161466,,,,,,,,,,,True,False,False,True
17,18,New Features,Product,0.1142491805693228,0.4518633540372671,0.6157744769360063,0.4665991902834007,0.41212155045649923,0.41212155045649923,0.41212155045649923,0.3871,0.026331996199766,False,False,False,attainability,0.1142,0.0,P3,0.12578663520471256,0.43192052607073167,0.4876993025813417,0.4665991902834007,0.1142,0.4519,0.6158,0.3666,0.3871,True,"[""integrity score of 0.467 is too high given weak needle_move of 0.3005945555827692 and efficiency of 0.1758456914226792""]","The scores are generally consistent with the provided evidence, with the exception of the integrity score. The integrity score of 0.467 is too high given the weak needle_move and efficiency evidence, so it has been adjusted downward by 0.10. Final verifier adjustments applied: integrity adjusted by -0.10.","{""integrity"": -0.1}",verifier_primary,True,False,False,False
17,19,New Features,Product,0.0960483579805316,0.75,0.6165532163595451,0.25,0.42815039358501916,0.42815039358501916,0.42815039358501916,0.42815039358501916,0.0261916391225747,False,False,False,attainability,0.0960483579805316,,P3,0.10569918836727642,0.7409042625988322,0.4887376218127268,0.25,,,,,,,,,,,True,False,False,True
17,20,New Features,Product,0.0985239077476034,1.0,0.6165532163595451,0.4192610723622895,0.5335845491173595,0.5335845491173595,0.5335845491173595,0.5335845491173595,0.0266032384218196,False,False,False,attainability,0.0985239077476034,,P3,0.10843134369140481,1.0,0.4887376218127268,0.4192610723622895,,,,,,,,,,,True,False,False,False
17,21,New Features,Product,0.100619178361172,0.75,0.6165532163595451,0.25,0.4292930986801793,0.4292930986801793,0.4292930986801793,0.4292930986801793,0.0262274133440103,False,False,False,attainability,0.100619178361172,,P3,0.1107438016506413,0.7409042625988322,0.4887376218127268,0.25,,,,,,,,,,,True,False,False,True
17,22,New Features,Product,0.1079071293393959,0.75,0.6165532163595451,0.1670425261701602,0.41037571796727534,0.41037571796727534,0.41037571796727534,0.41037571796727534,0.025330080455461,False,False,False,attainability,0.1079071293393959,,P3,0.11878719238832532,0.7409042625988322,0.4887376218127268,0.1670425261701602,,,,,,,,,,,True,False,False,True
17,23,New Features,Product,0.0915063289278589,0.75,0.6165532163595451,0.2009151177631091,0.41474366576262833,0.41474366576262833,0.41474366576262833,0.41474366576262833,0.0254581401192381,False,False,False,attainability,0.0915063289278589,,P3,0.10068635080542682,0.7409042625988322,0.4887376218127268,0.2009151177631091,,,,,,,,,,,True,False,False,True
17,24,New Features,Product,0.00190632559521,0.75,0.6165532163595451,0.0,0.34211488548868874,0.34211488548868874,0.34211488548868874,0.34211488548868874,0.0264046628765965,False,True,False,integrity,0.0,,P2,0.00179877059863465,0.7409042625988322,0.4887376218127268,0.0,,,,,,,,,,,True,False,False,True
18,1,New Features,Product,0.1075984047950058,0.4,1.0,0.9645606373303982,0.618039760531351,0.618039760531351,0.618039760531351,0.618039760531351,0.0266027744397887,False,False,False,attainability,0.1075984047950058,,P3,0.1184464666962532,0.3781702302371975,1.0,0.9645606373303982,,,,,,,,,,,True,False,False,False
18,2,New Features,Product,0.0953086355125748,0.4,1.0,0.785987253676819,0.5703239722973484,0.5703239722973484,0.5703239722973484,0.5703239722973484,0.0264186122051664,False,False,False,attainability,0.0953086355125748,,P3,0.10488278923602562,0.3781702302371975,1.0,0.785987253676819,,,,,,,,,,,True,False,False,False
18,3,New Features,Product,0.1020245782688619,0.4,1.0,0.4167484459604458,0.4796932560573269,0.4796932560573269,0.4796932560573269,0.4796932560573269,0.0264568234741557,False,False,False,attainability,0.1020245782688619,,P3,0.11229487967435897,0.3781702302371975,1.0,0.4167484459604458,,,,,,,,,,,True,False,False,False
18,4,New Features,Product,0.0979708519550175,0.4,1.0,0.0,0.3744927129887544,0.3744927129887544,0.3744927129887544,0.3744927129887544,0.0261492937228939,False,False,False,integrity,0.0,,P3,0.10782096035419525,0.3781702302371975,1.0,0.0,,,,,,,,,,,True,False,False,True
18,5,New Features,Product,0.1051087358265,0.4,1.0,0.0862399344853568,0.3978371675779642,0.3978371675779642,0.3978371675779642,0.3978371675779642,0.0257658275027043,False,False,False,integrity,0.0862399344853568,,P3,0.11569872863091578,0.3781702302371975,1.0,0.0862399344853568,,,,,,,,,,,True,False,False,True
18,6,New Features,Product,0.0873861823989899,0.4,1.0,0.3427808568979975,0.4575417598242469,0.4575417598242469,0.4575417598242469,0.445,0.0261429460232293,False,False,False,attainability,0.0874,0.0,P3,0.09613912641722407,0.3781702302371975,1.0,0.3427808568979975,0.0874,0.4,0.95,0.3428,0.445,True,[],The provided scores are consistent with the given evidence. No adjustments are necessary. Final verifier adjustments applied: coherence adjusted by -0.05.,"{""coherence"": -0.05}",verifier_primary,True,False,False,True
18,7,New Features,Product,0.1009171545325435,0.4,1.0,0.65,0.5377292886331358,0.5377292886331358,0.5377292886331358,0.5377292886331358,0.026543616930892,False,False,False,attainability,0.1009171545325435,,P3,0.11107266483646971,0.3781702302371975,1.0,0.65,,,,,,,,,,,True,False,False,False
18,8,New Features,Product,0.1181635067331087,0.4,1.0,0.1445640734088117,0.4156818950354801,0.4156818950354801,0.4156818950354801,0.4156818950354801,0.0261621478548923,False,False,False,attainability,0.1181635067331087,,P3,0.13010670471453004,0.3781702302371975,1.0,0.1445640734088117,,,,,,,,,,,True,False,False,True
18,9,New Features,Product,0.0889518209883022,0.4,1.0,0.0,0.3722379552470756,0.3722379552470756,0.3722379552470756,0.3722379552470756,0.0263232802376607,False,False,False,integrity,0.0,,P3,0.0978670528214305,0.3781702302371975,1.0,0.0,,,,,,,,,,,True,False,False,True
18,10,New Features,Product,0.1034890567697621,0.4,1.0,0.2081365662332161,0.4279064057507446,0.4279064057507446,0.4279064057507446,0.4279064057507446,0.0264779053579371,False,False,False,attainability,0.1034890567697621,,P3,0.1139111601412384,0.3781702302371975,1.0,0.2081365662332161,,,,,,,,,,,True,False,False,True
18,11,New Features,Product,0.0957327309307551,0.4,1.0,0.0808398191622132,0.39414313752324215,0.39414313752324215,0.39414313752324215,0.39414313752324215,0.0262308951644224,False,False,False,integrity,0.0808398191622132,,P3,0.1053508446838021,0.3781702302371975,1.0,0.0808398191622132,,,,,,,,,,,True,False,False,True
18,12,New Features,Product,0.1009502240594142,0.3242424242424243,0.9228028503562944,0.4395508422455473,0.44688658522592006,0.44688658522592006,0.44688658522592006,0.3991,0.0262753851502987,False,False,False,attainability,0.05,-0.1,P3,0.11110916221782233,0.29965637041866183,0.8970704671417259,0.4395508422455473,0.05,0.3242,0.8828,0.3396,0.3991,True,"[""budget shock reduced allocation and may weaken attainability and coherence"", ""integrity score of 0.440 is too high given weak needle move and efficiency evidence""]","The scores are generally consistent with the provided evidence, with the exception of the integrity score. The integrity score of 0.440 is too high given the weak needle move and efficiency evidence, so it has been adjusted downward by 0.10. Final verifier adjustments applied: attainability adjusted by -0.05; coherence adjusted by -0.04; integrity adjusted by -0.10.","{""attainability"": -0.051, ""coherence"": -0.04, ""integrity"": -0.1}",verifier_primary,True,True,False,True
18,13,New Features,Product,0.1001104394039482,0.4,1.0,0.1066448804173041,0.4016888299553131,0.4016888299553131,0.4016888299553131,0.4016888299553131,0.0266282954977765,False,False,False,attainability,0.1001104394039482,,P3,0.11018232885415026,0.3781702302371975,1.0,0.1066448804173041,,,,,,,,,,,True,False,False,True
18,14,New Features,Product,0.1031915882454891,0.65,0.65,0.3986241855841379,0.4504539434574068,0.4504539434574068,0.4504539434574068,0.4504539434574068,0.0265306307771674,False,False,False,attainability,0.1031915882454891,,P3,0.11358285722317006,0.6372659676383652,0.5333333333333333,0.3986241855841379,,,,,,,,,,,True,False,False,False
18,15,New Features,Product,0.0980174036203374,0.65,0.65,0.25,0.41200435090508436,0.41200435090508436,0.41200435090508436,0.41200435090508436,0.0265216656339839,False,False,False,attainability,0.0980174036203374,,P3,0.10787233737837895,0.6372659676383652,0.5333333333333333,0.25,,,,,,,,,,,True,False,False,True
18,16,New Features,Product,0.104654377887267,0.4,0.65,0.25,0.3511635944718168,0.3511635944718168,0.3511635944718168,0.3511635944718168,0.0262960901127043,False,False,False,attainability,0.104654377887267,,P3,0.11519727377056618,0.3781702302371975,0.5333333333333333,0.25,,,,,,,,,,,True,False,False,True
18,17,New Features,Product,0.096047411513488,0.4,0.65,0.25,0.349011852878372,0.349011852878372,0.349011852878372,0.349011852878372,0.0262710891764756,False,True,False,attainability,0.096047411513488,,P2,0.10569814379325626,0.3781702302371975,0.5333333333333333,0.25,,,,,,,,,,,True,False,False,True
18,18,New Features,Product,0.0994795630723386,0.3054054054054054,0.4769230769230769,0.4272671341422903,0.3272687948857778,0.3272687948857778,0.3272687948857778,0.3273,0.0263085470397405,False,True,False,attainability,0.0995,0.0,P2,0.10948605841305444,0.2801340052745935,0.30256410256410254,0.4272671341422903,0.0995,0.3054,0.4769,0.4273,0.3273,True,[],The scores provided are consistent with the given evidence. No adjustments are necessary.,{},verifier_primary,True,True,False,False
18,19,New Features,Product,0.1005524326657985,0.4,0.65,0.25,0.35013810816644964,0.35013810816644964,0.35013810816644964,0.35013810816644964,0.0262425087309605,False,False,False,attainability,0.1005524326657985,,P3,0.1106701373642662,0.3781702302371975,0.5333333333333333,0.25,,,,,,,,,,,True,False,False,True
18,20,New Features,Product,0.1006040228831247,0.4,0.65,0.1754872447858547,0.33152281691724483,0.33152281691724483,0.33152281691724483,0.33152281691724483,0.0264173264814621,False,True,False,attainability,0.1006040228831247,,P2,0.11072707521654274,0.3781702302371975,0.5333333333333333,0.1754872447858547,,,,,,,,,,,True,False,False,True
18,21,New Features,Product,0.1017015852090995,0.4,0.65,0.0,0.28792539630227487,0.28792539630227487,0.28792539630227487,0.28792539630227487,0.0263007998187176,False,True,False,integrity,0.0,,P2,0.11193840644985573,0.3781702302371975,0.5333333333333333,0.0,,,,,,,,,,,True,False,False,True
18,22,New Features,Product,0.1023605530897837,0.4,0.65,0.1237296937437894,0.31902256170839327,0.31902256170839327,0.31902256170839327,0.31902256170839327,0.0259917283171304,False,True,False,attainability,0.1023605530897837,,P2,0.11266568029730116,0.3781702302371975,0.5333333333333333,0.1237296937437894,,,,,,,,,,,True,False,False,True
18,23,New Features,Product,0.0915066547608837,0.4,0.65,0.0489668827748756,0.29761838438393984,0.29761838438393984,0.29761838438393984,0.29761838438393984,0.0256920082806946,False,True,False,integrity,0.0489668827748756,,P2,0.10068671041299573,0.3781702302371975,0.5333333333333333,0.0489668827748756,,,,,,,,,,,True,False,False,True
18,24,New Features,Product,0.0056732632320094,0.4,0.65,0.0,0.2639183158080024,0.2639183158080024,0.2639183158080024,0.2639183158080024,0.0262303367994223,False,True,False,integrity,0.0,,P2,0.005956173878074598,0.3781702302371975,0.5333333333333333,0.0,,,,,,,,,,,True,False,False,True
19,1,Technical Debt,Product,0.0996523052578289,0.75,0.65,0.75,0.5624130763144572,0.5624130763144572,0.5624130763144572,0.5624130763144572,0.0265825505714715,False,False,False,attainability,0.0996523052578289,,P3,0.10967670636045851,0.7409042625988322,0.5333333333333333,0.75,,,,,,,,,,,True,False,False,False
19,2,Technical Debt,Product,0.0987605116973364,0.75,0.65,0.7567132398881328,0.5638684378963673,0.5638684378963673,0.5638684378963673,0.5638684378963673,0.0264757418808813,False,False,False,attainability,0.0987605116973364,,P3,0.10869247305732238,0.7409042625988322,0.5333333333333333,0.7567132398881328,,,,,,,,,,,True,False,False,False
19,3,Technical Debt,Product,0.1019044747783053,0.75,0.65,0.5238530463286319,0.5064393802767343,0.5064393802767343,0.5064393802767343,0.5064393802767343,0.0265070607020937,False,False,False,attainability,0.1019044747783053,,P3,0.11216232673782127,0.7409042625988322,0.5333333333333333,0.5238530463286319,,,,,,,,,,,True,False,False,False
19,4,Technical Debt,Product,0.1021713144020146,0.75,0.65,0.1304550552510662,0.4081565924132702,0.4081565924132702,0.4081565924132702,0.4081565924132702,0.0259486846063312,False,False,False,attainability,0.1021713144020146,,P3,0.1124568258863753,0.7409042625988322,0.5333333333333333,0.1304550552510662,,,,,,,,,,,True,False,False,True
19,5,Technical Debt,Product,0.1001889178613951,0.75,0.65,0.0030406560165677,0.37580739346949066,0.37580739346949066,0.37580739346949066,0.37580739346949066,0.0254373563159038,False,False,False,integrity,0.0030406560165677,,P3,0.11026894207364395,0.7409042625988322,0.5333333333333333,0.0030406560165677,,,,,,,,,,,True,False,False,True
19,6,Technical Debt,Product,0.0992374382035522,0.75,0.65,0.0,0.37480935955088807,0.37480935955088807,0.37480935955088807,0.3873,0.0263729341835368,False,False,False,integrity,0.05,0.0,P3,0.10921883585176409,0.7409042625988322,0.5333333333333333,0.0,0.0992,0.75,0.65,0.05,0.3873,True,[],The provided scores are consistent with the given evidence. No adjustments are necessary. Final verifier adjustments applied: integrity adjusted by +0.05.,"{""integrity"": 0.05}",verifier_primary,True,False,False,True
19,7,Technical Debt,Product,0.096974089742422,0.75,0.65,0.3660841100045178,0.46576454993673494,0.46576454993673494,0.46576454993673494,0.46576454993673494,0.026447973737625,False,False,False,attainability,0.096974089742422,,P3,0.10672087776960879,0.7409042625988322,0.5333333333333333,0.3660841100045178,,,,,,,,,,,True,False,False,False
19,8,Technical Debt,Product,0.0989705458723358,0.75,0.65,0.0,0.3747426364680839,0.3747426364680839,0.3747426364680839,0.3747426364680839,0.0262785771079244,False,False,False,integrity,0.0,,P3,0.10892427853225423,0.7409042625988322,0.5333333333333333,0.0,,,,,,,,,,,True,False,False,True
19,9,Technical Debt,Product,0.0973914925570465,0.75,0.65,0.0,0.37434787313926166,0.37434787313926166,0.37434787313926166,0.37434787313926166,0.0263784000052249,False,False,False,integrity,0.0,,P3,0.10718154688539532,0.7409042625988322,0.5333333333333333,0.0,,,,,,,,,,,True,False,False,True
19,10,Technical Debt,Product,0.0965731516965347,0.75,0.65,0.0,0.37414328792413365,0.37414328792413365,0.37414328792413365,0.37414328792413365,0.0264627279891496,False,False,False,integrity,0.0,,P3,0.10627838009443082,0.7409042625988322,0.5333333333333333,0.0,,,,,,,,,,,True,False,False,True
19,11,Technical Debt,Product,0.0983767317198717,0.75,0.65,0.0,0.37459418292996793,0.37459418292996793,0.37459418292996793,0.37459418292996793,0.0265411640011993,False,False,False,integrity,0.0,,P3,0.10826891198710227,0.7409042625988322,0.5333333333333333,0.0,,,,,,,,,,,True,False,False,True
19,12,Technical Debt,Product,0.1155942200565916,0.6250842886041807,0.4648245548125328,0.3648003817400986,0.3925758613033509,0.3925758613033509,0.3925758613033509,0.3676,0.0264422286966673,False,False,False,attainability,0.0556,-0.1,P3,0.12727109608899168,0.6114437491704673,0.28643273975004374,0.3648003817400986,0.0556,0.6251,0.4248,0.3648,0.3676,True,"[""budget shock reduced allocation and may weaken attainability and coherence""]",The provided scores are consistent with the given evidence. No adjustments are necessary. Final verifier adjustments applied: attainability adjusted by -0.06; coherence adjusted by -0.04.,"{""attainability"": -0.06, ""coherence"": -0.04}",verifier_primary,True,False,False,False
19,13,Technical Debt,Product,0.1014252251803563,0.75,0.65,0.0302937927710553,0.38292975448785294,0.38292975448785294,0.38292975448785294,0.38292975448785294,0.0266012864871098,False,False,False,integrity,0.0302937927710553,,P3,0.11163340004927742,0.7409042625988322,0.5333333333333333,0.0302937927710553,,,,,,,,,,,True,False,False,True
19,14,Technical Debt,Product,0.097037013832993,0.75,0.65,0.0,0.3742592534582483,0.3742592534582483,0.3742592534582483,0.3742592534582483,0.0264869779120039,False,False,False,integrity,0.0,,P3,0.10679032431895966,0.7409042625988322,0.5333333333333333,0.0,,,,,,,,,,,True,False,False,True
19,15,Technical Debt,Product,0.100729844936429,0.75,0.65,0.0684121168547518,0.3922854904477952,0.3922854904477952,0.3922854904477952,0.3922854904477952,0.0265043255571563,False,False,False,integrity,0.0684121168547518,,P3,0.11086593947909995,0.7409042625988322,0.5333333333333333,0.0684121168547518,,,,,,,,,,,True,False,False,True
19,16,Technical Debt,Product,0.1000021252874337,0.75,0.65,0.0,0.3750005313218584,0.3750005313218584,0.3750005313218584,0.3750005313218584,0.0264937843161964,False,False,False,integrity,0.0,,P3,0.1100627873308694,0.7409042625988322,0.5333333333333333,0.0,,,,,,,,,,,True,False,False,True
19,17,Technical Debt,Product,0.1002241751523871,0.75,0.65,0.0,0.37505604378809676,0.37505604378809676,0.37505604378809676,0.37505604378809676,0.0264225580232437,False,False,False,integrity,0.0,,P3,0.11030785399396946,0.7409042625988322,0.5333333333333333,0.0,,,,,,,,,,,True,False,False,True
19,18,Technical Debt,Product,0.1098750857695378,0.6361171366594359,0.65,0.3,0.4239980556072434,0.4239980556072434,0.4239980556072434,0.399,0.0264501088059811,False,False,False,attainability,0.1099,0.0,P3,0.12095913928666006,0.6228780047805128,0.5333333333333333,0.3,0.1099,0.6361,0.65,0.2,0.399,True,"[""Integrity score of 0.300 is too low given the evidence of needle_move=0.2842511393810096 and efficiency=0.1100179997815713, which meet the integrity>0.55 requirement.""]","The scores are generally consistent with the provided evidence, with the exception of the integrity score. The integrity score of 0.300 is too low given the evidence of needle_move=0.2842511393810096 and efficiency=0.1100179997815713, which meet the integrity>0.55 requirement. The other scores are appropriate given the weak evidence. Final verifier adjustments applied: integrity adjusted by -0.10.","{""integrity"": -0.1}",verifier_primary,True,False,False,True
19,19,Technical Debt,Product,0.1017382617793099,0.75,0.65,0.0,0.37543456544482745,0.37543456544482745,0.37543456544482745,0.37543456544482745,0.026263959514494,False,False,False,integrity,0.0,,P3,0.11197888476618933,0.7409042625988322,0.5333333333333333,0.0,,,,,,,,,,,True,False,False,True
19,20,Technical Debt,Product,0.0969846244813197,0.75,0.65,0.0,0.37424615612032996,0.37424615612032996,0.37424615612032996,0.37424615612032996,0.0261592012132316,False,False,False,integrity,0.0,,P3,0.1067325044972757,0.7409042625988322,0.5333333333333333,0.0,,,,,,,,,,,True,False,False,True
19,21,Technical Debt,Product,0.1012200711654922,0.75,0.65,0.0,0.37530501779137304,0.37530501779137304,0.37530501779137304,0.37530501779137304,0.0264318976984755,False,False,False,integrity,0.0,,P3,0.11140698059230152,0.7409042625988322,0.5333333333333333,0.0,,,,,,,,,,,True,False,False,True
19,22,Technical Debt,Product,0.0997910205259921,0.75,0.65,0.1235018211017554,0.40582321040693686,0.40582321040693686,0.40582321040693686,0.40582321040693686,0.0265318051291027,False,False,False,attainability,0.0997910205259921,,P3,0.1098298002967999,0.7409042625988322,0.5333333333333333,0.1235018211017554,,,,,,,,,,,True,False,False,True
19,23,Technical Debt,Product,0.0958031074241061,0.75,0.65,0.0,0.3739507768560265,0.3739507768560265,0.3739507768560265,0.3739507768560265,0.026039349202995,False,False,False,integrity,0.0,,P3,0.10542851612210642,0.7409042625988322,0.5333333333333333,0.0,,,,,,,,,,,True,False,False,True
19,24,Technical Debt,Product,0.0043684769010488,0.75,0.65,0.0,0.3510921192252622,0.3510921192252622,0.3510921192252622,0.3510921192252622,0.0261486509073771,False,False,False,integrity,0.0,,P3,0.004516138630792673,0.7409042625988322,0.5333333333333333,0.0,,,,,,,,,,,True,False,False,True
20,1,Technical Debt,Product,0.102347739729405,0.0351057006664855,0.2705616628928998,0.7768828754441173,0.29622449468322687,0.29622449468322687,0.29622449468322687,0.29622449468322687,0.0266364612428467,False,True,False,relevance,0.0351057006664855,,P2,0.11265153875539224,0.0,0.027415550523866388,0.7768828754441173,,,,,,,,,,,True,True,True,False
20,2,Technical Debt,Product,0.0960684463224678,0.0351057006664855,0.2705616628928998,0.889264179150339,0.322749997258048,0.322749997258048,0.322749997258048,0.322749997258048,0.0265605074955451,False,True,False,relevance,0.0351057006664855,,P2,0.10572135898614418,0.0,0.027415550523866388,0.889264179150339,,,,,,,,,,,True,True,True,False
20,3,Technical Debt,Product,0.1033084220040709,0.0351057006664855,0.2705616628928998,0.4,0.20224394639086407,0.20224394639086407,0.20224394639086407,0.20224394639086407,0.0265219728584246,False,True,False,relevance,0.0351057006664855,,P2,0.11371180150043447,0.0,0.027415550523866388,0.4,,,,,,,,,,,True,True,True,False
20,4,Technical Debt,Product,0.1016040652431909,0.0351057006664855,0.2705616628928998,0.0198709092782622,0.1067855845202096,0.1067855845202096,0.1067855845202096,0.1067855845202096,0.0263206881358127,False,True,True,integrity,0.0198709092782622,,P1,0.11183077795552691,0.0,0.027415550523866388,0.0198709092782622,,,,,,,,,,,True,True,True,True
20,5,Technical Debt,Product,0.1001499997848506,0.0351057006664855,0.2705616628928998,0.0,0.10145434083605898,0.10145434083605898,0.10145434083605898,0.10145434083605898,0.0263957938865935,False,True,True,integrity,0.0,,P1,0.11022598990542248,0.0,0.027415550523866388,0.0,,,,,,,,,,,True,True,True,True
20,6,Technical Debt,Product,0.0966122513108891,0.0351057006664855,0.2705616628928998,0.0412522044151224,0.11088295482134919,0.11088295482134919,0.11088295482134919,0.1168,0.0263313687883762,False,True,True,relevance,0.05,0.0,P1,0.10632153261794325,0.0,0.027415550523866388,0.0412522044151224,0.0966,0.05,0.2706,0.05,0.1168,True,"[""Integrity score of 0.041 is too low given the strong needle move (0.31) and efficiency (0.16) evidence.""]","The provided scores are generally consistent with the given evidence, with the exception of the integrity score. The integrity score of 0.041 is too low given the strong needle move (0.31) and efficiency (0.16) evidence, which suggests the integrity score should be higher. Final verifier adjustments applied: relevance adjusted by +0.01; integrity adjusted by +0.01.","{""relevance"": 0.0149, ""integrity"": 0.0087}",verifier_primary,True,True,True,True
20,7,Technical Debt,Product,0.0918945796350283,0.0351057006664855,0.2705616628928998,0.3289187811748734,0.18162018109232175,0.18162018109232175,0.18162018109232175,0.18162018109232175,0.0264279559718718,False,True,True,relevance,0.0351057006664855,,P1,0.10111484602325643,0.0,0.027415550523866388,0.3289187811748734,,,,,,,,,,,True,True,True,True
20,8,Technical Debt,Product,0.1079442493651536,0.0351057006664855,0.2705616628928998,0.0,0.10340290323113473,0.10340290323113473,0.10340290323113473,0.10340290323113473,0.0261728341549222,False,True,True,integrity,0.0,,P1,0.11882816012702913,0.0,0.027415550523866388,0.0,,,,,,,,,,,True,True,True,True
20,9,Technical Debt,Product,0.0998050851012036,0.0351057006664855,0.2705616628928998,0.0,0.10136811216514723,0.10136811216514723,0.10136811216514723,0.10136811216514723,0.0264034216548626,False,True,True,integrity,0.0,,P1,0.10984532274945136,0.0,0.027415550523866388,0.0,,,,,,,,,,,True,True,True,True
20,10,Technical Debt,Product,0.0993949649905394,0.0351057006664855,0.2705616628928998,0.0,0.10126558213748117,0.10126558213748117,0.10126558213748117,0.10126558213748117,0.0263673711982385,False,True,True,integrity,0.0,,P1,0.10939269123349976,0.0,0.027415550523866388,0.0,,,,,,,,,,,True,True,True,True
20,11,Technical Debt,Product,0.0964989178823975,0.0351057006664855,0.2705616628928998,0.0046429994792365,0.10170232023025483,0.10170232023025483,0.10170232023025483,0.10170232023025483,0.0262921958167077,False,True,True,integrity,0.0046429994792365,,P1,0.106196451500943,0.0,0.027415550523866388,0.0046429994792365,,,,,,,,,,,True,True,True,True
20,12,Technical Debt,Product,0.1338411014840464,0.1046959230105716,0.2855899383100051,0.3327888171611408,0.21422894499144096,0.21422894499144096,0.21422894499144096,0.1892,0.0264605841982311,False,True,True,attainability,0.0738,-0.1,P1,0.14740937603952123,0.07212211989660883,0.04745325108000683,0.3327888171611408,0.0738,0.1047,0.2456,0.3328,0.1892,True,"[""budget shock reduced allocation and may weaken attainability and coherence""]",The provided scores are consistent with the given evidence. No adjustments are necessary. Final verifier adjustments applied: attainability adjusted by -0.06; coherence adjusted by -0.04.,"{""attainability"": -0.06, ""coherence"": -0.04}",verifier_primary,True,True,True,True
20,13,Technical Debt,Product,0.0993186983704412,0.0351057006664855,0.2705616628928998,0.0,0.10124651548245663,0.10124651548245663,0.10124651548245663,0.10124651548245663,0.0265964860818101,False,True,True,integrity,0.0,,P1,0.10930851912154055,0.0,0.027415550523866388,0.0,,,,,,,,,,,True,True,True,True
20,14,Technical Debt,Product,0.1012613431881978,0.2851057006664855,0.2978171932764844,0.0933802188569034,0.19439111399701778,0.19439111399701778,0.19439111399701778,0.19439111399701778,0.0265868177647517,False,True,True,integrity,0.0933802188569034,,P1,0.11145253070729921,0.25909573740116776,0.06375625770197924,0.0933802188569034,,,,,,,,,,,True,True,True,True
20,15,Technical Debt,Product,0.100114151396439,0.2851057006664855,0.2709354574501517,0.25,0.22653882737826903,0.22653882737826903,0.22653882737826903,0.22653882737826903,0.026534960691684,False,True,False,attainability,0.100114151396439,,P2,0.11018642561689031,0.25909573740116776,0.027913943266868912,0.25,,,,,,,,,,,True,True,True,True
20,16,Technical Debt,Product,0.0989826456242372,0.0351057006664855,0.2705616628928998,0.3582808028041795,0.1907327029969505,0.1907327029969505,0.1907327029969505,0.1907327029969505,0.0265373875199642,False,True,True,relevance,0.0351057006664855,,P1,0.10893763249589404,0.0,0.027415550523866388,0.3582808028041795,,,,,,,,,,,True,True,True,False
20,17,Technical Debt,Product,0.1008720625532084,0.0351057006664855,0.2705616628928998,0.0446251909835605,0.11279115427403855,0.11279115427403855,0.11279115427403855,0.11279115427403855,0.0265411486992242,False,True,True,relevance,0.0351057006664855,,P1,0.11102289880346379,0.0,0.027415550523866388,0.0446251909835605,,,,,,,,,,,True,True,True,True
20,18,Technical Debt,Product,0.1146896347457979,0.3216886725754291,0.505414169540067,0.4165286663749674,0.33958028580906535,0.33958028580906535,0.33958028580906535,0.3396,0.0266435390846045,False,True,False,attainability,0.1147,0.0,P2,0.12627274509403805,0.2970097057334635,0.34055222605342267,0.4165286663749674,0.1147,0.3217,0.5054,0.4165,0.3396,True,[],The provided scores are consistent with the given evidence and do not require any adjustments. The scores accurately reflect the performance metrics observed.,{},verifier_primary,True,True,False,False
20,19,Technical Debt,Product,0.1008045122572059,0.0351057006664855,0.2705616628928998,0.099657949151575,0.12653245624204154,0.12653245624204154,0.12653245624204154,0.12653245624204154,0.0264965365190211,False,True,True,relevance,0.0351057006664855,,P1,0.11094834651478652,0.0,0.027415550523866388,0.099657949151575,,,,,,,,,,,True,True,True,True
20,20,Technical Debt,Product,0.0991259089458252,0.2851057006664855,0.2907266069022249,0.1618877619554687,0.20921149461750108,0.20921149461750108,0.20921149461750108,0.20921149461750108,0.0266404055873885,False,True,False,attainability,0.0991259089458252,,P2,0.10909574591863164,0.25909573740116776,0.05430214253629987,0.1618877619554687,,,,,,,,,,,True,True,True,True
20,21,Technical Debt,Product,0.1005141874788081,0.0351057006664855,0.2705616628928998,0.25,0.16404538775954836,0.16404538775954836,0.16404538775954836,0.16404538775954836,0.0258601865139003,False,True,True,relevance,0.0351057006664855,,P1,0.11062792783463041,0.0,0.027415550523866388,0.25,,,,,,,,,,,True,True,True,True
20,22,Technical Debt,Product,0.0986480295425089,0.0351057006664855,0.2705616628928998,0.25,0.16357884827547353,0.16357884827547353,0.16357884827547353,0.16357884827547353,0.0260476196703586,False,True,True,relevance,0.0351057006664855,,P1,0.10856833145359897,0.0,0.027415550523866388,0.25,,,,,,,,,,,True,True,True,True
20,23,Technical Debt,Product,0.0956094812989517,0.0351057006664855,0.2705616628928998,0.0,0.10031921121458424,0.10031921121458424,0.10031921121458424,0.10031921121458424,0.0260810629126716,False,True,True,integrity,0.0,,P1,0.10521481948963812,0.0,0.027415550523866388,0.0,,,,,,,,,,,True,True,True,True
20,24,Technical Debt,Product,0.0037151346545721,0.0351057006664855,0.2705616628928998,0.0,0.07734562455348935,0.07734562455348935,0.07734562455348935,0.07734562455348935,0.0262161409402234,False,True,True,integrity,0.0,,P1,0.0037950735482268944,0.0,0.027415550523866388,0.0,,,,,,,,,,,True,True,True,True
21,1,Research & Innovation,Product,0.0969063651793727,0.75,1.0,0.75,0.6492265912948432,0.6492265912948432,0.6492265912948432,0.6492265912948432,0.0266789753340308,False,False,False,attainability,0.0969063651793727,,P3,0.1066461331500618,0.7409042625988322,1.0,0.75,,,,,,,,,,,True,False,False,False
21,2,Research & Innovation,Product,0.1024373836253663,0.75,1.0,0.7608641798212145,0.6533253908616452,0.6533253908616452,0.6533253908616452,0.6533253908616452,0.0264610630519865,False,False,False,attainability,0.1024373836253663,,P3,0.11275047477796148,0.7409042625988322,1.0,0.7608641798212145,,,,,,,,,,,True,False,False,False
21,3,Research & Innovation,Product,0.0978027136930451,0.75,1.0,0.65,0.6244506784232613,0.6244506784232613,0.6244506784232613,0.6244506784232613,0.0264806768683639,False,False,False,attainability,0.0978027136930451,,P3,0.10763539355455021,0.7409042625988322,1.0,0.65,,,,,,,,,,,True,False,False,False
21,4,Research & Innovation,Product,0.0990550266332139,0.75,1.0,0.1475906084471245,0.49916140877008464,0.49916140877008464,0.49916140877008464,0.49916140877008464,0.0257566087682749,False,False,False,attainability,0.0990550266332139,,P3,0.10901751622987181,0.7409042625988322,1.0,0.1475906084471245,,,,,,,,,,,True,False,False,True
21,5,Research & Innovation,Product,0.1025870049701846,0.75,1.0,0.1082953802414212,0.4902205963029015,0.4902205963029015,0.4902205963029015,0.4902205963029015,0.0251479359304271,False,False,False,attainability,0.1025870049701846,,P3,0.1129156052711093,0.7409042625988322,1.0,0.1082953802414212,,,,,,,,,,,True,False,False,True
21,6,Research & Innovation,Product,0.0968121228058937,0.75,1.0,0.1318084462934976,0.49465514227484786,0.49465514227484786,0.49465514227484786,0.4822,0.0263275430777517,False,False,False,attainability,0.0968,0.0,P3,0.10654212199024427,0.7409042625988322,1.0,0.1318084462934976,0.0968,0.75,0.95,0.1318,0.4822,True,[],The provided scores are consistent with the given evidence. No adjustments are necessary. Final verifier adjustments applied: coherence adjusted by -0.05.,"{""coherence"": -0.05}",verifier_primary,True,False,False,True
21,7,Research & Innovation,Product,0.3025599069019765,0.75,1.0,0.6776398671597648,0.6825499435154352,0.6825499435154352,0.6825499435154352,0.6825499435154352,0.0265121940975268,False,False,False,attainability,0.3025599069019765,,P3,0.33361689593455957,0.7409042625988322,1.0,0.6776398671597648,,,,,,,,,,,True,False,False,False
21,8,Research & Innovation,Product,0.2901998319714705,0.75,1.0,0.0825819587713384,0.5306954476857023,0.5306954476857023,0.5306954476857023,0.5306954476857023,0.0256973394341503,False,False,False,integrity,0.0825819587713384,,P3,0.3199756252248407,0.7409042625988322,1.0,0.0825819587713384,,,,,,,,,,,True,False,False,True
21,9,Research & Innovation,Product,0.1093842041235067,0.75,1.0,0.2245552651346087,0.5209848673145289,0.5209848673145289,0.5209848673145289,0.5209848673145289,0.0260415154670926,False,False,False,attainability,0.1093842041235067,,P3,0.12041737481859721,0.7409042625988322,1.0,0.2245552651346087,,,,,,,,,,,True,False,False,True
21,10,Research & Innovation,Product,0.1038069649413059,0.75,1.0,0.0,0.46345174123532645,0.46345174123532645,0.46345174123532645,0.46345174123532645,0.0263994976860196,False,False,False,integrity,0.0,,P3,0.11426202139841066,0.7409042625988322,1.0,0.0,,,,,,,,,,,True,False,False,True
21,11,Research & Innovation,Product,0.0899410306196826,0.75,1.0,0.2698270540361818,0.5274420211639661,0.5274420211639661,0.5274420211639661,0.5274420211639661,0.0256362817246141,False,False,False,attainability,0.0899410306196826,,P3,0.09895879995453374,0.7409042625988322,1.0,0.2698270540361818,,,,,,,,,,,True,False,False,True
21,12,Research & Innovation,Product,0.116635727524684,0.580928961748634,0.9566200441686824,0.5582828821573069,0.5531169038998268,0.5531169038998268,0.5531169038998268,0.5281,0.0261905944553818,False,False,False,attainability,0.0566,-0.1,P3,0.12842056204274382,0.5656819212831574,0.9421600588915765,0.5582828821573069,0.0566,0.5809,0.9166,0.5583,0.5281,True,"[""budget shock reduced allocation and may weaken attainability and coherence""]",The provided scores are consistent with the given evidence. No adjustments are necessary. Final verifier adjustments applied: attainability adjusted by -0.06; coherence adjusted by -0.04.,"{""attainability"": -0.06, ""coherence"": -0.04}",verifier_primary,True,False,False,False
21,13,Research & Innovation,Product,0.0981264150922689,0.75,1.0,0.25,0.5245316037730672,0.5245316037730672,0.5245316037730672,0.5245316037730672,0.0266593134972804,False,False,False,attainability,0.0981264150922689,,P3,0.10799264854214159,0.7409042625988322,1.0,0.25,,,,,,,,,,,True,False,False,True
21,14,Research & Innovation,Product,0.0998386922549816,1.0,0.65,0.253154423523985,0.5007482789447416,0.5007482789447416,0.5007482789447416,0.5007482789447416,0.0264486991484948,False,False,False,attainability,0.0998386922549816,,P3,0.10988241348595953,1.0,0.5333333333333333,0.253154423523985,,,,,,,,,,,True,False,False,True
21,15,Research & Innovation,Product,0.1005501939522346,1.0,0.65,0.2275117298502571,0.494515480950623,0.494515480950623,0.494515480950623,0.494515480950623,0.026452383119567,False,False,False,attainability,0.1005501939522346,,P3,0.11066766659463591,1.0,0.5333333333333333,0.2275117298502571,,,,,,,,,,,True,False,False,True
21,16,Research & Innovation,Product,0.1004303615369107,0.75,0.65,0.0278611575784248,0.3820728797788339,0.3820728797788339,0.3820728797788339,0.3820728797788339,0.0262441701691603,False,False,False,integrity,0.0278611575784248,,P3,0.11053541283190196,0.7409042625988322,0.5333333333333333,0.0278611575784248,,,,,,,,,,,True,False,False,True
21,17,Research & Innovation,Product,0.0992582469921684,0.75,0.65,0.0,0.3748145617480421,0.3748145617480421,0.3748145617480421,0.3748145617480421,0.0262202362990801,False,False,False,integrity,0.0,,P3,0.10924180159592428,0.7409042625988322,0.5333333333333333,0.0,,,,,,,,,,,True,False,False,True
21,18,Research & Innovation,Product,0.1140668767305157,0.695632798573975,0.6340203798054656,0.4459136351381458,0.47240842256202553,0.47240842256202553,0.47240842256202553,0.4474,0.0265152925827297,False,False,False,attainability,0.1141,0.0,P3,0.12558543448136977,0.6845590220231772,0.5120271730739541,0.4459136351381458,0.1141,0.6956,0.634,0.3459,0.4474,True,"[""integrity is too high compared to weak needle move and efficiency evidence""]","The scores are generally consistent with the provided evidence, with the exception of the integrity score. The integrity score of 0.446 is higher than expected given the weak needle move and efficiency evidence. An adjustment of -0.10 is recommended to better align the integrity score with the supporting data. Final verifier adjustments applied: integrity adjusted by -0.10.","{""integrity"": -0.1}",verifier_primary,True,False,False,True
21,19,Research & Innovation,Product,0.0988931160022972,0.75,0.65,0.4138748996005616,0.47819200390071476,0.47819200390071476,0.47819200390071476,0.47819200390071476,0.0263533338626534,False,False,False,attainability,0.0988931160022972,,P3,0.10883882259253269,0.7409042625988322,0.5333333333333333,0.4138748996005616,,,,,,,,,,,True,False,False,False
21,20,Research & Innovation,Product,0.1016657859321124,0.75,0.65,0.1837193865426662,0.42134629311869465,0.42134629311869465,0.42134629311869465,0.42134629311869465,0.0264172929959718,False,False,False,attainability,0.1016657859321124,,P3,0.11189889636344129,0.7409042625988322,0.5333333333333333,0.1837193865426662,,,,,,,,,,,True,False,False,True
21,21,Research & Innovation,Product,0.102898042222102,0.75,0.65,0.4557449867846086,0.4896607572516776,0.4896607572516776,0.4896607572516776,0.4896607572516776,0.0263819127261695,False,False,False,attainability,0.102898042222102,,P3,0.11325888339669253,0.7409042625988322,0.5333333333333333,0.4557449867846086,,,,,,,,,,,True,False,False,False
21,22,Research & Innovation,Product,0.0998071967075652,0.75,0.65,0.1690535052525024,0.4172151754900169,0.4172151754900169,0.4172151754900169,0.4172151754900169,0.0259536957607157,False,False,False,attainability,0.0998071967075652,,P3,0.10984765323645672,0.7409042625988322,0.5333333333333333,0.1690535052525024,,,,,,,,,,,True,False,False,True
21,23,Research & Innovation,Product,0.0928276296477749,0.75,0.65,0.2098084017231071,0.4256590078427205,0.4256590078427205,0.4256590078427205,0.4256590078427205,0.0259500491421015,False,False,False,attainability,0.0928276296477749,,P3,0.10214461225696825,0.7409042625988322,0.5333333333333333,0.2098084017231071,,,,,,,,,,,True,False,False,True
21,24,Research & Innovation,Product,0.0055779916906541,0.75,0.65,0.1031791940466681,0.3771892964343306,0.3771892964343306,0.3771892964343306,0.3771892964343306,0.0261869966369415,False,False,False,attainability,0.0055779916906541,,P3,0.005851026870967691,0.7409042625988322,0.5333333333333333,0.1031791940466681,,,,,,,,,,,True,False,False,True
22,1,Research & Innovation,Product,0.098503287960304,0.4,0.4319649091746657,1.0,0.4826170492837424,0.4826170492837424,0.4826170492837424,0.4826170492837424,0.026680326113703,False,False,False,attainability,0.098503287960304,,P3,0.10840858653967964,0.3781702302371975,0.24261987889955425,1.0,,,,,,,,,,,True,False,False,False
22,2,Research & Innovation,Product,0.098791289857058,0.4,0.6,0.75,0.4621978224642645,0.4621978224642645,0.4621978224642645,0.4621978224642645,0.026602584261103,False,False,False,attainability,0.098791289857058,,P3,0.10872644155760007,0.3781702302371975,0.4666666666666666,0.75,,,,,,,,,,,True,False,False,False
22,3,Research & Innovation,Product,0.101907867305333,0.4,0.6,0.65,0.43797696682633325,0.43797696682633325,0.43797696682633325,0.43797696682633325,0.0266040998697215,False,False,False,attainability,0.101907867305333,,P3,0.11216607092058999,0.3781702302371975,0.4666666666666666,0.65,,,,,,,,,,,True,False,False,False
22,4,Research & Innovation,Product,0.101287975414001,0.4,0.6,0.0,0.27532199385350026,0.27532199385350026,0.27532199385350026,0.27532199385350026,0.0265795466245094,False,True,False,integrity,0.0,,P2,0.11148192352278184,0.3781702302371975,0.4666666666666666,0.0,,,,,,,,,,,True,False,False,True
22,5,Research & Innovation,Product,0.0993706118171068,0.65,0.263919582012705,0.25,0.31582254845745295,0.31582254845745295,0.31582254845745295,0.31582254845745295,0.0267247706766384,False,True,False,attainability,0.0993706118171068,,P2,0.109365813707813,0.6372659676383652,0.018559442683606653,0.25,,,,,,,,,,,True,False,True,True
22,6,Research & Innovation,Product,0.0974399690474588,0.4,0.6,0.1856237709283633,0.3207659349939555,0.3207659349939555,0.3207659349939555,0.2958,0.026410801652604,False,True,False,integrity,0.0856,0.0,P2,0.10723504825431818,0.3781702302371975,0.4666666666666666,0.1856237709283633,0.0974,0.4,0.6,0.0856,0.2958,True,"[""Integrity score of 0.186 is too low given the strong needle move and efficiency evidence""]","The scores are generally consistent with the provided evidence, with the exception of the integrity score. The integrity score of 0.186 is too low given the strong needle move and efficiency evidence, which indicate that the integrity should be higher. The other scores are appropriate given the evidence. Final verifier adjustments applied: integrity adjusted by -0.10.","{""integrity"": -0.1}",verifier_primary,True,False,False,True
22,7,Research & Innovation,Product,0.100027600850517,0.4,0.501987340244588,0.4525869691950777,0.36365047757254565,0.36365047757254565,0.36365047757254565,0.36365047757254565,0.0265956822209963,False,False,False,attainability,0.100027600850517,,P3,0.11009090358861506,0.3781702302371975,0.3359831203261174,0.4525869691950777,,,,,,,,,,,True,False,False,False
22,8,Research & Innovation,Product,0.099640129650069,0.4,0.6,0.0,0.2749100324125172,0.2749100324125172,0.2749100324125172,0.2749100324125172,0.0263773380387805,False,True,False,integrity,0.0,,P2,0.10966326867804624,0.3781702302371975,0.4666666666666666,0.0,,,,,,,,,,,True,False,False,True
22,9,Research & Innovation,Product,0.100562924769828,0.4,0.6,0.2028554790805437,0.3258546009625929,0.3258546009625929,0.3258546009625929,0.3258546009625929,0.0265070769747048,False,True,False,attainability,0.100562924769828,,P2,0.11068171703770555,0.3781702302371975,0.4666666666666666,0.2028554790805437,,,,,,,,,,,True,False,False,True
22,10,Research & Innovation,Product,0.0963320381346725,0.4,0.6,0.0,0.27408300953366815,0.27408300953366815,0.27408300953366815,0.27408300953366815,0.0263086113534637,False,True,False,integrity,0.0,,P2,0.10601227366808312,0.3781702302371975,0.4666666666666666,0.0,,,,,,,,,,,True,False,False,True
22,11,Research & Innovation,Product,0.1124279809323558,0.4,0.6,0.0490184461062779,0.29036160675965844,0.29036160675965844,0.29036160675965844,0.29036160675965844,0.0260117669929964,False,True,False,integrity,0.0490184461062779,,P2,0.12377665731995134,0.3781702302371975,0.4666666666666666,0.0490184461062779,,,,,,,,,,,True,False,False,True
22,12,Research & Innovation,Product,0.2288077732357462,0.2898037841625789,0.550906880129699,0.4324312517069931,0.37548742230875426,0.37548742230875426,0.37548742230875426,0.3505,0.0264433026987348,False,False,False,attainability,0.1688,-0.1,P3,0.25221991198284266,0.2639647510323381,0.40120917350626534,0.4324312517069931,0.1688,0.2898,0.5109,0.4324,0.3505,True,"[""budget shock reduced allocation and may weaken attainability and coherence""]",The provided scores are consistent with the given evidence. No adjustments are necessary. Final verifier adjustments applied: attainability adjusted by -0.06; coherence adjusted by -0.04.,"{""attainability"": -0.06, ""coherence"": -0.04}",verifier_primary,True,True,False,False
22,13,Research & Innovation,Product,0.1016318981613812,0.4,0.6,0.0,0.27540797454034527,0.27540797454034527,0.27540797454034527,0.27540797454034527,0.0266232174917763,False,True,False,integrity,0.0,,P2,0.11186149592235235,0.3781702302371975,0.4666666666666666,0.0,,,,,,,,,,,True,False,False,True
22,14,Research & Innovation,Product,0.1004536591210407,0.4,0.6,0.0,0.2751134147802602,0.2751134147802602,0.2751134147802602,0.2751134147802602,0.0262361218571144,False,True,False,integrity,0.0,,P2,0.11056112535013399,0.3781702302371975,0.4666666666666666,0.0,,,,,,,,,,,True,False,False,True
22,15,Research & Innovation,Product,0.0993731926258313,0.4,0.6,0.0,0.2748432981564578,0.2748432981564578,0.2748432981564578,0.2748432981564578,0.0261563261041391,False,True,False,integrity,0.0,,P2,0.1093686620328158,0.3781702302371975,0.4666666666666666,0.0,,,,,,,,,,,True,False,False,True
22,16,Research & Innovation,Product,0.0972138248965282,0.4,0.6,0.0203296497063076,0.27938586865070897,0.27938586865070897,0.27938586865070897,0.27938586865070897,0.0258982461569241,False,True,False,integrity,0.0203296497063076,,P2,0.10698546290798262,0.3781702302371975,0.4666666666666666,0.0203296497063076,,,,,,,,,,,True,False,False,True
22,17,Research & Innovation,Product,0.1025880152550849,0.4,0.6,0.0745622765551805,0.29428757295256636,0.29428757295256636,0.29428757295256636,0.29428757295256636,0.026168982087598,False,True,False,integrity,0.0745622765551805,,P2,0.11291672027808916,0.3781702302371975,0.4666666666666666,0.0745622765551805,,,,,,,,,,,True,False,False,True
22,18,Research & Innovation,Product,0.100168114779828,0.3423076923076923,0.5725274725274725,0.5268828390353621,0.38547152966258874,0.38547152966258874,0.38547152966258874,0.373,0.0264599200346614,False,False,False,attainability,0.1002,0.0,P3,0.11024598262810266,0.3183789062215434,0.43003663003663,0.5268828390353621,0.1002,0.3423,0.5725,0.4769,0.373,True,"[""integrity score of 0.527 is too high given weak needle_move of 0.273 and efficiency of 0.154""]","The scores are generally consistent with the provided evidence, with the exception of the integrity score. The integrity score of 0.527 is too high given the weak needle_move of 0.273 and efficiency of 0.154, which do not meet the required thresholds of 0.25 and 0.20 respectively. The other scores are appropriate given the evidence. Final verifier adjustments applied: integrity adjusted by -0.05.","{""integrity"": -0.05}",verifier_primary,True,True,False,False
22,19,Research & Innovation,Product,0.100257780206979,0.4,0.6,0.0851486229801105,0.29635160079677236,0.29635160079677236,0.29635160079677236,0.29635160079677236,0.0264784630805478,False,True,False,integrity,0.0851486229801105,,P2,0.11034494241369833,0.3781702302371975,0.4666666666666666,0.0851486229801105,,,,,,,,,,,True,False,False,True
22,20,Research & Innovation,Product,0.1003560289312686,0.4,0.6,0.0,0.27508900723281715,0.27508900723281715,0.27508900723281715,0.27508900723281715,0.0262029147431774,False,True,False,integrity,0.0,,P2,0.11045337520657819,0.3781702302371975,0.4666666666666666,0.0,,,,,,,,,,,True,False,False,True
22,21,Research & Innovation,Product,0.0993375262432688,0.4,0.6,0.0,0.2748343815608172,0.2748343815608172,0.2748343815608172,0.2748343815608172,0.0260469950443097,False,True,False,integrity,0.0,,P2,0.10932929861612885,0.3781702302371975,0.4666666666666666,0.0,,,,,,,,,,,True,False,False,True
22,22,Research & Innovation,Product,0.1005568165715128,0.4,0.6,0.0,0.2751392041428782,0.2751392041428782,0.2751392041428782,0.2751392041428782,0.0259707207543808,False,True,False,integrity,0.0,,P2,0.11067497568805881,0.3781702302371975,0.4666666666666666,0.0,,,,,,,,,,,True,False,False,True
22,23,Research & Innovation,Product,0.0986976710553787,0.4,0.6,0.0,0.2746744177638447,0.2746744177638447,0.2746744177638447,0.2746744177638447,0.0262009137546997,False,True,False,integrity,0.0,,P2,0.10862311860653326,0.3781702302371975,0.4666666666666666,0.0,,,,,,,,,,,True,False,False,True
22,24,Research & Innovation,Product,0.0013304193857968,0.4,0.6,0.0,0.2503326048464492,0.2503326048464492,0.2503326048464492,0.2503326048464492,0.0265749542491819,False,True,False,integrity,0.0,,P2,0.0011631682620643596,0.3781702302371975,0.4666666666666666,0.0,,,,,,,,,,,True,False,False,True
23,1,Customer Success,Operations,0.1091489834403565,0.75,0.61788684735769,0.9945566607044186,0.6178981228756163,0.6178981228756163,0.6178981228756163,0.6178981228756163,0.0266306086090975,False,False,False,attainability,0.1091489834403565,,P3,0.12015777210312682,0.7409042625988322,0.49051579647691995,0.9945566607044186,,,,,,,,,,,True,False,False,False
23,2,Customer Success,Operations,0.0973779705790938,0.75,0.5763357331943368,0.7083507743559685,0.5330161195323497,0.5330161195323497,0.5330161195323497,0.5330161195323497,0.0265411359970813,False,False,False,attainability,0.0973779705790938,,P3,0.10716662327345762,0.7409042625988322,0.43511431092578245,0.7083507743559685,,,,,,,,,,,True,False,False,False
23,3,Customer Success,Operations,0.0997841659589507,0.75,0.61788684735769,0.4,0.4669177533291602,0.4669177533291602,0.4669177533291602,0.4669177533291602,0.0265588416137592,False,False,False,attainability,0.0997841659589507,,P3,0.10982223521283921,0.7409042625988322,0.49051579647691995,0.4,,,,,,,,,,,True,False,False,False
23,4,Customer Success,Operations,0.1012124648588333,0.75,0.61788684735769,0.25,0.4297748280541308,0.4297748280541308,0.4297748280541308,0.4297748280541308,0.0263676747224616,False,False,False,attainability,0.1012124648588333,,P3,0.11139858584641052,0.7409042625988322,0.49051579647691995,0.25,,,,,,,,,,,True,False,False,True
23,5,Customer Success,Operations,0.1038260171146511,0.75,0.61788684735769,0.1754634295223168,0.4117940734986644,0.4117940734986644,0.4117940734986644,0.4117940734986644,0.0256551783445323,False,False,False,attainability,0.1038260171146511,,P3,0.11428304844360834,0.7409042625988322,0.49051579647691995,0.1754634295223168,,,,,,,,,,,True,False,False,True
23,6,Customer Success,Operations,0.0891874815641445,0.75,0.61788684735769,0.1307555894306557,0.39695747958812255,0.39695747958812255,0.39695747958812255,0.397,0.025693781114458,False,False,False,attainability,0.0892,0.0,P3,0.09812714102710461,0.7409042625988322,0.49051579647691995,0.1307555894306557,0.0892,0.75,0.6179,0.1308,0.397,True,[],The provided scores are consistent with the given evidence. No adjustments are necessary.,{},verifier_primary,True,False,False,True
23,7,Customer Success,Operations,0.0972429313511247,0.75,0.61788684735769,0.4588570135691202,0.4809966980694837,0.4809966980694837,0.4809966980694837,0.4809966980694837,0.0265227723797607,False,False,False,attainability,0.0972429313511247,,P3,0.10701758642088877,0.7409042625988322,0.49051579647691995,0.4588570135691202,,,,,,,,,,,True,False,False,False
23,8,Customer Success,Operations,0.1389241651185007,0.75,0.61788684735769,0.0,0.37670275311904766,0.37670275311904766,0.37670275311904766,0.37670275311904766,0.0253945928305048,False,False,False,integrity,0.0,,P3,0.15301932965729267,0.7409042625988322,0.49051579647691995,0.0,,,,,,,,,,,True,False,False,True
23,9,Customer Success,Operations,0.0689886035246221,0.75,0.61788684735769,0.0,0.359218862720578,0.359218862720578,0.359218862720578,0.359218862720578,0.0257804911294417,False,False,False,integrity,0.0,,P3,0.07583452832702613,0.7409042625988322,0.49051579647691995,0.0,,,,,,,,,,,True,False,False,True
23,10,Customer Success,Operations,0.0931540310337043,0.75,0.61788684735769,0.1613190036967123,0.40558997052202667,0.40558997052202667,0.40558997052202667,0.40558997052202667,0.0263136141516159,False,False,False,attainability,0.0931540310337043,,P3,0.10250484710105492,0.7409042625988322,0.49051579647691995,0.1613190036967123,,,,,,,,,,,True,False,False,True
23,11,Customer Success,Operations,0.1032314132093857,0.75,0.61788684735769,0.348462085081158,0.4548950864120584,0.4548950864120584,0.4548950864120584,0.4548950864120584,0.026406638193299,False,False,False,attainability,0.1032314132093857,,P3,0.11362681028304815,0.7409042625988322,0.49051579647691995,0.348462085081158,,,,,,,,,,,True,False,False,True
23,12,Customer Success,Operations,0.1387034473629669,0.4894710743801653,0.6085784374935372,0.4651708977635476,0.42548096425005427,0.42548096425005427,0.42548096425005427,0.4005,0.0264492862017109,False,False,False,attainability,0.0787,-0.1,P3,0.15277573318473026,0.4708965262076121,0.47810458332471634,0.4651708977635476,0.0787,0.4895,0.5686,0.4652,0.4005,True,"[""budget shock reduced allocation and may weaken attainability and coherence""]",The provided scores are consistent with the given evidence. No adjustments are needed. Final verifier adjustments applied: attainability adjusted by -0.06; coherence adjusted by -0.04.,"{""attainability"": -0.06, ""coherence"": -0.04}",verifier_primary,True,False,False,False
23,13,Customer Success,Operations,0.1060639018497576,0.75,0.61788684735769,0.0,0.3684876873018619,0.3684876873018619,0.3684876873018619,0.3684876873018619,0.0265955769236553,False,False,False,integrity,0.0,,P3,0.11675290333205969,0.7409042625988322,0.49051579647691995,0.0,,,,,,,,,,,True,False,False,True
23,14,Customer Success,Operations,0.1026781640464849,0.75,0.61788684735769,0.1373320355071854,0.40197426172784007,0.40197426172784007,0.40197426172784007,0.40197426172784007,0.026326353367881,False,False,False,attainability,0.1026781640464849,,P3,0.11301621353153266,0.7409042625988322,0.49051579647691995,0.1373320355071854,,,,,,,,,,,True,False,False,True
23,15,Customer Success,Operations,0.0952679524465989,0.75,0.61788684735769,0.1236486278965335,0.39670085692520557,0.39670085692520557,0.39670085692520557,0.39670085692520557,0.0261690833821216,False,False,False,attainability,0.0952679524465989,,P3,0.10483788912664933,0.7409042625988322,0.49051579647691995,0.1236486278965335,,,,,,,,,,,True,False,False,True
23,16,Customer Success,Operations,0.1003514730584062,0.75,0.61788684735769,0.0272087252550147,0.3738617614177777,0.3738617614177777,0.3738617614177777,0.3738617614177777,0.0265222106136704,False,False,False,integrity,0.0272087252550147,,P3,0.11044834709021283,0.7409042625988322,0.49051579647691995,0.0272087252550147,,,,,,,,,,,True,False,False,True
23,17,Customer Success,Operations,0.1026769965220493,0.75,0.61788684735769,0.029228836660617,0.3749481701350891,0.3749481701350891,0.3749481701350891,0.3749481701350891,0.0265765626070001,False,False,False,integrity,0.029228836660617,,P3,0.11301492498619811,0.7409042625988322,0.49051579647691995,0.029228836660617,,,,,,,,,,,True,False,False,True
23,18,Customer Success,Operations,0.1097403620602926,0.6042857142857142,0.6349393772484796,0.459477712742008,0.4521107915841236,0.4521107915841236,0.4521107915841236,0.4271,0.0264002145022344,False,False,False,attainability,0.1097,0.0,P3,0.12081045065822016,0.5898884613707229,0.5132525029979728,0.459477712742008,0.1097,0.6043,0.6349,0.3595,0.4271,True,"[""Integrity score of 0.459 is too high given weak needle_move of 0.2784 and efficiency of 0.2054""]","The scores provided are generally consistent with the given evidence, with the exception of the integrity score. The integrity score of 0.459 is too high given the weak needle_move of 0.2784 and efficiency of 0.2054, which do not meet the required thresholds of 0.25 and 0.20 respectively. Therefore, the integrity score has been adjusted downward by 0.10 to better align with the evidence. Final verifier adjustments applied: integrity adjusted by -0.10.","{""integrity"": -0.1}",verifier_primary,True,False,False,False
23,19,Customer Success,Operations,0.0987321204133526,0.75,0.61788684735769,0.0,0.3666547419427606,0.3666547419427606,0.3666547419427606,0.3666547419427606,0.0259626515503095,False,False,False,integrity,0.0,,P3,0.1086611388467454,0.7409042625988322,0.49051579647691995,0.0,,,,,,,,,,,True,False,False,True
23,20,Customer Success,Operations,0.0969918814047591,0.75,0.61788684735769,0.0,0.3662196821906123,0.3662196821906123,0.3662196821906123,0.3662196821906123,0.0260915979527307,False,False,False,integrity,0.0,,P3,0.10674051364428437,0.7409042625988322,0.49051579647691995,0.0,,,,,,,,,,,True,False,False,True
23,21,Customer Success,Operations,0.1019865026196726,0.75,0.61788684735769,0.0905268007485736,0.390100037681484,0.390100037681484,0.390100037681484,0.390100037681484,0.0261992982799778,False,False,False,integrity,0.0905268007485736,,P3,0.11225285725613257,0.7409042625988322,0.49051579647691995,0.0905268007485736,,,,,,,,,,,True,False,False,True
23,22,Customer Success,Operations,0.1034282677980689,0.75,0.61788684735769,0.1378248294907189,0.40228498616161945,0.40228498616161945,0.40228498616161945,0.40228498616161945,0.0262173401447522,False,False,False,attainability,0.1034282677980689,,P3,0.11384407002862221,0.7409042625988322,0.49051579647691995,0.1378248294907189,,,,,,,,,,,True,False,False,True
23,23,Customer Success,Operations,0.0973072698419107,0.75,0.61788684735769,0.0931351472315602,0.3895823161077902,0.3895823161077902,0.3895823161077902,0.3895823161077902,0.0264291147310546,False,False,False,integrity,0.0931351472315602,,P3,0.1070885939815064,0.7409042625988322,0.49051579647691995,0.0931351472315602,,,,,,,,,,,True,False,False,True
23,24,Customer Success,Operations,0.0002764965378572,0.75,0.61788684735769,0.0,0.3420408359738868,0.3420408359738868,0.3420408359738868,0.3420408359738868,0.0265347534242477,False,True,False,integrity,0.0,,P2,0.0,0.7409042625988322,0.49051579647691995,0.0,,,,,,,,,,,True,False,False,True
24,1,Customer Success,Operations,0.1196541823388046,0.75,0.65,0.75,0.5674135455847011,0.5674135455847011,0.5674135455847011,0.5674135455847011,0.0266287491249853,False,False,False,attainability,0.1196541823388046,,P3,0.13175189777298663,0.7409042625988322,0.5333333333333333,0.75,,,,,,,,,,,True,False,False,False
24,2,Customer Success,Operations,0.8824122819458085,0.75,0.65,0.6083882771000522,0.7227001397614652,0.7227001397614652,0.7227001397614652,0.7227001397614652,0.0264499429145942,False,False,False,integrity,0.6083882771000522,,P4,0.9735744418329084,0.7409042625988322,0.5333333333333333,0.6083882771000522,,,,,,,,,,,False,False,False,False
24,3,Customer Success,Operations,0.8945036562742599,0.75,0.65,0.4,0.673625914068565,0.673625914068565,0.673625914068565,0.673625914068565,0.0264305989256419,False,False,False,integrity,0.4,,P4,0.9869191595141789,0.7409042625988322,0.5333333333333333,0.4,,,,,,,,,,,False,False,False,False
24,4,Customer Success,Operations,0.8842577381835288,0.75,0.65,0.0432325195164118,0.5818725644249851,0.5818725644249851,0.5818725644249851,0.5818725644249851,0.0261317544405657,False,False,False,integrity,0.0432325195164118,,P3,0.9756111906603406,0.7409042625988322,0.5333333333333333,0.0432325195164118,,,,,,,,,,,False,False,False,True
24,5,Customer Success,Operations,0.906355936901134,0.75,0.65,0.0,0.5765889842252835,0.5765889842252835,0.5765889842252835,0.5765889842252835,0.0257078191781594,False,False,False,integrity,0.0,,P3,1.0,0.7409042625988322,0.5333333333333333,0.0,,,,,,,,,,,False,False,False,True
24,6,Customer Success,Operations,0.8942471174801696,0.75,0.65,0.0598321190576578,0.5885198091344568,0.5885198091344568,0.5885198091344568,0.5635,0.0265237352953389,False,False,False,integrity,0.0598,0.0,P3,0.9866360289379157,0.7409042625988322,0.5333333333333333,0.0598321190576578,0.7942,0.75,0.65,0.0598,0.5635,True,"[""attainability reduced because projected achievement is below 45% of target"", ""Integrity score of 0.060 is too low given the evidence of needle_move=0.3176619928220266 and efficiency=0.1438145197024622""]","The scores provided are generally consistent with the given evidence, with the exception of the integrity score. The integrity score of 0.060 is too low given the evidence of a needle move of 0.3176619928220266 and an efficiency of 0.1438145197024622, which both meet the required thresholds for a higher integrity score. Final verifier adjustments applied: attainability adjusted by -0.10.","{""attainability"": -0.1}",verifier_primary,False,False,False,True
24,7,Customer Success,Operations,0.8868834956015403,0.75,0.65,0.4,0.671720873900385,0.671720873900385,0.671720873900385,0.671720873900385,0.0265665587545421,False,False,False,integrity,0.4,,P4,0.9785091235578786,0.7409042625988322,0.5333333333333333,0.4,,,,,,,,,,,False,False,False,False
24,8,Customer Success,Operations,0.8967092125458727,0.75,0.65,0.0,0.5741773031364682,0.5741773031364682,0.5741773031364682,0.5741773031364682,0.0261275182770356,False,False,False,integrity,0.0,,P3,0.9893533349003111,0.7409042625988322,0.5333333333333333,0.0,,,,,,,,,,,False,False,False,True
24,9,Customer Success,Operations,0.8830643633119082,0.75,0.65,0.0,0.570766090827977,0.570766090827977,0.570766090827977,0.570766090827977,0.0263270450797579,False,False,False,integrity,0.0,,P3,0.9742941153372959,0.7409042625988322,0.5333333333333333,0.0,,,,,,,,,,,False,False,False,True
24,10,Customer Success,Operations,0.8991940656064747,0.75,0.65,0.0817074538542373,0.5952253798651781,0.5952253798651781,0.5952253798651781,0.5952253798651781,0.0265053263704446,False,False,False,integrity,0.0817074538542373,,P3,0.9920957578600527,0.7409042625988322,0.5333333333333333,0.0817074538542373,,,,,,,,,,,False,False,False,True
24,11,Customer Success,Operations,0.8872757854284914,0.75,0.65,0.0804511603255431,0.5919317364385086,0.5919317364385086,0.5919317364385086,0.5919317364385086,0.026418658606313,False,False,False,integrity,0.0804511603255431,,P3,0.9789420765744417,0.7409042625988322,0.5333333333333333,0.0804511603255431,,,,,,,,,,,False,False,False,True
24,12,Customer Success,Operations,0.4875070713754619,0.4812854257606359,0.5218492637883704,0.3300204861303361,0.45516556176370104,0.45516556176370104,0.45516556176370104,0.4302,0.0264571932193484,False,False,False,integrity,0.33,-0.1,P3,0.5377349414773809,0.4624130595468768,0.3624656850511605,0.3300204861303361,0.4275,0.4813,0.4818,0.33,0.4302,True,"[""budget shock reduced allocation and may weaken attainability and coherence"", ""integrity score of 0.330 is too low given needle move of 0.292 and efficiency of 0.262""]","The scores provided are generally consistent with the given evidence, with the exception of the integrity score. The integrity score of 0.330 is too low given the evidence of a needle move of 0.292 and efficiency of 0.262, which meet the criteria for an integrity score above 0.55. No other adjustments are needed. Final verifier adjustments applied: attainability adjusted by -0.06; coherence adjusted by -0.04.","{""attainability"": -0.06, ""coherence"": -0.04}",verifier_primary,False,False,False,True
24,13,Customer Success,Operations,0.1097407959243621,0.75,0.65,0.0,0.37743519898109057,0.37743519898109057,0.37743519898109057,0.37743519898109057,0.0266393895547863,False,False,False,integrity,0.0,,P3,0.12081092949489847,0.7409042625988322,0.5333333333333333,0.0,,,,,,,,,,,True,False,False,True
24,14,Customer Success,Operations,0.0962998108544487,0.75,0.65,0.0,0.3740749527136122,0.3740749527136122,0.3740749527136122,0.3740749527136122,0.0265449336742746,False,False,False,integrity,0.0,,P3,0.10597670583728577,0.7409042625988322,0.5333333333333333,0.0,,,,,,,,,,,True,False,False,True
24,15,Customer Success,Operations,0.1009402396787793,0.75,0.65,0.1954859211678556,0.4241065402116588,0.4241065402116588,0.4241065402116588,0.4241065402116588,0.0265867472083153,False,False,False,attainability,0.1009402396787793,,P3,0.11109814289634772,0.7409042625988322,0.5333333333333333,0.1954859211678556,,,,,,,,,,,True,False,False,True
24,16,Customer Success,Operations,0.1012735071130487,0.75,0.65,0.0,0.3753183767782622,0.3753183767782622,0.3753183767782622,0.3753183767782622,0.0263646785828944,False,False,False,integrity,0.0,,P3,0.11146595549579902,0.7409042625988322,0.5333333333333333,0.0,,,,,,,,,,,True,False,False,True
24,17,Customer Success,Operations,0.0988812444707447,0.75,0.65,0.0,0.37472031111768617,0.37472031111768617,0.37472031111768617,0.37472031111768617,0.0263876648140781,False,False,False,integrity,0.0,,P3,0.10882572050564754,0.7409042625988322,0.5333333333333333,0.0,,,,,,,,,,,True,False,False,True
24,18,Customer Success,Operations,0.1000417753749162,0.4722222222222222,0.6368035190615836,0.2549668874172185,0.36600860101898514,0.36600860101898514,0.36600860101898514,0.341,0.026469847080197,False,True,False,attainability,0.1,0.0,P2,0.1101065473873459,0.45302010993086816,0.5157380254154448,0.2549668874172185,0.1,0.4722,0.6368,0.155,0.341,True,"[""integrity score of 0.255 is too low given needle_move of 0.2882 and efficiency of 0.0669""]","The scores are generally consistent with the provided evidence, with the exception of the integrity score. The integrity score of 0.255 is too low given the needle_move of 0.2882 and efficiency of 0.0669, which suggest the integrity should be higher. The other scores are appropriate given the weak evidence. Final verifier adjustments applied: integrity adjusted by -0.10.","{""integrity"": -0.1}",verifier_primary,True,False,False,True
24,19,Customer Success,Operations,0.0949192541138172,0.75,0.65,0.0,0.3737298135284543,0.3737298135284543,0.3737298135284543,0.3737298135284543,0.026173239471807,False,False,False,integrity,0.0,,P3,0.10445304612365404,0.7409042625988322,0.5333333333333333,0.0,,,,,,,,,,,True,False,False,True
24,20,Customer Success,Operations,0.0999797065747402,0.75,0.65,0.0201624220634516,0.38003553215954794,0.38003553215954794,0.38003553215954794,0.38003553215954794,0.0263869720466819,False,False,False,integrity,0.0201624220634516,,P3,0.110038044784361,0.7409042625988322,0.5333333333333333,0.0201624220634516,,,,,,,,,,,True,False,False,True
24,21,Customer Success,Operations,0.0986356889770574,0.75,0.65,0.0784880078999969,0.3942809242192636,0.3942809242192636,0.3942809242192636,0.3942809242192636,0.0262099715910989,False,False,False,integrity,0.0784880078999969,,P3,0.10855471171464258,0.7409042625988322,0.5333333333333333,0.0784880078999969,,,,,,,,,,,True,False,False,True
24,22,Customer Success,Operations,0.1045402872064936,0.75,0.65,0.0,0.3761350718016234,0.3761350718016234,0.3761350718016234,0.3761350718016234,0.0258026767226,False,False,False,integrity,0.0,,P3,0.11507135690755066,0.7409042625988322,0.5333333333333333,0.0,,,,,,,,,,,True,False,False,True
24,23,Customer Success,Operations,0.0969585394444178,0.75,0.65,0.0,0.37423963486110445,0.37423963486110445,0.37423963486110445,0.37423963486110445,0.0259887491868012,False,False,False,integrity,0.0,,P3,0.1067037155901006,0.7409042625988322,0.5333333333333333,0.0,,,,,,,,,,,True,False,False,True
24,24,Customer Success,Operations,0.0004956527408551,0.75,0.65,0.116027858915398,0.37913087791406325,0.37913087791406325,0.37913087791406325,0.37913087791406325,0.0265239679745063,False,False,False,attainability,0.0004956527408551,,P3,0.000241873055755501,0.7409042625988322,0.5333333333333333,0.116027858915398,,,,,,,,,,,True,False,False,True
25,1,Customer Success,Operations,0.0977387437869593,0.4,0.8215802913512926,1.0,0.579829758784563,0.579829758784563,0.579829758784563,0.579829758784563,0.0266207701502717,False,False,False,attainability,0.0977387437869593,,P3,0.10756479278464404,0.3781702302371975,0.7621070551350568,1.0,,,,,,,,,,,True,False,False,False
25,2,Customer Success,Operations,0.0988035557263877,0.4,0.8215802913512926,0.7480509445301206,0.5171086979019502,0.5171086979019502,0.5171086979019502,0.5171086979019502,0.0265507294509667,False,False,False,attainability,0.0988035557263877,,P3,0.10873997885773436,0.3781702302371975,0.7621070551350568,0.7480509445301206,,,,,,,,,,,True,False,False,False
25,3,Customer Success,Operations,0.1013687259419514,0.4,0.8215802913512926,0.65,0.493237254323311,0.493237254323311,0.493237254323311,0.493237254323311,0.0265773568588077,False,False,False,attainability,0.1013687259419514,,P3,0.11157104432649197,0.3781702302371975,0.7621070551350568,0.65,,,,,,,,,,,True,False,False,False
25,4,Customer Success,Operations,0.1054114036602042,0.4,0.8215802913512926,0.0617903153887094,0.34719550260005155,0.34719550260005155,0.34719550260005155,0.34719550260005155,0.0263243907628816,False,True,False,integrity,0.0617903153887094,,P2,0.11603276979797156,0.3781702302371975,0.7621070551350568,0.0617903153887094,,,,,,,,,,,True,False,False,True
25,5,Customer Success,Operations,0.0991479490672182,0.4,0.8215802913512926,0.0,0.3301820601046277,0.3301820601046277,0.3301820601046277,0.3301820601046277,0.0264305371561078,False,True,False,integrity,0.0,,P2,0.10912007063058424,0.3781702302371975,0.7621070551350568,0.0,,,,,,,,,,,True,False,False,True
25,6,Customer Success,Operations,0.0938012957186136,0.4,0.8215802913512926,0.1346901867486304,0.3625179434546342,0.3625179434546342,0.3625179434546342,0.3625,0.0262365777529622,False,False,False,attainability,0.0938,0.0,P3,0.10321920464640413,0.3781702302371975,0.7621070551350568,0.1346901867486304,0.0938,0.4,0.8216,0.1347,0.3625,True,[],The provided scores are consistent with the given evidence. No adjustments are necessary.,{},verifier_primary,True,False,False,True
25,7,Customer Success,Operations,0.1019530538294752,0.4,0.7019785382492085,0.65,0.4634828980196709,0.4634828980196709,0.4634828980196709,0.4634828980196709,0.0266068723951451,False,False,False,attainability,0.1019530538294752,,P3,0.1122159412985384,0.3781702302371975,0.6026380509989447,0.65,,,,,,,,,,,True,False,False,False
25,8,Customer Success,Operations,0.1046222933354293,0.4,0.8215802913512926,0.1123091330607962,0.35962792943687955,0.35962792943687955,0.35962792943687955,0.35962792943687955,0.0260272957864344,False,False,False,attainability,0.1046222933354293,,P3,0.11516186346280682,0.3781702302371975,0.7621070551350568,0.1123091330607962,,,,,,,,,,,True,False,False,True
25,9,Customer Success,Operations,0.0993379589842756,0.4,0.8215802913512926,0.0634347334914699,0.3460882459567595,0.3460882459567595,0.3460882459567595,0.3460882459567595,0.0262332179054366,False,True,False,integrity,0.0634347334914699,,P2,0.10932977621333226,0.3781702302371975,0.7621070551350568,0.0634347334914699,,,,,,,,,,,True,False,False,True
25,10,Customer Success,Operations,0.1008640540459545,0.4,0.8215802913512926,0.0,0.3306110863493118,0.3306110863493118,0.3306110863493118,0.3306110863493118,0.0263736787883892,False,True,False,integrity,0.0,,P2,0.11101406016647775,0.3781702302371975,0.7621070551350568,0.0,,,,,,,,,,,True,False,False,True
25,11,Customer Success,Operations,0.0999831643325572,0.4,0.8215802913512926,0.1455335924918683,0.36677426204392954,0.36677426204392954,0.36677426204392954,0.36677426204392954,0.0262163372167616,False,False,False,attainability,0.0999831643325572,,P3,0.11004186095948093,0.3781702302371975,0.7621070551350568,0.1455335924918683,,,,,,,,,,,True,False,False,True
25,12,Customer Success,Operations,0.1145157275638995,0.3725274725274725,0.7110044433613576,0.5487804878048781,0.43670703281440193,0.43670703281440193,0.43670703281440193,0.4117,0.026405085995435,False,False,False,attainability,0.0545,-0.1,P3,0.1260808113913721,0.34969817118212404,0.6146725911484768,0.5487804878048781,0.0545,0.3725,0.671,0.5488,0.4117,True,"[""budget shock reduced allocation and may weaken attainability and coherence""]",The provided scores are consistent with the given evidence. No adjustments are necessary. Final verifier adjustments applied: attainability adjusted by -0.06; coherence adjusted by -0.04.,"{""attainability"": -0.06, ""coherence"": -0.04}",verifier_primary,True,False,False,False
25,13,Customer Success,Operations,0.098210463031344,0.4,0.8215802913512926,0.0,0.32994768859565915,0.32994768859565915,0.32994768859565915,0.32994768859565915,0.0265861515851593,False,True,False,integrity,0.0,,P2,0.10808540855338453,0.3781702302371975,0.7621070551350568,0.0,,,,,,,,,,,True,False,False,True
25,14,Customer Success,Operations,0.0983807029329741,0.4,0.8215802913512926,0.0,0.3299902485710667,0.3299902485710667,0.3299902485710667,0.3299902485710667,0.0264883455195233,False,True,False,integrity,0.0,,P2,0.10827329484022254,0.3781702302371975,0.7621070551350568,0.0,,,,,,,,,,,True,False,False,True
25,15,Customer Success,Operations,0.1024578264651158,0.4,0.8215802913512926,0.0547673101015903,0.34470135697949966,0.34470135697949966,0.34470135697949966,0.34470135697949966,0.0265054736118217,False,True,False,integrity,0.0547673101015903,,P2,0.11277303664046362,0.3781702302371975,0.7621070551350568,0.0547673101015903,,,,,,,,,,,True,False,False,True
25,16,Customer Success,Operations,0.0999837520161365,0.4,0.8215802913512926,0.0,0.3303910108418573,0.3303910108418573,0.3303910108418573,0.3303910108418573,0.0264187045657857,False,True,False,integrity,0.0,,P2,0.1100425095599823,0.3781702302371975,0.7621070551350568,0.0,,,,,,,,,,,True,False,False,True
25,17,Customer Success,Operations,0.0995177715661167,0.4,0.8215802913512926,0.0,0.33027451572935235,0.33027451572935235,0.33027451572935235,0.33027451572935235,0.0265101101141591,False,True,False,integrity,0.0,,P2,0.10952822744600675,0.3781702302371975,0.7621070551350568,0.0,,,,,,,,,,,True,False,False,True
25,18,Customer Success,Operations,0.1095947867081204,0.3725274725274725,0.7110044433613576,0.3500846343593532,0.3858028342390759,0.3858028342390759,0.3858028342390759,0.3858,0.0264951964452255,False,False,False,attainability,0.1096,0.0,P3,0.12064978554908377,0.34969817118212404,0.6146725911484768,0.3500846343593532,0.1096,0.3725,0.711,0.3501,0.3858,True,[],The provided scores are consistent with the given evidence. No adjustments are necessary.,{},verifier_primary,True,False,False,False
25,19,Customer Success,Operations,0.1015265642395903,0.4,0.8215802913512926,0.0424056675337054,0.3413781307811471,0.3413781307811471,0.3413781307811471,0.3413781307811471,0.0263803244342331,False,True,False,integrity,0.0424056675337054,,P2,0.11174524350882374,0.3781702302371975,0.7621070551350568,0.0424056675337054,,,,,,,,,,,True,False,False,True
25,20,Customer Success,Operations,0.1013317434349875,0.4,0.8215802913512926,0.0,0.33072800869657004,0.33072800869657004,0.33072800869657004,0.33072800869657004,0.0263081602352001,False,True,False,integrity,0.0,,P2,0.11153022836122842,0.3781702302371975,0.7621070551350568,0.0,,,,,,,,,,,True,False,False,True
25,21,Customer Success,Operations,0.0998052241196652,0.4,0.8215802913512926,0.0,0.33034637886773943,0.33034637886773943,0.33034637886773943,0.33034637886773943,0.0264654595851711,False,True,False,integrity,0.0,,P2,0.10984547617800895,0.3781702302371975,0.7621070551350568,0.0,,,,,,,,,,,True,False,False,True
25,22,Customer Success,Operations,0.0979588085896982,0.4,0.8215802913512926,0.0,0.3298847749852477,0.3298847749852477,0.3298847749852477,0.3298847749852477,0.0263402348243891,False,True,False,integrity,0.0,,P2,0.10780766862194442,0.3781702302371975,0.7621070551350568,0.0,,,,,,,,,,,True,False,False,True
25,23,Customer Success,Operations,0.0973192879341706,0.4,0.8215802913512926,0.0,0.3297248948213658,0.3297248948213658,0.3297248948213658,0.3297248948213658,0.0263623330861625,False,True,False,integrity,0.0,,P2,0.1071018578209939,0.3781702302371975,0.7621070551350568,0.0,,,,,,,,,,,True,False,False,True
25,24,Customer Success,Operations,0.0029580286886413,0.4,0.8215802913512926,0.0,0.3061345800099835,0.3061345800099835,0.3061345800099835,0.3061345800099835,0.0263996707033199,False,True,False,integrity,0.0,,P2,0.0029594890153439375,0.3781702302371975,0.7621070551350568,0.0,,,,,,,,,,,True,False,False,True
26,1,Infrastructure & DevOps,Operations,0.1027956888343643,0.3851057006664855,0.25,0.75,0.37197534737521243,0.37197534737521243,0.37197534737521243,0.37197534737521243,0.02661877251632,False,False,False,attainability,0.1027956888343643,,P3,0.11314592046741928,0.3627340323616348,0.0,0.75,,,,,,,,,,,True,False,True,False
26,2,Infrastructure & DevOps,Operations,0.0972543997045503,0.3851057006664855,0.25,0.7228701995953862,0.36380757499160554,0.36380757499160554,0.36380757499160554,0.36380757499160554,0.026403827907951,False,False,False,attainability,0.0972543997045503,,P3,0.10703024353781991,0.3627340323616348,0.0,0.7228701995953862,,,,,,,,,,,True,False,True,False
26,3,Infrastructure & DevOps,Operations,0.0996104135034715,0.3851057006664855,0.25,0.4732648168593682,0.3019952327573313,0.3019952327573313,0.3019952327573313,0.3019952327573313,0.0264916790965988,False,True,False,attainability,0.0996104135034715,,P2,0.10963047227491232,0.3627340323616348,0.0,0.4732648168593682,,,,,,,,,,,True,False,True,False
26,4,Infrastructure & DevOps,Operations,0.0998475821132274,0.3851057006664855,0.25,0.0,0.18373832069492824,0.18373832069492824,0.18373832069492824,0.18373832069492824,0.026390036645524,False,True,True,integrity,0.0,,P1,0.10989222483124537,0.3627340323616348,0.0,0.0,,,,,,,,,,,True,False,True,True
26,5,Infrastructure & DevOps,Operations,0.0993245855483117,0.3851057006664855,0.25,0.0499401748058473,0.1960926152551611,0.1960926152551611,0.1960926152551611,0.1960926152551611,0.026130462791627,False,True,True,integrity,0.0499401748058473,,P1,0.10931501654064998,0.3627340323616348,0.0,0.0499401748058473,,,,,,,,,,,True,False,True,True
26,6,Infrastructure & DevOps,Operations,0.0960724619142843,0.3851057006664855,0.25,0.1061084116724172,0.20932164356329677,0.20932164356329677,0.20932164356329677,0.2093,0.0264548379670475,False,True,False,attainability,0.0961,0.0,P2,0.10572579081809799,0.3627340323616348,0.0,0.1061084116724172,0.0961,0.3851,0.25,0.1061,0.2093,True,[],The provided scores are consistent with the given evidence. No adjustments are necessary.,{},verifier_primary,True,False,True,True
26,7,Infrastructure & DevOps,Operations,0.0973766879768863,0.3851057006664855,0.25,0.3884152105044863,0.2802243997869645,0.2802243997869645,0.2802243997869645,0.2802243997869645,0.0265517016093572,False,True,False,attainability,0.0973766879768863,,P2,0.10716520772185104,0.3627340323616348,0.0,0.3884152105044863,,,,,,,,,,,True,False,True,False
26,8,Infrastructure & DevOps,Operations,0.1090428107429362,0.3851057006664855,0.25,0.0290003269469667,0.19328720958909712,0.19328720958909712,0.19328720958909712,0.19328720958909712,0.0255967800464471,False,True,True,integrity,0.0290003269469667,,P1,0.12004059396985217,0.3627340323616348,0.0,0.0290003269469667,,,,,,,,,,,True,False,True,True
26,9,Infrastructure & DevOps,Operations,0.0974926275946638,0.3851057006664855,0.25,0.0,0.1831495820652873,0.1831495820652873,0.1831495820652873,0.1831495820652873,0.0259831414213773,False,True,True,integrity,0.0,,P1,0.10729316517526265,0.3627340323616348,0.0,0.0,,,,,,,,,,,True,False,True,True
26,10,Infrastructure & DevOps,Operations,0.0994720233779173,0.3851057006664855,0.25,0.0,0.18364443101110067,0.18364443101110067,0.18364443101110067,0.18364443101110067,0.0264421965045058,False,True,True,integrity,0.0,,P1,0.10947773718415835,0.3627340323616348,0.0,0.0,,,,,,,,,,,True,False,True,True
26,11,Infrastructure & DevOps,Operations,0.0962394709854363,0.3851057006664855,0.25,0.067142265242026,0.19962185922348694,0.19962185922348694,0.19962185922348694,0.19962185922348694,0.0261013741411475,False,True,True,integrity,0.067142265242026,,P1,0.10591011137953246,0.3627340323616348,0.0,0.067142265242026,,,,,,,,,,,True,False,True,True
26,12,Infrastructure & DevOps,Operations,0.1110336022747555,0.4497242544347761,0.2623287671232877,0.4319371727748691,0.31375594915192206,0.31375594915192206,0.31375594915192206,0.2888,0.0263271926082119,False,True,False,attainability,0.051,-0.1,P1,0.12223774296489076,0.4297035997152039,0.016438356164383567,0.4319371727748691,0.051,0.4497,0.2223,0.4319,0.2888,True,"[""budget shock reduced allocation and may weaken attainability and coherence""]",The provided scores are consistent with the given evidence. No adjustments are necessary. Final verifier adjustments applied: attainability adjusted by -0.06; coherence adjusted by -0.04.,"{""attainability"": -0.06, ""coherence"": -0.04}",verifier_primary,True,False,True,False
26,13,Infrastructure & DevOps,Operations,0.0972557072922112,0.3851057006664855,0.25,0.123781783774203,0.2140357979332249,0.2140357979332249,0.2140357979332249,0.2140357979332249,0.0266641360299136,False,True,False,attainability,0.0972557072922112,,P2,0.10703168666477175,0.3627340323616348,0.0,0.123781783774203,,,,,,,,,,,True,False,True,True
26,14,Infrastructure & DevOps,Operations,0.0989720586315801,0.3851057006664855,0.5268558690265934,0.0943253499661991,0.27631474457271454,0.27631474457271454,0.27631474457271454,0.27631474457271454,0.0266712009683542,False,True,False,integrity,0.0943253499661991,,P2,0.10892594809805266,0.3627340323616348,0.36914115870212455,0.0943253499661991,,,,,,,,,,,True,False,False,True
26,15,Infrastructure & DevOps,Operations,0.0998553595038,0.6351057006664855,0.25,0.25,0.30874026504257135,0.30874026504257135,0.30874026504257135,0.30874026504257135,0.0266543277356352,False,True,False,attainability,0.0998553595038,,P2,0.10990080839492218,0.6218297697628026,0.0,0.25,,,,,,,,,,,True,False,True,True
26,16,Infrastructure & DevOps,Operations,0.1002733679324749,0.3851057006664855,0.25,0.167450181304711,0.22570731247591783,0.22570731247591783,0.22570731247591783,0.22570731247591783,0.0266517349480083,False,True,False,attainability,0.1002733679324749,,P2,0.11036214590028187,0.3627340323616348,0.0,0.167450181304711,,,,,,,,,,,True,False,True,True
26,17,Infrastructure & DevOps,Operations,0.0995195917579332,0.6351057006664855,0.25,0.0292097535823249,0.2534587615016859,0.2534587615016859,0.2534587615016859,0.2534587615016859,0.0266678435288241,False,True,False,integrity,0.0292097535823249,,P2,0.10953023631160443,0.6218297697628026,0.0,0.0292097535823249,,,,,,,,,,,True,False,True,True
26,18,Infrastructure & DevOps,Operations,0.1143836399654243,0.3663521368292459,0.4045468289364275,0.4048937278706454,0.3225440834004358,0.3225440834004358,0.3225440834004358,0.3225,0.0263811729258261,False,True,False,attainability,0.1144,0.0,P2,0.12593503212236867,0.34329815855639695,0.20606243858190335,0.4048937278706454,0.1144,0.3664,0.4045,0.4049,0.3225,True,[],The provided scores are consistent with the given evidence. No adjustments are necessary.,{},verifier_primary,True,False,False,False
26,19,Infrastructure & DevOps,Operations,0.0981715015748188,0.3851057006664855,0.25,0.1077878123900925,0.2102662536578492,0.2102662536578492,0.2102662536578492,0.2102662536578492,0.025734504505163,False,True,False,attainability,0.0981715015748188,,P2,0.10804240850858761,0.3627340323616348,0.0,0.1077878123900925,,,,,,,,,,,True,False,True,True
26,20,Infrastructure & DevOps,Operations,0.1031055920937383,0.3851057006664855,0.25,0.0174098157077469,0.18890527711699268,0.18890527711699268,0.18890527711699268,0.18890527711699268,0.0253621969022227,False,True,True,integrity,0.0174098157077469,,P1,0.1134879470553416,0.3627340323616348,0.0,0.0174098157077469,,,,,,,,,,,True,False,True,True
26,21,Infrastructure & DevOps,Operations,0.098483193573554,0.3851057006664855,0.25,0.0,0.18339722356000987,0.18339722356000987,0.18339722356000987,0.18339722356000987,0.0256460533991143,False,True,True,integrity,0.0,,P1,0.10838640924941695,0.3627340323616348,0.0,0.0,,,,,,,,,,,True,False,True,True
26,22,Infrastructure & DevOps,Operations,0.1010189248362495,0.3851057006664855,0.25,0.0,0.18403115637568374,0.18403115637568374,0.18403115637568374,0.18403115637568374,0.0261446513576778,False,True,True,integrity,0.0,,P1,0.11118498424155984,0.3627340323616348,0.0,0.0,,,,,,,,,,,True,False,True,True
26,23,Infrastructure & DevOps,Operations,0.0974808300605055,0.3851057006664855,0.25,0.0104241652995119,0.1857526740066257,0.1857526740066257,0.1857526740066257,0.1857526740066257,0.0263115746828686,False,True,True,integrity,0.0104241652995119,,P1,0.10728014475604468,0.3627340323616348,0.0,0.0104241652995119,,,,,,,,,,,True,False,True,True
26,24,Infrastructure & DevOps,Operations,0.0018558669741596,0.3851057006664855,0.25,0.1170369799396238,0.1884996368950672,0.1884996368950672,0.1884996368950672,0.1884996368950672,0.0264854571023719,False,True,True,attainability,0.0018558669741596,,P1,0.00174308163936396,0.3627340323616348,0.0,0.1170369799396238,,,,,,,,,,,True,False,True,True
27,1,Infrastructure & DevOps,Operations,0.0955570568984824,0.0466825035212056,0.65,0.7680083343656717,0.39006197369633994,0.39006197369633994,0.39006197369633994,0.39006197369633994,0.0266171918821293,False,False,False,relevance,0.0466825035212056,,P3,0.1051569609861406,0.01199800108956659,0.5333333333333333,0.7680083343656717,,,,,,,,,,,True,True,False,False
27,2,Infrastructure & DevOps,Operations,0.1044675667300139,0.0466825035212056,0.65,0.4417464908499844,0.310724140275301,0.310724140275301,0.310724140275301,0.310724140275301,0.0260368194433088,False,True,False,relevance,0.0466825035212056,,P2,0.11499109851823047,0.01199800108956659,0.5333333333333333,0.4417464908499844,,,,,,,,,,,True,True,False,False
27,3,Infrastructure & DevOps,Operations,0.1007254231896577,0.0466825035212056,0.65,0.4,0.2993519816777158,0.2993519816777158,0.2993519816777158,0.2993519816777158,0.0262421653873244,False,True,False,relevance,0.0466825035212056,,P2,0.11086105939179819,0.01199800108956659,0.5333333333333333,0.4,,,,,,,,,,,True,True,False,False
27,4,Infrastructure & DevOps,Operations,0.1054363364128438,0.0466825035212056,0.65,0.0,0.20052970998351236,0.20052970998351236,0.20052970998351236,0.20052970998351236,0.0261819101429781,False,True,False,integrity,0.0,,P2,0.11606028697972066,0.01199800108956659,0.5333333333333333,0.0,,,,,,,,,,,True,True,False,True
27,5,Infrastructure & DevOps,Operations,0.0983284565058578,0.0466825035212056,0.65,0.0,0.19875274000676585,0.19875274000676585,0.19875274000676585,0.19875274000676585,0.0260233320406198,False,True,True,integrity,0.0,,P1,0.10821563275808174,0.01199800108956659,0.5333333333333333,0.0,,,,,,,,,,,True,True,False,True
27,6,Infrastructure & DevOps,Operations,0.0925316132003047,0.0466825035212056,0.65,0.0,0.19730352918037758,0.19730352918037758,0.19730352918037758,0.2106,0.0257862684076548,False,True,False,relevance,0.05,0.0,P2,0.10181791193215842,0.01199800108956659,0.5333333333333333,0.0,0.0925,0.05,0.65,0.05,0.2106,True,[],The provided scores are consistent with the given evidence. No adjustments are necessary. Final verifier adjustments applied: relevance adjusted by +0.00; integrity adjusted by +0.05.,"{""relevance"": 0.0033, ""integrity"": 0.05}",verifier_primary,True,True,False,True
27,7,Infrastructure & DevOps,Operations,0.110000383457617,0.0466825035212056,0.65,0.4,0.30167072174470566,0.30167072174470566,0.30167072174470566,0.30167072174470566,0.0264361469500803,False,True,False,relevance,0.0466825035212056,,P2,0.12109742483039666,0.01199800108956659,0.5333333333333333,0.4,,,,,,,,,,,True,True,False,False
27,8,Infrastructure & DevOps,Operations,0.1144119991526746,0.0466825035212056,0.65,0.0,0.20277362566847007,0.20277362566847007,0.20277362566847007,0.20277362566847007,0.0262727798294472,False,True,False,integrity,0.0,,P2,0.1259663309091935,0.01199800108956659,0.5333333333333333,0.0,,,,,,,,,,,True,True,False,True
27,9,Infrastructure & DevOps,Operations,0.1042614162501678,0.0466825035212056,0.65,0.0,0.20023597994284337,0.20023597994284337,0.20023597994284337,0.20023597994284337,0.026337677040909,False,True,False,integrity,0.0,,P2,0.11476357930671029,0.01199800108956659,0.5333333333333333,0.0,,,,,,,,,,,True,True,False,True
27,10,Infrastructure & DevOps,Operations,0.1070538559054185,0.0466825035212056,0.65,0.0,0.20093408985665603,0.20093408985665603,0.20093408985665603,0.20093408985665603,0.0264742412257117,False,True,False,integrity,0.0,,P2,0.11784547205347774,0.01199800108956659,0.5333333333333333,0.0,,,,,,,,,,,True,True,False,True
27,11,Infrastructure & DevOps,Operations,0.0982604741668408,0.0466825035212056,0.65,0.166954423520893,0.24047435030223485,0.24047435030223485,0.24047435030223485,0.24047435030223485,0.0263574745246392,False,True,False,relevance,0.0466825035212056,,P2,0.10814060364254444,0.01199800108956659,0.5333333333333333,0.166954423520893,,,,,,,,,,,True,True,False,True
27,12,Infrastructure & DevOps,Operations,0.0995154377219835,0.144582451321537,0.4769230769230769,0.2349397590361445,0.23899018125068547,0.23899018125068547,0.23899018125068547,0.1916,0.0266331185234011,False,True,True,attainability,0.05,-0.1,P1,0.10952565168495398,0.11345983775701736,0.30256410256410254,0.2349397590361445,0.05,0.1446,0.4369,0.1349,0.1916,True,"[""budget shock reduced allocation and may weaken attainability and coherence"", ""integrity is too high compared to weak needle move and efficiency evidence""]","The scores are generally consistent with the provided evidence, with the exception of the integrity score. The integrity score of 0.235 is too high given the weak needle move (0.2539) and efficiency (0.0651) evidence, so it has been adjusted downward by 0.10 to 0.135. Final verifier adjustments applied: attainability adjusted by -0.05; coherence adjusted by -0.04; integrity adjusted by -0.10.","{""attainability"": -0.0495, ""coherence"": -0.04, ""integrity"": -0.1}",verifier_primary,True,True,False,True
27,13,Infrastructure & DevOps,Operations,0.0954372052818337,0.0466825035212056,0.65,0.0,0.19802992720075985,0.19802992720075985,0.19802992720075985,0.19802992720075985,0.0266399117889354,False,True,True,integrity,0.0,,P1,0.10502468603174957,0.01199800108956659,0.5333333333333333,0.0,,,,,,,,,,,True,True,False,True
27,14,Infrastructure & DevOps,Operations,0.0970216955621321,0.0466825035212056,0.65,0.0,0.19842604977083445,0.19842604977083445,0.19842604977083445,0.19842604977083445,0.0264775668659491,False,True,True,integrity,0.0,,P1,0.10677341821759755,0.01199800108956659,0.5333333333333333,0.0,,,,,,,,,,,True,True,False,True
27,15,Infrastructure & DevOps,Operations,0.0970618186597819,0.0466825035212056,0.65,0.1623747604088585,0.2390297706474615,0.2390297706474615,0.2390297706474615,0.2390297706474615,0.0263590792586956,False,True,False,relevance,0.0466825035212056,,P2,0.10681770031457762,0.01199800108956659,0.5333333333333333,0.1623747604088585,,,,,,,,,,,True,True,False,True
27,16,Infrastructure & DevOps,Operations,0.1008526213480311,0.0466825035212056,0.65,0.0111226110537821,0.2021644339807547,0.2021644339807547,0.2021644339807547,0.2021644339807547,0.0263127504953371,False,True,False,integrity,0.0111226110537821,,P2,0.11100144240095508,0.01199800108956659,0.5333333333333333,0.0111226110537821,,,,,,,,,,,True,True,False,True
27,17,Infrastructure & DevOps,Operations,0.1034555998284779,0.0466825035212056,0.65,0.0,0.2000345258374209,0.2000345258374209,0.2000345258374209,0.2000345258374209,0.0263450348889191,False,True,False,integrity,0.0,,P2,0.11387423518764848,0.01199800108956659,0.5333333333333333,0.0,,,,,,,,,,,True,True,False,True
27,18,Infrastructure & DevOps,Operations,0.1477752200294275,0.144582451321537,0.6368035190615836,0.3057033857602428,0.3087161440431977,0.3087161440431977,0.3087161440431977,0.3087,0.0264229975993677,False,True,False,relevance,0.1446,0.0,P2,0.16278784941023852,0.11345983775701736,0.5157380254154448,0.3057033857602428,0.1478,0.1446,0.6368,0.3057,0.3087,True,[],The provided scores are consistent with the given evidence. No adjustments are necessary.,{},verifier_primary,True,True,False,True
27,19,Infrastructure & DevOps,Operations,0.1016095110340383,0.0466825035212056,0.65,0.0048528301260349,0.2007862111703197,0.2007862111703197,0.2007862111703197,0.2007862111703197,0.0263478384058466,False,True,False,integrity,0.0048528301260349,,P2,0.11183678823520528,0.01199800108956659,0.5333333333333333,0.0048528301260349,,,,,,,,,,,True,True,False,True
27,20,Infrastructure & DevOps,Operations,0.0996634420274736,0.0466825035212056,0.65,0.0,0.1990864863871698,0.1990864863871698,0.1990864863871698,0.1990864863871698,0.0265035776576868,False,True,True,integrity,0.0,,P1,0.10968899752296435,0.01199800108956659,0.5333333333333333,0.0,,,,,,,,,,,True,True,False,True
27,21,Infrastructure & DevOps,Operations,0.0996029417127743,0.0466825035212056,0.65,0.37958284071705,0.29396707148775747,0.29396707148775747,0.29396707148775747,0.29396707148775747,0.0264161446671062,False,True,False,relevance,0.0466825035212056,,P2,0.10962222598836795,0.01199800108956659,0.5333333333333333,0.37958284071705,,,,,,,,,,,True,True,False,False
27,22,Infrastructure & DevOps,Operations,0.1020590244468173,0.0466825035212056,0.65,0.0,0.19968538199200572,0.19968538199200572,0.19968538199200572,0.19968538199200572,0.0261274380874662,False,True,True,integrity,0.0,,P1,0.11233289640492468,0.01199800108956659,0.5333333333333333,0.0,,,,,,,,,,,True,True,False,True
27,23,Infrastructure & DevOps,Operations,0.0967131857339119,0.0466825035212056,0.65,0.0,0.19834892231377937,0.19834892231377937,0.19834892231377937,0.19834892231377937,0.0259777416661516,False,True,True,integrity,0.0,,P1,0.10643292949831207,0.01199800108956659,0.5333333333333333,0.0,,,,,,,,,,,True,True,False,True
27,24,Infrastructure & DevOps,Operations,0.0023873398942726,0.0466825035212056,0.65,0.0,0.17476746085386957,0.17476746085386957,0.17476746085386957,0.17476746085386957,0.0262167890903974,False,True,True,integrity,0.0,,P1,0.0023296449101296176,0.01199800108956659,0.5333333333333333,0.0,,,,,,,,,,,True,True,False,True
28,1,Data & Analytics,Operations,0.1057847689689346,0.4,1.0,0.75,0.5639461922422336,0.5639461922422336,0.5639461922422336,0.5639461922422336,0.0266439273165676,False,False,False,attainability,0.1057847689689346,,P3,0.11644483665667955,0.3781702302371975,1.0,0.75,,,,,,,,,,,True,False,False,False
28,2,Data & Analytics,Operations,0.0919266716037773,0.4,1.0,0.7464747592949773,0.5596003577246886,0.5596003577246886,0.5596003577246886,0.5596003577246886,0.0262946260700112,False,False,False,attainability,0.0919266716037773,,P3,0.10115026451673437,0.3781702302371975,1.0,0.7464747592949773,,,,,,,,,,,True,False,False,False
28,3,Data & Analytics,Operations,0.1046481758383221,0.4,1.0,0.5249620161562183,0.507402547998635,0.507402547998635,0.507402547998635,0.507402547998635,0.0264113850312321,False,False,False,attainability,0.1046481758383221,,P3,0.11519042884211,0.3781702302371975,1.0,0.5249620161562183,,,,,,,,,,,True,False,False,False
28,4,Data & Analytics,Operations,0.1007890130400391,0.4,1.0,0.1314188417361115,0.4080519636940376,0.4080519636940376,0.4080519636940376,0.4080519636940376,0.0263818842300851,False,False,False,attainability,0.1007890130400391,,P3,0.1109312407109504,0.3781702302371975,1.0,0.1314188417361115,,,,,,,,,,,True,False,False,True
28,5,Data & Analytics,Operations,0.1006427898211963,0.4,1.0,0.0550095803836302,0.38891309255120665,0.38891309255120665,0.38891309255120665,0.38891309255120665,0.0258506198550157,False,False,False,integrity,0.0550095803836302,,P3,0.11076986057988357,0.3781702302371975,1.0,0.0550095803836302,,,,,,,,,,,True,False,False,True
28,6,Data & Analytics,Operations,0.099740299291213,0.4,1.0,0.0,0.3749350748228033,0.3749350748228033,0.3749350748228033,0.3749,0.0261608189438687,False,False,False,integrity,0.05,0.0,P3,0.10977382150231497,0.3781702302371975,1.0,0.0,0.0997,0.4,0.95,0.05,0.3749,True,[],The provided scores are consistent with the given evidence. No adjustments are necessary. Final verifier adjustments applied: coherence adjusted by -0.05; integrity adjusted by +0.05.,"{""coherence"": -0.05, ""integrity"": 0.05}",verifier_primary,True,False,False,True
28,7,Data & Analytics,Operations,0.0964832270738343,0.4,1.0,0.3266448933482217,0.45578203010551405,0.45578203010551405,0.45578203010551405,0.45578203010551405,0.0265496359522375,False,False,False,attainability,0.0964832270738343,,P3,0.10617913424611498,0.3781702302371975,1.0,0.3266448933482217,,,,,,,,,,,True,False,False,True
28,8,Data & Analytics,Operations,0.101188349442269,0.4,1.0,0.0,0.3752970873605672,0.3752970873605672,0.3752970873605672,0.3752970873605672,0.0266098390349667,False,False,False,integrity,0.0,,P3,0.11137197072251516,0.3781702302371975,1.0,0.0,,,,,,,,,,,True,False,False,True
28,9,Data & Analytics,Operations,0.1010474918210546,0.4,1.0,0.0730987649388103,0.3935365641899663,0.3935365641899663,0.3935365641899663,0.3935365641899663,0.0265915911735343,False,False,False,integrity,0.0730987649388103,,P3,0.11121651236540034,0.3781702302371975,1.0,0.0730987649388103,,,,,,,,,,,True,False,False,True
28,10,Data & Analytics,Operations,0.0997480462336353,0.4,1.0,0.0,0.37493701155840886,0.37493701155840886,0.37493701155840886,0.37493701155840886,0.0266160151037648,False,False,False,integrity,0.0,,P3,0.10978237146170837,0.3781702302371975,1.0,0.0,,,,,,,,,,,True,False,False,True
28,11,Data & Analytics,Operations,0.1029467949575617,0.4,1.0,0.0260951626429649,0.38226048940013163,0.38226048940013163,0.38226048940013163,0.38226048940013163,0.0264797533626892,False,False,False,integrity,0.0260951626429649,,P3,0.11331268964511614,0.3781702302371975,1.0,0.0260951626429649,,,,,,,,,,,True,False,False,True
28,12,Data & Analytics,Operations,0.1095053331721371,0.3722222222222222,0.7222222222222222,0.4705882352941176,0.41863450322767476,0.41863450322767476,0.41863450322767476,0.3938,0.0265876159363666,False,False,False,attainability,0.05,-0.1,P3,0.12055105961844416,0.349381814970401,0.6296296296296297,0.4705882352941176,0.05,0.3722,0.6822,0.4706,0.3938,True,"[""budget shock reduced allocation and may weaken attainability and coherence""]",The provided scores are consistent with the given evidence. No adjustments are necessary. Final verifier adjustments applied: attainability adjusted by -0.06; coherence adjusted by -0.04.,"{""attainability"": -0.0595, ""coherence"": -0.04}",verifier_primary,True,False,False,False
28,13,Data & Analytics,Operations,0.100048720529082,0.4,1.0,0.0,0.37501218013227056,0.37501218013227056,0.37501218013227056,0.37501218013227056,0.0266628104365169,False,False,False,integrity,0.0,,P3,0.11011421244832886,0.3781702302371975,1.0,0.0,,,,,,,,,,,True,False,False,True
28,14,Data & Analytics,Operations,0.0965846006596918,0.4,1.0,0.0,0.3741461501649229,0.3741461501649229,0.3741461501649229,0.3741461501649229,0.026479196041264,False,False,False,integrity,0.0,,P3,0.10629101581117603,0.3781702302371975,1.0,0.0,,,,,,,,,,,True,False,False,True
28,15,Data & Analytics,Operations,0.1043270998883167,0.4,1.0,0.0,0.3760817749720792,0.3760817749720792,0.3760817749720792,0.3760817749720792,0.0262327630911949,False,False,False,integrity,0.0,,P3,0.1148360714472698,0.3781702302371975,1.0,0.0,,,,,,,,,,,True,False,False,True
28,16,Data & Analytics,Operations,0.0975046077187608,0.4,1.0,0.0,0.3743761519296902,0.3743761519296902,0.3743761519296902,0.3743761519296902,0.0265415635633813,False,False,False,integrity,0.0,,P3,0.1073063871109598,0.3781702302371975,1.0,0.0,,,,,,,,,,,True,False,False,True
28,17,Data & Analytics,Operations,0.1004172104875815,0.4,1.0,0.0,0.3751043026218954,0.3751043026218954,0.3751043026218954,0.3751043026218954,0.0266130380572182,False,False,False,integrity,0.0,,P3,0.11052089859756073,0.3781702302371975,1.0,0.0,,,,,,,,,,,True,False,False,True
28,18,Data & Analytics,Operations,0.1135502803611159,0.3725274725274725,0.886117136659436,0.543728423475259,0.4789808282558209,0.4789808282558209,0.4789808282558209,0.479,0.0264289885591067,False,False,False,attainability,0.1136,0.0,P3,0.1250152898048802,0.34969817118212404,0.8481561822125814,0.543728423475259,0.1136,0.3725,0.8861,0.5437,0.479,True,[],The provided scores are consistent with the given evidence. No adjustments are necessary.,{},verifier_primary,True,False,False,False
28,19,Data & Analytics,Operations,0.1020787146026448,0.4,1.0,0.0,0.37551967865066116,0.37551967865066116,0.37551967865066116,0.37551967865066116,0.0258879123090249,False,False,False,integrity,0.0,,P3,0.11235462756330919,0.3781702302371975,1.0,0.0,,,,,,,,,,,True,False,False,True
28,20,Data & Analytics,Operations,0.0997128631879044,0.4,1.0,0.0,0.3749282157969761,0.3749282157969761,0.3749282157969761,0.3749282157969761,0.0260631226618576,False,False,False,integrity,0.0,,P3,0.10974354148260985,0.3781702302371975,1.0,0.0,,,,,,,,,,,True,False,False,True
28,21,Data & Analytics,Operations,0.1016437359203546,0.4,1.0,0.0719726093470709,0.39340408631685636,0.39340408631685636,0.39340408631685636,0.39340408631685636,0.0262053393539573,False,False,False,integrity,0.0719726093470709,,P3,0.11187456073592836,0.3781702302371975,1.0,0.0719726093470709,,,,,,,,,,,True,False,False,True
28,22,Data & Analytics,Operations,0.0995161038795094,0.4,1.0,0.1390628942099208,0.4096447495223575,0.4096447495223575,0.4096447495223575,0.4096447495223575,0.0264452425592511,False,False,False,attainability,0.0995161038795094,,P3,0.10952638689369644,0.3781702302371975,1.0,0.1390628942099208,,,,,,,,,,,True,False,False,True
28,23,Data & Analytics,Operations,0.0968245603559093,0.4,1.0,0.0201154567436477,0.37923500427488926,0.37923500427488926,0.37923500427488926,0.37923500427488926,0.0263486330420822,False,False,False,integrity,0.0201154567436477,,P3,0.10655584876679558,0.3781702302371975,1.0,0.0201154567436477,,,,,,,,,,,True,False,False,True
28,24,Data & Analytics,Operations,0.0021636253001948,0.4,1.0,0.0,0.35054090632504875,0.35054090632504875,0.35054090632504875,0.35054090632504875,0.0265312095054425,False,False,False,integrity,0.0,,P3,0.002082740958762941,0.3781702302371975,1.0,0.0,,,,,,,,,,,True,False,False,True
29,1,Data & Analytics,Operations,0.0968829035079865,0.75,0.65,0.75,0.5617207258769966,0.5617207258769966,0.5617207258769966,0.5617207258769966,0.0265377966047174,False,False,False,attainability,0.0968829035079865,,P3,0.10662023953594692,0.7409042625988322,0.5333333333333333,0.75,,,,,,,,,,,True,False,False,False
29,2,Data & Analytics,Operations,0.0995030737472615,0.75,0.65,0.7691965803866416,0.5671749135334758,0.5671749135334758,0.5671749135334758,0.5671749135334758,0.0263518741402201,False,False,False,attainability,0.0995030737472615,,P3,0.10951200611021604,0.7409042625988322,0.5333333333333333,0.7691965803866416,,,,,,,,,,,True,False,False,False
29,3,Data & Analytics,Operations,0.1066432666467949,0.75,0.65,0.4443155009284613,0.48773969189381405,0.48773969189381405,0.48773969189381405,0.48773969189381405,0.0263982842830448,False,False,False,attainability,0.1066432666467949,,P3,0.11739232275957148,0.7409042625988322,0.5333333333333333,0.4443155009284613,,,,,,,,,,,True,False,False,False
29,4,Data & Analytics,Operations,0.0974398643410703,0.75,0.65,0.0644162106855077,0.3904640187566445,0.3904640187566445,0.3904640187566445,0.3904640187566445,0.0263728148454043,False,False,False,integrity,0.0644162106855077,,P3,0.10723493269448552,0.7409042625988322,0.5333333333333333,0.0644162106855077,,,,,,,,,,,True,False,False,True
29,5,Data & Analytics,Operations,0.1032356744247117,0.75,0.65,0.0941103804976483,0.39933651373059,0.39933651373059,0.39933651373059,0.39933651373059,0.0260730507796232,False,False,False,integrity,0.0941103804976483,,P3,0.11363151319885903,0.7409042625988322,0.5333333333333333,0.0941103804976483,,,,,,,,,,,True,False,False,True
29,6,Data & Analytics,Operations,0.0984968824434477,0.75,0.65,0.0,0.3746242206108619,0.3746242206108619,0.3746242206108619,0.3871,0.0262179373379486,False,False,False,integrity,0.05,0.0,P3,0.10840151705264468,0.7409042625988322,0.5333333333333333,0.0,0.0985,0.75,0.65,0.05,0.3871,True,[],The provided scores are consistent with the given evidence. No adjustments are necessary. Final verifier adjustments applied: integrity adjusted by +0.05.,"{""integrity"": 0.05}",verifier_primary,True,False,False,True
29,7,Data & Analytics,Operations,0.0985457150140713,0.75,0.65,0.4344530213467863,0.4832496840902144,0.4832496840902144,0.4832496840902144,0.4832496840902144,0.0264847223244706,False,False,False,attainability,0.0985457150140713,,P3,0.10845541141162497,0.7409042625988322,0.5333333333333333,0.4344530213467863,,,,,,,,,,,True,False,False,False
29,8,Data & Analytics,Operations,0.1089929106711665,0.75,0.65,0.0,0.37724822766779165,0.37724822766779165,0.37724822766779165,0.37724822766779165,0.0262347067676605,False,False,False,integrity,0.0,,P3,0.11998552145683974,0.7409042625988322,0.5333333333333333,0.0,,,,,,,,,,,True,False,False,True
29,9,Data & Analytics,Operations,0.1017191382818843,0.75,0.65,0.0,0.37542978457047105,0.37542978457047105,0.37542978457047105,0.37542978457047105,0.0265736351713672,False,False,False,integrity,0.0,,P3,0.11195777900374324,0.7409042625988322,0.5333333333333333,0.0,,,,,,,,,,,True,False,False,True
29,10,Data & Analytics,Operations,0.1001425323272358,0.75,0.65,0.0,0.375035633081809,0.375035633081809,0.375035633081809,0.375035633081809,0.0265507011148046,False,False,False,integrity,0.0,,P3,0.11021774840111044,0.7409042625988322,0.5333333333333333,0.0,,,,,,,,,,,True,False,False,True
29,11,Data & Analytics,Operations,0.1032627225319356,0.75,0.65,0.133845805463324,0.4092771319988149,0.4092771319988149,0.4092771319988149,0.4092771319988149,0.0265795913930552,False,False,False,attainability,0.1032627225319356,,P3,0.11366136500436193,0.7409042625988322,0.5333333333333333,0.133845805463324,,,,,,,,,,,True,False,False,True
29,12,Data & Analytics,Operations,0.0999235813659121,0.6177685950413224,0.4688427749166919,0.3803182235867388,0.3917132937276663,0.3917132937276663,0.3917132937276663,0.3692,0.0265357575392578,False,False,False,attainability,0.05,-0.1,P3,0.10997610186155767,0.6038618890973882,0.2917903665555892,0.3803182235867388,0.05,0.6178,0.4288,0.3803,0.3692,True,"[""budget shock reduced allocation and may weaken attainability and coherence""]",The provided scores are consistent with the given evidence. No adjustments are necessary. Final verifier adjustments applied: attainability adjusted by -0.05; coherence adjusted by -0.04.,"{""attainability"": -0.0499, ""coherence"": -0.04}",verifier_primary,True,False,False,False
29,13,Data & Analytics,Operations,0.0988514415484356,0.75,0.65,0.0,0.37471286038710894,0.37471286038710894,0.37471286038710894,0.37471286038710894,0.0265694747364977,False,False,False,integrity,0.0,,P3,0.10879282833197991,0.7409042625988322,0.5333333333333333,0.0,,,,,,,,,,,True,False,False,True
29,14,Data & Analytics,Operations,0.1008767694089649,0.75,0.65,0.0,0.3752191923522412,0.3752191923522412,0.3752191923522412,0.3752191923522412,0.0266126373174885,False,False,False,integrity,0.0,,P3,0.11102809355300432,0.7409042625988322,0.5333333333333333,0.0,,,,,,,,,,,True,False,False,True
29,15,Data & Analytics,Operations,0.1025684797224101,0.75,0.65,0.0949588747416448,0.39938183861601373,0.39938183861601373,0.39938183861601373,0.39938183861601373,0.026531972273453,False,False,False,integrity,0.0949588747416448,,P3,0.11289515977047299,0.7409042625988322,0.5333333333333333,0.0949588747416448,,,,,,,,,,,True,False,False,True
29,16,Data & Analytics,Operations,0.1030691315199891,0.75,0.65,0.0,0.3757672828799973,0.3757672828799973,0.3757672828799973,0.3757672828799973,0.0262535015308389,False,False,False,integrity,0.0,,P3,0.11344770712479578,0.7409042625988322,0.5333333333333333,0.0,,,,,,,,,,,True,False,False,True
29,17,Data & Analytics,Operations,0.0970729229034275,0.75,0.65,0.0,0.3742682307258569,0.3742682307258569,0.3742682307258569,0.3742682307258569,0.026374729915981,False,False,False,integrity,0.0,,P3,0.10682995557956977,0.7409042625988322,0.5333333333333333,0.0,,,,,,,,,,,True,False,False,True
29,18,Data & Analytics,Operations,0.1308394036311247,0.5769230769230769,0.6551219512195122,0.2963230391198973,0.4148018677234028,0.4148018677234028,0.4148018677234028,0.3698,0.0258482413704043,False,False,False,attainability,0.1308,0.0,P3,0.14409653422984697,0.5615302905518699,0.5401626016260163,0.2963230391198973,0.1308,0.5769,0.5751,0.1963,0.3698,True,"[""coherence reduced because weighted_goal_status_score is in the deep red zone"", ""integrity score is too high compared to weak needle move and efficiency evidence""]","The scores are generally consistent with the provided evidence, with the exception of the integrity score. The integrity score of 0.296 is too high given the weak needle move and efficiency evidence. An adjustment of -0.10 is recommended to better align the integrity score with the supporting data. Final verifier adjustments applied: coherence adjusted by -0.08; integrity adjusted by -0.10.","{""coherence"": -0.08, ""integrity"": -0.1}",verifier_primary,True,False,False,True
29,19,Data & Analytics,Operations,0.1017710042498118,0.75,0.65,0.1053859227542828,0.40178923175102366,0.40178923175102366,0.40178923175102366,0.40178923175102366,0.0254857236017225,False,False,False,attainability,0.1017710042498118,,P3,0.11201502118982208,0.7409042625988322,0.5333333333333333,0.1053859227542828,,,,,,,,,,,True,False,False,True
29,20,Data & Analytics,Operations,0.098318968265362,0.75,0.65,0.0,0.3745797420663405,0.3745797420663405,0.3745797420663405,0.3745797420663405,0.0260159370931175,False,False,False,integrity,0.0,,P3,0.10820516100464256,0.7409042625988322,0.5333333333333333,0.0,,,,,,,,,,,True,False,False,True
29,21,Data & Analytics,Operations,0.1051306644147308,0.75,0.65,0.0,0.3762826661036827,0.3762826661036827,0.3762826661036827,0.3762826661036827,0.0260015730502812,False,False,False,integrity,0.0,,P3,0.11572293024862604,0.7409042625988322,0.5333333333333333,0.0,,,,,,,,,,,True,False,False,True
29,22,Data & Analytics,Operations,0.1034461695502054,0.75,0.65,0.0,0.3758615423875513,0.3758615423875513,0.3758615423875513,0.3758615423875513,0.0259763953686469,False,False,False,integrity,0.0,,P3,0.11386382740456412,0.7409042625988322,0.5333333333333333,0.0,,,,,,,,,,,True,False,False,True
29,23,Data & Analytics,Operations,0.091406165889548,0.75,0.65,0.0,0.37285154147238697,0.37285154147238697,0.37285154147238697,0.37285154147238697,0.0255418319188633,False,False,False,integrity,0.0,,P3,0.10057580526841436,0.7409042625988322,0.5333333333333333,0.0,,,,,,,,,,,True,False,False,True
29,24,Data & Analytics,Operations,0.0032995300435597,0.75,0.65,0.0,0.35082488251088995,0.35082488251088995,0.35082488251088995,0.35082488251088995,0.0263001343462403,False,False,False,integrity,0.0,,P3,0.0033363890306245853,0.7409042625988322,0.5333333333333333,0.0,,,,,,,,,,,True,False,False,True
30,1,Finance & Legal,G&A,0.1165797263733048,0.3851057006664855,0.966553216359545,0.75,0.5545596608498338,0.5545596608498338,0.5545596608498338,0.5545596608498338,0.0266733588744856,False,False,False,attainability,0.1165797263733048,,P3,0.12835875603668684,0.3627340323616348,0.9554042884793934,0.75,,,,,,,,,,,True,False,False,False
30,2,Finance & Legal,G&A,0.8627641602034362,0.3851057006664855,0.966553216359545,1.0,0.8036057693073667,0.8036057693073667,0.8036057693073667,0.8036057693073667,0.0265566317628856,False,False,False,relevance,0.3851057006664855,,P4,0.9518896746181322,0.3627340323616348,0.9554042884793934,1.0,,,,,,,,,,,False,False,False,False
30,3,Finance & Legal,G&A,0.1238099997513482,0.3851057006664855,0.966553216359545,0.5866765905797615,0.5155363768392851,0.5155363768392851,0.5155363768392851,0.5155363768392851,0.0265393195754605,False,False,False,attainability,0.1238099997513482,,P3,0.13633849054555566,0.3627340323616348,0.9554042884793934,0.5866765905797615,,,,,,,,,,,True,False,False,False
30,4,Finance & Legal,G&A,0.0976175957170044,0.3851057006664855,0.966553216359545,0.0,0.36231912818575873,0.36231912818575873,0.36231912818575873,0.36231912818575873,0.0263820641596485,False,False,False,integrity,0.0,,P3,0.1074310869917984,0.3627340323616348,0.9554042884793934,0.0,,,,,,,,,,,True,False,False,True
30,5,Finance & Legal,G&A,0.1093986675492061,0.3851057006664855,0.966553216359545,0.1723889776811737,0.4083616405641026,0.4083616405641026,0.4083616405641026,0.4083616405641026,0.0250726350584592,False,False,False,attainability,0.1093986675492061,,P3,0.12043333746497797,0.3627340323616348,0.9554042884793934,0.1723889776811737,,,,,,,,,,,True,False,False,True
30,6,Finance & Legal,G&A,0.0951628955513484,0.3851057006664855,0.966553216359545,0.1849071372797313,0.4079322374642776,0.4079322374642776,0.4079322374642776,0.3788,0.0251430435745734,False,False,False,integrity,0.0849,0.0,P3,0.10472194245512087,0.3627340323616348,0.9554042884793934,0.1849071372797313,0.0952,0.3851,0.95,0.0849,0.3788,True,"[""Integrity score of 0.185 is too high given weak needle move (0.286) and efficiency (0.115) evidence""]","The scores provided are generally consistent with the given evidence, with the exception of the integrity score. The integrity score of 0.185 is too high given the weak needle move and efficiency evidence, so it has been adjusted downward by 0.10. Final verifier adjustments applied: coherence adjusted by -0.02; integrity adjusted by -0.10.","{""coherence"": -0.0166, ""integrity"": -0.1}",verifier_primary,True,False,False,True
30,7,Finance & Legal,G&A,0.0923245676560123,0.3851057006664855,0.966553216359545,0.4,0.4609958711705108,0.4609958711705108,0.4609958711705108,0.4609958711705108,0.0265757929128364,False,False,False,attainability,0.0923245676560123,,P3,0.10158940487740238,0.3627340323616348,0.9554042884793934,0.4,,,,,,,,,,,True,False,False,False
30,8,Finance & Legal,G&A,0.0911615135926817,0.3851057006664855,0.966553216359545,0.25,0.42320510765467806,0.42320510765467806,0.42320510765467806,0.42320510765467806,0.0262813069320185,False,False,False,attainability,0.0911615135926817,,P3,0.10030579329598928,0.3627340323616348,0.9554042884793934,0.25,,,,,,,,,,,True,False,False,True
30,9,Finance & Legal,G&A,0.112915175918198,0.3851057006664855,0.7384784329096119,0.3133125948028579,0.3874529760742883,0.3874529760742883,0.3874529760742883,0.3874529760742883,0.0264680609689528,False,False,False,attainability,0.112915175918198,,P3,0.12431435298342082,0.3627340323616348,0.6513045772128159,0.3133125948028579,,,,,,,,,,,True,False,False,True
30,10,Finance & Legal,G&A,0.0991599166166362,0.3851057006664855,0.966553216359545,0.25,0.4252047084106667,0.4252047084106667,0.4252047084106667,0.4252047084106667,0.0264437066393152,False,False,False,attainability,0.0991599166166362,,P3,0.10913327868816161,0.3627340323616348,0.9554042884793934,0.25,,,,,,,,,,,True,False,False,True
30,11,Finance & Legal,G&A,0.1073502553321125,0.3851057006664855,0.966553216359545,0.2623052761437701,0.4303286121254783,0.4303286121254783,0.4303286121254783,0.4303286121254783,0.0263062289644698,False,False,False,attainability,0.1073502553321125,,P3,0.11817259505560122,0.3627340323616348,0.9554042884793934,0.2623052761437701,,,,,,,,,,,True,False,False,True
30,12,Finance & Legal,G&A,0.1125304420039304,0.3799440721395986,0.7117262027038862,0.4803999389081789,0.4211501639388985,0.4211501639388985,0.4211501639388985,0.3962,0.0264771132136659,False,False,False,attainability,0.0525,-0.1,P3,0.123889739095136,0.35738460856417614,0.6156349369385149,0.4803999389081789,0.0525,0.3799,0.6717,0.4804,0.3962,True,"[""budget shock reduced allocation and may weaken attainability and coherence""]",The provided scores are consistent with the given evidence. No adjustments are necessary. Final verifier adjustments applied: attainability adjusted by -0.06; coherence adjusted by -0.04.,"{""attainability"": -0.06, ""coherence"": -0.04}",verifier_primary,True,False,False,False
30,13,Finance & Legal,G&A,0.0992762924470603,0.3851057006664855,0.7753266296825617,0.408714537932542,0.4171057901821623,0.4171057901821623,0.4171057901821623,0.4171057901821623,0.0266307017549406,False,False,False,attainability,0.0992762924470603,,P3,0.1092617175702727,0.3627340323616348,0.7004355062434157,0.408714537932542,,,,,,,,,,,True,False,False,False
30,14,Finance & Legal,G&A,0.1023986319678054,0.3851057006664855,0.7792475253631683,0.6,0.4666879644993648,0.4666879644993648,0.4666879644993648,0.4666879644993648,0.0266465232099908,False,False,False,attainability,0.1023986319678054,,P3,0.11270770627904778,0.3627340323616348,0.7056633671508911,0.6,,,,,,,,,,,True,False,False,False
30,15,Finance & Legal,G&A,0.1027579028227938,0.6351057006664855,0.6165532163595451,0.3462460366888984,0.4251657141344307,0.4251657141344307,0.4251657141344307,0.4251657141344307,0.0265828433065254,False,False,False,attainability,0.1027579028227938,,P3,0.11310421770948523,0.6218297697628026,0.4887376218127268,0.3462460366888984,,,,,,,,,,,True,False,False,True
30,16,Finance & Legal,G&A,0.1000989400025664,0.3851057006664855,0.6165532163595451,0.562648837460387,0.4161016736222459,0.4161016736222459,0.4161016736222459,0.4161016736222459,0.0266170203042984,False,False,False,attainability,0.1000989400025664,,P3,0.11016963747095633,0.3627340323616348,0.4887376218127268,0.562648837460387,,,,,,,,,,,True,False,False,False
30,17,Finance & Legal,G&A,0.1002518335027933,0.6351057006664855,0.6165532163595451,0.5881995805920728,0.4850275827802242,0.4850275827802242,0.4850275827802242,0.4850275827802242,0.0266165014327332,False,False,False,attainability,0.1002518335027933,,P3,0.11033837929801467,0.6218297697628026,0.4887376218127268,0.5881995805920728,,,,,,,,,,,True,False,False,False
30,18,Finance & Legal,G&A,0.1145610278371744,0.568937463093211,0.6494126658566284,0.5557727750617065,0.4721709829621801,0.4721709829621801,0.4721709829621801,0.4722,0.0262223693885795,False,False,False,attainability,0.1146,0.0,P3,0.12613080730923196,0.5532541365364697,0.5325502211421712,0.5557727750617065,0.1146,0.5689,0.6494,0.5558,0.4722,True,[],The provided scores are consistent with the given evidence. No adjustments are necessary.,{},verifier_primary,True,False,False,False
30,19,Finance & Legal,G&A,0.0993201224567035,0.3851057006664855,0.6165532163595451,0.379072390604928,0.37001285752191554,0.37001285752191554,0.37001285752191554,0.37001285752191554,0.0255214249539201,False,False,False,attainability,0.0993201224567035,,P3,0.10931009082287142,0.3627340323616348,0.4887376218127268,0.379072390604928,,,,,,,,,,,True,False,False,False
30,20,Finance & Legal,G&A,0.1007820401857574,0.3851057006664855,0.6165532163595451,0.0951454538767967,0.29939660277214614,0.29939660277214614,0.29939660277214614,0.29939660277214614,0.0261080672857482,False,True,False,integrity,0.0951454538767967,,P2,0.11092354507856865,0.3627340323616348,0.4887376218127268,0.0951454538767967,,,,,,,,,,,True,False,False,True
30,21,Finance & Legal,G&A,0.0979944157030294,0.3851057006664855,0.6165532163595451,0.25,0.33741333318226496,0.33741333318226496,0.33741333318226496,0.33741333318226496,0.0256643484232957,False,True,False,attainability,0.0979944157030294,,P2,0.10784696662578934,0.3627340323616348,0.4887376218127268,0.25,,,,,,,,,,,True,False,False,True
30,22,Finance & Legal,G&A,0.1000431798959653,0.3851057006664855,0.6165532163595451,0.25,0.337925524230499,0.337925524230499,0.337925524230499,0.337925524230499,0.0256425238469184,False,True,False,attainability,0.1000431798959653,,P2,0.11010809749541207,0.3627340323616348,0.4887376218127268,0.25,,,,,,,,,,,True,False,False,True
30,23,Finance & Legal,G&A,0.09806233569081,0.3851057006664855,0.6165532163595451,0.4182180222820234,0.37948481874971596,0.37948481874971596,0.37948481874971596,0.37948481874971596,0.0262210073969225,False,False,False,attainability,0.09806233569081,,P3,0.10792192692701125,0.3627340323616348,0.4887376218127268,0.4182180222820234,,,,,,,,,,,True,False,False,False
30,24,Finance & Legal,G&A,0.0027745343101701,0.3851057006664855,0.6165532163595451,0.1375054000363575,0.28548471284313953,0.28548471284313953,0.28548471284313953,0.28548471284313953,0.0264793281275051,False,True,False,attainability,0.0027745343101701,,P2,0.0027569743457718844,0.3627340323616348,0.4887376218127268,0.1375054000363575,,,,,,,,,,,True,False,False,True
31,1,Finance & Legal,G&A,0.0981242067622638,0.4,0.6,0.75,0.4620310516905659,0.4620310516905659,0.4620310516905659,0.4620310516905659,0.0267161555655136,False,False,False,attainability,0.0981242067622638,,P3,0.10799021130550789,0.3781702302371975,0.4666666666666666,0.75,,,,,,,,,,,True,False,False,False
31,2,Finance & Legal,G&A,0.1000770445834291,0.4,0.6,0.4878760632075439,0.39698827694774325,0.39698827694774325,0.39698827694774325,0.39698827694774325,0.0266451716154519,False,False,False,attainability,0.1000770445834291,,P3,0.11014547246051472,0.3781702302371975,0.4666666666666666,0.4878760632075439,,,,,,,,,,,True,False,False,False
31,3,Finance & Legal,G&A,0.0989881586980904,0.4,0.6,0.4,0.3747470396745226,0.3747470396745226,0.3747470396745226,0.3747470396745226,0.0266602517654439,False,False,False,attainability,0.0989881586980904,,P3,0.10894371703286465,0.3781702302371975,0.4666666666666666,0.4,,,,,,,,,,,True,False,False,False
31,4,Finance & Legal,G&A,0.0985849858579265,0.4,0.6,0.0,0.27464624646448166,0.27464624646448166,0.27464624646448166,0.27464624646448166,0.0263864568420394,False,True,False,integrity,0.0,,P2,0.10849875291360127,0.3781702302371975,0.4666666666666666,0.0,,,,,,,,,,,True,False,False,True
31,5,Finance & Legal,G&A,0.1052470783253979,0.4,0.6,0.0,0.2763117695813495,0.2763117695813495,0.2763117695813495,0.2763117695813495,0.0257914638889559,False,True,False,integrity,0.0,,P2,0.11585141115822534,0.3781702302371975,0.4666666666666666,0.0,,,,,,,,,,,True,False,False,True
31,6,Finance & Legal,G&A,0.0940885680616451,0.4,0.6,0.0,0.27352214201541125,0.27352214201541125,0.27352214201541125,0.286,0.0259582413496367,False,True,False,integrity,0.05,0.0,P2,0.10353625448799013,0.3781702302371975,0.4666666666666666,0.0,0.0941,0.4,0.6,0.05,0.286,True,[],The provided scores are consistent with the given evidence. No adjustments are necessary. Final verifier adjustments applied: integrity adjusted by +0.05.,"{""integrity"": 0.05}",verifier_primary,True,False,False,True
31,7,Finance & Legal,G&A,0.0989425426820696,0.4,0.6,0.4190635196656446,0.3795015155869286,0.3795015155869286,0.3795015155869286,0.3795015155869286,0.0266522964844311,False,False,False,attainability,0.0989425426820696,,P3,0.10889337264363262,0.3781702302371975,0.4666666666666666,0.4190635196656446,,,,,,,,,,,True,False,False,False
31,8,Finance & Legal,G&A,0.098837476915852,0.4,0.6,0.0,0.274709369228963,0.274709369228963,0.274709369228963,0.274709369228963,0.0264294292665903,False,True,False,integrity,0.0,,P2,0.10877741618160819,0.3781702302371975,0.4666666666666666,0.0,,,,,,,,,,,True,False,False,True
31,9,Finance & Legal,G&A,0.1039359114675731,0.4,0.6,0.0231772752805066,0.2817782966870199,0.2817782966870199,0.2817782966870199,0.2817782966870199,0.026598966555262,False,True,False,integrity,0.0231772752805066,,P2,0.11440433400426286,0.3781702302371975,0.4666666666666666,0.0231772752805066,,,,,,,,,,,True,False,False,True
31,10,Finance & Legal,G&A,0.1033685097837404,0.4,0.6,0.0,0.27584212744593506,0.27584212744593506,0.27584212744593506,0.27584212744593506,0.0266082407604846,False,True,False,integrity,0.0,,P2,0.11377811773827497,0.3781702302371975,0.4666666666666666,0.0,,,,,,,,,,,True,False,False,True
31,11,Finance & Legal,G&A,0.1041786115133935,0.4,0.6,0.4,0.3760446528783483,0.3760446528783483,0.3760446528783483,0.3760446528783483,0.0266176122757861,False,False,False,attainability,0.1041786115133935,,P3,0.11467219136313098,0.3781702302371975,0.4666666666666666,0.4,,,,,,,,,,,True,False,False,False
31,12,Finance & Legal,G&A,0.2296859588355777,0.3868035190615836,0.5228028503562945,0.5096797461971516,0.41224301861265183,0.41224301861265183,0.41224301861265183,0.3872,0.0265475964822213,False,False,False,attainability,0.1697,-0.1,P3,0.25318912677871025,0.36449362239783967,0.3637371338083926,0.5096797461971516,0.1697,0.3868,0.4828,0.5097,0.3872,True,"[""budget shock reduced allocation and may weaken attainability and coherence""]",The provided scores are consistent with the given evidence. No adjustments are necessary. Final verifier adjustments applied: attainability adjusted by -0.06; coherence adjusted by -0.04.,"{""attainability"": -0.06, ""coherence"": -0.04}",verifier_primary,True,False,False,False
31,13,Finance & Legal,G&A,0.1014879523452018,0.4,0.6,0.1907175123865638,0.32305136618294145,0.32305136618294145,0.32305136618294145,0.32305136618294145,0.0266918190457349,False,True,False,attainability,0.1014879523452018,,P2,0.11170262926037217,0.3781702302371975,0.4666666666666666,0.1907175123865638,,,,,,,,,,,True,False,False,True
31,14,Finance & Legal,G&A,0.0988737595667236,0.65,0.25,0.25,0.3122184398916809,0.3122184398916809,0.3122184398916809,0.3122184398916809,0.0264342040638883,False,True,False,attainability,0.0988737595667236,,P2,0.10881745974650472,0.6372659676383652,0.0,0.25,,,,,,,,,,,True,False,True,True
31,15,Finance & Legal,G&A,0.1014151606037359,0.65,0.2543617922911619,0.4122743438102036,0.3545128241762754,0.3545128241762754,0.3545128241762754,0.3545128241762754,0.0264108666624189,False,False,False,attainability,0.1014151606037359,,P3,0.1116222922190232,0.6372659676383652,0.005815723054882538,0.4122743438102036,,,,,,,,,,,True,False,True,False
31,16,Finance & Legal,G&A,0.0989577193815091,0.4,0.25,0.1922835108565177,0.23531030755950672,0.23531030755950672,0.23531030755950672,0.23531030755950672,0.0265966185016824,False,True,False,attainability,0.0989577193815091,,P2,0.10891012249884775,0.3781702302371975,0.0,0.1922835108565177,,,,,,,,,,,True,False,True,True
31,17,Finance & Legal,G&A,0.1005751760267138,0.4,0.25,0.0,0.18764379400667847,0.18764379400667847,0.18764379400667847,0.18764379400667847,0.0265898844995029,False,True,True,integrity,0.0,,P1,0.11069523821072862,0.3781702302371975,0.0,0.0,,,,,,,,,,,True,False,True,True
31,18,Finance & Legal,G&A,0.1225054976927961,0.5967564259485925,0.3988402061855669,0.334461667756093,0.3631409493957621,0.3631409493957621,0.3631409493957621,0.3631,0.0264047143323106,False,False,False,attainability,0.1225,0.0,P3,0.13489876903721965,0.5820852353154727,0.19845360824742256,0.334461667756093,0.1225,0.5968,0.3988,0.3345,0.3631,True,[],The provided scores are consistent with the given evidence. No adjustments are necessary.,{},verifier_primary,True,False,False,True
31,19,Finance & Legal,G&A,0.0999767443796572,0.65,0.25,0.2531144683447968,0.3132728031811135,0.3132728031811135,0.3132728031811135,0.3132728031811135,0.0264106506550356,False,True,False,attainability,0.0999767443796572,,P2,0.11003477554001988,0.6372659676383652,0.0,0.2531144683447968,,,,,,,,,,,True,False,True,True
31,20,Finance & Legal,G&A,0.0981686472849861,0.4,0.25,0.2418166608599338,0.24749632703622998,0.24749632703622998,0.24749632703622998,0.24749632703622998,0.0264749541918969,False,True,False,attainability,0.0981686472849861,,P2,0.10803925835452213,0.3781702302371975,0.0,0.2418166608599338,,,,,,,,,,,True,False,True,True
31,21,Finance & Legal,G&A,0.1030304841696715,0.4,0.25,0.1658330379838981,0.22971588053839243,0.22971588053839243,0.22971588053839243,0.22971588053839243,0.0262611997173596,False,True,False,attainability,0.1030304841696715,,P2,0.11340505374519576,0.3781702302371975,0.0,0.1658330379838981,,,,,,,,,,,True,False,True,True
31,22,Finance & Legal,G&A,0.0995744756535993,0.4,0.25,0.0145557789631173,0.19103256365417917,0.19103256365417917,0.19103256365417917,0.19103256365417917,0.0264901739518,False,True,True,integrity,0.0145557789631173,,P1,0.10959080925170346,0.3781702302371975,0.0,0.0145557789631173,,,,,,,,,,,True,False,True,True
31,23,Finance & Legal,G&A,0.0988994366888219,0.4,0.25,0.2391506125082313,0.24701251229926333,0.24701251229926333,0.24701251229926333,0.24701251229926333,0.0265477869312136,False,True,False,attainability,0.0988994366888219,,P2,0.10884579845606422,0.3781702302371975,0.0,0.2391506125082313,,,,,,,,,,,True,False,True,True
31,24,Finance & Legal,G&A,0.001071830728388,0.65,0.25,0.25,0.287767957682097,0.287767957682097,0.287767957682097,0.287767957682097,0.0267120843109019,False,True,False,attainability,0.001071830728388,,P2,0.0008777753418750178,0.6372659676383652,0.0,0.25,,,,,,,,,,,True,False,True,True
32,1,HR & Recruiting,G&A,0.1113011120452507,0.3851057006664855,0.6,0.8526757692785601,0.48727064549757404,0.48727064549757404,0.48727064549757404,0.48727064549757404,0.0266294574235203,False,False,False,attainability,0.1113011120452507,,P3,0.12253298172495791,0.3627340323616348,0.4666666666666666,0.8526757692785601,,,,,,,,,,,True,False,False,False
32,2,HR & Recruiting,G&A,0.0857462325715287,0.3851057006664855,0.6,1.0,0.5177129833095035,0.5177129833095035,0.5177129833095035,0.5177129833095035,0.0263716740052806,False,False,False,attainability,0.0857462325715287,,P3,0.09432918597005567,0.3627340323616348,0.4666666666666666,1.0,,,,,,,,,,,True,False,False,False
32,3,HR & Recruiting,G&A,0.1060880163398869,0.3851057006664855,0.6,0.8012648088313836,0.473114631459439,0.473114631459439,0.473114631459439,0.473114631459439,0.0263839932697784,False,False,False,attainability,0.1060880163398869,,P3,0.11677951743348951,0.3627340323616348,0.4666666666666666,0.8012648088313836,,,,,,,,,,,True,False,False,False
32,4,HR & Recruiting,G&A,0.0982034418172498,0.3851057006664855,0.6,0.0236653286147034,0.2767436177746097,0.2767436177746097,0.2767436177746097,0.2767436177746097,0.0263462755080224,False,True,False,integrity,0.0236653286147034,,P2,0.10807765954840613,0.3627340323616348,0.4666666666666666,0.0236653286147034,,,,,,,,,,,True,False,False,True
32,5,HR & Recruiting,G&A,0.1012550798442908,0.3851057006664855,0.6,0.0,0.27159019512769406,0.27159019512769406,0.27159019512769406,0.27159019512769406,0.0261962524746469,False,True,False,integrity,0.0,,P2,0.11144561813029108,0.3627340323616348,0.4666666666666666,0.0,,,,,,,,,,,True,False,False,True
32,6,HR & Recruiting,G&A,0.0998695886021327,0.3851057006664855,0.6,0.25,0.33374382231715455,0.33374382231715455,0.33374382231715455,0.3337,0.0264733305553358,False,True,False,attainability,0.0999,0.0,P2,0.10991651242450151,0.3627340323616348,0.4666666666666666,0.25,0.0999,0.3851,0.6,0.25,0.3337,True,[],The provided scores are consistent with the given evidence. No adjustments are necessary.,{},verifier_primary,True,False,False,True
32,7,HR & Recruiting,G&A,0.0980339789335117,0.3851057006664855,0.6,0.4885036669656333,0.39291083664140763,0.39291083664140763,0.39291083664140763,0.39291083664140763,0.0263823695060403,False,False,False,attainability,0.0980339789335117,,P3,0.10789063082201748,0.3627340323616348,0.4666666666666666,0.4885036669656333,,,,,,,,,,,True,False,False,False
32,8,HR & Recruiting,G&A,0.101784976590647,0.3851057006664855,0.6,0.2841375235675523,0.3427570502061712,0.3427570502061712,0.3427570502061712,0.3427570502061712,0.0263771957282439,False,True,False,attainability,0.101784976590647,,P2,0.11203044184745185,0.3627340323616348,0.4666666666666666,0.2841375235675523,,,,,,,,,,,True,False,False,True
32,9,HR & Recruiting,G&A,0.0963545900318647,0.3851057006664855,0.6,0.0,0.27036507267458754,0.27036507267458754,0.27036507267458754,0.27036507267458754,0.026527930299382,False,True,False,integrity,0.0,,P2,0.10603716320446102,0.3627340323616348,0.4666666666666666,0.0,,,,,,,,,,,True,False,False,True
32,10,HR & Recruiting,G&A,0.0965958020533293,0.3851057006664855,0.6,0.0,0.2704253756799537,0.2704253756799537,0.2704253756799537,0.2704253756799537,0.0265609406061114,False,True,False,integrity,0.0,,P2,0.1063033782963385,0.3627340323616348,0.4666666666666666,0.0,,,,,,,,,,,True,False,False,True
32,11,HR & Recruiting,G&A,0.0958751488434595,0.3851057006664855,0.6,0.1914871612790522,0.3181170026972493,0.3181170026972493,0.3181170026972493,0.3181170026972493,0.0264792914899386,False,True,False,attainability,0.0958751488434595,,P2,0.10550802506596296,0.3627340323616348,0.4666666666666666,0.1914871612790522,,,,,,,,,,,True,False,False,True
32,12,HR & Recruiting,G&A,0.1118936149271181,0.4351107471626173,0.4666666666666667,0.5374979948298084,0.38779225589655264,0.38779225589655264,0.38779225589655264,0.3628,0.0265543171526001,False,False,False,attainability,0.0519,-0.1,P3,0.12318690107846389,0.4145584099444146,0.2888888888888889,0.5374979948298084,0.0519,0.4351,0.4267,0.5375,0.3628,True,"[""budget shock reduced allocation and may weaken attainability and coherence""]",The provided scores are consistent with the given evidence. No adjustments are necessary. Final verifier adjustments applied: attainability adjusted by -0.06; coherence adjusted by -0.04.,"{""attainability"": -0.06, ""coherence"": -0.04}",verifier_primary,True,False,False,False
32,13,HR & Recruiting,G&A,0.0997549749629162,0.3851057006664855,0.6,0.0707501523977779,0.2889027070067949,0.2889027070067949,0.2889027070067949,0.2889027070067949,0.0266221721528696,False,True,False,integrity,0.0707501523977779,,P2,0.10979001839526878,0.3627340323616348,0.4666666666666666,0.0707501523977779,,,,,,,,,,,True,False,False,True
32,14,HR & Recruiting,G&A,0.101607992053352,0.3851057006664855,0.6,0.1346486038830647,0.3053405741507256,0.3053405741507256,0.3053405741507256,0.3053405741507256,0.0264805088194538,False,True,False,attainability,0.101607992053352,,P2,0.11183511180307512,0.3627340323616348,0.4666666666666666,0.1346486038830647,,,,,,,,,,,True,False,False,True
32,15,HR & Recruiting,G&A,0.1033180477787538,0.3851057006664855,0.6,0.0699647612527031,0.28959712742448557,0.28959712742448557,0.28959712742448557,0.28959712742448557,0.026254299011618,False,True,False,integrity,0.0699647612527031,,P2,0.11372242504430281,0.3627340323616348,0.4666666666666666,0.0699647612527031,,,,,,,,,,,True,False,False,True
32,16,HR & Recruiting,G&A,0.0965224611095906,0.3851057006664855,0.6,0.0,0.27040704044401903,0.27040704044401903,0.27040704044401903,0.27040704044401903,0.0262848873697515,False,True,False,integrity,0.0,,P2,0.10622243512461253,0.3627340323616348,0.4666666666666666,0.0,,,,,,,,,,,True,False,False,True
32,17,HR & Recruiting,G&A,0.0995406253606756,0.3851057006664855,0.6,0.0227345351289932,0.27684521528903855,0.27684521528903855,0.27684521528903855,0.27684521528903855,0.026476470619657,False,True,False,integrity,0.0227345351289932,,P2,0.1095534501732212,0.3627340323616348,0.4666666666666666,0.0227345351289932,,,,,,,,,,,True,False,False,True
32,18,HR & Recruiting,G&A,0.1001316049795053,0.3799440721395986,0.6,0.4705882352941176,0.38766597810330533,0.38766597810330533,0.38766597810330533,0.3877,0.0264905858585479,False,False,False,attainability,0.1001,0.0,P3,0.11020568836835423,0.35738460856417614,0.4666666666666666,0.4705882352941176,0.1001,0.3799,0.6,0.4706,0.3877,True,[],The provided scores are consistent with the given evidence. No adjustments are necessary.,{},verifier_primary,True,False,False,False
32,19,HR & Recruiting,G&A,0.0987389513841443,0.3851057006664855,0.6,0.0,0.27096116301265744,0.27096116301265744,0.27096116301265744,0.27096116301265744,0.0263682735595014,False,True,False,integrity,0.0,,P2,0.10866867788856382,0.3627340323616348,0.4666666666666666,0.0,,,,,,,,,,,True,False,False,True
32,20,HR & Recruiting,G&A,0.1007490284858119,0.3851057006664855,0.6,0.0,0.2714636822880743,0.2714636822880743,0.2714636822880743,0.2714636822880743,0.02644463307312,False,True,False,integrity,0.0,,P2,0.1108871115182483,0.3627340323616348,0.4666666666666666,0.0,,,,,,,,,,,True,False,False,True
32,21,HR & Recruiting,G&A,0.1008381766788286,0.3851057006664855,0.6,0.0891165301211052,0.2937651018666048,0.2937651018666048,0.2937651018666048,0.2937651018666048,0.026383752345395,False,True,False,integrity,0.0891165301211052,,P2,0.11098550045529446,0.3627340323616348,0.4666666666666666,0.0891165301211052,,,,,,,,,,,True,False,False,True
32,22,HR & Recruiting,G&A,0.1000022358774193,0.3851057006664855,0.6,0.1072177300282435,0.29808141664303706,0.29808141664303706,0.29808141664303706,0.29808141664303706,0.026511510486805,False,True,False,attainability,0.1000022358774193,,P2,0.11006290938416922,0.3627340323616348,0.4666666666666666,0.1072177300282435,,,,,,,,,,,True,False,False,True
32,23,HR & Recruiting,G&A,0.0975344492809771,0.3851057006664855,0.6,0.0,0.2706600374868656,0.2706600374868656,0.2706600374868656,0.2706600374868656,0.0262832401924481,False,True,False,integrity,0.0,,P2,0.10733932192979238,0.3627340323616348,0.4666666666666666,0.0,,,,,,,,,,,True,False,False,True
32,24,HR & Recruiting,G&A,0.0021909470895391,0.3851057006664855,0.6,0.0,0.24682416193900614,0.24682416193900614,0.24682416193900614,0.24682416193900614,0.0264551182589079,False,True,False,integrity,0.0,,P2,0.00211289481517684,0.3627340323616348,0.4666666666666666,0.0,,,,,,,,,,,True,False,False,True
33,1,HR & Recruiting,G&A,0.1003532837982643,0.0351057006664855,1.0,1.0,0.5338647461161874,0.5338647461161874,0.5338647461161874,0.5338647461161874,0.0266473460791885,False,False,False,relevance,0.0351057006664855,,P3,0.11045034552410002,0.0,1.0,1.0,,,,,,,,,,,True,True,False,False
33,2,HR & Recruiting,G&A,0.0892018821427421,0.0351057006664855,1.0,0.75,0.4685768957023069,0.4685768957023069,0.4685768957023069,0.4685768957023069,0.0265508910543232,False,False,False,relevance,0.0351057006664855,,P3,0.09814303431190516,0.0,1.0,0.75,,,,,,,,,,,True,True,False,False
33,3,HR & Recruiting,G&A,0.1109312470981044,0.0351057006664855,1.0,1.0,0.5365092369411475,0.5365092369411475,0.5365092369411475,0.5365092369411475,0.0265477689983536,False,False,False,relevance,0.0351057006664855,,P3,0.12212477806127252,0.0,1.0,1.0,,,,,,,,,,,True,True,False,False
33,4,HR & Recruiting,G&A,0.1021556774279023,0.0351057006664855,1.0,0.25,0.3468153445235969,0.3468153445235969,0.3468153445235969,0.3468153445235969,0.0262832767505142,False,True,False,relevance,0.0351057006664855,,P2,0.11243956804626137,0.0,1.0,0.25,,,,,,,,,,,True,True,False,True
33,5,HR & Recruiting,G&A,0.1001017491800797,0.0351057006664855,1.0,0.25,0.3463018624616413,0.3463018624616413,0.3463018624616413,0.3463018624616413,0.0258219388062108,False,True,False,relevance,0.0351057006664855,,P2,0.11017273783654036,0.0,1.0,0.25,,,,,,,,,,,True,True,False,True
33,6,HR & Recruiting,G&A,0.0947793991724431,0.0351057006664855,1.0,0.25,0.3449712749597321,0.3449712749597321,0.3449712749597321,0.3362,0.0261439366732937,False,True,False,relevance,0.05,0.0,P2,0.10429869438014905,0.0,1.0,0.25,0.0948,0.05,0.95,0.25,0.3362,True,[],The provided scores are consistent with the given evidence. No adjustments are necessary. Final verifier adjustments applied: relevance adjusted by +0.01; coherence adjusted by -0.05.,"{""relevance"": 0.0149, ""coherence"": -0.05}",verifier_primary,True,True,False,True
33,7,HR & Recruiting,G&A,0.0962856196640957,0.0351057006664855,1.0,0.5745121415490207,0.42647586546990046,0.42647586546990046,0.42647586546990046,0.42647586546990046,0.0265050201105994,False,False,False,relevance,0.0351057006664855,,P3,0.1059610436450752,0.0,1.0,0.5745121415490207,,,,,,,,,,,True,True,False,False
33,8,HR & Recruiting,G&A,0.1030736869357943,0.0351057006664855,1.0,0.3226202312832536,0.3651999047213833,0.3651999047213833,0.3651999047213833,0.3651999047213833,0.0261637472576853,False,False,False,relevance,0.0351057006664855,,P3,0.11345273473672722,0.0,1.0,0.3226202312832536,,,,,,,,,,,True,True,False,True
33,9,HR & Recruiting,G&A,0.1033578634708277,0.0351057006664855,1.0,0.0254722407993622,0.2909839512341688,0.2909839512341688,0.2909839512341688,0.2909839512341688,0.0264222608647772,False,True,False,integrity,0.0254722407993622,,P2,0.11376636787127828,0.0,1.0,0.0254722407993622,,,,,,,,,,,True,True,False,True
33,10,HR & Recruiting,G&A,0.1048949845448654,0.0351057006664855,1.0,0.4585248892307074,0.3996313936105146,0.3996313936105146,0.3996313936105146,0.3996313936105146,0.026355923567986,False,False,False,relevance,0.0351057006664855,,P3,0.11546282074898778,0.0,1.0,0.4585248892307074,,,,,,,,,,,True,True,False,False
33,11,HR & Recruiting,G&A,0.099192040759722,0.0351057006664855,1.0,0.4322535308407771,0.39163781806674614,0.39163781806674614,0.39163781806674614,0.39163781806674614,0.0263516953881975,False,False,False,relevance,0.0351057006664855,,P3,0.10916873269103902,0.0,1.0,0.4322535308407771,,,,,,,,,,,True,True,False,False
33,12,HR & Recruiting,G&A,0.0977348387899031,0.1416194146309978,0.8666666666666667,0.5377752747214192,0.4109490487022467,0.4109490487022467,0.4109490487022467,0.389,0.0264220525517128,False,False,False,attainability,0.05,-0.1,P3,0.10756048301125967,0.1103889970518895,0.8222222222222223,0.5377752747214192,0.05,0.1416,0.8267,0.5378,0.389,True,"[""budget shock reduced allocation and may weaken attainability and coherence""]",The provided scores are consistent with the given evidence. No adjustments are necessary. Final verifier adjustments applied: attainability adjusted by -0.05; coherence adjusted by -0.04.,"{""attainability"": -0.0477, ""coherence"": -0.04}",verifier_primary,True,True,False,False
33,13,HR & Recruiting,G&A,0.0986284658868212,0.2851057006664855,0.6791884067513396,0.0628700307030839,0.28144815100193254,0.28144815100193254,0.28144815100193254,0.28144815100193254,0.0266826648109895,False,True,False,integrity,0.0628700307030839,,P2,0.10854673990785121,0.25909573740116776,0.5722512090017862,0.0628700307030839,,,,,,,,,,,True,True,False,True
33,14,HR & Recruiting,G&A,0.1006227568089409,0.2851057006664855,0.65,0.0859820692542953,0.28042763168243046,0.28042763168243046,0.28042763168243046,0.28042763168243046,0.0261117072852217,False,True,False,integrity,0.0859820692542953,,P2,0.11074775102594933,0.25909573740116776,0.5333333333333333,0.0859820692542953,,,,,,,,,,,True,True,False,True
33,15,HR & Recruiting,G&A,0.0962328233624319,0.2851057006664855,0.65,0.1197366908706123,0.28776880372488245,0.28776880372488245,0.28776880372488245,0.28776880372488245,0.026093628930525,False,True,False,attainability,0.0962328233624319,,P2,0.1059027746905974,0.25909573740116776,0.5333333333333333,0.1197366908706123,,,,,,,,,,,True,True,False,True
33,16,HR & Recruiting,G&A,0.0987363134421616,0.0351057006664855,0.65,0.0988896852609796,0.2206829248424067,0.2206829248424067,0.2206829248424067,0.2206829248424067,0.026637568682585,False,True,False,relevance,0.0351057006664855,,P2,0.1086657665080985,0.0,0.5333333333333333,0.0988896852609796,,,,,,,,,,,True,True,False,True
33,17,HR & Recruiting,G&A,0.0997273835960635,0.0351057006664855,0.65,0.3506577177233431,0.28387270049647306,0.28387270049647306,0.28387270049647306,0.28387270049647306,0.0266271235702837,False,True,False,relevance,0.0351057006664855,,P2,0.10975956701802349,0.0,0.5333333333333333,0.3506577177233431,,,,,,,,,,,True,True,False,False
33,18,HR & Recruiting,G&A,0.1148662663828264,0.3216886725754291,0.703265306122449,0.4981126685720118,0.4094832284131791,0.4094832284131791,0.4094832284131791,0.4095,0.0266928193861637,False,False,False,attainability,0.1149,0.0,P3,0.12646768565792246,0.2970097057334635,0.6043537414965986,0.4981126685720118,0.1149,0.3217,0.7033,0.4981,0.4095,True,[],The provided scores are consistent with the given evidence. No adjustments are necessary.,{},verifier_primary,True,True,False,False
33,19,HR & Recruiting,G&A,0.102063491406766,0.0351057006664855,0.65,0.098317437145411,0.22137165730466563,0.22137165730466563,0.22137165730466563,0.22137165730466563,0.0264791067777335,False,True,False,relevance,0.0351057006664855,,P2,0.1123378263920204,0.0,0.5333333333333333,0.098317437145411,,,,,,,,,,,True,True,False,True
33,20,HR & Recruiting,G&A,0.1000555074566586,0.0351057006664855,0.65,0.0678519844130527,0.21325329813404922,0.21325329813404922,0.21325329813404922,0.21325329813404922,0.0261563095441209,False,True,False,relevance,0.0351057006664855,,P2,0.1101217028815892,0.0,0.5333333333333333,0.0678519844130527,,,,,,,,,,,True,True,False,True
33,21,HR & Recruiting,G&A,0.0991993295493795,0.0351057006664855,0.65,0.184380213084092,0.24217131082498927,0.24217131082498927,0.24217131082498927,0.24217131082498927,0.0256891086977779,False,True,False,relevance,0.0351057006664855,,P2,0.1091767770073901,0.0,0.5333333333333333,0.184380213084092,,,,,,,,,,,True,True,False,True
33,22,HR & Recruiting,G&A,0.1004676493267826,0.0351057006664855,0.65,0.2347405033149143,0.2550784633270456,0.2550784633270456,0.2550784633270456,0.2550784633270456,0.02546263945553,False,True,False,relevance,0.0351057006664855,,P2,0.11057656572447498,0.0,0.5333333333333333,0.2347405033149143,,,,,,,,,,,True,True,False,True
33,23,HR & Recruiting,G&A,0.0985587550320912,0.0351057006664855,0.65,0.3201042877193267,0.2759421858544759,0.2759421858544759,0.2759421858544759,0.2759421858544759,0.026271586095372,False,True,False,relevance,0.0351057006664855,,P2,0.10846980310559683,0.0,0.5333333333333333,0.3201042877193267,,,,,,,,,,,True,True,False,True
33,24,HR & Recruiting,G&A,0.0008772011500688,0.0351057006664855,0.65,0.1606654437700995,0.21166208639666348,0.21166208639666348,0.21166208639666348,0.21166208639666348,0.0265445375292358,False,True,False,attainability,0.0008772011500688,,P2,0.0006629712423126586,0.0,0.5333333333333333,0.1606654437700995,,,,,,,,,,,True,True,False,True
34,1,General Admin,G&A,0.1024795993703629,0.3851057006664855,0.966553216359545,0.7844334471264421,0.5596429908807089,0.5596429908807089,0.5596429908807089,0.5596429908807089,0.0265685923639494,False,False,False,attainability,0.1024795993703629,,P3,0.1127970664377167,0.3627340323616348,0.9554042884793934,0.7844334471264421,,,,,,,,,,,True,False,False,False
34,2,General Admin,G&A,0.0980548943984622,0.3851057006664855,0.9202762245475028,0.8039956790437675,0.5518581246640545,0.5518581246640545,0.5518581246640545,0.5518581246640545,0.0264427923497389,False,False,False,attainability,0.0980548943984622,,P3,0.1079137143001528,0.3627340323616348,0.8937016327300037,0.8039956790437675,,,,,,,,,,,True,False,False,False
34,3,General Admin,G&A,0.1032248249655029,0.3851057006664855,0.966553216359545,0.7616854547811839,0.5541422991931794,0.5541422991931794,0.5541422991931794,0.5541422991931794,0.0265392262935004,False,False,False,attainability,0.1032248249655029,,P3,0.11361953912823622,0.3627340323616348,0.9554042884793934,0.7616854547811839,,,,,,,,,,,True,False,False,False
34,4,General Admin,G&A,0.1023059706196624,0.3851057006664855,0.966553216359545,0.1310008374520313,0.39624143127443107,0.39624143127443107,0.39624143127443107,0.39624143127443107,0.0263721388254146,False,False,False,attainability,0.1023059706196624,,P3,0.11260544002730959,0.3627340323616348,0.9554042884793934,0.1310008374520313,,,,,,,,,,,True,False,False,True
34,5,General Admin,G&A,0.0990357702357348,0.3851057006664855,0.966553216359545,0.25,0.42517367181544136,0.42517367181544136,0.42517367181544136,0.42517367181544136,0.0264446761828957,False,False,False,attainability,0.0990357702357348,,P3,0.10899626379148586,0.3627340323616348,0.9554042884793934,0.25,,,,,,,,,,,True,False,False,True
34,6,General Admin,G&A,0.0953802122488594,0.3851057006664855,0.966553216359545,0.1691241246756296,0.40404081348762994,0.40404081348762994,0.40404081348762994,0.3999,0.0261552454707659,False,False,False,attainability,0.0954,0.0,P3,0.10496178532963071,0.3627340323616348,0.9554042884793934,0.1691241246756296,0.0954,0.3851,0.95,0.1691,0.3999,True,[],The provided scores are consistent with the given evidence. No adjustments are necessary. Final verifier adjustments applied: coherence adjusted by -0.02.,"{""coherence"": -0.0166}",verifier_primary,True,False,False,True
34,7,General Admin,G&A,0.1005923778337794,0.3851057006664855,0.966553216359545,0.4055849123312032,0.4644590517977533,0.4644590517977533,0.4644590517977533,0.4644590517977533,0.0265845926751867,False,False,False,attainability,0.1005923778337794,,P3,0.11071422308810173,0.3627340323616348,0.9554042884793934,0.4055849123312032,,,,,,,,,,,True,False,False,False
34,8,General Admin,G&A,0.1071646446188717,0.3851057006664855,0.966553216359545,0.25,0.4272058904112256,0.4272058904112256,0.4272058904112256,0.4272058904112256,0.026121559496853,False,False,False,attainability,0.1071646446188717,,P3,0.117967744680488,0.3627340323616348,0.9554042884793934,0.25,,,,,,,,,,,True,False,False,True
34,9,General Admin,G&A,0.093906120869381,0.3851057006664855,0.8240177277850388,0.25,0.3882573873302263,0.3882573873302263,0.3882573873302263,0.3882573873302263,0.0263051279024446,False,False,False,attainability,0.093906120869381,,P3,0.10333489555174612,0.3627340323616348,0.7653569703800517,0.25,,,,,,,,,,,True,False,False,True
34,10,General Admin,G&A,0.1043690924223031,0.3851057006664855,0.966553216359545,0.0846932218290646,0.3851803078193496,0.3851803078193496,0.3851803078193496,0.3851803078193496,0.0263593585711929,False,False,False,integrity,0.0846932218290646,,P3,0.11488241675885702,0.3627340323616348,0.9554042884793934,0.0846932218290646,,,,,,,,,,,True,False,False,True
34,11,General Admin,G&A,0.0927906210749309,0.3851057006664855,0.966553216359545,0.1432971168397648,0.39693666373518155,0.39693666373518155,0.39693666373518155,0.39693666373518155,0.0259828813943816,False,False,False,attainability,0.0927906210749309,,P3,0.10210376752394003,0.3627340323616348,0.9554042884793934,0.1432971168397648,,,,,,,,,,,True,False,False,True
34,12,General Admin,G&A,0.1158407241850607,0.4069765633238236,0.9191122705261632,0.5405586694838765,0.49562205687973104,0.49562205687973104,0.49562205687973104,0.4706,0.0264285392165649,False,False,False,attainability,0.0558,-0.1,P3,0.127543151846454,0.38540062151284554,0.8921496940348842,0.5405586694838765,0.0558,0.407,0.8791,0.5406,0.4706,True,"[""budget shock reduced allocation and may weaken attainability and coherence""]",The provided scores are consistent with the given evidence. No adjustments are necessary. Final verifier adjustments applied: attainability adjusted by -0.06; coherence adjusted by -0.04.,"{""attainability"": -0.06, ""coherence"": -0.04}",verifier_primary,True,False,False,False
34,13,General Admin,G&A,0.1013028477602593,0.3851057006664855,0.8001395939778856,0.25,0.3841370356011576,0.3841370356011576,0.3841370356011576,0.3841370356011576,0.0266233925793592,False,False,False,attainability,0.1013028477602593,,P3,0.11149833747678607,0.3627340323616348,0.7335194586371808,0.25,,,,,,,,,,,True,False,False,True
34,14,General Admin,G&A,0.1006523754817793,0.6351057006664855,0.6208931143232499,0.25,0.4016627976178787,0.4016627976178787,0.4016627976178787,0.4016627976178787,0.0261657655016714,False,False,False,attainability,0.1006523754817793,,P3,0.11078043985158534,0.6218297697628026,0.49452415243099984,0.25,,,,,,,,,,,True,False,False,True
34,15,General Admin,G&A,0.0976161046038871,0.6351057006664855,0.622457346240313,0.25,0.4012947878776714,0.4012947878776714,0.4012947878776714,0.4012947878776714,0.0261142084316749,False,False,False,attainability,0.0976161046038871,,P3,0.10742944131587764,0.6218297697628026,0.496609794987084,0.25,,,,,,,,,,,True,False,False,True
34,16,General Admin,G&A,0.0987562294650042,0.3851057006664855,0.6165532163595451,0.3016462523985096,0.35051534972238607,0.35051534972238607,0.35051534972238607,0.35051534972238607,0.0265447362222132,False,False,False,attainability,0.0987562294650042,,P3,0.10868774694596675,0.3627340323616348,0.4887376218127268,0.3016462523985096,,,,,,,,,,,True,False,False,True
34,17,General Admin,G&A,0.1004681414907339,0.3851057006664855,0.6165532163595451,0.2068029440064578,0.32723250063080556,0.32723250063080556,0.32723250063080556,0.32723250063080556,0.0265250147215938,False,True,False,attainability,0.1004681414907339,,P2,0.11057710890416693,0.3627340323616348,0.4887376218127268,0.2068029440064578,,,,,,,,,,,True,False,False,True
34,18,General Admin,G&A,0.1100619310697132,0.7046959230105716,0.6969537211729961,0.4413182976003352,0.48825746821340404,0.48825746821340404,0.48825746821340404,0.4633,0.0266848911980427,False,False,False,attainability,0.1101,0.0,P3,0.12116535222103642,0.6939518896594113,0.5959382948973282,0.4413182976003352,0.1101,0.7047,0.697,0.3413,0.4633,True,"[""integrity is too high compared to weak needle move and efficiency evidence""]","The scores are generally consistent with the provided evidence, with the exception of integrity. The integrity score of 0.441 is too high given the weak needle move (0.2847) and efficiency (0.1617) evidence, which should be above 0.25 and 0.20 respectively for an integrity score over 0.55. The other scores of attainability, relevance, and coherence are appropriate given the evidence. Final verifier adjustments applied: integrity adjusted by -0.10.","{""integrity"": -0.1}",verifier_primary,True,False,False,True
34,19,General Admin,G&A,0.1003682309858568,0.3851057006664855,0.6165532163595451,0.25,0.3380067870029718,0.3380067870029718,0.3380067870029718,0.3380067870029718,0.0262027222927633,False,True,False,attainability,0.1003682309858568,,P2,0.11046684207719089,0.3627340323616348,0.4887376218127268,0.25,,,,,,,,,,,True,False,False,True
34,20,General Admin,G&A,0.0996503731165634,0.3851057006664855,0.6165532163595451,0.260587494204143,0.3404741960866843,0.3404741960866843,0.3404741960866843,0.3404741960866843,0.025730122318963,False,True,False,attainability,0.0996503731165634,,P2,0.1096745739411811,0.3627340323616348,0.4887376218127268,0.260587494204143,,,,,,,,,,,True,False,False,True
34,21,General Admin,G&A,0.1025740411066876,0.3851057006664855,0.6165532163595451,0.2385116121076712,0.3356861425600973,0.3356861425600973,0.3356861425600973,0.3356861425600973,0.0263243170790074,False,True,False,attainability,0.1025740411066876,,P2,0.11290129762553267,0.3627340323616348,0.4887376218127268,0.2385116121076712,,,,,,,,,,,True,False,False,True
34,22,General Admin,G&A,0.100115421539655,0.3851057006664855,0.6165532163595451,0.3864113572757653,0.3720464239603627,0.3720464239603627,0.3720464239603627,0.3720464239603627,0.026351112842048,False,False,False,attainability,0.100115421539655,,P3,0.11018782741805631,0.3627340323616348,0.4887376218127268,0.3864113572757653,,,,,,,,,,,True,False,False,False
34,23,General Admin,G&A,0.0962463884715016,0.3851057006664855,0.6165532163595451,0.0712563876765858,0.29229042329352944,0.29229042329352944,0.29229042329352944,0.29229042329352944,0.0263095902979047,False,True,False,integrity,0.0712563876765858,,P2,0.10591774590445065,0.3627340323616348,0.4887376218127268,0.0712563876765858,,,,,,,,,,,True,False,False,True
34,24,General Admin,G&A,0.0021323372469273,0.3851057006664855,0.6165532163595451,0.3485711158310873,0.3380905925260113,0.3380905925260113,0.3380905925260113,0.3380905925260113,0.0264284174308647,False,True,False,attainability,0.0021323372469273,,P2,0.002048209711420042,0.3627340323616348,0.4887376218127268,0.3485711158310873,,,,,,,,,,,True,False,False,True
35,1,General Admin,G&A,0.1030595661020056,0.0351057006664855,0.65,0.75,0.38454131669212277,0.38454131669212277,0.38454131669212277,0.38454131669212277,0.0266502639404676,False,False,False,relevance,0.0351057006664855,,P3,0.11343715019396015,0.0,0.5333333333333333,0.75,,,,,,,,,,,True,True,False,False
35,2,General Admin,G&A,0.0968551555466937,0.0351057006664855,0.65,0.5024114084487386,0.32109306616547945,0.32109306616547945,0.32109306616547945,0.32109306616547945,0.0260095678227913,False,True,False,relevance,0.0351057006664855,,P2,0.10658961533231011,0.0,0.5333333333333333,0.5024114084487386,,,,,,,,,,,True,True,False,False
35,3,General Admin,G&A,0.1000873747088294,0.0351057006664855,0.65,0.4600373549483308,0.31130760758091147,0.31130760758091147,0.31130760758091147,0.31130760758091147,0.0261711847420801,False,True,False,relevance,0.0351057006664855,,P2,0.11015687336527001,0.0,0.5333333333333333,0.4600373549483308,,,,,,,,,,,True,True,False,False
35,4,General Admin,G&A,0.0989351572328278,0.0351057006664855,0.65,0.0033517453216067,0.19684815080523,0.19684815080523,0.19684815080523,0.19684815080523,0.0262436615456695,False,True,True,integrity,0.0033517453216067,,P1,0.1088852216483525,0.0,0.5333333333333333,0.0033517453216067,,,,,,,,,,,True,True,False,True
35,5,General Admin,G&A,0.1062136889946448,0.0351057006664855,0.65,0.0,0.1978298474152826,0.1978298474152826,0.1978298474152826,0.1978298474152826,0.0258971180377221,False,True,True,integrity,0.0,,P1,0.11691821681144637,0.0,0.5333333333333333,0.0,,,,,,,,,,,True,True,False,True
35,6,General Admin,G&A,0.0923408900801365,0.0351057006664855,0.65,0.0,0.1943616476866555,0.1943616476866555,0.1943616476866555,0.2106,0.0259374570728419,False,True,False,relevance,0.05,0.0,P2,0.10160741921852645,0.0,0.5333333333333333,0.0,0.0923,0.05,0.65,0.05,0.2106,True,[],The scores provided are consistent with the given evidence. No adjustments are necessary. Final verifier adjustments applied: relevance adjusted by +0.01; integrity adjusted by +0.05.,"{""relevance"": 0.0149, ""integrity"": 0.05}",verifier_primary,True,True,False,True
35,7,General Admin,G&A,0.1003699214530985,0.0351057006664855,0.65,0.2758371995490611,0.2653282054171613,0.2653282054171613,0.2653282054171613,0.2653282054171613,0.0260971152873727,False,True,False,relevance,0.0351057006664855,,P2,0.11046870777148478,0.0,0.5333333333333333,0.2758371995490611,,,,,,,,,,,True,True,False,True
35,8,General Admin,G&A,0.0989196730826897,0.0351057006664855,0.65,0.0,0.1960063434372938,0.1960063434372938,0.1960063434372938,0.1960063434372938,0.026014295654409,False,True,True,integrity,0.0,,P1,0.10886813247333284,0.0,0.5333333333333333,0.0,,,,,,,,,,,True,True,False,True
35,9,General Admin,G&A,0.0883043660686524,0.0351057006664855,0.65,0.0,0.1933525166837845,0.1933525166837845,0.1933525166837845,0.1933525166837845,0.0261385008575368,False,True,True,integrity,0.0,,P1,0.0971524853223708,0.0,0.5333333333333333,0.0,,,,,,,,,,,True,True,False,True
35,10,General Admin,G&A,0.0973231059809116,0.0351057006664855,0.65,0.0,0.19560720166184928,0.19560720166184928,0.19560720166184928,0.19560720166184928,0.0265439423206124,False,True,True,integrity,0.0,,P1,0.10710607163114223,0.0,0.5333333333333333,0.0,,,,,,,,,,,True,True,False,True
35,11,General Admin,G&A,0.0986916827248513,0.0351057006664855,0.65,0.1850667276439291,0.24221602775881648,0.24221602775881648,0.24221602775881648,0.24221602775881648,0.0263427960417522,False,True,False,relevance,0.0351057006664855,,P2,0.10861650954968832,0.0,0.5333333333333333,0.1850667276439291,,,,,,,,,,,True,True,False,True
35,12,General Admin,G&A,0.1438806455476047,0.1046959230105716,0.4372340425531915,0.388762909907243,0.26864338025465273,0.26864338025465273,0.26864338025465273,0.2436,0.026399549313051,False,True,False,attainability,0.0839,-0.1,P1,0.15848957896249355,0.07212211989660883,0.24964539007092199,0.388762909907243,0.0839,0.1047,0.3972,0.3888,0.2436,True,"[""budget shock reduced allocation and may weaken attainability and coherence"", ""integrity is too high compared to weak needle move and efficiency evidence""]","The scores provided are generally consistent with the given evidence, with the exception of the integrity score. The integrity score of 0.389 is higher than expected given the weak needle move (0.273) and efficiency (0.352) evidence, which should be above 0.25 and 0.20 respectively for an integrity score over 0.55. No other adjustments are needed. Final verifier adjustments applied: attainability adjusted by -0.06; coherence adjusted by -0.04.","{""attainability"": -0.06, ""coherence"": -0.04}",verifier_primary,True,True,False,False
35,13,General Admin,G&A,0.103517275010157,0.0351057006664855,0.65,0.0,0.19715574391916066,0.19715574391916066,0.19715574391916066,0.19715574391916066,0.0265607330548451,False,True,True,integrity,0.0,,P1,0.11394230337122228,0.0,0.5333333333333333,0.0,,,,,,,,,,,True,True,False,True
35,14,General Admin,G&A,0.1018771849460057,0.0351057006664855,0.65,0.0624283712638107,0.2123528142190755,0.2123528142190755,0.2123528142190755,0.2123528142190755,0.0264797304732001,False,True,False,relevance,0.0351057006664855,,P2,0.11213220815099112,0.0,0.5333333333333333,0.0624283712638107,,,,,,,,,,,True,True,False,True
35,15,General Admin,G&A,0.107150077856906,0.0351057006664855,0.65,0.1675158470570641,0.23994290639511393,0.23994290639511393,0.23994290639511393,0.23994290639511393,0.0259637909065074,False,True,False,relevance,0.0351057006664855,,P2,0.11795166798641815,0.0,0.5333333333333333,0.1675158470570641,,,,,,,,,,,True,True,False,True
35,16,General Admin,G&A,0.0932371274066545,0.0351057006664855,0.65,0.0613673050510387,0.2099275332810447,0.2099275332810447,0.2099275332810447,0.2099275332810447,0.0259024526583641,False,True,False,relevance,0.0351057006664855,,P2,0.1025965569106461,0.0,0.5333333333333333,0.0613673050510387,,,,,,,,,,,True,True,False,True
35,17,General Admin,G&A,0.1002964350225215,0.0351057006664855,0.65,0.0,0.19635053392225177,0.19635053392225177,0.19635053392225177,0.19635053392225177,0.0265896855122239,False,True,True,integrity,0.0,,P1,0.11038760403233853,0.0,0.5333333333333333,0.0,,,,,,,,,,,True,True,False,True
35,18,General Admin,G&A,0.0998524943891969,0.1789341240744836,0.6222222222222222,0.3,0.3002522101714757,0.3002522101714757,0.3002522101714757,0.3003,0.0266363655295989,False,True,False,attainability,0.0999,0.0,P2,0.10989764629403402,0.14906132568857058,0.4962962962962963,0.3,0.0999,0.1789,0.6222,0.3,0.3003,True,[],The provided scores are consistent with the given evidence. No adjustments are necessary.,{},verifier_primary,True,True,False,True
35,19,General Admin,G&A,0.0981944414786709,0.0351057006664855,0.65,0.0,0.19582503553628913,0.19582503553628913,0.19582503553628913,0.19582503553628913,0.0264289233550341,False,True,True,integrity,0.0,,P1,0.10806772627083912,0.0,0.5333333333333333,0.0,,,,,,,,,,,True,True,False,True
35,20,General Admin,G&A,0.097986875116021,0.0351057006664855,0.65,0.0421092122690222,0.2063004470128822,0.2063004470128822,0.2063004470128822,0.2063004470128822,0.0259379834703029,False,True,False,relevance,0.0351057006664855,,P2,0.10783864441178416,0.0,0.5333333333333333,0.0421092122690222,,,,,,,,,,,True,True,False,True
35,21,General Admin,G&A,0.1017828172585657,0.0351057006664855,0.65,0.038462544826651,0.20633776568792556,0.20633776568792556,0.20633776568792556,0.20633776568792556,0.0261451775672952,False,True,False,relevance,0.0351057006664855,,P2,0.11202805868767014,0.0,0.5333333333333333,0.038462544826651,,,,,,,,,,,True,True,False,True
35,22,General Admin,G&A,0.1022492263363065,0.0351057006664855,0.65,0.3023995506735276,0.27243861941907993,0.27243861941907993,0.27243861941907993,0.27243861941907993,0.0263134124894826,False,True,False,relevance,0.0351057006664855,,P2,0.11254281385919661,0.0,0.5333333333333333,0.3023995506735276,,,,,,,,,,,True,True,False,True
35,23,General Admin,G&A,0.0960520200157818,0.0351057006664855,0.65,0.0,0.19528943017056685,0.19528943017056685,0.19528943017056685,0.19528943017056685,0.026107426336985,False,True,True,integrity,0.0,,P1,0.10570322999440872,0.0,0.5333333333333333,0.0,,,,,,,,,,,True,True,False,True
35,24,General Admin,G&A,0.001566951288171,0.0351057006664855,0.65,0.0,0.17166816298866414,0.17166816298866414,0.17166816298866414,0.17166816298866414,0.0263094995493067,False,True,True,integrity,0.0,,P1,0.001424218112482957,0.0,0.5333333333333333,0.0,,,,,,,,,,,True,True,False,True
