trailing_6_period_slope,variance_from_target,volatility_measure,time_to_green_estimate,allocation_percentage_of_parent,optimal_band_distance,sibling_rank_pct,scenario_encoded,allocation_fitness_score,l3_share_of_l2,l3_share_of_l1,alloc_drift_std,weighted_goal_status_score,status_band_unique,delivered_output_quality_score,delivered_output_quantity,allocation_efficiency_ratio,needle_move_ratio,output_cost_per_unit,n_dependencies,n_dependents,dependency_risk_encoded,dep_avg_attain,observed_value,allocated_amount,allocated_time_hours,budget_shock_exposure,shock_alloc_impact,recovery_period_estimate,recovery_window_remaining,market_shock_vulnerable,market_shock_forward_risk,period_id_scaled,market_shock_period,status_band_encoded,goal_id,period_id,y_attain
0.002004775973618343,-0.20176987134944005,-0.20289249523628836,0.79391499086447,-1.2673599728347842,-0.8847105779474259,-1.118033988749895,-1.4004873931646307,-0.331124340588225,-5.258743071175584e-16,0.5640859669844508,-0.5484741288802405,-1.1271543790448286,-1.1181946142788823,-0.4689466151337572,-1.583269222647273,2.4119963984560537,4.358077141352595,3.3376380539671553,0.0,0.0,0.0,0.0,-0.20146001464070473,-0.06545381059621741,-0.10412968924991714,-0.3779644730092272,-0.2219714548497201,-0.7995900589021115,0.7995900589021115,-0.408248290463863,0.8128181425907766,-1.661324772583615,-0.44721359549995787,-1.1389071909150976,1,1,0.1
-0.01853561276634885,-0.20144385645415835,-0.195665940480519,1.2417918157980865,-1.294904523969212,-0.8847105779474259,-1.118033988749895,-1.4004873931646307,-0.331124340588225,-5.258743071175584e-16,0.5640859669844508,-0.5484741288802405,-1.1271543790448286,-1.1181946142788823,-1.2503771220026054,-1.5575867559120915,2.4119963984560537,1.060885019695007,2.8406090573529017,0.0,0.0,0.0,0.0,-0.20269106655949562,-0.15128991046009738,-0.18838134213611576,-0.3779644730092272,0.2658793768354923,-0.7995900589021115,0.7995900589021115,-0.408248290463863,0.8128181425907766,-1.5168617488806921,-0.44721359549995787,-1.1389071909150976,1,2,0.1
-0.01236034728854867,-0.20131386789056577,-0.1943890181881662,0.79391499086447,-1.1633146662072293,-0.8847105779474259,-1.118033988749895,-1.4004873931646307,-0.331124340588225,-5.258743071175584e-16,0.5640859669844508,-0.5484741288802405,-1.1271543790448286,-1.1181946142788823,-0.8721110912055773,-1.5200737546527894,2.4119963984560537,-0.27523645672623126,3.2262295998509884,0.0,0.0,0.0,0.0,-0.2031819112201155,0.10368932466853933,0.0618912360135607,-0.3779644730092272,-0.7508058875955863,-0.7995900589021115,0.7995900589021115,-0.408248290463863,0.8128181425907766,-1.3723987251777692,-0.44721359549995787,-1.1389071909150976,1,3,0.1
-0.008527799445490368,-0.20125596109687974,-0.1940684325714143,0.3460381659308536,-1.0699337601348775,-0.8847105779474259,-1.118033988749895,-1.4004873931646307,-0.331124340588225,-5.258743071175584e-16,0.5640859669844508,-0.5484741288802405,-1.1271543790448286,-1.1181946142788823,-0.5008963566055049,-1.5333706675272933,-1.0092028024677266,-0.8979336896919287,3.6969630698876594,0.0,0.0,0.0,0.0,-0.20340057076760823,0.23094562819384978,0.18679851778891599,-0.3779644730092272,-0.7508058875955863,-0.7995900589021115,0.7995900589021115,-0.408248290463863,0.8128181425907766,-1.2279357014748462,-0.44721359549995787,-1.1389071909150976,1,4,0.1
-0.005168125678451236,-0.20129458131535413,-0.19455639458146098,0.79391499086447,-1.288233354020673,-0.8847105779474259,-1.118033988749895,-1.4004873931646307,-0.331124340588225,-5.258743071175584e-16,0.5640859669844508,-0.5484741288802405,-1.1271543790448286,-1.1181946142788823,-0.15483322820792347,-0.1445152863959958,-0.8469155427434434,-0.6177929433879908,-0.22988129779881133,0.0,0.0,0.0,0.0,-0.20325473849201267,-0.1113627652066752,-0.14919121131746546,-0.3779644730092272,0.03895281505568708,-0.7995900589021115,0.7995900589021115,-0.408248290463863,0.8128181425907766,-1.0834726777719228,-0.44721359549995787,-1.1389071909150976,1,5,0.1
-0.0029924883568866836,-0.20131580540496583,-0.19510604442348548,0.79391499086447,-1.1433263664681992,-0.8847105779474259,-1.118033988749895,-1.4004873931646307,-0.331124340588225,-5.258743071175584e-16,0.5640859669844508,-0.5484741288802405,-1.1271543790448286,-1.1181946142788823,-0.7459692702870905,-0.20385345502994384,-0.7426931107139902,-0.5030840576804366,0.00840513034724192,0.0,0.0,0.0,0.0,-0.20317459504881658,0.15562305891643022,0.11286632642279552,-0.3779644730092272,-0.7508058875955863,-0.7995900589021115,0.7995900589021115,-0.408248290463863,0.8128181425907766,-0.9390096540689999,-0.44721359549995787,-1.1389071909150976,1,6,0.1
0.0005209922291303362,-0.20127011668227507,-0.20017647751942305,0.79391499086447,-1.2694533085982243,-0.8847105779474259,-1.118033988749895,-1.4004873931646307,-0.331124340588225,-5.258743071175584e-16,0.5640859669844508,-0.5484741288802405,-1.1271543790448286,-1.1181946142788823,-1.4133062870407034,-0.38522770949424556,1.1655174851683654,-0.9850363967078672,-0.04830169895369361,0.0,0.0,0.0,0.0,-0.2033471184229004,-0.08351179764182445,-0.1218543442470879,-0.3779644730092272,-0.11933859976042109,-0.7995900589021115,0.7995900589021115,-0.408248290463863,0.8128181425907766,-0.7945466303660769,-0.44721359549995787,-1.1389071909150976,1,7,0.1
0.0018103732299202264,-0.20127953094172776,-0.20191733567677786,0.3460381659308536,-1.0342913369729214,-0.8847105779474259,-1.118033988749895,-1.4004873931646307,-0.331124340588225,-5.258743071175584e-16,0.5640859669844508,-0.5484741288802405,-1.1271543790448286,-1.1181946142788823,0.2448679079119479,-0.036978259762736165,-0.6092629035838376,-0.9713121554350226,-0.07263554047751378,0.0,0.0,0.0,0.0,-0.2033115696110792,0.19767970246006425,0.15414664716215667,-0.3779644730092272,-0.7508058875955863,-0.7995900589021115,0.7995900589021115,-0.408248290463863,0.8128181425907766,-0.6500836066631539,-0.44721359549995787,-1.1389071909150976,1,8,0.1
0.0020683571170065614,-0.20128119313825865,-0.2020586574171954,0.79391499086447,-1.1897042141480545,-0.8847105779474259,-1.118033988749895,-1.4004873931646307,-0.331124340588225,-5.258743071175584e-16,0.5640859669844508,-0.5484741288802405,-1.1271543790448286,-1.1181946142788823,-0.5962295648841273,0.027549093321654537,-0.5715728757109244,-1.0246502513841824,-0.2662548959658219,0.0,0.0,0.0,0.0,-0.2033052930566691,-0.031388159227967435,-0.07069285510936915,-0.3779644730092272,-0.41558412339190465,-0.7995900589021115,0.7995900589021115,-0.408248290463863,0.8128181425907766,-0.5056205829602308,-0.44721359549995787,-1.1389071909150976,1,9,0.1
0.002402246126852084,-0.2013576260555152,-0.20157919418659828,1.2417918157980865,-1.2602974125230746,-0.8847105779474259,-1.118033988749895,-1.4004873931646307,-0.331124340588225,-5.258743071175584e-16,0.5640859669844508,-0.5484741288802405,-1.1271543790448286,-1.1181946142788823,-0.7725091038842534,-0.40291903552833697,-0.5649257621744719,-0.44306105693048425,-0.3382677722102081,0.0,0.0,0.0,0.0,-0.2030166777485674,-0.4392806410455904,-0.18997917813649662,2.6457513110645903,1.9026792507412964,-0.7995900589021115,0.7995900589021115,-0.408248290463863,0.8128181425907766,-0.3611575592573077,-0.44721359549995787,-1.1389071909150976,1,10,0.1
0.0034274647154646084,-0.20142103270695486,-0.20051416064870506,0.3460381659308536,-0.9508635239950841,-0.8847105779474259,-1.118033988749895,-1.4004873931646307,-0.331124340588225,-5.258743071175584e-16,0.5640859669844508,-0.5484741288802405,-1.1271543790448286,-1.1181946142788823,-0.5348229990263291,-0.4093185753917373,-0.2173581273537737,0.01284097872927221,-0.0389992728688246,0.0,0.0,0.0,0.0,-0.20277725040629382,-0.09452125522580725,0.23301517024096116,2.6457513110645903,-0.056766173388924306,-0.7995900589021115,0.7995900589021115,-0.408248290463863,0.8128181425907766,-0.21669453555438475,-0.44721359549995787,-1.1389071909150976,1,11,0.1
0.00423175519197326,-0.20141735370340752,-0.20004056877669996,0.79391499086447,-1.1313244000506306,-0.8847105779474259,-1.118033988749895,-1.4004873931646307,-0.331124340588225,-5.258743071175584e-16,0.5640859669844508,-0.5484741288802405,-1.1271543790448286,-1.1181946142788823,-1.2316579887403967,-0.06370271444936652,-0.1342342876855145,-0.0962810192760392,-0.4153152652167306,0.0,0.0,0.0,0.0,-0.20279114254570743,-0.31080442184972656,-0.03234832933007252,2.6457513110645903,1.1724826261757786,-0.7995900589021115,0.7995900589021115,-0.408248290463863,0.8128181425907766,-0.07223151185146165,-0.44721359549995787,-1.1389071909150976,1,12,0.3
0.0046114298106253926,-0.2014747610260917,-0.19965368249067145,0.79391499086447,-1.1379188624892396,-0.8847105779474259,-1.118033988749895,-1.4004873931646307,-0.331124340588225,-5.258743071175584e-16,0.5640859669844508,-0.5484741288802405,-1.1271543790448286,-1.1181946142788823,-0.2279013218258284,-0.16303696986527094,-0.4706466662567177,0.29313581192861876,-0.1663348199364765,0.0,0.0,0.0,0.0,-0.20257436903085957,-0.04040313693555846,-0.07954142551041514,-0.3779644730092272,-0.36434735495477527,-0.5535623484706925,0.5535623484706925,-0.408248290463863,0.8128181425907766,0.07223151185146126,-0.44721359549995787,-1.1389071909150976,1,13,0.3
0.003863832592287607,-0.20141819521800644,-0.20018215066934364,1.2417918157980865,-1.2531503883249915,-0.8847105779474259,-1.118033988749895,-1.4004873931646307,-0.331124340588225,-5.258743071175584e-16,0.5640859669844508,-0.5484741288802405,-1.1271543790448286,-1.1181946142788823,-1.036126276512814,-0.35111478797665635,-0.46828678215689357,-0.23980638106827423,-0.21828434777881425,0.0,0.0,0.0,0.0,-0.20278796493579862,-0.2579996028639539,-0.29312128230417955,-0.3779644730092272,0.8723656019860934,-0.30753463803927367,0.30753463803927367,-0.408248290463863,0.8128181425907766,0.21669453555438456,2.2360679774997894,-1.1389071909150976,1,14,0.1
0.0027389097998916016,-0.2014294117498791,-0.20137946377093632,1.2417918157980865,-1.233713011224416,-0.8847105779474259,-1.118033988749895,-1.4004873931646307,-0.331124340588225,-5.258743071175584e-16,0.5640859669844508,-0.5484741288802405,-1.1271543790448286,-1.1181946142788823,-1.6874709210986927,-1.5731295955329905,-0.8618353863492447,-0.2234554426862609,2.691274749336334,0.0,0.0,0.0,0.0,-0.2027456106345569,-0.2473824054879465,-0.28270006757790284,-0.3779644730092272,0.8120225927130119,-0.06150692760785473,0.06150692760785473,-0.408248290463863,0.8128181425907766,0.36115755925730747,2.2360679774997894,-1.1389071909150976,1,15,0.1
0.0016553596942101459,-0.20138628975097134,-0.20173175224866466,1.2417918157980865,-1.3141056690476047,-0.8847105779474259,-1.118033988749895,-1.4004873931646307,-0.331124340588225,-5.258743071175584e-16,0.5640859669844508,-0.5484741288802405,-1.1271543790448286,-1.1181946142788823,-1.833731083862475,-1.6078811586528348,-0.7496365952602367,-0.6303035385573266,2.481677703128487,0.0,0.0,0.0,0.0,-0.20290844190474067,-0.41182041915475415,-0.44410272299586795,-0.3779644730092272,1.746608645145873,0.18452078282356418,-0.18452078282356418,-0.408248290463863,0.8128181425907766,0.5056205829602304,2.2360679774997894,-1.1389071909150976,1,16,0.1
0.0021849030979689123,-0.2014882058738548,-0.2013348943564912,1.2417918157980865,-1.1302776915880184,-0.8847105779474259,-1.118033988749895,-1.4004873931646307,-0.331124340588225,-5.258743071175584e-16,0.5640859669844508,-0.5484741288802405,-1.1271543790448286,-1.1181946142788823,-0.5131241743647122,-1.6028355387544508,-0.7322733774808525,0.08702893980028344,3.2346785908805513,0.0,0.0,0.0,0.0,-0.2025236004743421,-0.16281623068104836,-0.19969489822557873,-0.3779644730092272,0.33138940018205926,0.4305484932549831,-0.4305484932549831,-0.408248290463863,0.8128181425907766,0.6500836066631537,2.2360679774997894,-1.1389071909150976,1,17,0.1
0.0023464470434797916,-0.20147933980400795,-0.20124028215044842,0.79391499086447,-0.9088384583831762,-0.8847105779474259,-1.118033988749895,-1.4004873931646307,-0.331124340588225,-5.258743071175584e-16,0.5640859669844508,-0.5484741288802405,-1.1271543790448286,-1.1181946142788823,-0.13904666260333026,-1.529493656344521,-0.633207342599313,-0.05370176558129548,3.30006556692749,0.0,0.0,0.0,0.0,-0.20255707928912958,0.10000348753206044,0.05827343567652138,-0.3779644730092272,-0.7508058875955863,0.676576203686402,-0.676576203686402,-0.408248290463863,0.8128181425907766,0.7945466303660766,-0.44721359549995787,-1.1389071909150976,1,18,0.1
0.0023872095923743435,-0.20141034478489508,-0.201264559720821,0.79391499086447,-0.9002992091494388,-0.8847105779474259,-1.118033988749895,-1.4004873931646307,-0.331124340588225,-5.258743071175584e-16,0.5640859669844508,-0.5484741288802405,-1.1271543790448286,-1.1181946142788823,-0.7022907396484784,-1.596487426832884,-0.7611039470033022,-0.6402409957614262,3.889297796168368,0.0,0.0,0.0,0.0,-0.20281760864498175,0.0653863697349165,0.024295314615677185,-0.3779644730092272,-0.7508058875955863,0.922603914117821,-0.922603914117821,-0.408248290463863,0.8128181425907766,0.9390096540689995,-0.44721359549995787,-1.1389071909150976,1,19,0.1
0.0016246346386523695,-0.20137451699976652,-0.2009792957060019,0.79391499086447,-0.8746593243412327,-0.8847105779474259,-1.118033988749895,-1.4004873931646307,-0.331124340588225,-5.258743071175584e-16,0.5640859669844508,-0.5484741288802405,-1.1271543790448286,-1.1181946142788823,-0.22947761664767186,-0.5203084459612064,-0.1313346487158777,-0.9669226941502536,0.287109308848319,0.0,0.0,0.0,0.0,-0.20295289652374696,0.1586505565591513,0.1158379395425993,-0.3779644730092272,-0.7508058875955863,1.1686316245492399,-1.1686316245492399,-0.408248290463863,0.8128181425907766,1.0834726777719228,-0.44721359549995787,-1.1389071909150976,1,20,0.1
0.0014285817262331816,-0.2014042850167069,-0.20094064157804203,0.79391499086447,-0.8597720054171997,-0.8847105779474259,-1.118033988749895,-1.4004873931646307,-0.331124340588225,-5.258743071175584e-16,0.5640859669844508,-0.5484741288802405,-1.1271543790448286,-1.1181946142788823,-0.040934937082329294,-0.41641741561209283,-0.4041427784472274,-0.8074195520779808,0.10828765214346739,0.0,0.0,0.0,0.0,-0.2028404906953526,0.07012017070570453,0.028941734442016722,-0.3779644730092272,-0.7508058875955863,1.4146593349806589,-1.4146593349806589,-0.408248290463863,0.8128181425907766,1.2279357014748458,-0.44721359549995787,-1.1389071909150976,1,21,0.1
0.00035183399802592787,-0.2013567570518235,-0.20070751537502393,0.3460381659308536,-0.7704601587899561,-0.8847105779474259,-1.118033988749895,-1.4004873931646307,-0.331124340588225,-5.258743071175584e-16,0.5640859669844508,-0.5484741288802405,-1.1271543790448286,-1.1181946142788823,0.10177237650114794,-0.057394152184875195,-0.42443346760253137,-1.2079591595703667,-0.030365591475183615,0.0,0.0,0.0,0.0,-0.20301995915894955,0.2394842090393099,0.1951794851286863,-0.3779644730092272,-0.7508058875955863,1.6606870454120777,-1.6606870454120777,-0.408248290463863,0.8128181425907766,1.3723987251777687,-0.44721359549995787,-1.1389071909150976,1,22,0.1
0.0007629258016446812,-0.20136756523089397,-0.20108416874800442,0.3460381659308536,-0.7613667207137869,-0.8847105779474259,-1.118033988749895,-1.4004873931646307,-0.331124340588225,-5.258743071175584e-16,0.5640859669844508,-0.5484741288802405,-1.1271543790448286,-1.1181946142788823,-0.159684425977068,-0.020642594316978204,-0.5079344051893739,-1.1841203965363412,-0.06043175735218715,0.0,0.0,0.0,0.0,-0.20297914682253207,0.22985910415444505,0.185732049876632,-0.3779644730092272,-0.7508058875955863,1.9067147558434967,-1.9067147558434967,-0.408248290463863,0.8128181425907766,1.516861748880692,-0.44721359549995787,-1.1389071909150976,1,23,0.1
0.0019301621203924345,-0.20141573159643827,-0.20188337344136575,0.3460381659308536,-0.7709432287848107,-0.8847105779474259,-1.118033988749895,-1.4004873931646307,-0.331124340588225,-5.258743071175584e-16,0.5640859669844508,-0.5484741288802405,-1.1271543790448286,-1.1181946142788823,0.18828997867537325,0.10875260672192624,-0.3576606573341132,-0.8987134132505115,-0.13068437813722356,0.0,0.0,0.0,0.0,-0.2027972677195136,0.23813486435966175,0.19385504797748931,-0.3779644730092272,-0.7508058875955863,2.1527424662749155,-2.1527424662749155,-0.408248290463863,0.8128181425907766,1.6613247725836149,-0.44721359549995787,-1.1389071909150976,1,24,0.0
0.002004775973618343,-0.20160921997160222,-0.20289249523628836,2.137545465665319,0.40582028779490736,0.9122357483337862,1.118033988749895,-0.4850584519619434,-0.331124340588225,-1.4209964001470134,-0.5875895489421409,-0.5413750788148887,1.058762483368768,-1.1181946142788823,-1.5610684897623257,-0.6689936753267907,2.4119963984560537,2.7882738996189897,3.0006478893581523,0.0,0.0,0.0,0.0,-0.2020666439383409,2.650136446260468,2.561333537348861,-0.3779644730092272,-0.7508058875955863,-0.7995900589021115,0.7995900589021115,-0.408248290463863,-0.7250102411641544,-1.661324772583615,-0.44721359549995787,1.0641602595597024,2,1,0.1
-0.01298048937421702,-0.20137137541203765,-0.19762035350923562,2.5854222905989355,0.5491579584700842,0.9122357483337862,1.118033988749895,-0.4850584519619434,-0.331124340588225,-1.4209964001470134,-0.5875895489421409,-0.5413750788148887,1.058762483368768,-1.1181946142788823,-2.241911503109519,-0.8135791211351355,2.4119963984560537,0.36452063346202457,3.6329511109834542,0.0,0.0,0.0,0.0,-0.20296475934859837,2.7581607354741213,2.667363808208557,-0.3779644730092272,-0.7508058875955863,-0.7995900589021115,0.7995900589021115,-0.408248290463863,-0.7250102411641544,-1.5168617488806921,-0.44721359549995787,1.0641602595597024,2,2,0.1
-0.0056478872596408365,-0.20136629543553808,-0.19786794884191952,1.689668640731703,0.25101120483426204,0.9122357483337862,1.118033988749895,-0.4850584519619434,-0.331124340588225,-1.4209964001470134,-0.5875895489421409,-0.5413750788148887,1.058762483368768,-1.1181946142788823,-1.6073292760709204,-0.4489496863242574,2.4119963984560537,0.2201513128203905,2.1832767384994525,0.0,0.0,0.0,0.0,-0.20298394164642503,2.399531906531998,2.315354902177981,-0.3779644730092272,-0.48371347352016764,-0.7995900589021115,0.7995900589021115,-0.408248290463863,-0.7250102411641544,-1.3723987251777692,-0.44721359549995787,1.0641602595597024,2,3,0.1
-0.004431997789049535,-0.20127036730407438,-0.1973527504662514,2.137545465665319,0.40640916176027914,0.9122357483337862,1.118033988749895,-0.4850584519619434,-0.331124340588225,-1.4209964001470134,-0.5875895489421409,-0.5413750788148887,1.058762483368768,-1.1181946142788823,-2.0273855029384635,-0.48553163201513394,-1.0000113752679707,-0.7640192750072751,2.442077716772264,0.0,0.0,0.0,0.0,-0.20334617205986164,2.5957746635884233,2.507975217816366,-0.3779644730092272,-0.7508058875955863,-0.7995900589021115,0.7995900589021115,-0.408248290463863,-0.7250102411641544,-1.2279357014748462,-0.44721359549995787,1.0641602595597024,2,4,0.1
-0.0017681597942467275,-0.201360305822054,-0.19787651512682644,1.689668640731703,0.23272366973803718,0.9122357483337862,1.118033988749895,-0.4850584519619434,-0.331124340588225,-1.4209964001470134,-0.5875895489421409,-0.5413750788148887,1.058762483368768,-1.1181946142788823,-1.451642335785044,-0.8041174813283353,-0.9903059817939593,-0.016603446108472183,3.1189799071463464,0.0,0.0,0.0,0.0,-0.2030065587883994,2.3371732469490327,2.25414731993736,-0.3779644730092272,-0.34447093110488164,-0.7995900589021115,0.7995900589021115,-0.408248290463863,-0.7250102411641544,-1.0834726777719228,-0.44721359549995787,1.0641602595597024,2,5,0.1
-0.0010048934016708981,-0.2013006632557284,-0.19805281839726496,1.2417918157980865,0.037010979232697076,0.9122357483337862,1.118033988749895,-0.4850584519619434,-0.331124340588225,-1.4209964001470134,-0.5875895489421409,-0.5413750788148887,1.058762483368768,-1.1181946142788823,-0.9599124866868316,-0.7321069001936124,-0.9338777969295623,-0.6394132273124604,2.6141122533661516,0.0,0.0,0.0,0.0,-0.203231772718129,2.093334497974702,2.014809585914391,-0.3779644730092272,0.20000400747804672,-0.7995900589021115,0.7995900589021115,-0.408248290463863,-0.7250102411641544,-0.9390096540689999,-0.44721359549995787,1.0641602595597024,2,6,0.1
0.0016630319288495833,-0.20135479813693324,-0.20120828578969197,1.689668640731703,0.2929789675111923,0.9122357483337862,1.118033988749895,-0.4850584519619434,-0.331124340588225,-1.4209964001470134,-0.5875895489421409,-0.5413750788148887,1.058762483368768,-1.1181946142788823,-1.144649057098139,-0.7224855018040207,0.7667262359942706,-0.2344266928184506,2.940177356695986,0.0,0.0,0.0,0.0,-0.2030273561397908,2.427808420785711,2.3431094607787726,-0.3779644730092272,-0.5468529598667384,-0.7995900589021115,0.7995900589021115,-0.408248290463863,-0.7250102411641544,-0.7945466303660769,-0.44721359549995787,1.0641602595597024,2,7,0.1
0.00170730020515588,-0.20129451491975645,-0.20123920415033997,2.137545465665319,0.5317662831652302,0.9122357483337862,1.118033988749895,-0.4850584519619434,-0.331124340588225,-1.4209964001470134,-0.5875895489421409,-0.5413750788148887,1.058762483368768,-1.1181946142788823,-0.9763314624712869,-0.8215742626439266,-0.8838764969687674,-0.8405200077752866,3.467033053574207,0.0,0.0,0.0,0.0,-0.2032549892057962,2.5851818519499843,2.4975779386917805,-0.3779644730092272,-0.7508058875955863,-0.7995900589021115,0.7995900589021115,-0.408248290463863,-0.7250102411641544,-0.6500836066631539,-0.44721359549995787,1.0641602595597024,2,8,0.1
0.002476259831434553,-0.20135139826552212,-0.2013478412961924,2.137545465665319,0.4913376432732409,0.9122357483337862,1.118033988749895,-0.4850584519619434,-0.331124340588225,-1.4209964001470134,-0.5875895489421409,-0.5413750788148887,1.058762483368768,-1.1181946142788823,-0.7329453241206959,-0.749401162258994,-0.8816708313272428,-0.42104503442742147,3.155297606101596,0.0,0.0,0.0,0.0,-0.20304019425941322,2.544451054767547,2.4575989905401885,-0.3779644730092272,-0.7508058875955863,-0.7995900589021115,0.7995900589021115,-0.408248290463863,-0.7250102411641544,-0.5056205829602308,-0.44721359549995787,1.0641602595597024,2,9,0.1
0.002054578111812563,-0.20134745463980347,-0.20170923361309284,1.689668640731703,0.4091917517735191,0.9122357483337862,1.118033988749895,-0.4850584519619434,-0.331124340588225,-1.4209964001470134,-0.5875895489421409,-0.5413750788148887,1.058762483368768,-1.1181946142788823,-2.0174157700550004,-0.48437684462965563,-0.7995016357899295,-0.5292185574940855,1.5342992764647174,0.0,0.0,0.0,0.0,-0.20305508562811517,1.5883092119083357,2.297724083625655,2.6457513110645903,1.327690286916582,-0.7995900589021115,0.7995900589021115,-0.408248290463863,-0.7250102411641544,-0.3611575592573077,-0.44721359549995787,1.0641602595597024,2,10,0.1
0.0030935502155950536,-0.20141465905870515,-0.20112819119614114,2.137545465665319,0.5513760074971469,0.9122357483337862,1.118033988749895,-0.4850584519619434,-0.331124340588225,-1.4209964001470134,-0.5875895489421409,-0.5413750788148887,1.058762483368768,-1.1181946142788823,-1.0779701471465755,-0.5041675056089434,-0.1585167127909955,-0.04036033529438969,1.6660350562710435,0.0,0.0,0.0,0.0,-0.20280131768671897,1.6927090656493728,2.4258150070935836,2.6457513110645903,1.0945726868927164,-0.7995900589021115,0.7995900589021115,-0.408248290463863,-0.7250102411641544,-0.21669453555438475,-0.44721359549995787,1.0641602595597024,2,11,0.1
0.0026428844119038785,-0.20135439631004765,-0.20135030216904992,0.79391499086447,0.15619637523975402,0.9122357483337862,1.118033988749895,-0.4850584519619434,-0.331124340588225,-1.4209964001470134,-0.5875895489421409,-0.5413750788148887,1.058762483368768,-1.1181946142788823,-0.9420594890510606,-0.8441284972467443,-0.6938024259462452,-0.6142406133773828,1.9607502592724195,0.0,0.0,0.0,0.0,-0.20302887346236026,1.2190669365620046,1.844691034845439,2.6457513110645903,2.152182563214219,-0.7995900589021115,0.7995900589021115,-0.408248290463863,-0.7250102411641544,-0.07223151185146165,-0.44721359549995787,1.0641602595597024,2,12,0.1
0.0028613389099418304,-0.20137444214873115,-0.20130866880314036,-0.10183865900276282,-0.1376314590171777,0.9122357483337862,1.118033988749895,-0.4850584519619434,-0.331124340588225,-1.4209964001470134,-0.5875895489421409,-0.5413750788148887,1.058762483368768,-1.1181946142788823,0.25388202964786005,-0.6261525397032903,-0.7059421769379838,-0.5205117835742625,1.643400974332874,0.0,0.0,0.0,0.0,-0.20295317916577352,1.4093699936333466,1.3434703696914794,-0.3779644730092272,1.7272490949000008,-0.5535623484706925,0.5535623484706925,-0.408248290463863,-0.7250102411641544,0.07223151185146126,-0.44721359549995787,1.0641602595597024,2,13,0.1
0.002493357437471621,-0.20140154130607288,-0.2017461613913857,0.79391499086447,0.18064342027093988,0.9122357483337862,1.118033988749895,-0.4850584519619434,-0.331124340588225,-1.4209964001470134,-0.5875895489421409,-0.5413750788148887,1.058762483368768,-1.1181946142788823,-0.11970877807237916,-0.5800727324737506,-0.747994151240794,-0.37299331597275953,1.8700189359712411,0.0,0.0,0.0,0.0,-0.20285085111228282,1.7437570545168002,1.6716849860110174,-0.3779644730092272,0.9805860841879082,-0.30753463803927367,0.30753463803927367,-0.408248290463863,-0.7250102411641544,0.21669453555438456,2.2360679774997894,1.0641602595597024,2,14,0.1
0.002161428506663787,-0.20136872073164164,-0.2018249273412483,1.689668640731703,0.5577951991216977,0.9122357483337862,1.118033988749895,-0.4850584519619434,-0.331124340588225,-1.4209964001470134,-0.5875895489421409,-0.5413750788148887,1.058762483368768,-1.1181946142788823,-0.5810389803305742,-0.6164927371704337,-0.6399345181718517,-0.7021364388293744,2.4223088236563193,0.0,0.0,0.0,0.0,-0.20297478358197726,2.2232694616111295,2.1423460824634817,-0.3779644730092272,-0.09013171394974967,-0.06150692760785473,0.06150692760785473,-0.408248290463863,-0.7250102411641544,0.36115755925730747,2.2360679774997894,1.0641602595597024,2,15,0.1
0.0014891512733395116,-0.20134335698622355,-0.20178649016729555,1.2417918157980865,0.6048276988315251,0.9122357483337862,1.118033988749895,-0.4850584519619434,-0.331124340588225,-1.4209964001470134,-0.5875895489421409,-0.5413750788148887,1.058762483368768,-1.1181946142788823,-1.544012349102577,-0.6917984980498214,-0.6708334719903952,-0.9643211955721105,2.523124636987651,0.0,0.0,0.0,0.0,-0.2030705586153163,2.1189756444025845,2.039977422895242,-0.3779644730092272,0.14274911388446576,0.18452078282356418,-0.18452078282356418,-0.408248290463863,-0.7250102411641544,0.5056205829602304,2.2360679774997894,1.0641602595597024,2,16,0.1
0.0025205574859393028,-0.20143691653282525,-0.20150704618909496,0.3460381659308536,0.24484928359870445,0.9122357483337862,1.118033988749895,-0.4850584519619434,-0.331124340588225,-1.4209964001470134,-0.5875895489421409,-0.5413750788148887,1.058762483368768,-1.1181946142788823,0.43415636233349536,-0.6599078760756588,-0.6233643680495753,-0.30665407217239504,1.9687842234266983,0.0,0.0,0.0,0.0,-0.2027172721212569,1.659185592539194,1.5886746270837708,-0.3779644730092272,1.1694282668180895,0.4305484932549831,-0.4305484932549831,-0.408248290463863,-0.7250102411641544,0.6500836066631537,2.2360679774997894,1.0641602595597024,2,17,0.1
0.002428502262424904,-0.2014053671361965,-0.2015593910803078,0.79391499086447,0.4087743584268263,0.9122357483337862,1.118033988749895,-0.4850584519619434,-0.331124340588225,-1.4209964001470134,-0.5875895489421409,-0.5413750788148887,1.058762483368768,-1.1181946142788823,-1.0416045777760474,-0.855570997466375,-0.7340982774625441,-0.6139853123255862,2.695230016526469,0.0,0.0,0.0,0.0,-0.2028364045468565,1.814676769629095,1.7412955954155036,-0.3779644730092272,0.822227301211416,0.676576203686402,-0.676576203686402,-0.408248290463863,-0.7250102411641544,0.7945466303660766,-0.44721359549995787,1.0641602595597024,2,18,0.1
0.0031252006542776805,-0.20148532439496888,-0.20086270700729955,0.79391499086447,0.432997471718371,0.9122357483337862,1.118033988749895,-0.4850584519619434,-0.331124340588225,-1.4209964001470134,-0.5875895489421409,-0.5413750788148887,1.058762483368768,-1.1181946142788823,0.2767551783063437,-0.8184486112916225,-0.6912424304740259,-0.07974464303563242,2.50347365749799,0.0,0.0,0.0,0.0,-0.2025344811125056,1.7536821584056868,1.681426882591034,-0.3779644730092272,0.9584240186709976,0.922603914117821,-0.922603914117821,-0.408248290463863,-0.7250102411641544,0.9390096540689995,-0.44721359549995787,1.0641602595597024,2,19,0.1
0.0034900729030760643,-0.20145487150506028,-0.2007221999494325,0.3460381659308536,0.24886396562930388,0.9122357483337862,1.118033988749895,-0.4850584519619434,-0.331124340588225,-1.4209964001470134,-0.5875895489421409,-0.5413750788148887,1.058762483368768,-1.1181946142788823,-0.22184531413763403,-0.952486969530678,-0.7114771523291495,-0.3739879582420685,2.819096602435922,0.0,0.0,0.0,0.0,-0.20264947306255846,1.632725250169882,1.5627027156842015,-0.3779644730092272,1.2285123678767411,1.1686316245492399,-1.1686316245492399,-0.408248290463863,-0.7250102411641544,1.0834726777719228,-0.44721359549995787,1.0641602595597024,2,20,0.1
0.002686805294824054,-0.20139236823599108,-0.2008592477682837,0.79391499086447,0.6125399184479708,0.9122357483337862,1.118033988749895,-0.4850584519619434,-0.331124340588225,-1.4209964001470134,-0.5875895489421409,-0.5413750788148887,1.058762483368768,-1.1181946142788823,-0.06591871863251293,-0.779827056767838,-0.6553928415533204,-0.8942345551093892,2.5302063456737023,0.0,0.0,0.0,0.0,-0.20288548917848426,1.8834011299587725,1.8087513740506485,-0.3779644730092272,0.6687705925174611,1.4146593349806589,-1.4146593349806589,-0.408248290463863,-0.7250102411641544,1.2279357014748458,-0.44721359549995787,1.0641602595597024,2,21,0.1
0.002549716616856148,-0.20151135113598576,-0.20103894693085542,0.3460381659308536,0.27404250797222157,0.9122357483337862,1.118033988749895,-0.4850584519619434,-0.331124340588225,-1.4209964001470134,-0.5875895489421409,-0.5413750788148887,1.058762483368768,-1.1181946142788823,0.6834324888425396,-0.83911035346578,-0.6670293090065633,-0.09587363961017875,2.3544777677061646,0.0,0.0,0.0,0.0,-0.20243620256777528,1.569154437714775,1.5003053556788564,-0.3779644730092272,1.370461563206663,1.6606870454120777,-1.6606870454120777,-0.408248290463863,-0.7250102411641544,1.3723987251777687,-0.44721359549995787,1.0641602595597024,2,22,0.1
0.0031691038395929303,-0.20153161237361095,-0.20060897288903354,0.79391499086447,0.46234999134265425,0.9122357483337862,1.118033988749895,-0.4850584519619434,-0.331124340588225,-1.4209964001470134,-0.5875895489421409,-0.5413750788148887,1.058762483368768,-1.1181946142788823,-0.30495475698149443,-0.8588797002481974,-0.7025467950255244,-0.018674782991612165,2.653231199091043,0.0,0.0,0.0,0.0,-0.20235969491178604,1.76968107839505,1.697130478812618,-0.3779644730092272,0.9226995449553015,1.9067147558434967,-1.9067147558434967,-0.408248290463863,-0.7250102411641544,1.516861748880692,-0.44721359549995787,1.0641602595597024,2,23,0.1
0.0021784579430908116,-0.20143477992783448,-0.20081144000795723,0.3460381659308536,0.23020523494207087,0.9122357483337862,1.118033988749895,-0.4850584519619434,-0.331124340588225,-1.4209964001470134,-0.5875895489421409,-0.5413750788148887,1.058762483368768,-1.1181946142788823,0.11957281992437425,-0.9478182353001209,-0.7047794821318442,-0.7650461173405599,2.647045352507376,0.0,0.0,0.0,0.0,-0.2027253400706409,1.5121011819866252,1.4443052449415514,-0.3779644730092272,1.4978575084336072,2.1527424662749155,-2.1527424662749155,-0.408248290463863,-0.7250102411641544,1.6613247725836149,-0.44721359549995787,1.0641602595597024,2,24,0.0
0.002004775973618343,-0.20323044488129205,-0.20289249523628836,-0.9975923088699957,-0.08304269014716363,-0.11861133441756078,0.0,0.45811076018627983,-0.331124340588225,-0.47366546671567117,0.18019412834225346,-1.0339750539368824,1.058762483368768,1.5351485382472794,-0.2467580016025406,0.9708401842889225,2.4119963984560537,5.576680189442752,0.28088437241118697,0.0,0.0,0.0,0.0,-0.20511572842520864,1.8567063711663374,1.7825493733163693,-0.3779644730092272,-0.7508058875955863,-0.7995900589021115,0.7995900589021115,-0.408248290463863,-0.5246251852552084,-1.661324772583615,-0.44721359549995787,1.0641602595597024,3,1,0.1
0.0012255758493617695,-0.20321807749866222,-0.2026183557136665,-0.5497154839363793,0.012094164184451573,-0.11861133441756078,0.0,0.45811076018627983,-0.331124340588225,-0.47366546671567117,0.18019412834225346,-1.0339750539368824,1.058762483368768,1.5351485382472794,0.905357701255239,0.6387655366533357,2.4119963984560537,1.7802076413779044,0.5071154835285435,0.0,0.0,0.0,0.0,-0.20516242840836044,1.910813848873357,1.835658082094479,-0.3779644730092272,-0.7508058875955863,-0.7995900589021115,0.7995900589021115,-0.408248290463863,-0.5246251852552084,-1.5168617488806921,-0.44721359549995787,1.0641602595597024,3,2,0.1
0.0015197295062663312,-0.2032150476680005,-0.20259723753334993,-0.5497154839363793,-0.010597579606204114,-0.11861133441756078,0.0,0.45811076018627983,-0.331124340588225,-0.47366546671567117,0.18019412834225346,-1.0339750539368824,1.058762483368768,1.5351485382472794,-0.5492442695574348,0.501739591734285,2.4119963984560537,0.7467568195651901,0.6406371033844751,0.0,0.0,0.0,0.0,-0.20517386923178202,1.974868397643712,1.8985302491353888,-0.3779644730092272,-0.7508058875955863,-0.7995900589021115,0.7995900589021115,-0.408248290463863,-0.5246251852552084,-1.3723987251777692,-0.44721359549995787,1.0641602595597024,3,3,0.1
0.001694390502586186,-0.203215033472729,-0.20261080308650364,-0.9975923088699957,-0.07785706938685576,-0.11861133441756078,0.0,0.45811076018627983,-0.331124340588225,-0.47366546671567117,0.18019412834225346,-1.0339750539368824,1.058762483368768,1.5351485382472794,1.0188573200637931,0.574500368050118,-0.960888526948057,0.5701554937569183,0.5034491584496645,0.0,0.0,0.0,0.0,-0.2051739228339838,1.8200694887989766,1.7465887704821044,-0.3779644730092272,-0.7508058875955863,-0.7995900589021115,0.7995900589021115,-0.408248290463863,-0.5246251852552084,-1.2279357014748462,-0.44721359549995787,1.0641602595597024,3,4,0.1
0.001852262101337605,-0.20321986347335216,-0.20264051391522464,-0.9975923088699957,-0.14346277985376418,-0.11861133441756078,0.0,0.45811076018627983,-0.331124340588225,-0.47366546671567117,0.18019412834225346,-1.0339750539368824,1.058762483368768,1.5351485382472794,0.3230414898062369,0.7031070552247843,-0.9155182856762802,1.6525738470755231,0.3730474670743461,0.0,0.0,0.0,0.0,-0.20515568446015195,1.731563716421857,1.6597167245181441,-0.3779644730092272,-0.6998684050411933,-0.7995900589021115,0.7995900589021115,-0.408248290463863,-0.5246251852552084,-1.0834726777719228,-0.44721359549995787,1.0641602595597024,3,5,0.1
0.001920694234876802,-0.2032200343797757,-0.20266239983685594,-0.9975923088699957,-0.134609152523355,-0.11861133441756078,0.0,0.45811076018627983,-0.331124340588225,-0.47366546671567117,0.18019412834225346,-1.0339750539368824,1.058762483368768,1.5351485382472794,0.23425616751543812,0.5267997234063237,-0.824905717718289,1.5079172958076057,0.5326567813897891,0.0,0.0,0.0,0.0,-0.20515503910718294,1.811592762285642,1.7382685157064874,-0.3779644730092272,-0.7508058875955863,-0.7995900589021115,0.7995900589021115,-0.408248290463863,-0.5246251852552084,-0.9390096540689999,-0.44721359549995787,1.0641602595597024,3,6,0.1
0.0020379147439615174,-0.20321780129707762,-0.20280307864272804,-0.5497154839363793,-0.03494592086887624,-0.11861133441756078,0.0,0.45811076018627983,-0.331124340588225,-0.47366546671567117,0.18019412834225346,-1.0339750539368824,1.058762483368768,1.5351485382472794,-0.21927230452005556,0.6543716808042995,0.8952138646642143,0.7824113016092124,0.4913241806160743,0.0,0.0,0.0,0.0,-0.20516347136221202,1.9007299579898043,1.825760329565991,-0.3779644730092272,-0.7508058875955863,-0.7995900589021115,0.7995900589021115,-0.408248290463863,-0.5246251852552084,-0.7945466303660769,-0.44721359549995787,1.0641602595597024,3,7,0.1
0.0020475677797671924,-0.2032181071015133,-0.20280303019496476,-0.9975923088699957,-0.0020861706768766095,-0.11861133441756078,0.0,0.45811076018627983,-0.331124340588225,-0.47366546671567117,0.18019412834225346,-1.0339750539368824,1.058762483368768,1.5351485382472794,0.678540907117305,0.9121949189211799,-0.6398562038718942,0.6989265806163728,0.2722006778844011,0.0,0.0,0.0,0.0,-0.2051623166262082,1.7713076594116157,1.698727034800323,-0.3779644730092272,-0.7508058875955863,-0.7995900589021115,0.7995900589021115,-0.408248290463863,-0.5246251852552084,-0.6500836066631539,-0.44721359549995787,1.0641602595597024,3,8,0.1
0.0020664300969098935,-0.20322338388681113,-0.20277947859404427,-0.9975923088699957,-0.1392139337434568,-0.11861133441756078,0.0,0.45811076018627983,-0.331124340588225,-0.47366546671567117,0.18019412834225346,-1.0339750539368824,0.4951518901404575,1.5351485382472794,-0.20027778689737313,1.06672712437157,-0.641668181613641,1.7765995604907572,0.10637481558816081,0.0,0.0,0.0,0.0,-0.20514239116648253,1.5782648343852475,1.5092475837059152,-0.3779644730092272,-0.27862350830178484,-0.7995900589021115,0.7995900589021115,-0.408248290463863,-0.5246251852552084,-0.5056205829602308,-0.44721359549995787,0.5133933969410024,3,9,0.3
0.0020604441161592504,-0.20322397752067337,-0.20278690622068427,-0.9975923088699957,-0.039383398122096916,-0.11861133441756078,0.0,0.45811076018627983,-0.331124340588225,-0.47366546671567117,0.18019412834225346,-1.0339750539368824,1.058762483368768,1.5351485382472794,1.3353334591256445,0.9984134593002075,-0.6030250990777549,1.7388214553629084,-0.10751561670350773,0.0,0.0,0.0,0.0,-0.20514014956919432,1.0435159651675896,1.629302935764572,2.6457513110645903,1.1907951149945877,-0.7995900589021115,0.7995900589021115,-0.408248290463863,-0.5246251852552084,-0.3611575592573077,-0.44721359549995787,1.0641602595597024,3,10,0.1
0.0020604892776635787,-0.2032214632185789,-0.20278689584561083,-0.9975923088699957,0.025558585127820697,-0.11861133441756078,0.0,0.45811076018627983,-0.331124340588225,-0.47366546671567117,0.18019412834225346,-1.0339750539368824,1.058762483368768,1.5351485382472794,0.5541793193733704,0.39128198140309545,-0.2723745428640243,1.0130202490112938,0.20792572966435685,0.0,0.0,0.0,0.0,-0.20514964372563507,1.0671384953093717,1.65828603863381,2.6457513110645903,1.125883550486751,-0.7995900589021115,0.7995900589021115,-0.408248290463863,-0.5246251852552084,-0.21669453555438475,-0.44721359549995787,1.0641602595597024,3,11,0.1
0.0020370277986558978,-0.20321925218315104,-0.20278429268060064,-0.9975923088699957,-0.04048299200054478,-0.11861133441756078,0.0,0.45811076018627983,-0.331124340588225,-0.47366546671567117,0.18019412834225346,-1.0339750539368824,0.7478181923683661,1.5351485382472794,1.5147505496715576,0.624562898048486,-0.3717417744400279,0.38598777474386015,0.031595744207050316,0.0,0.0,0.0,0.0,-0.2051579927288413,0.985366528377436,1.5579578639978398,2.6457513110645903,1.3505820173561671,-0.7995900589021115,0.7995900589021115,-0.408248290463863,-0.5246251852552084,-0.07223151185146165,-0.44721359549995787,0.5133933969410024,3,12,0.1
0.0020155851663213402,-0.20322228992073674,-0.20279874664561579,-1.445469133803612,-0.06456107717598357,-0.11861133441756078,0.0,0.45811076018627983,3.020013564160076,-0.47366546671567117,0.18019412834225346,-1.0339750539368824,0.06233565558344616,1.5351485382472794,0.6151523797224211,0.7432843535659893,-0.5442792169036547,0.8999701296170733,0.2400914466336848,0.0,0.0,0.0,0.0,-0.20514652204839756,1.515275032391272,1.4474205093003596,-0.3779644730092272,-0.10553592746573362,-0.5535623484706925,0.5535623484706925,-0.408248290463863,-0.5246251852552084,0.07223151185146126,-0.44721359549995787,-0.037373465677697615,3,13,0.1
0.001979031721124828,-0.2032219783833346,-0.2028254345176191,-1.445469133803612,-0.06669974272439334,-0.11861133441756078,0.0,0.45811076018627983,3.020013564160076,-0.47366546671567117,0.18019412834225346,-1.0339750539368824,-0.03284469885619442,1.5351485382472794,2.380524907917578,0.43291634398794276,-0.5959695027791195,0.6967409535299726,0.3694360942024019,0.0,0.0,0.0,0.0,-0.2051476984324285,1.3984348608965211,1.332737088367321,-0.3779644730092272,0.2155252917841708,-0.30753463803927367,0.30753463803927367,-0.408248290463863,-0.5246251852552084,0.21669453555438456,2.2360679774997894,-0.037373465677697615,3,14,0.1
0.002006618084850237,-0.20322326553887637,-0.20282617686885002,-1.445469133803612,-0.06943612706625395,-0.11861133441756078,0.0,0.45811076018627983,3.020013564160076,-0.47366546671567117,0.18019412834225346,-1.0339750539368824,-0.065571355271675,1.5351485382472794,1.8316616049204242,0.6223550129306704,-0.45832420383093225,0.8267791243790603,0.22839545376969556,0.0,0.0,0.0,0.0,-0.20514283805542616,1.3582607286341817,1.2933045296683765,-0.3779644730092272,0.3259184529841538,-0.06150692760785473,0.06150692760785473,-0.408248290463863,-0.5246251852552084,0.36115755925730747,2.2360679774997894,-0.037373465677697615,3,15,0.1
0.0020652643914888568,-0.20322583797338425,-0.20280470480040183,-0.9975923088699957,-0.06899544004455074,-0.11861133441756078,0.0,0.45811076018627983,-0.331124340588225,-0.47366546671567117,0.18019412834225346,-1.0339750539368824,-0.48710790001827486,1.5351485382472794,1.869387989043654,0.6245267960115716,-0.39687457991639774,1.2069416300398697,0.1600418567883959,0.0,0.0,0.0,0.0,-0.20513312438748427,1.2303002083783587,1.1677060302860955,-0.3779644730092272,0.6775369085513149,0.18452078282356418,-0.18452078282356418,-0.408248290463863,-0.5246251852552084,0.5056205829602304,2.2360679774997894,-0.5881403282963976,3,16,0.1
0.002104657138149049,-0.20322796304401164,-0.2027681067647545,-1.445469133803612,-0.038725041257391575,-0.11861133441756078,0.0,0.45811076018627983,3.020013564160076,-0.47366546671567117,0.18019412834225346,-1.0339750539368824,-0.12650703804798466,1.5351485382472794,1.8362148177646802,0.3337620736476164,-0.5269891480345569,1.4844564450026099,0.37218619396179436,0.0,0.0,0.0,0.0,-0.20512509999255235,1.2834581533795486,1.2198827337650076,-0.3779644730092272,0.5314659603785958,0.4305484932549831,-0.4305484932549831,-0.408248290463863,-0.5246251852552084,0.6500836066631537,2.2360679774997894,-0.037373465677697615,3,17,0.1
0.0020751729192134884,-0.20322600596797719,-0.20279537006288773,-0.9975923088699957,-0.04434816907700048,-0.11861133441756078,0.0,0.45811076018627983,-0.331124340588225,-0.47366546671567117,0.18019412834225346,-1.0339750539368824,-0.5140601061860958,1.5351485382472794,0.36451102421040604,0.49800221998849553,-0.502580563386195,0.9717123122874217,0.23073212185021555,0.0,0.0,0.0,0.0,-0.20513249002976322,1.2250065102670626,1.1625100484501956,-0.3779644730092272,0.6920832854370249,0.676576203686402,-0.676576203686402,-0.408248290463863,-0.5246251852552084,0.7945466303660766,-0.44721359549995787,-0.5881403282963976,3,18,0.1
0.0020355300899923463,-0.20322332599451035,-0.20280200962678643,-0.9975923088699957,-0.058822425920160494,-0.11861133441756078,0.0,0.45811076018627983,-0.331124340588225,-0.47366546671567117,0.18019412834225346,-1.0339750539368824,-0.9931309068985185,1.5351485382472794,0.530702011847662,0.33006065694757536,-0.5070883477052343,0.3438020086183808,0.28489698899432375,0.0,0.0,0.0,0.0,-0.20514260977130394,1.1309119423820662,1.0701523704511338,-0.3779644730092272,0.950642617415642,0.922603914117821,-0.922603914117821,-0.408248290463863,-0.5246251852552084,0.9390096540689995,-0.44721359549995787,-0.5881403282963976,3,19,0.1
0.002003155972075898,-0.20322498415394585,-0.20282013181462252,-1.445469133803612,0.04339672897025925,-0.11861133441756078,0.0,0.45811076018627983,3.020013564160076,-0.47366546671567117,0.18019412834225346,-1.0339750539368824,-0.06158844336821189,1.5351485382472794,1.5269598914191533,0.4844705060087234,-0.48061456159968213,0.5362136276472362,0.3154788402718565,0.0,0.0,0.0,0.0,-0.2051363484612095,1.3631500160568732,1.2981035658250841,-0.3779644730092272,0.3124833427723963,1.1686316245492399,-1.1686316245492399,-0.408248290463863,-0.5246251852552084,1.0834726777719228,-0.44721359549995787,-0.037373465677697615,3,20,0.1
0.00196502499775196,-0.20322374483888508,-0.20282406872721612,-0.9975923088699957,0.0603531623600693,-0.11861133441756078,0.0,0.45811076018627983,-0.331124340588225,-0.47366546671567117,0.18019412834225346,-1.0339750539368824,-0.6243988022253594,1.5351485382472794,0.7408951463158162,0.5820738313640967,-0.4434813711922598,0.19962833394017587,0.16957842137322196,0.0,0.0,0.0,0.0,-0.20514102818966864,1.2033348243505573,1.141238399782658,-0.3779644730092272,0.7516341900149662,1.4146593349806589,-1.4146593349806589,-0.408248290463863,-0.5246251852552084,1.2279357014748458,-0.44721359549995787,-0.5881403282963976,3,21,0.1
0.0019557216732499954,-0.2032235379966141,-0.20281948067743866,-0.9975923088699957,-0.13309609999389166,-0.11861133441756078,0.0,0.45811076018627983,-0.331124340588225,-0.47366546671567117,0.18019412834225346,-1.0339750539368824,-1.1271543790448286,1.5351485382472794,1.342915178749417,0.6158429690266712,-0.4234504005730254,0.05797937885486759,0.07047438517790852,0.0,0.0,0.0,0.0,-0.20514180923856623,1.0508598433744292,0.9915779516564932,-0.3779644730092272,1.1706151164465997,1.6606870454120777,-1.6606870454120777,-0.408248290463863,-0.5246251852552084,1.3723987251777687,-0.44721359549995787,-1.1389071909150976,3,22,0.1
0.0020072137798260595,-0.20322639747795782,-0.20283877126302177,-0.9975923088699957,-0.10567985394465103,-0.11861133441756078,0.0,0.45811076018627983,-0.331124340588225,-0.47366546671567117,0.18019412834225346,-1.0339750539368824,-1.1271543790448286,1.5351485382472794,0.5984020788865466,0.20277980314445163,-0.5441919996966091,0.4535435253141727,0.328438644951551,0.0,0.0,0.0,0.0,-0.20513101166444975,1.0549201952752796,0.9955633535968048,-0.3779644730092272,1.1594578105714604,1.9067147558434967,-1.9067147558434967,-0.408248290463863,-0.5246251852552084,1.516861748880692,-0.44721359549995787,-1.1389071909150976,3,23,0.1
0.0020928153413818434,-0.2032323008298227,-0.2027538285761335,-0.9975923088699957,-0.0652568027015453,-0.11861133441756078,0.0,0.45811076018627983,-0.331124340588225,-0.47366546671567117,0.18019412834225346,-1.0339750539368824,-0.9665928677727257,1.5351485382472794,1.7460032151558966,0.1838231668127302,-0.5452028731302443,1.3537150566619047,0.39347999093913416,0.0,0.0,0.0,0.0,-0.205108720251555,1.13612429370956,1.075268507082007,-0.3779644730092272,0.9363197706502284,2.1527424662749155,-2.1527424662749155,-0.408248290463863,-0.5246251852552084,1.6613247725836149,-0.44721359549995787,-0.5881403282963976,3,24,0.0
0.002004775973618343,0.8528104631831713,-0.20289249523628836,-0.9975923088699957,-0.13736546056501145,-1.614721770511147,-1.118033988749895,0.45811076018627983,-0.331124340588225,-0.47366546671567644,-0.5875895489421409,-1.0067652961759141,0.8491641137424105,0.871812750115739,0.5822285781797506,0.15361294201186562,2.4119963984560537,4.462664567958733,0.2096041833024644,0.0,0.0,0.0,0.0,1.4331521700976413,0.8104622133257432,0.755617817008652,-0.3779644730092272,-0.7508058875955863,-0.7995900589021115,0.7995900589021115,2.4494897427831788,2.0774333170374115,-1.661324772583615,-0.44721359549995787,0.5133933969410024,4,1,0.1
-9.613522243650086,1.005427099317281,3.1800586938852264,-0.9975923088699957,-0.11928303378805263,-1.614721770511147,-1.118033988749895,0.45811076018627983,-0.331124340588225,-0.47366546671567644,-0.5875895489421409,-1.0067652961759141,0.6772523343605721,0.871812750115739,0.9047913000671228,0.03806808666498547,2.4119963984560537,0.7192882076035996,0.2632408594653088,0.0,0.0,0.0,0.0,0.8568625420118338,0.7640300104461183,0.7100427053020458,-0.3779644730092272,-0.5853713387827602,-0.7995900589021115,0.7995900589021115,2.4494897427831788,2.0774333170374115,-1.5168617488806921,-0.44721359549995787,0.5133933969410024,4,2,0.1
-5.72105232024096,1.0344819868854456,3.3295480996527624,-0.9975923088699957,-0.15393197349093854,-1.614721770511147,-1.118033988749895,0.45811076018627983,-0.331124340588225,-0.47366546671567644,-0.5875895489421409,-1.0067652961759141,0.7794978775174657,0.871812750115739,1.5287752578503264,0.41438803828979,2.4119963984560537,-0.12633419963984605,0.03675269977326539,0.0,0.0,0.0,0.0,0.7471495331625295,0.7916458365429067,0.737148771376366,-0.3779644730092272,-0.691169147514332,-0.7995900589021115,0.7995900589021115,2.4494897427831788,2.0774333170374115,-1.3723987251777692,-0.44721359549995787,0.5133933969410024,4,3,0.1
-3.305952966173986,1.0181373615288267,3.0265194881269877,-0.9975923088699957,-0.1238217233680099,-1.614721770511147,-1.118033988749895,0.45811076018627983,-0.331124340588225,-0.47366546671567644,-0.5875895489421409,-1.0067652961759141,0.7907257778994626,0.871812750115739,0.6786087922643995,0.4638330308894371,-0.9328005705992881,0.01688008136614913,0.011723509162659096,0.0,0.0,0.0,0.0,0.8088678248675751,0.7946784161039099,0.7401253726074166,-0.3779644730092272,-0.702787133202459,-0.7995900589021115,0.7995900589021115,2.4494897427831788,2.0774333170374115,-1.2279357014748462,-0.44721359549995787,0.5133933969410024,4,4,0.1
-1.7329745911781327,0.9841423846104528,2.687829791577577,-0.9975923088699957,-0.09330477764559222,-1.614721770511147,-1.118033988749895,0.45811076018627983,-0.331124340588225,-0.47366546671567644,-0.5875895489421409,-1.0067652961759141,1.058762483368768,0.871812750115739,1.048392582027411,0.13327282223551826,-0.9060167971104939,0.4987263125888401,0.24398783751230504,0.0,0.0,0.0,0.0,0.9372349092256665,0.8417275264531481,0.7863060043000791,-0.3779644730092272,-0.7508058875955863,-0.7995900589021115,0.7995900589021115,2.4494897427831788,2.0774333170374115,-1.0834726777719228,-0.44721359549995787,1.0641602595597024,4,5,0.1
-0.9944371601924723,0.9795581702289392,2.4359799667812143,-0.9975923088699957,-0.14731176812240085,-1.614721770511147,-1.118033988749895,0.45811076018627983,-0.331124340588225,-0.47366546671567644,-0.5875895489421409,-1.0067652961759141,0.9078726604654824,0.871812750115739,0.4389935393378619,0.3199721222290618,-0.7651941970479093,0.3870869420045659,0.11141626049922378,0.0,0.0,0.0,0.0,0.9545451793764682,0.8263189926692857,0.7711818963559636,-0.3779644730092272,-0.7508058875955863,-0.7995900589021115,0.7995900589021115,2.4494897427831788,2.0774333170374115,-0.9390096540689999,-0.44721359549995787,0.5133933969410024,4,6,0.1
0.22052142155393264,1.0209024717694406,0.6745709689128836,-0.5497154839363793,0.012921733551657572,-1.614721770511147,-1.118033988749895,0.45811076018627983,-0.331124340588225,-0.47366546671567644,-0.5875895489421409,-1.0067652961759141,1.058762483368768,0.871812750115739,0.7175206039888204,0.2381036671057088,0.7705405259204108,-0.5657077750717707,0.24461870257544788,0.0,0.0,0.0,0.0,0.7984266017313287,0.9598396635047136,0.9022379116012763,-0.3779644730092272,-0.7508058875955863,-0.7995900589021115,0.7995900589021115,2.4494897427831788,2.0774333170374115,-0.7945466303660769,-0.44721359549995787,1.0641602595597024,4,7,0.1
0.14159234712757612,1.0182311286163868,0.691865457233881,-0.9975923088699957,-0.021389957862777385,-1.614721770511147,-1.118033988749895,0.45811076018627983,-0.331124340588225,-0.47366546671567644,-0.5875895489421409,-1.0067652961759141,0.7786555025924783,0.871812750115739,0.9005894643045914,0.012587615784854369,-0.6372628434173188,-0.6713351140956224,0.30149577675283246,0.0,0.0,0.0,0.0,0.8085137546863321,0.7914183168025004,0.7369254514186339,-0.3779644730092272,-0.6902975063802301,-0.7995900589021115,0.7995900589021115,2.4494897427831788,2.0774333170374115,-0.6500836066631539,-0.44721359549995787,0.5133933969410024,4,8,0.1
-0.25848637877543207,1.01835667278578,0.5748829655879908,-0.9975923088699957,-0.14302571148476848,-1.614721770511147,-1.118033988749895,0.45811076018627983,-0.331124340588225,-0.47366546671567644,-0.5875895489421409,-1.0067652961759141,0.33051824516301626,0.871812750115739,0.8542062846419329,0.3055907493982516,-0.6078799060110275,-0.8190918155702149,0.027284574404673127,0.0,0.0,0.0,0.0,0.8080396923264177,0.6703794902037344,0.6181208782783852,-0.3779644730092272,-0.22659084119814688,-0.7995900589021115,0.7995900589021115,2.4494897427831788,2.0774333170374115,-0.5056205829602308,-0.44721359549995787,0.5133933969410024,4,9,0.1
-0.2069100536320254,0.9846086715213092,0.6078974045145467,-0.9975923088699957,-0.07953947284542305,-1.614721770511147,-1.118033988749895,0.45811076018627983,-0.331124340588225,-0.47366546671567644,-0.5875895489421409,-1.0067652961759141,0.5082137005110664,0.871812750115739,1.818441775558434,0.3031174349451846,-0.5436891932937569,-0.38767734348866767,-0.21733991885540913,0.0,0.0,0.0,0.0,0.9354741817109892,0.25775265511704243,0.6652292861860009,2.6457513110645903,1.3542061562558771,-0.7995900589021115,0.7995900589021115,2.4494897427831788,2.0774333170374115,-0.3611575592573077,-0.44721359549995787,0.5133933969410024,4,10,0.1
0.5806550481508425,0.9370194066290023,1.1323681552950242,-1.445469133803612,-0.16097149093617283,-1.614721770511147,-1.118033988749895,0.45811076018627983,3.020013564160076,-0.47366546671567644,-0.5875895489421409,-1.0067652961759141,0.03665193158605989,0.871812750115739,1.4587624126839942,0.033082038134672705,-0.1131417024921563,0.24553161632955575,-0.14616535580218729,0.0,0.0,0.0,0.0,1.1151741178409202,0.15094919579385685,0.5341893158790436,2.6457513110645903,1.7633763154878206,-0.7995900589021115,0.7995900589021115,2.4494897427831788,2.0774333170374115,-0.21669453555438475,-0.44721359549995787,-0.037373465677697615,4,11,0.1
1.2554862851185495,0.9371132161021736,1.4254833548564247,-1.445469133803612,-0.11433932018399671,-1.614721770511147,-1.118033988749895,0.45811076018627983,3.020013564160076,-0.47366546671567644,-0.5875895489421409,-1.0067652961759141,0.06436009651427059,0.871812750115739,1.1980430637258885,0.3958587539270826,-0.2760798393684461,0.0851242191768296,-0.29897891617800487,0.0,0.0,0.0,0.0,1.1148198876090527,0.1883681306683302,0.5800995901898359,2.6457513110645903,1.620022236529123,-0.7995900589021115,0.7995900589021115,2.4494897427831788,2.0774333170374115,-0.07223151185146165,-0.44721359549995787,-0.037373465677697615,4,12,0.3
1.6423585083355454,0.8942463990991992,1.8312327087143085,-1.445469133803612,-0.052353902999340375,-1.614721770511147,-1.118033988749895,0.45811076018627983,3.020013564160076,-0.47366546671567644,-0.5875895489421409,-1.0067652961759141,0.07061162519131846,0.871812750115739,1.6061715257684326,0.1884242083327319,-0.5671162549297656,0.5982429905336231,0.08026425808849558,0.0,0.0,0.0,0.0,1.276687575520601,0.6421962653000272,0.5904578870012153,-0.3779644730092272,-0.11861929519583281,-0.5535623484706925,0.5535623484706925,2.4494897427831788,2.0774333170374115,0.07223151185146126,-0.44721359549995787,-0.037373465677697615,4,13,0.3
1.0949370731701176,0.9511269269787075,1.5359555779650753,-1.445469133803612,-0.12728253951040647,-1.614721770511147,-1.118033988749895,0.45811076018627983,3.020013564160076,-0.47366546671567644,-0.5875895489421409,-1.0067652961759141,-0.02210300793396819,0.871812750115739,1.3047643061087528,0.39508778407382666,-0.4787533998571344,-0.4187038429483615,-0.1280686183380031,0.0,0.0,0.0,0.0,1.0619032696458366,0.48568631472163093,0.43683695070194206,-0.3779644730092272,0.4809792740393117,-0.30753463803927367,0.30753463803927367,2.4494897427831788,2.0774333170374115,0.21669453555438456,2.2360679774997894,-0.037373465677697615,4,14,0.1
0.4634091755582752,0.9334539871275372,0.9792495731618758,-1.445469133803612,-0.15643238723502376,-1.614721770511147,-1.118033988749895,0.45811076018627983,3.020013564160076,-0.47366546671567644,-0.5875895489421409,-1.0067652961759141,-0.05407869313868006,0.871812750115739,2.581889888300792,0.580055662043323,-0.2942517677442903,-0.2888839783527779,-0.24073848755004493,0.0,0.0,0.0,0.0,1.128637357042862,0.43170871978969494,0.3838557271951758,-0.3779644730092272,0.6877705264314803,-0.06150692760785473,0.06150692760785473,2.4494897427831788,2.0774333170374115,0.36115755925730747,2.2360679774997894,-0.037373465677697615,4,15,0.1
0.03788627750356381,0.9238522864410595,0.580297241782696,-1.445469133803612,-0.16247423554265242,-1.614721770511147,-1.118033988749895,0.45811076018627983,3.020013564160076,-0.47366546671567644,-0.5875895489421409,-1.0067652961759141,-0.10962347456601271,0.871812750115739,1.4811586515083919,-0.09422566688104128,-0.45256108355033275,-0.28109676837164416,0.06468314210362103,0.0,0.0,0.0,0.0,1.1648939582743243,0.3379445457533021,0.2918223443107851,-0.3779644730092272,1.04698643819918,0.18452078282356418,-0.18452078282356418,2.4494897427831788,2.0774333170374115,0.5056205829602304,2.2360679774997894,-0.037373465677697615,4,16,0.1
-0.1632683478366613,0.9412466554487287,0.5965916438908987,-1.445469133803612,-0.2120354692764589,-1.614721770511147,-1.118033988749895,0.45811076018627983,3.020013564160076,-0.47366546671567644,-0.5875895489421409,-1.0067652961759141,-0.1321291944183091,0.871812750115739,0.5693436263589409,0.12605499613765503,-0.41361957481944234,-0.650718692026368,-0.10028034289753299,0.0,0.0,0.0,0.0,1.0992117711934328,0.29995303370089144,0.25453211687573746,-0.3779644730092272,1.1925340930640687,0.4305484932549831,-0.4305484932549831,2.4494897427831788,2.0774333170374115,0.6500836066631537,2.2360679774997894,-0.037373465677697615,4,17,0.1
0.3207666496834763,0.866679417016866,1.0906011334992654,-1.445469133803612,-0.027136975755217677,-1.614721770511147,-1.118033988749895,0.45811076018627983,3.020013564160076,-0.47366546671567644,-0.5875895489421409,-1.0067652961759141,-0.05022002442994068,0.871812750115739,0.8625602625567275,0.06532640271128175,-0.49133957941627066,0.251023997859656,0.02656264406137796,0.0,0.0,0.0,0.0,1.3807821634639221,0.43822247094790845,0.3902492411413967,-0.3779644730092272,0.6628159733159439,0.676576203686402,-0.676576203686402,2.4494897427831788,2.0774333170374115,0.7945466303660766,-0.44721359549995787,-0.037373465677697615,4,18,0.1
1.1893507119573703,0.8557947842856016,1.4360187871775005,-1.445469133803612,-0.13742863409115338,-1.614721770511147,-1.118033988749895,0.45811076018627983,3.020013564160076,-0.47366546671567644,-0.5875895489421409,-1.0067652961759141,-0.14162887725617915,0.871812750115739,1.5980159712847952,-0.35196711706113726,-0.5101427852601,0.2627960727166673,0.2308625807975239,0.0,0.0,0.0,0.0,1.4218831935183314,0.2839167852539351,0.23879188124186831,-0.3779644730092272,1.2539698777484296,0.922603914117821,-0.922603914117821,2.4494897427831788,2.0774333170374115,0.9390096540689995,-0.44721359549995787,-0.037373465677697615,4,19,0.1
0.7672975306141684,0.9041754118793607,1.2410783679932822,-0.9975923088699957,-0.244634961479386,-1.614721770511147,-1.118033988749895,0.45811076018627983,-0.331124340588225,-0.47366546671567644,-0.5875895489421409,-1.0067652961759141,-0.4329592670717418,0.871812750115739,0.8824628949968623,0.16324924813045028,-0.31324272745414106,-0.49723599461885987,-0.15187348948962925,0.0,0.0,0.0,0.0,1.2391950240709,0.2509689410374688,0.20645222067159152,-0.3779644730092272,1.380194952758469,1.1686316245492399,-1.1686316245492399,2.4494897427831788,2.0774333170374115,1.0834726777719228,-0.44721359549995787,-0.5881403282963976,4,20,0.1
0.7739286990540425,0.8625086904322861,1.2460104037335538,-0.9975923088699957,-0.1765320779673111,-1.614721770511147,-1.118033988749895,0.45811076018627983,-0.331124340588225,-0.47366546671567644,-0.5875895489421409,-1.0067652961759141,-0.6277581693538169,0.871812750115739,0.3448844871709007,-0.22253493853795983,-0.4567043160708924,-0.07766779682940192,0.05487684837359017,0.0,0.0,0.0,0.0,1.3965310787405174,0.1983550818591539,0.15480955974542726,-0.3779644730092272,1.5817616555059402,1.4146593349806589,-1.4146593349806589,2.4494897427831788,2.0774333170374115,1.2279357014748458,-0.44721359549995787,-0.5881403282963976,4,21,0.1
0.9519240069672132,0.82853383720246,1.413854106161839,-1.445469133803612,-0.04876174305694643,-1.614721770511147,-1.118033988749895,0.45811076018627983,3.020013564160076,-0.47366546671567644,-0.5875895489421409,-1.0067652961759141,-0.08795739294862433,0.871812750115739,0.5684060894392182,-0.3435417426853981,-0.5533413016606674,0.2279097156232482,0.29780350203121003,0.0,0.0,0.0,0.0,1.524822174836237,0.3745186791868313,0.3277213564926268,-0.3779644730092272,0.9068688418628713,1.6606870454120777,-1.6606870454120777,2.4494897427831788,2.0774333170374115,1.3723987251777687,-0.44721359549995787,-0.037373465677697615,4,22,0.1
0.2445555653552229,0.8644211447670401,0.7798247178844719,-1.445469133803612,-0.11967043717552701,-1.614721770511147,-1.118033988749895,0.45811076018627983,3.020013564160076,-0.47366546671567644,-0.5875895489421409,-1.0067652961759141,-0.1391157486041946,0.871812750115739,0.13695031559866663,0.0835505499687478,-0.38838608762823834,-0.33065908449727566,-0.08369853364284778,0.0,0.0,0.0,0.0,1.389309535760511,0.28815915377614876,0.2429559399620999,-0.3779644730092272,1.237717121379349,1.9067147558434967,-1.9067147558434967,2.4494897427831788,2.0774333170374115,1.516861748880692,-0.44721359549995787,-0.037373465677697615,4,23,0.1
0.8839893967776963,0.7884509435642062,1.3727953552805343,-0.9975923088699957,-0.214931486853085,-1.614721770511147,-1.118033988749895,0.45811076018627983,-0.331124340588225,-0.47366546671567644,-0.5875895489421409,-1.0067652961759141,-0.5376501147537398,0.871812750115739,0.6121547568722595,-0.1649892307427719,-0.4175211361034832,0.46843430865541025,0.03092389099915045,0.0,0.0,0.0,0.0,1.6761776001195856,0.22269265481269845,0.17869788589056002,-0.3779644730092272,1.4885230220026238,2.1527424662749155,-2.1527424662749155,2.4494897427831788,2.0774333170374115,1.6613247725836149,-0.44721359549995787,-0.5881403282963976,4,24,0.0
0.002004775973618343,-0.20173888671629353,-0.20289249523628836,0.3460381659308536,-1.3127981350844058,0.9122357483337862,0.0,-1.4004873931646307,-0.331124340588225,-0.47366546671567644,-0.5875895489421409,-0.8231612957129831,-1.1271543790448286,-1.1181946142788823,-1.2225907870201376,-0.47622102325852833,2.4119963984560537,4.055311125822991,-0.3933282590506478,0.0,0.0,0.0,0.0,-0.20157701448531326,-0.5522094748463428,-0.581900339708486,-0.3779644730092272,-0.7508058875955863,-0.7995900589021115,0.7995900589021115,-0.408248290463863,0.7709371670489661,-1.661324772583615,-0.44721359549995787,-1.1389071909150976,5,1,0.1
-0.01828383615012532,-0.2014168679930518,-0.19575452096097612,0.3460381659308536,-1.2580396933601787,0.9122357483337862,0.0,-1.4004873931646307,-0.331124340588225,-0.47366546671567644,-0.5875895489421409,-0.8231612957129831,-1.1271543790448286,-1.1181946142788823,-1.1790702427750634,-0.5274840391263448,2.4119963984560537,0.8015923466878082,-0.3316366349704768,0.0,0.0,0.0,0.0,-0.20279297661732204,-0.51929972264693,-0.5495980680154253,-0.3779644730092272,-0.7508058875955863,-0.7995900589021115,0.7995900589021115,-0.408248290463863,0.7709371670489661,-1.5168617488806921,-0.44721359549995787,-1.1389071909150976,5,2,0.1
-0.009687451427167407,-0.20136773110284015,-0.1955949113317611,0.3460381659308536,-1.2710392779353812,0.9122357483337862,0.0,-1.4004873931646307,-0.331124340588225,-0.47366546671567644,-0.5875895489421409,-0.8231612957129831,-1.1271543790448286,-1.1181946142788823,-1.0619884577259515,-0.62083257433173,2.4119963984560537,0.2337169303401864,-0.2514173320663093,0.0,0.0,0.0,0.0,-0.20297852048005324,-0.5036216881116097,-0.5342094340292314,-0.3779644730092272,-0.7508058875955863,-0.7995900589021115,0.7995900589021115,-0.408248290463863,0.7709371670489661,-1.3723987251777692,-0.44721359549995787,-1.1389071909150976,5,3,0.1
-0.005624664190688645,-0.20135162009997112,-0.19589727615557448,0.3460381659308536,-1.2986013799207579,0.9122357483337862,0.0,-1.4004873931646307,-0.331124340588225,-0.47366546671567644,-0.5875895489421409,-0.8231612957129831,-1.1271543790448286,-1.1181946142788823,-1.179577248812859,-0.3582012228054806,-0.8763118359461213,-0.00872536197436545,-0.4558114838086108,0.0,0.0,0.0,0.0,-0.20303935659914668,-0.5494503771289823,-0.5791921721247912,-0.3779644730092272,-0.7508058875955863,-0.7995900589021115,0.7995900589021115,-0.408248290463863,0.7709371670489661,-1.2279357014748462,-0.44721359549995787,-1.1389071909150976,5,4,0.1
-0.003513549480941111,-0.20133357924927262,-0.1961921748439986,0.3460381659308536,-1.2027606438189962,0.9122357483337862,0.0,-1.4004873931646307,-0.331124340588225,-0.47366546671567644,-0.5875895489421409,-0.8231612957129831,-1.1271543790448286,-1.1181946142788823,-0.095060304109979,-0.3633995126301302,-0.8258120754628361,-0.2610744305438618,-0.35695619174847115,0.0,0.0,0.0,0.0,-0.20310747994010578,-0.4340400141658531,-0.4659121669141695,-0.3779644730092272,-0.7508058875955863,-0.7995900589021115,0.7995900589021115,-0.408248290463863,0.7709371670489661,-1.0834726777719228,-0.44721359549995787,-1.1389071909150976,5,5,0.1
-0.0023939245357450403,-0.2013033721718767,-0.19636272647648428,0.79391499086447,-1.3378528515602794,0.9122357483337862,0.0,-1.4004873931646307,-0.331124340588225,-0.47366546671567644,-0.5875895489421409,-0.8231612957129831,-1.1271543790448286,-1.1181946142788823,-0.2939876676265366,-0.5325300828442439,-0.6395351203882337,-0.6150240680649709,-0.37508434370068816,0.0,0.0,0.0,0.0,-0.20322154368727652,-0.5697256480846261,-0.5990931822293677,-0.3779644730092272,-0.7508058875955863,-0.7995900589021115,0.7995900589021115,-0.408248290463863,0.7709371670489661,-0.9390096540689999,-0.44721359549995787,-1.1389071909150976,5,6,0.1
0.0009086466565783184,-0.20133730797505892,-0.20133822290066014,0.79391499086447,-1.4379162481462564,0.9122357483337862,0.0,-1.4004873931646307,-0.331124340588225,-0.47366546671567644,-0.5875895489421409,-0.8231612957129831,-1.1271543790448286,-1.1181946142788823,-1.1558024475098538,-0.723541297205199,0.9542860569915039,-0.38945810174363205,-0.3829835285602936,0.0,0.0,0.0,0.0,-0.20309340004651724,-0.7058411072544827,-0.7326960886593006,-0.3779644730092272,-0.6687966216419906,-0.7995900589021115,0.7995900589021115,-0.408248290463863,0.7709371670489661,-0.7945466303660769,-0.44721359549995787,-1.1389071909150976,5,7,0.1
0.001754052060838106,-0.20135450354777729,-0.20198873724029598,0.79391499086447,-1.3803013624044302,0.9122357483337862,0.0,-1.4004873931646307,-0.331124340588225,-0.47366546671567644,-0.5875895489421409,-0.8231612957129831,-1.1271543790448286,-1.1181946142788823,-1.2924307495726353,-0.5836645934795155,-0.3981198265912081,-0.31689127053430977,-0.4558750822828374,0.0,0.0,0.0,0.0,-0.20302846852622142,-0.6883684591433639,-0.7155459678360668,-0.3779644730092272,-0.7508058875955863,-0.7995900589021115,0.7995900589021115,-0.408248290463863,0.7709371670489661,-0.6500836066631539,-0.44721359549995787,-1.1389071909150976,5,8,0.1
0.0016312102843479075,-0.20129077399221476,-0.20184202649610786,0.79391499086447,-1.3946427526351621,0.9122357483337862,0.0,-1.4004873931646307,-0.331124340588225,-0.47366546671567644,-0.5875895489421409,-0.8231612957129831,-1.1271543790448286,-1.1181946142788823,-0.5798271968857267,-0.7585013196794295,-0.5481532675367835,-0.9422765892854739,-0.35060522137852207,0.0,0.0,0.0,0.0,-0.20326911517394963,-0.6995040739117423,-0.7264760304976702,-0.3779644730092272,-0.7342778151349054,-0.7995900589021115,0.7995900589021115,-0.408248290463863,0.7709371670489661,-0.5056205829602308,-0.44721359549995787,-1.1389071909150976,5,9,0.1
0.001983587596018705,-0.20133534494458072,-0.20192836125782687,0.79391499086447,-1.3157077037712535,0.9122357483337862,0.0,-1.4004873931646307,-0.331124340588225,-0.47366546671567644,-0.5875895489421409,-0.8231612957129831,-1.1271543790448286,-1.1181946142788823,-0.17561252769949254,-1.5912204968526678,-0.8460225350038182,-0.6317943544673793,1.0847662198071844,0.0,0.0,0.0,0.0,-0.20310081256806697,-0.8146207798112486,-0.6504938557559664,2.6457513110645903,0.45523451430674106,-0.7995900589021115,0.7995900589021115,-0.408248290463863,0.7709371670489661,-0.3611575592573077,-0.44721359549995787,-1.1389071909150976,5,10,0.1
0.003041729581487593,-0.2014325048334501,-0.2008666139046935,0.79391499086447,-1.3348389012375006,0.9122357483337862,0.0,-1.4004873931646307,-0.331124340588225,-0.47366546671567644,-0.5875895489421409,-0.8231612957129831,-1.1271543790448286,-1.1181946142788823,-0.7729234548320031,-0.8037920650126729,0.26140993889892966,0.10859966830244493,-0.4815055094901476,0.0,0.0,0.0,0.0,-0.20273393096433276,-0.8465954626011071,-0.6897244341464907,2.6457513110645903,0.7856320800755625,-0.7995900589021115,0.7995900589021115,-0.408248290463863,0.7709371670489661,-0.21669453555438475,-0.44721359549995787,-1.1389071909150976,5,11,0.1
0.0026755578728214734,-0.20135611907273027,-0.201016747464,0.79391499086447,-1.3953390046414236,0.9122357483337862,0.0,-1.4004873931646307,-0.331124340588225,-0.47366546671567644,-0.5875895489421409,-0.8231612957129831,-1.1271543790448286,-1.1181946142788823,-0.23165398692739772,-0.6039204376032413,0.045003549514212045,-0.6000671952573875,-0.6485677679034441,0.0,0.0,0.0,0.0,-0.20302236820650607,-0.8988624406729814,-0.7538521627610447,2.6457513110645903,1.325711943839431,-0.7995900589021115,0.7995900589021115,-0.408248290463863,0.7709371670489661,-0.07223151185146165,-0.44721359549995787,-1.1389071909150976,5,12,0.1
0.0027361637747682394,-0.20137712409486702,-0.2009973399230527,0.79391499086447,-1.27259420980937,0.9122357483337862,0.0,-1.4004873931646307,-0.331124340588225,-0.47366546671567644,-0.5875895489421409,-0.8231612957129831,-1.1271543790448286,-1.1181946142788823,0.04826789913583823,-0.5949582317812747,-0.44078511046107327,-0.4987595562555638,-0.38406151593555243,0.0,0.0,0.0,0.0,-0.2029430519753156,-0.6210632478514481,-0.6494831421928793,-0.3779644730092272,-0.7508058875955863,-0.5535623484706925,0.5535623484706925,-0.408248290463863,0.7709371670489661,0.07223151185146126,-0.44721359549995787,-1.1389071909150976,5,13,0.1
0.0024428269889737817,-0.20132965255251936,-0.20093988284988618,0.79391499086447,-1.2158712988795655,0.9122357483337862,0.0,-1.4004873931646307,-0.331124340588225,-0.47366546671567644,-0.5875895489421409,-0.8231612957129831,-1.1271543790448286,-1.1181946142788823,-0.5795572504963733,-0.8049510921491901,-0.6062446187017336,-0.9479118563198266,-0.2015544234548149,0.0,0.0,0.0,0.0,-0.2031223073840127,-0.5998900786566087,-0.628700808136075,-0.3779644730092272,-0.7508058875955863,-0.30753463803927367,0.30753463803927367,-0.408248290463863,0.7709371670489661,0.21669453555438456,2.2360679774997894,-1.1389071909150976,5,14,0.1
0.002564372859146824,-0.20145502835014814,-0.20079054989834103,1.2417918157980865,-1.351417292562283,0.9122357483337862,0.0,-1.4004873931646307,-0.331124340588225,-0.47366546671567644,-0.5875895489421409,-0.8231612957129831,-1.1271543790448286,-1.1181946142788823,-1.1555753850316357,-0.6710070205824338,-0.24632402579155693,-0.02141270076684219,-0.459217439846826,0.0,0.0,0.0,0.0,-0.20264888080604135,-0.7454286180018818,-0.7715528542789837,-0.3779644730092272,-0.2597349502018523,-0.06150692760785473,0.06150692760785473,-0.408248290463863,0.7709371670489661,0.36115755925730747,2.2360679774997894,-1.1389071909150976,5,15,0.1
0.0022911129143622943,-0.20141446654466513,-0.2009527884795148,0.79391499086447,-1.278277719943934,0.9122357483337862,0.0,-1.4004873931646307,-0.331124340588225,-0.47366546671567644,-0.5875895489421409,-0.8231612957129831,-1.1271543790448286,-1.1181946142788823,-1.1859640816584869,-0.5289597057934022,-0.061819684195471784,-0.4110875931810126,-0.5099810917349732,0.0,0.0,0.0,0.0,-0.2028020446313517,-0.7131866687070981,-0.7399060585291037,-0.3779644730092272,-0.5928942072505905,0.18452078282356418,-0.18452078282356418,-0.408248290463863,0.7709371670489661,0.5056205829602304,2.2360679774997894,-1.1389071909150976,5,16,0.1
0.002366549281639255,-0.201348832639276,-0.20100277701192878,1.2417918157980865,-1.3670557387135294,0.9122357483337862,0.0,-1.4004873931646307,-0.331124340588225,-0.47366546671567644,-0.5875895489421409,-0.8231612957129831,-1.1271543790448286,-1.1181946142788823,-1.0966286355247894,-0.6432769400587721,-0.21579806023612336,-0.9827620474876234,-0.5239993881577261,0.0,0.0,0.0,0.0,-0.20304988221894793,-0.7931663003907967,-0.8184093476727955,-0.3779644730092272,0.23354325244368757,0.4305484932549831,-0.4305484932549831,-0.408248290463863,0.7709371670489661,0.6500836066631537,2.2360679774997894,-1.1389071909150976,5,17,0.1
0.0017277952981204485,-0.20134295494633664,-0.20093646580842736,1.2417918157980865,-1.4064224026312568,0.9122357483337862,0.0,-1.4004873931646307,-0.331124340588225,-0.47366546671567644,-0.5875895489421409,-0.8231612957129831,-1.1271543790448286,-1.1181946142788823,-1.84420297078347,-1.602101808982583,-0.8035235840967528,-1.086707523506371,1.0510688206664403,0.0,0.0,0.0,0.0,-0.2030720767421915,-0.8438709806538687,-0.8681780711819549,-0.3779644730092272,0.7574797381347643,0.676576203686402,-0.676576203686402,-0.408248290463863,0.7709371670489661,0.7945466303660766,-0.44721359549995787,-1.1389071909150976,5,18,0.1
0.0011741765050427926,-0.20131774106246844,-0.2006963401443151,0.79391499086447,-1.162808291962458,0.9122357483337862,0.0,-1.4004873931646307,-0.331124340588225,-0.47366546671567644,-0.5875895489421409,-0.8231612957129831,-1.1271543790448286,-1.1181946142788823,-1.1210166379885913,-1.6414261676492805,-0.8238057096926013,-1.3324831749064179,1.9884826959741893,0.0,0.0,0.0,0.0,-0.20316728588927435,-0.6435073651963393,-0.6715129639913721,-0.3779644730092272,-0.7508058875955863,0.922603914117821,-0.922603914117821,-0.408248290463863,0.7709371670489661,0.9390096540689995,-0.44721359549995787,-1.1389071909150976,5,19,0.1
0.00062355081176474,-0.20136078055195794,-0.20081806010681463,0.3460381659308536,-1.0824312412923363,0.9122357483337862,0.0,-1.4004873931646307,-0.331124340588225,-0.47366546671567644,-0.5875895489421409,-0.8231612957129831,-1.1271543790448286,-1.1181946142788823,-0.7346421893492053,-1.6481546668459959,-0.7364102291753466,-1.0682837444598534,2.4357910824376665,0.0,0.0,0.0,0.0,-0.20300476617963334,-0.534172322990642,-0.5641961353048373,-0.3779644730092272,-0.7508058875955863,1.1686316245492399,-1.1686316245492399,-0.408248290463863,0.7709371670489661,1.0834726777719228,-0.44721359549995787,-1.1389071909150976,5,20,0.1
0.001440811702022377,-0.20134968230153877,-0.2015916508210078,0.79391499086447,-1.1167949784715248,0.9122357483337862,0.0,-1.4004873931646307,-0.331124340588225,-0.47366546671567644,-0.5875895489421409,-0.8231612957129831,-1.1271543790448286,-1.1181946142788823,-0.8336919523991045,-1.6099283251682448,-0.4217322618176216,-1.2052060848584218,1.7939004406761005,0.0,0.0,0.0,0.0,-0.20304667384296873,-0.6287992277969254,-0.6570763238278152,-0.3779644730092272,-0.7508058875955863,1.4146593349806589,-1.4146593349806589,-0.408248290463863,0.7709371670489661,1.2279357014748458,-0.44721359549995787,-1.1389071909150976,5,21,0.1
0.002079200903335888,-0.20134445718099508,-0.2023121973795557,0.79391499086447,-1.1277869481194962,0.9122357483337862,0.0,-1.4004873931646307,-0.331124340588225,-0.47366546671567644,-0.5875895489421409,-0.8231612957129831,-1.1271543790448286,-1.1181946142788823,-0.8326778042695663,-0.680550650455237,0.2217633059602699,-1.2964393127390559,-0.31052489110469295,0.0,0.0,0.0,0.0,-0.20306640421346495,-0.6066370535968062,-0.635323240790807,-0.3779644730092272,-0.7508058875955863,1.6606870454120777,-1.6606870454120777,-0.408248290463863,0.7709371670489661,1.3723987251777687,-0.44721359549995787,-1.1389071909150976,5,22,0.1
0.002329528471441321,-0.20136522598834444,-0.20221337644312573,0.3460381659308536,-1.069680712286798,0.9122357483337862,0.0,-1.4004873931646307,-0.331124340588225,-0.47366546671567644,-0.5875895489421409,-0.8231612957129831,-1.1271543790448286,-1.1181946142788823,-0.41602787075940345,-0.5275551319383014,-0.33919227362841275,-1.200739155773608,-0.3744679804518279,0.0,0.0,0.0,0.0,-0.20298797994356674,-0.5657071764188532,-0.5951488874576504,-0.3779644730092272,-0.7508058875955863,1.9067147558434967,-1.9067147558434967,-0.408248290463863,0.7709371670489661,1.516861748880692,-0.44721359549995787,-1.1389071909150976,5,23,0.1
0.0027855140654526127,-0.20140286137637461,-0.20175686638617474,0.79391499086447,-1.0886789595961595,0.9122357483337862,0.0,-1.4004873931646307,-0.331124340588225,-0.47366546671567644,-0.5875895489421409,-0.8231612957129831,-1.1271543790448286,-1.1181946142788823,-0.8927467317887349,-0.7504542002369373,-0.5310539689400977,-0.9890272301350956,-0.21789370457181073,0.0,0.0,0.0,0.0,-0.20284586644716052,-0.5714844404480736,-0.6008195090771516,-0.3779644730092272,-0.7508058875955863,2.1527424662749155,-2.1527424662749155,-0.408248290463863,0.7709371670489661,1.6613247725836149,-0.44721359549995787,-1.1389071909150976,5,24,0.0
0.002004775973618343,-0.202295511665333,-0.20289249523628836,-0.10183865900276282,-0.4665622772132412,0.9122357483337862,1.118033988749895,1.373539701388967,-0.331124340588225,-0.9473309334313376,-0.8617980051151334,0.2942080627524598,1.058762483368768,-1.1181946142788823,-0.5809651378584206,-0.49118213922597415,2.4119963984560537,2.3745159569850096,0.5007087158793929,0.0,0.0,0.0,0.0,-0.20397623383909186,0.42882641945406424,0.38102663118806,-0.3779644730092272,-0.7508058875955863,-0.7995900589021115,0.7995900589021115,-0.408248290463863,-0.7250102411641544,-1.661324772583615,-0.44721359549995787,1.0641602595597024,6,1,0.1
-0.0034707257442145242,-0.20220860507647764,-0.20096609484142944,-0.9975923088699957,-0.67574117179459,0.9122357483337862,1.118033988749895,1.373539701388967,-0.331124340588225,-0.9473309334313376,-0.8617980051151334,0.2942080627524598,1.058762483368768,-1.1181946142788823,0.4302157877206582,-0.4583848689544237,2.4119963984560537,0.18531802984842033,0.2051212096286266,0.0,0.0,0.0,0.0,-0.20430439836321135,0.13692564383481262,0.09451404657988877,-0.3779644730092272,-0.058347575123505996,-0.7995900589021115,0.7995900589021115,-0.408248290463863,-0.7250102411641544,-1.5168617488806921,-0.44721359549995787,1.0641602595597024,6,2,0.1
-0.0017407448293521378,-0.20217661463881476,-0.20066541192464496,-0.5497154839363793,-0.6127664512410942,0.9122357483337862,1.118033988749895,1.373539701388967,-0.331124340588225,-0.9473309334313376,-0.8617980051151334,0.2942080627524598,1.058762483368768,-1.1181946142788823,0.10596214602432505,-0.5596009287448802,2.4119963984560537,-0.6800838921168554,0.42500357260517846,0.0,0.0,0.0,0.0,-0.2044251961863717,0.2596348149900987,0.21495813141742404,-0.3779644730092272,-0.6621238917455643,-0.7995900589021115,0.7995900589021115,-0.408248290463863,-0.7250102411641544,-1.3723987251777692,-0.44721359549995787,1.0641602595597024,6,3,0.1
-0.0002716053922181936,-0.20218574019044164,-0.20080813783065043,-0.10183865900276282,-0.49965590477117355,0.9122357483337862,1.118033988749895,1.373539701388967,-0.331124340588225,-0.9473309334313376,-0.8617980051151334,0.2942080627524598,1.058762483368768,-1.1181946142788823,0.9471012992229302,-0.5609860902354618,-0.9618118137535039,-0.6290137500165008,0.525872100897242,0.0,0.0,0.0,0.0,-0.2043907375527237,0.36466625008848325,0.3180507932005359,-0.3779644730092272,-0.7508058875955863,-0.7995900589021115,0.7995900589021115,-0.408248290463863,-0.7250102411641544,-1.2279357014748462,-0.44721359549995787,1.0641602595597024,6,4,0.1
0.0008330853238036096,-0.2022139593529655,-0.20102759330904815,-0.5497154839363793,-0.6408011282532619,0.9122357483337862,1.118033988749895,1.373539701388967,-0.331124340588225,-0.9473309334313376,-0.8617980051151334,0.2942080627524598,1.058762483368768,-1.1181946142788823,0.9788461682879996,-0.762399133555403,-0.9325576913959988,-0.19039123001358893,0.6495849170366484,0.0,0.0,0.0,0.0,-0.2042841802920756,0.21215938047386873,0.16835904506767263,-0.3779644730092272,-0.4285264946450114,-0.7995900589021115,0.7995900589021115,-0.408248290463863,-0.7250102411641544,-1.0834726777719228,-0.44721359549995787,1.0641602595597024,6,5,0.1
0.001520868535758687,-0.2022367102924907,-0.20115631410915,-0.10183865900276282,-0.557416336454871,0.9122357483337862,1.118033988749895,1.373539701388967,-0.331124340588225,-0.9473309334313376,-0.8617980051151334,0.2942080627524598,1.058762483368768,-1.1181946142788823,-0.017418133288995157,-0.5319542571526511,-0.8167050383262665,0.11514270415726986,0.47256678209172975,0.0,0.0,0.0,0.0,-0.20419827137146443,0.3454248070474124,0.2991645276002039,-0.3779644730092272,-0.7508058875955863,-0.7995900589021115,0.7995900589021115,-0.408248290463863,-0.7250102411641544,-0.9390096540689999,-0.44721359549995787,1.0641602595597024,6,6,0.1
0.002785955609431017,-0.2022536954603745,-0.20170508395141293,-0.9975923088699957,-0.8016725310737504,0.9122357483337862,1.118033988749895,1.373539701388967,-0.331124340588225,-0.9473309334313376,-0.8617980051151334,0.2942080627524598,1.058762483368768,-1.1181946142788823,1.4125864958128895,-0.3976836794621922,1.5755618546044132,0.2926229677523646,0.05331928540854103,0.0,0.0,0.0,0.0,-0.2041341343525216,0.02461876380828715,-0.015719762828178673,-0.3779644730092272,0.4942454683737965,-0.7995900589021115,0.7995900589021115,-0.408248290463863,-0.7250102411641544,-0.7945466303660769,-0.44721359549995787,1.0641602595597024,6,7,0.3
0.0027062778008653285,-0.20220923043282477,-0.20170572044234028,-0.10183865900276282,-0.45916886328248546,0.9122357483337862,1.118033988749895,1.373539701388967,-0.331124340588225,-0.9473309334313376,-0.8617980051151334,0.2942080627524598,1.058762483368768,-1.1181946142788823,0.14637222366433236,-0.7562501103218288,-0.8016115969622847,-0.6967033689867155,0.7517921845752887,0.0,0.0,0.0,0.0,-0.20430203697990582,0.3146989126801674,0.2690058019480324,-0.3779644730092272,-0.7508058875955863,-0.7995900589021115,0.7995900589021115,-0.408248290463863,-0.7250102411641544,-0.6500836066631539,-0.44721359549995787,1.0641602595597024,6,8,0.1
0.0024025832690741937,-0.2022293781985785,-0.20193204724141736,0.3460381659308536,-0.3044912362956768,0.9122357483337862,1.118033988749895,1.373539701388967,-0.331124340588225,-0.9473309334313376,-0.8617980051151334,0.2942080627524598,1.058762483368768,-1.1181946142788823,0.681047388889285,-0.5145536013270147,-0.7922786759037495,-0.4494653704763089,0.5879445235881041,0.0,0.0,0.0,0.0,-0.20422595780055103,0.49365692943830936,0.4446604359891827,-0.3779644730092272,-0.7508058875955863,-0.7995900589021115,0.7995900589021115,-0.408248290463863,-0.7250102411641544,-0.5056205829602308,-0.44721359549995787,1.0641602595597024,6,9,0.1
0.0020502783102305296,-0.20223230707301562,-0.20224064482854331,0.3460381659308536,-0.23269474090566933,0.9122357483337862,1.118033988749895,1.373539701388967,-0.331124340588225,-0.9473309334313376,-0.8617980051151334,0.2942080627524598,1.058762483368768,-1.1181946142788823,0.6184716818511126,-0.4609011357073873,-0.7315237865624064,-0.5227048024387552,0.19689629199504627,0.0,0.0,0.0,0.0,-0.204214898193926,0.12489077048171124,0.5022175492266469,2.6457513110645903,0.0008686304439903282,-0.7995900589021115,0.7995900589021115,-0.408248290463863,-0.7250102411641544,-0.3611575592573077,-0.44721359549995787,1.0641602595597024,6,10,0.1
0.002278188680433454,-0.20227589081635586,-0.20196892521696178,0.3460381659308536,-0.22355773006133006,0.9122357483337862,1.118033988749895,1.373539701388967,-0.331124340588225,-0.9473309334313376,-0.8617980051151334,0.2942080627524598,1.058762483368768,-1.1181946142788823,0.47261643451205065,-0.6866207171026874,0.010375808372828609,0.11736486149799472,0.4213448189575917,0.0,0.0,0.0,0.0,-0.20405032334890014,0.09776382921799741,0.46893479227999146,2.6457513110645903,0.1343436146136841,-0.7995900589021115,0.7995900589021115,-0.408248290463863,-0.7250102411641544,-0.21669453555438475,-0.44721359549995787,1.0641602595597024,6,11,0.1
0.0025101560107297885,-0.20226926282789173,-0.20185230718960243,0.79391499086447,-0.12269743111255636,0.9122357483337862,1.118033988749895,1.373539701388967,-0.331124340588225,-0.9473309334313376,-0.8617980051151334,0.2942080627524598,1.058762483368768,-1.1181946142788823,-0.7267234368496036,-0.687292755362148,-0.5466791314090984,-0.12875044812924225,0.5084833950244405,0.0,0.0,0.0,0.0,-0.20407535103332364,0.18127430088019836,0.5713959840455205,2.6457513110645903,-0.276560024493835,-0.7995900589021115,0.7995900589021115,-0.408248290463863,-0.7250102411641544,-0.07223151185146165,-0.44721359549995787,1.0641602595597024,6,12,0.1
0.0030047636501733936,-0.20228768480305553,-0.20163081186934076,0.79391499086447,-0.06548104562420504,0.9122357483337862,1.118033988749895,1.373539701388967,-0.331124340588225,-0.9473309334313376,-0.8617980051151334,0.2942080627524598,1.058762483368768,-1.1181946142788823,-0.9192320332669913,-0.5114508044684026,-0.6537694028321955,0.05355360733176192,0.7074485538144244,0.0,0.0,0.0,0.0,-0.20400578854338378,0.6286063291957953,0.5771188072758417,-0.3779644730092272,-0.7508058875955863,-0.5535623484706925,0.5535623484706925,-0.408248290463863,-0.7250102411641544,0.07223151185146126,-0.44721359549995787,1.0641602595597024,6,13,0.1
0.0028803853919246065,-0.20229476022406537,-0.20176590057094856,0.3460381659308536,-0.003538524752175447,0.9122357483337862,1.118033988749895,1.373539701388967,-0.331124340588225,-0.9473309334313376,-0.8617980051151334,0.2942080627524598,1.058762483368768,-1.1181946142788823,0.5713151371354726,-0.6353699601431068,-0.6960768061459118,0.04299321093581057,0.8666349618859832,0.0,0.0,0.0,0.0,-0.2039790713266661,0.6090879024077204,0.5579606707663622,-0.3779644730092272,-0.7508058875955863,-0.30753463803927367,0.30753463803927367,-0.408248290463863,-0.7250102411641544,0.21669453555438456,2.2360679774997894,1.0641602595597024,6,14,0.1
0.002701162253126909,-0.2022946718231726,-0.2019362971314245,0.79391499086447,0.09851186639508444,0.9122357483337862,1.118033988749895,1.373539701388967,-0.331124340588225,-0.9473309334313376,-0.8617980051151334,0.2942080627524598,1.058762483368768,-1.1181946142788823,-0.15350167766814662,-0.4281291489582366,-0.43834884290657733,-0.08104424865744465,0.6498250649526869,0.0,0.0,0.0,0.0,-0.20397940513377208,0.6828452811517137,0.6303565634221254,-0.3779644730092272,-0.7508058875955863,-0.06150692760785473,0.06150692760785473,-0.408248290463863,-0.7250102411641544,0.36115755925730747,2.2360679774997894,1.0641602595597024,6,15,0.1
0.002169051446619585,-0.20227748187650396,-0.202462038219503,0.3460381659308536,0.03989484534951702,0.9122357483337862,1.118033988749895,1.373539701388967,-0.331124340588225,-0.9473309334313376,-0.8617980051151334,0.2942080627524598,1.058762483368768,-1.1181946142788823,0.3272571711386695,-0.7323315634785124,-0.5585784677418697,-0.4657894228275328,0.9425296850933925,0.0,0.0,0.0,0.0,-0.2040443154097643,0.5285842603098128,0.47894304390699244,-0.3779644730092272,-0.7508058875955863,0.18452078282356418,-0.18452078282356418,-0.408248290463863,-0.7250102411641544,0.5056205829602304,2.2360679774997894,1.0641602595597024,6,16,0.1
0.0019779289685693782,-0.20227241947406707,-0.2024392686694658,1.2417918157980865,0.40609633204218176,0.9122357483337862,1.118033988749895,1.373539701388967,-0.331124340588225,-0.9473309334313376,-0.8617980051151334,0.2942080627524598,1.058762483368768,-1.1181946142788823,-0.6750966502508905,-0.586996294794231,-0.6126142273655727,-0.6494724517244116,1.0592527046375915,0.0,0.0,0.0,0.0,-0.20406343134686972,0.8849573326883406,0.8287378323426033,-0.3779644730092272,-0.7508058875955863,0.4305484932549831,-0.4305484932549831,-0.408248290463863,-0.7250102411641544,0.6500836066631537,2.2360679774997894,1.0641602595597024,6,17,0.1
0.0015950797425455278,-0.20225900865318674,-0.20232286764574162,1.2417918157980865,0.36147253384892664,0.9122357483337862,1.118033988749895,1.373539701388967,-0.331124340588225,-0.9473309334313376,-0.8617980051151334,0.2942080627524598,1.058762483368768,-1.1181946142788823,-1.0431505254156177,-0.5430917621490124,-0.6092947326129017,-0.9499911326182732,0.9097268404889626,0.0,0.0,0.0,0.0,-0.20411407141582433,0.7994484346138249,0.7448073414339985,-0.3779644730092272,-0.7508058875955863,0.676576203686402,-0.676576203686402,-0.408248290463863,-0.7250102411641544,0.7945466303660766,-0.44721359549995787,1.0641602595597024,6,18,0.1
0.001632244840255529,-0.20227578118106698,-0.2023347689946953,0.79391499086447,0.36142191105818927,0.9122357483337862,1.118033988749895,1.373539701388967,-0.331124340588225,-0.9473309334313376,-0.8617980051151334,0.2942080627524598,1.058762483368768,-1.1181946142788823,-1.2835041070790572,-0.7016708831020991,-0.5935117723920802,-0.7973441113866876,1.1064169989338695,0.0,0.0,0.0,0.0,-0.20405073733836718,0.7351116568171591,0.6816581550271482,-0.3779644730092272,-0.7508058875955863,0.922603914117821,-0.922603914117821,-0.408248290463863,-0.7250102411641544,0.9390096540689995,-0.44721359549995787,1.0641602595597024,6,19,0.1
0.002099842169343947,-0.20230893656941,-0.2021768859547909,1.2417918157980865,0.3358527588918481,0.9122357483337862,1.118033988749895,1.373539701388967,-0.331124340588225,-0.9473309334313376,-0.8617980051151334,0.2942080627524598,1.058762483368768,-1.1181946142788823,-1.2290171833651007,-0.24886041297111994,-0.44279049108367163,-0.41627852222076883,0.540466059743656,0.0,0.0,0.0,0.0,-0.20392554059113682,0.7949733410412784,0.740414853530828,-0.3779644730092272,-0.7508058875955863,1.1686316245492399,-1.1686316245492399,-0.408248290463863,-0.7250102411641544,1.0834726777719228,-0.44721359549995787,1.0641602595597024,6,20,0.1
0.002399529240701207,-0.2022960754908257,-0.20216802687891333,1.2417918157980865,0.5241761992788724,0.9122357483337862,1.118033988749895,1.373539701388967,-0.331124340588225,-0.9473309334313376,-0.8617980051151334,0.2942080627524598,1.058762483368768,-1.1181946142788823,-1.3169387340631005,-0.49190914917674955,-0.5866825025020113,-0.695976682735858,0.8499375222079452,0.0,0.0,0.0,0.0,-0.20397410480000594,0.8147719063718109,0.7598479575105983,-0.3779644730092272,-0.7508058875955863,1.4146593349806589,-1.4146593349806589,-0.408248290463863,-0.7250102411641544,1.2279357014748458,-0.44721359549995787,1.0641602595597024,6,21,0.1
0.002763645757096702,-0.20232786120497154,-0.20185269364468497,1.2417918157980865,0.5390157928972424,0.9122357483337862,1.118033988749895,1.373539701388967,-0.331124340588225,-0.9473309334313376,-0.8617980051151334,0.2942080627524598,1.058762483368768,-1.1181946142788823,-0.9469424044513404,-0.2781682583316243,-0.5513610604015745,-0.35036991671690865,0.6617825549214649,0.0,0.0,0.0,0.0,-0.20385408002520058,0.9089837651710481,0.8523207613530884,-0.3779644730092272,-0.7508058875955863,1.6606870454120777,-1.6606870454120777,-0.408248290463863,-0.7250102411641544,1.3723987251777687,-0.44721359549995787,1.0641602595597024,6,22,0.1
0.0031097440196860403,-0.20235309841293084,-0.20150396080732932,0.3460381659308536,0.18043391394345387,0.9122357483337862,1.118033988749895,1.373539701388967,-0.331124340588225,-0.9473309334313376,-0.8617980051151334,0.2942080627524598,1.058762483368768,-1.1181946142788823,-0.8368082330573705,-0.5389769174489879,-0.568750803867935,-0.10624207157415948,0.6787399554019522,0.0,0.0,0.0,0.0,-0.20375878280494206,0.5578920268606037,0.507709818937809,-0.3779644730092272,-0.7508058875955863,1.9067147558434967,-1.9067147558434967,-0.408248290463863,-0.7250102411641544,1.516861748880692,-0.44721359549995787,1.0641602595597024,6,23,0.1
0.0031706053451270857,-0.20237245438250429,-0.2014305015954941,-0.10183865900276282,-0.002759276085823332,0.9122357483337862,1.118033988749895,1.373539701388967,-0.331124340588225,-0.9473309334313376,-0.8617980051151334,0.2942080627524598,1.058762483368768,-1.1181946142788823,0.5912059672497338,-0.3648481198246174,-0.42705242895913537,0.0508891014364281,0.3525589971047566,0.0,0.0,0.0,0.0,-0.20368569349574697,0.4155427806198706,0.3679881947970902,-0.3779644730092272,-0.7508058875955863,2.1527424662749155,-2.1527424662749155,-0.408248290463863,-0.7250102411641544,1.6613247725836149,-0.44721359549995787,1.0641602595597024,6,24,0.0
0.002004775973618343,-0.2023416553603638,-0.20289249523628836,0.79391499086447,-1.2160874876209709,0.21631851103978855,-1.118033988749895,-0.4850584519619434,-0.331124340588225,0.47366546671567433,-0.0391726365961394,0.9205184047662675,-1.1271543790448286,0.20847696198419854,-1.4632685389663904,-0.04184068095949615,2.4119963984560537,3.341582046978101,-0.5155803057386326,0.0,0.0,0.0,0.0,-0.2043646260560351,-0.4400934310269061,-0.47185384386549506,-0.3779644730092272,-0.2078006953572321,-0.7995900589021115,0.7995900589021115,2.4494897427831788,0.8212964252501512,-1.661324772583615,-0.44721359549995787,-1.1389071909150976,7,1,0.1
-0.0019860740656287065,-0.20227831300720286,-0.2014884275384572,0.3460381659308536,-1.086419943421821,0.21631851103978855,-1.118033988749895,-0.4850584519619434,-0.331124340588225,0.47366546671567433,-0.0391726365961394,0.9205184047662675,-1.1271543790448286,0.20847696198419854,-1.1679126400355127,-0.13721107607865227,2.4119963984560537,0.5923491288367058,-0.3915861054104648,0.0,0.0,0.0,0.0,-0.204603810604128,-0.3258916525113461,-0.3597601138645084,-0.3779644730092272,-0.7508058875955863,-0.7995900589021115,0.7995900589021115,2.4494897427831788,0.8212964252501512,-1.5168617488806921,-0.44721359549995787,-1.1389071909150976,7,2,0.1
-0.00047815890075069773,-0.20226283759665872,-0.20138084580240143,0.3460381659308536,-1.0610311171565723,0.21631851103978855,-1.118033988749895,-0.4850584519619434,-0.331124340588225,0.47366546671567433,-0.0391726365961394,0.9205184047662675,-1.1271543790448286,0.20847696198419854,-0.40193125505875993,-0.4446444592327695,2.4119963984560537,-0.26564692523580136,-0.1557583434356701,0.0,0.0,0.0,0.0,-0.20466224668824615,-0.26012068378822084,-0.2952032102349486,-0.3779644730092272,-0.7508058875955863,-0.7995900589021115,0.7995900589021115,2.4494897427831788,0.8212964252501512,-1.3723987251777692,-0.44721359549995787,-1.1389071909150976,7,3,0.1
0.00046710706310455833,-0.20226546143175253,-0.20147136080783554,0.3460381659308536,-0.9972273265286149,0.21631851103978855,-1.118033988749895,-0.4850584519619434,-0.331124340588225,0.47366546671567433,-0.0391726365961394,0.9205184047662675,-1.1271543790448286,0.20847696198419854,0.3197567332437075,0.040202632770496814,-0.8878727564459385,-0.46713275427125306,-0.3890060591415978,0.0,0.0,0.0,0.0,-0.20465233892858986,-0.2046320612531677,-0.24073885115560675,-0.3779644730092272,-0.7508058875955863,-0.7995900589021115,0.7995900589021115,2.4494897427831788,0.8212964252501512,-1.2279357014748462,-0.44721359549995787,-1.1389071909150976,7,4,0.1
0.0009108787588847008,-0.2022612700389067,-0.20154158260253546,0.79391499086447,-1.1995801743973185,0.21631851103978855,-1.118033988749895,-0.4850584519619434,-0.331124340588225,0.47366546671567433,-0.0391726365961394,0.9205184047662675,-1.1271543790448286,0.20847696198419854,0.1266730195976465,0.20228451716491347,-0.7550498869265873,-0.8490047231375181,-0.596701016494404,0.0,0.0,0.0,0.0,-0.20466816588091605,-0.43038278022278276,-0.4623224417847215,-0.3779644730092272,-0.28093498102166536,-0.7995900589021115,0.7995900589021115,2.4494897427831788,0.8212964252501512,-1.0834726777719228,-0.44721359549995787,-1.1389071909150976,7,5,0.1
0.0014176593605865972,-0.20228612580129066,-0.20165731856903096,-0.10183865900276282,-0.9915245108556318,0.21631851103978855,-1.118033988749895,-0.4850584519619434,-0.331124340588225,0.47366546671567433,-0.0391726365961394,0.9205184047662675,-1.1271543790448286,0.20847696198419854,0.5012738431258772,0.17621051346955327,-0.6259638799029578,-0.3781112699061337,-0.42005532900414827,0.0,0.0,0.0,0.0,-0.20457430902216933,-0.1636163329942441,-0.20048023146499297,-0.3779644730092272,-0.7508058875955863,-0.7995900589021115,0.7995900589021115,2.4494897427831788,0.8212964252501512,-0.9390096540689999,-0.44721359549995787,-1.1389071909150976,7,6,0.1
0.002230227726824528,-0.20229022678902325,-0.2023842800142794,0.3460381659308536,-1.0577957700891674,0.21631851103978855,-1.118033988749895,-0.4850584519619434,-0.331124340588225,0.47366546671567433,-0.0391726365961394,0.9205184047662675,-1.1271543790448286,0.20847696198419854,-1.0761510683364996,0.14444790668024066,0.9803576285137258,-0.5065712511712108,-0.4747044180024346,0.0,0.0,0.0,0.0,-0.20455882344500648,-0.26943168121333366,-0.3043423361310331,-0.3779644730092272,-0.7508058875955863,-0.7995900589021115,0.7995900589021115,2.4494897427831788,0.8212964252501512,-0.7945466303660769,-0.44721359549995787,-1.1389071909150976,7,7,0.1
0.002364147645761839,-0.20228293459618096,-0.20236613668180062,0.3460381659308536,-1.0973791165936593,0.21631851103978855,-1.118033988749895,-0.4850584519619434,-0.331124340588225,0.47366546671567433,-0.0391726365961394,0.9205184047662675,-1.1271543790448286,0.20847696198419854,0.16002023833932746,-0.31998714587216237,-0.4982518577197283,-0.9148044902693482,-0.3374980728254581,0.0,0.0,0.0,0.0,-0.204586359205245,-0.3802802375179848,-0.4131447409878,-0.3779644730092272,-0.6582746408034027,-0.7995900589021115,0.7995900589021115,2.4494897427831788,0.8212964252501512,-0.6500836066631539,-0.44721359549995787,-1.1389071909150976,7,8,0.1
0.0023578302631849335,-0.20229086798436818,-0.2023712631314282,0.79391499086447,-1.1705808582093211,0.21631851103978855,-1.118033988749895,-0.4850584519619434,-0.331124340588225,0.47366546671567433,-0.0391726365961394,0.9205184047662675,-1.1271543790448286,0.20847696198419854,-0.9549737191810597,-0.0010740167756174588,-0.41546725854704053,-0.9155686915354369,-0.5413046618298647,0.0,0.0,0.0,0.0,-0.20455640225268937,-0.45427035111389547,-0.4857690724471589,-0.3779644730092272,-0.10102938369154389,-0.7995900589021115,0.7995900589021115,2.4494897427831788,0.8212964252501512,-0.5056205829602308,-0.44721359549995787,-1.1389071909150976,7,9,0.1
0.0026603842392596815,-0.20233272338693623,-0.20194969806199423,0.79391499086447,-1.099702325419191,0.21631851103978855,-1.118033988749895,-0.4850584519619434,-0.331124340588225,0.47366546671567433,-0.0391726365961394,0.9205184047662675,-1.1271543790448286,0.20847696198419854,-0.7659335220048632,-0.14912580823875132,-0.40159042925060795,-0.1202022096310754,-0.6084390980075719,0.0,0.0,0.0,0.0,-0.20439835372672055,-0.6272365518790195,-0.42058722333192805,2.6457513110645903,1.201639180157639,-0.7995900589021115,0.7995900589021115,2.4494897427831788,0.8212964252501512,-0.3611575592573077,-0.44721359549995787,-1.1389071909150976,7,10,0.1
0.002531087048292195,-0.20231751604405562,-0.2020749938484581,0.3460381659308536,-1.071858676644253,0.21631851103978855,-1.118033988749895,-0.4850584519619434,-0.331124340588225,0.47366546671567433,-0.0391726365961394,0.9205184047662675,-1.1271543790448286,0.20847696198419854,-1.3854993387810228,-0.47168854857741116,-0.10841026927460487,-0.6738668541309041,-0.45917503904496215,0.0,0.0,0.0,0.0,-0.2044557775711639,-0.6231166301500372,-0.41553238311931656,2.6457513110645903,1.1706106179407212,-0.7995900589021115,0.7995900589021115,2.4494897427831788,0.8212964252501512,-0.21669453555438475,-0.44721359549995787,-1.1389071909150976,7,11,0.1
0.002714887853953788,-0.2023400025886753,-0.20190830355090977,0.79391499086447,-1.2004984951784832,0.21631851103978855,-1.118033988749895,-0.4850584519619434,-0.331124340588225,0.47366546671567433,-0.0391726365961394,0.9205184047662675,-1.1271543790448286,0.20847696198419854,-0.6738015980683051,-0.19498558559356144,-0.023086051894704473,-0.36801638078907606,-0.6713173241974828,0.0,0.0,0.0,0.0,-0.20437086702167168,-0.7334942825117643,-0.5509576247705711,2.6457513110645903,2.00190307419549,-0.7995900589021115,0.7995900589021115,2.4494897427831788,0.8212964252501512,-0.07223151185146165,-0.44721359549995787,-1.1389071909150976,7,12,0.1
0.0027635628757814146,-0.20234079900494448,-0.20187108029052891,-0.9975923088699957,-0.4649303395758782,0.21631851103978855,-1.118033988749895,-0.4850584519619434,-0.331124340588225,0.47366546671567433,-0.0391726365961394,0.9205184047662675,-1.1271543790448286,0.20847696198419854,0.11237053667799167,-0.371244350530977,-0.6691513931011487,-0.5377742923971179,0.19109404064594224,0.0,0.0,0.0,0.0,-0.20436785970577742,0.21507457009070105,0.17122042325335732,-0.3779644730092272,-0.7508058875955863,-0.5535623484706925,0.5535623484706925,2.4494897427831788,0.8212964252501512,0.07223151185146126,-0.44721359549995787,-1.1389071909150976,7,13,0.1
0.00236821247407938,-0.2023219042867012,-0.20213352455804234,-1.445469133803612,-0.04699512057877788,0.21631851103978855,-1.118033988749895,-0.4850584519619434,3.020013564160076,0.47366546671567433,-0.0391726365961394,0.9205184047662675,-0.07252327870030262,0.20847696198419854,2.6250916665029402,-0.05092799156880906,-0.6275310331878955,-1.0925959558821805,0.19464308328017205,0.0,0.0,0.0,0.0,-0.20443920730211448,0.5657515605982778,0.5154242736877798,-0.3779644730092272,-0.7508058875955863,-0.30753463803927367,0.30753463803927367,2.4494897427831788,0.8212964252501512,0.21669453555438456,2.2360679774997894,-0.037373465677697615,7,14,0.1
0.002096473105250972,-0.20234011900887125,-0.2024800087749768,-1.445469133803612,0.020574119667931098,0.21631851103978855,-1.118033988749895,-0.4850584519619434,3.020013564160076,0.47366546671567433,-0.0391726365961394,0.9205184047662675,-0.05047280340063837,0.20847696198419854,1.0569985589942523,0.46611388874390614,-0.38386830185680043,-0.8869124043082813,-0.09463177946592984,0.0,0.0,0.0,0.0,-0.20437042741198608,0.606071565193561,0.5550000120649757,-0.3779644730092272,-0.7508058875955863,-0.06150692760785473,0.06150692760785473,2.4494897427831788,0.8212964252501512,0.36115755925730747,2.2360679774997894,-0.037373465677697615,7,15,0.1
0.00225498592027284,-0.20234902427776108,-0.20239398817686863,-1.445469133803612,0.009962408459274026,0.21631851103978855,-1.118033988749895,-0.4850584519619434,3.020013564160076,0.47366546671567433,-0.0391726365961394,0.9205184047662675,-0.10827044481729174,0.20847696198419854,0.5228210937965311,0.5503164232353415,-0.14879974249364378,-0.8701119597421203,-0.19134774647079783,0.0,0.0,0.0,0.0,-0.20433680057924672,0.5003867155090972,0.45126599706352755,-0.3779644730092272,-0.7508058875955863,0.18452078282356418,-0.18452078282356418,2.4494897427831788,0.8212964252501512,0.5056205829602304,2.2360679774997894,-0.037373465677697615,7,16,0.1
0.002515641761825914,-0.20238818333793604,-0.20199408327969004,-1.445469133803612,0.03201142802825114,0.21631851103978855,-1.118033988749895,-0.4850584519619434,3.020013564160076,0.47366546671567433,-0.0391726365961394,0.9205184047662675,-0.0915717923691679,0.20847696198419854,1.8061640757335329,1.0990571852459783,-0.2591823396659618,-0.30267454740207744,-0.3744032794335531,0.0,0.0,0.0,0.0,-0.20418893360487186,0.5309207395740411,0.48123639414375413,-0.3779644730092272,-0.7508058875955863,0.4305484932549831,-0.4305484932549831,2.4494897427831788,0.8212964252501512,0.6500836066631537,2.2360679774997894,-0.037373465677697615,7,17,0.1
0.002756622096016396,-0.20238278307989913,-0.20183428829169528,-1.445469133803612,0.13337332036028052,0.21631851103978855,-1.118033988749895,-0.4850584519619434,3.020013564160076,0.47366546671567433,-0.0391726365961394,0.9205184047662675,-0.06067181929163988,0.20847696198419854,0.80350295803274,0.7123649150642655,-0.47822277043274697,-0.5577665792183337,-0.2134005435179934,0.0,0.0,0.0,0.0,-0.20420932530511168,0.5874223360044374,0.536695028652066,-0.3779644730092272,-0.7508058875955863,0.676576203686402,-0.676576203686402,2.4494897427831788,0.8212964252501512,0.7945466303660766,-0.44721359549995787,-0.037373465677697615,7,18,0.1
0.0028819558065757774,-0.20238593157606363,-0.2017561169529591,-1.445469133803612,0.07027724058667434,0.21631851103978855,-1.118033988749895,-0.4850584519619434,3.020013564160076,0.47366546671567433,-0.0391726365961394,0.9205184047662675,-0.1239149041920436,0.20847696198419854,0.1355751672288233,0.6155982653273172,-0.44341487433907956,-0.651023878672669,-0.2340519258299015,0.0,0.0,0.0,0.0,-0.20419743639359042,0.47178031744699606,0.42318764397345704,-0.3779644730092272,-0.7508058875955863,0.922603914117821,-0.922603914117821,2.4494897427831788,0.8212964252501512,0.9390096540689995,-0.44721359549995787,-0.037373465677697615,7,19,0.1
0.002707037470642623,-0.20239707822716496,-0.2019477385398947,-1.445469133803612,0.1699102537872593,0.21631851103978855,-1.118033988749895,-0.4850584519619434,3.020013564160076,0.47366546671567433,-0.0391726365961394,0.9205184047662675,-0.03221298733916183,0.20847696198419854,1.3208323688860522,1.1614167389005237,-0.27436815965380856,-0.605725005245392,-0.34538348231128496,0.0,0.0,0.0,0.0,-0.20415534596635843,0.639460227229294,0.5877723534065575,-0.3779644730092272,-0.7508058875955863,1.1686316245492399,-1.1686316245492399,2.4494897427831788,0.8212964252501512,1.0834726777719228,-0.44721359549995787,-0.037373465677697615,7,20,0.1
0.002386920428701054,-0.20238551514190503,-0.20222030613460962,-0.9975923088699957,-0.10148129590354835,0.21631851103978855,-1.118033988749895,-0.4850584519619434,-0.331124340588225,0.47366546671567433,-0.0391726365961394,0.9205184047662675,-0.9091710041024421,0.20847696198419854,0.19086452978652466,1.1277296137494561,-0.12218028860714365,-0.9303245374068153,-0.5004801598247632,0.0,0.0,0.0,0.0,-0.20419900887410414,0.2643776568153829,0.21961342521329374,-0.3779644730092272,-0.7508058875955863,1.4146593349806589,-1.4146593349806589,2.4494897427831788,0.8212964252501512,1.2279357014748458,-0.44721359549995787,-0.5881403282963976,7,21,0.1
0.0026463932600765978,-0.20245560054634276,-0.20175648704800014,-1.445469133803612,0.20147080829511121,0.21631851103978855,-1.118033988749895,-0.4850584519619434,3.020013564160076,0.47366546671567433,-0.0391726365961394,0.9205184047662675,-0.05266957326373469,0.20847696198419854,1.4874608384455954,0.6183914685660177,-0.48955062747676825,0.047325437301374465,-0.16672363932960263,0.0,0.0,0.0,0.0,-0.20393436215746324,0.6020547007146277,0.5510572948130655,-0.3779644730092272,-0.7508058875955863,1.6606870454120777,-1.6606870454120777,2.4494897427831788,0.8212964252501512,1.3723987251777687,-0.44721359549995787,-0.037373465677697615,7,22,0.1
0.0026853992844694708,-0.2024189137873047,-0.20174059775719586,-1.445469133803612,0.12686187360254617,0.21631851103978855,-1.118033988749895,-0.4850584519619434,3.020013564160076,0.47366546671567433,-0.0391726365961394,0.9205184047662675,-0.1031543603421075,0.20847696198419854,1.2351887730877846,0.7860299491615564,-0.4167997574728663,-0.662030783576171,-0.28055126160703114,0.0,0.0,0.0,0.0,-0.2040728935735478,0.5097416408223137,0.4604482399836429,-0.3779644730092272,-0.7508058875955863,1.9067147558434967,-1.9067147558434967,2.4494897427831788,0.8212964252501512,1.516861748880692,-0.44721359549995787,-0.037373465677697615,7,23,0.1
0.0030564814217546536,-0.20247566106889442,-0.20135232345148635,-0.9975923088699957,-0.1516013883515397,0.21631851103978855,-1.118033988749895,-0.4850584519619434,-0.331124340588225,0.47366546671567433,-0.0391726365961394,0.9205184047662675,-0.8549001692231775,0.20847696198419854,-0.3360331609579402,0.8535059332884987,-0.2751161073475886,0.058819018267559184,-0.4155070359606785,0.0,0.0,0.0,0.0,-0.20385861241370434,0.2802554120618122,0.2351980932696888,-0.3779644730092272,-0.7508058875955863,2.1527424662749155,-2.1527424662749155,2.4494897427831788,0.8212964252501512,1.6613247725836149,-0.44721359549995787,-0.5881403282963976,7,24,0.0
0.002004775973618343,-0.2032188393551115,-0.20289249523628836,-0.5497154839363793,-0.2606079716273836,0.8821237852989039,0.0,0.45811076018627983,-0.331124340588225,-0.9473309334313376,-0.8617980051151334,-1.024671454159949,1.058762483368768,1.5351485382472794,1.4301409150325433,-0.1773823663383024,2.4119963984560537,4.187024922777583,0.3736358291079941,0.0,0.0,0.0,0.0,-0.20510328823302773,0.6675879473261225,0.615380864439051,-0.3779644730092272,-0.7508058875955863,-0.7995900589021115,0.7995900589021115,-0.408248290463863,0.43183133776126953,-1.661324772583615,-0.44721359549995787,1.0641602595597024,8,1,0.1
0.001350010158134831,-0.20320844698077667,-0.20266213440535674,-0.5497154839363793,-0.2243021436413936,0.8821237852989039,0.0,0.45811076018627983,-0.331124340588225,-0.9473309334313376,-0.8617980051151334,-1.024671454159949,1.058762483368768,1.5351485382472794,0.6842477929970677,0.3967891250537566,2.4119963984560537,1.59555008065299,-0.03716612300130007,0.0,0.0,0.0,0.0,-0.20514253046567063,0.6456779946006989,0.5938753471252078,-0.3779644730092272,-0.7508058875955863,-0.7995900589021115,0.7995900589021115,-0.408248290463863,0.43183133776126953,-1.5168617488806921,-0.44721359549995787,1.0641602595597024,8,2,0.1
0.0016343524877565885,-0.20320708070969523,-0.20265971525360277,-0.9975923088699957,-0.36124720171796304,0.8821237852989039,0.0,0.45811076018627983,-0.331124340588225,-0.9473309334313376,-0.8617980051151334,-1.024671454159949,1.058762483368768,1.5351485382472794,0.5014189997995688,0.1519291745165418,2.4119963984560537,1.1278765857300606,0.04555868106484437,0.0,0.0,0.0,0.0,-0.20514768958772536,0.5512672431701348,0.5012073220067901,-0.3779644730092272,-0.623963662371313,-0.7995900589021115,0.7995900589021115,-0.408248290463863,0.43183133776126953,-1.3723987251777692,-0.44721359549995787,1.0641602595597024,8,3,0.1
0.0018035062474936721,-0.20320864633887617,-0.20268381289518472,-0.5497154839363793,-0.21703788599257062,0.8821237852989039,0.0,0.45811076018627983,-0.331124340588225,-0.9473309334313376,-0.8617980051151334,-1.024671454159949,1.058762483368768,1.5351485382472794,0.34967186285214324,0.3789865609670484,-0.9316116651768734,1.3173826820140981,-0.003293255687707588,0.0,0.0,0.0,0.0,-0.20514177767745626,0.6880247747342471,0.6354404488285446,-0.3779644730092272,-0.7508058875955863,-0.7995900589021115,0.7995900589021115,-0.408248290463863,0.43183133776126953,-1.2279357014748462,-0.44721359549995787,1.0641602595597024,8,4,0.1
0.001865486892388409,-0.20320768576763631,-0.2026980787978316,-0.5497154839363793,-0.2567877730397211,0.8821237852989039,0.0,0.45811076018627983,-0.331124340588225,-0.9473309334313376,-0.8617980051151334,-1.024671454159949,1.058762483368768,1.5351485382472794,0.6247347507338513,-0.028709898485358244,-0.9056259606151063,0.9627159863290292,0.2390732700034053,0.0,0.0,0.0,0.0,-0.20514540485242605,0.6537378052519295,0.6017863818808972,-0.3779644730092272,-0.7508058875955863,-0.7995900589021115,0.7995900589021115,-0.408248290463863,0.43183133776126953,-1.0834726777719228,-0.44721359549995787,1.0641602595597024,8,5,0.1
0.0019033621361507801,-0.20320771554863362,-0.20271055455684583,-0.5497154839363793,-0.27211371647281674,0.8821237852989039,0.0,0.45811076018627983,-0.331124340588225,-0.9473309334313376,-0.8617980051151334,-1.024671454159949,1.058762483368768,1.5351485382472794,0.10562427496382105,0.2447090040413944,-0.7569898400653318,0.828935118905958,0.06895858944579704,0.0,0.0,0.0,0.0,-0.20514529239758297,0.6799745333524088,0.627538806703281,-0.3779644730092272,-0.7508058875955863,-0.7995900589021115,0.7995900589021115,-0.408248290463863,0.43183133776126953,-0.9390096540689999,-0.44721359549995787,1.0641602595597024,8,6,0.1
0.0020356214248114196,-0.20321168522202,-0.20282611635713033,-0.9975923088699957,-0.33288668246847336,0.8821237852989039,0.0,0.45811076018627983,-0.331124340588225,-0.9473309334313376,-0.8617980051151334,-1.024671454159949,1.058762483368768,1.5351485382472794,1.4418654384245133,0.05335668785126001,0.893620594313735,1.5008537736247007,0.11740712747505214,0.0,0.0,0.0,0.0,-0.205130302671316,0.5628232935187769,0.5125500594360676,-0.3779644730092272,-0.6728541793092709,-0.7995900589021115,0.7995900589021115,-0.408248290463863,0.43183133776126953,-0.7945466303660769,-0.44721359549995787,1.0641602595597024,8,7,0.1
0.0020370256702212227,-0.20320883447021865,-0.20282599216932984,-0.9975923088699957,-0.2017868180530959,0.8821237852989039,0.0,0.45811076018627983,-0.331124340588225,-0.9473309334313376,-0.8617980051151334,-1.024671454159949,1.058762483368768,1.5351485382472794,1.5385113370864698,0.37208515199904935,-0.5537477897120199,0.7887206915996583,-0.05343337145845133,0.0,0.0,0.0,0.0,-0.20514106728215373,0.594975129086501,0.5441084048665076,-0.3779644730092272,-0.7508058875955863,-0.7995900589021115,0.7995900589021115,-0.408248290463863,0.43183133776126953,-0.6500836066631539,-0.44721359549995787,1.0641602595597024,8,8,0.1
0.001996679915217084,-0.20320626368412212,-0.2028188584836183,-0.9975923088699957,-0.22016902275949865,0.8821237852989039,0.0,0.45811076018627983,-0.331124340588225,-0.9473309334313376,-0.8617980051151334,-1.024671454159949,1.058762483368768,1.5351485382472794,1.20985182131719,-0.044895959967033654,-0.6880166779780711,0.16018180371721444,0.20421758382232547,0.0,0.0,0.0,0.0,-0.20515077472559495,0.58594683171295,0.5352467606669682,-0.3779644730092272,-0.7508058875955863,-0.7995900589021115,0.7995900589021115,-0.408248290463863,0.43183133776126953,-0.5056205829602308,-0.44721359549995787,1.0641602595597024,8,9,0.1
0.0020246739823484624,-0.20321133777045355,-0.20280470344548673,-0.9975923088699957,-0.3483635568763608,0.8821237852989039,0.0,0.45811076018627983,-0.331124340588225,-0.9473309334313376,-0.8617980051151334,-1.024671454159949,0.5127020962303785,1.5351485382472794,1.622577470011259,0.0640028413081516,-0.5530721077988113,1.0159594396214904,-0.24730283902992192,0.0,0.0,0.0,0.0,-0.2051316146693986,0.024548307058525582,0.37910474454011633,2.6457513110645903,1.6044413973672471,-0.7995900589021115,0.7995900589021115,-0.408248290463863,0.43183133776126953,-0.3611575592573077,-0.44721359549995787,0.5133933969410024,8,10,0.1
0.002056616111397413,-0.20321419778539238,-0.20277410676095103,-0.9975923088699957,-0.2967289776500146,0.8821237852989039,0.0,0.45811076018627983,-0.331124340588225,-0.9473309334313376,-0.8617980051151334,-1.024671454159949,0.6232501191297947,1.5351485382472794,0.34106689688965197,0.4478236330561972,0.1560372229970616,1.423864152432903,-0.4060305847063558,0.0,0.0,0.0,0.0,-0.20512081508039465,0.03558339338713011,0.39264398188316346,2.6457513110645903,1.557754937998899,-0.7995900589021115,0.7995900589021115,-0.408248290463863,0.43183133776126953,-0.21669453555438475,-0.44721359549995787,0.5133933969410024,8,11,0.1
0.0020591126737902594,-0.20321348940048384,-0.20277227460233385,-1.445469133803612,-0.3694487361092661,0.8821237852989039,0.0,0.45811076018627983,3.020013564160076,-0.9473309334313376,-0.8617980051151334,-1.024671454159949,0.03198463323977435,1.5351485382472794,0.5204239216403759,0.18421722064255744,-0.31576557108926545,1.1611767380974014,-0.3381871343817654,0.0,0.0,0.0,0.0,-0.2051234899845587,-0.02815241917743891,0.31444483890711,2.6457513110645903,1.8274038863620137,-0.7995900589021115,0.7995900589021115,-0.408248290463863,0.43183133776126953,-0.07223151185146165,-0.44721359549995787,-0.037373465677697615,8,12,0.1
0.002119461693497833,-0.20321666899541724,-0.2027389550441918,-0.9975923088699957,-0.2775988234335462,0.8821237852989039,0.0,0.45811076018627983,-0.331124340588225,-0.9473309334313376,-0.8617980051151334,-1.024671454159949,0.3695829518616431,1.5351485382472794,0.44291863263800807,0.38810165052343243,-0.5176501242406285,1.608494302324179,-0.16876961630013407,0.0,0.0,0.0,0.0,-0.20511148364220927,0.409010402696116,0.36157639791644874,-0.3779644730092272,-0.02211352682283017,-0.5535623484706925,0.5535623484706925,-0.408248290463863,0.43183133776126953,0.07223151185146126,-0.44721359549995787,0.5133933969410024,8,13,0.3
0.00210476117684268,-0.2032143153087217,-0.20274713004676898,-1.445469133803612,-0.36657731108739267,0.8821237852989039,0.0,0.45811076018627983,3.020013564160076,-0.9473309334313376,-0.8617980051151334,-1.024671454159949,-0.11411754532896778,1.5351485382472794,0.2899516184237355,0.05008042809799998,-0.5575115666647622,1.0613407174184861,-0.09143692305447797,0.0,0.0,0.0,0.0,-0.2051203713052109,0.24705372473112513,0.20260927527053557,-0.3779644730092272,0.6630812818163643,-0.30753463803927367,0.30753463803927367,-0.408248290463863,0.43183133776126953,0.21669453555438456,2.2360679774997894,-0.037373465677697615,8,14,0.1
0.002027278681382603,-0.20321313146178813,-0.20282183699505998,-1.445469133803612,-0.277477846923252,0.8821237852989039,0.0,0.45811076018627983,3.020013564160076,-0.9473309334313376,-0.8617980051151334,-1.024671454159949,-0.030233672761858947,1.5351485382472794,2.2636808836313507,0.1326052259088726,-0.3561421764935902,0.7370718401666877,-0.09589648145086381,0.0,0.0,0.0,0.0,-0.20512484158267433,0.31247112144518935,0.26681913347020153,-0.3779644730092272,0.3863180066838826,-0.06150692760785473,0.06150692760785473,-0.408248290463863,0.43183133776126953,0.36115755925730747,2.2360679774997894,-0.037373465677697615,8,15,0.1
0.001954491101080571,-0.20320929647239658,-0.20279503376711103,-0.9975923088699957,-0.30846954653657654,0.8821237852989039,0.0,0.45811076018627983,-0.331124340588225,-0.9473309334313376,-0.8617980051151334,-1.024671454159949,-0.5128336743083381,1.5351485382472794,-0.02695378195939927,0.27178179009419934,-0.2485583630586426,-0.027422189347439955,-0.23709872678210908,0.0,0.0,0.0,0.0,-0.20513932273404917,0.20041116223558392,0.1568276869722678,-0.3779644730092272,0.8604133219961616,0.18452078282356418,-0.18452078282356418,-0.408248290463863,0.43183133776126953,0.5056205829602304,2.2360679774997894,-0.5881403282963976,8,16,0.1
0.001990781670611689,-0.20321659487091823,-0.2027823271438111,-1.445469133803612,-0.21056189093824143,0.8821237852989039,0.0,0.45811076018627983,3.020013564160076,-0.9473309334313376,-0.8617980051151334,-1.024671454159949,-0.04449716934005396,1.5351485382472794,1.7214319996383547,-0.07471703654006921,-0.49018622303864284,1.0989669777257292,0.02495346758290381,0.0,0.0,0.0,0.0,-0.20511176354079078,0.30134763863937347,0.255900978827489,-0.3779644730092272,0.4333784475888259,0.4305484932549831,-0.4305484932549831,-0.408248290463863,0.43183133776126953,0.6500836066631537,2.2360679774997894,-0.037373465677697615,8,17,0.1
0.0020351040836963917,-0.20321943780804866,-0.20275060483385313,-0.9975923088699957,-0.33476901873527803,0.8821237852989039,0.0,0.45811076018627983,-0.331124340588225,-0.9473309334313376,-0.8617980051151334,-1.024671454159949,-0.8986682194214822,1.5351485382472794,0.6299455950150027,0.05858959274155111,-0.4241800638255918,1.453400614887436,-0.15951112167985276,0.0,0.0,0.0,0.0,-0.20510102843862194,0.15226785987011096,0.10957306093353332,-0.3779644730092272,1.064094585813513,0.676576203686402,-0.676576203686402,-0.408248290463863,0.43183133776126953,0.7945466303660766,-0.44721359549995787,-0.5881403282963976,8,18,0.1
0.0020626528773356107,-0.20321550213427042,-0.2027540828887724,-0.9975923088699957,-0.3660818287191677,0.8821237852989039,0.0,0.45811076018627983,-0.331124340588225,-0.9473309334313376,-0.8617980051151334,-1.024671454159949,-1.1271543790448286,1.5351485382472794,1.1048311969993005,-0.07937591164470754,-0.41768296023742224,0.6993518917495684,-0.13166529637078608,0.0,0.0,0.0,0.0,-0.20511588978031686,0.07710705078361935,0.03579964382997208,-0.3779644730092272,1.38207959789383,0.922603914117821,-0.922603914117821,-0.408248290463863,0.43183133776126953,0.9390096540689995,-0.44721359549995787,-1.1389071909150976,8,19,0.1
0.002086676483643039,-0.20321793889136086,-0.20274485355541064,-0.9975923088699957,-0.3225573100576696,0.8821237852989039,0.0,0.45811076018627983,-0.331124340588225,-0.9473309334313376,-0.8617980051151334,-1.024671454159949,-0.692892363241259,1.5351485382472794,1.2506600149385652,-0.06902176395313446,-0.3942086984166291,0.9840250866910767,-0.06640487253607963,0.0,0.0,0.0,0.0,-0.20510668843849109,0.17794396738581675,0.13477521365613437,-0.3779644730092272,0.9554659340229,1.1686316245492399,-1.1686316245492399,-0.408248290463863,0.43183133776126953,1.0834726777719228,-0.44721359549995787,-0.5881403282963976,8,20,0.1
0.0020497709155585337,-0.20321427627987446,-0.20274925869009172,-0.9975923088699957,-0.27669302296817927,0.8821237852989039,0.0,0.45811076018627983,-0.331124340588225,-0.9473309334313376,-0.8617980051151334,-1.024671454159949,-1.1271543790448286,1.5351485382472794,1.0165812674633106,-0.25039119012515215,-0.46112352322644906,0.3051147190407907,0.007427234408328299,0.0,0.0,0.0,0.0,-0.20512051868049336,0.11024296207620175,0.06832389994968993,-0.3779644730092272,1.2418905381866767,1.4146593349806589,-1.4146593349806589,-0.408248290463863,0.43183133776126953,1.2279357014748458,-0.44721359549995787,-1.1389071909150976,8,21,0.1
0.0020111646550664145,-0.2032199142397768,-0.20280257895288378,-1.445469133803612,-0.2200341353539522,0.8821237852989039,0.0,0.45811076018627983,3.020013564160076,-0.9473309334313376,-0.8617980051151334,-1.024671454159949,-0.1503713005480916,1.5351485382472794,1.0275426019957523,-0.3779730630753632,-0.5242434276787956,1.0797158407700016,0.20031432534084934,0.0,0.0,0.0,0.0,-0.2050992294036649,0.21878099226223904,0.1748584286466747,-0.3779644730092272,0.7826955500092027,1.6606870454120777,-1.6606870454120777,-0.408248290463863,0.43183133776126953,1.3723987251777687,-0.44721359549995787,-0.037373465677697615,8,22,0.1
0.0019658191707502617,-0.20321319483902373,-0.20277953165009913,-0.9975923088699957,-0.25582181003947585,0.8821237852989039,0.0,0.45811076018627983,-0.331124340588225,-0.9473309334313376,-0.8617980051151334,-1.024671454159949,-0.7903241399357921,1.5351485382472794,0.48460977352431217,-0.39715788292001825,-0.48269056388074516,-0.04221518971321291,0.17295403759600073,0.0,0.0,0.0,0.0,-0.20512460226640813,0.16578671618884414,0.12284237293385167,-0.3779644730092272,1.006899968804034,1.9067147558434967,-1.9067147558434967,-0.408248290463863,0.43183133776126953,1.516861748880692,-0.44721359549995787,-0.5881403282963976,8,23,0.1
0.001958178139416777,-0.2032120438021397,-0.20277218633743926,-0.9975923088699957,-0.3863434239824854,0.8821237852989039,0.0,0.45811076018627983,-0.331124340588225,-0.9473309334313376,-0.8617980051151334,-1.024671454159949,-1.1271543790448286,1.5351485382472794,1.0983696722728253,-0.002350542779067132,-0.26908576436194775,-0.2987481588873623,-0.18345542243387983,0.0,0.0,0.0,0.0,-0.2051289486511445,0.06689084871983138,0.025772022450872917,-0.3779644730092272,1.4253015798835427,2.1527424662749155,-2.1527424662749155,-0.408248290463863,0.43183133776126953,1.6613247725836149,-0.44721359549995787,-1.1389071909150976,8,24,0.0
0.002004775973618343,5.864492150540137,-0.20289249523628836,2.137545465665319,0.23397031787304548,-1.6044710078951636,1.118033988749895,-0.4850584519619434,-0.331124340588225,-1.4209964001470081,-1.1360064612881313,0.5082386929138653,1.058762483368768,0.20847696198419854,-0.805793452016784,-0.5995117148420179,2.4119963984560537,2.2841069559624714,1.425253663258413,0.0,0.0,0.0,0.0,5.01408343739572,1.2409494399036314,1.1781586878438697,-0.3779644730092272,-0.7508058875955863,-0.7995900589021115,0.7995900589021115,2.4494897427831788,2.569068374799781,-1.661324772583615,-0.44721359549995787,1.0641602595597024,9,1,0.1
-17.25259228769675,6.13835530503314,5.867649403843171,1.689668640731703,0.17162111869707217,-1.6044710078951636,1.118033988749895,-0.4850584519619434,-0.331124340588225,-1.4209964001470081,-1.1360064612881313,0.5082386929138653,1.058762483368768,0.20847696198419854,-1.9667546375938292,-0.3055896116849906,2.4119963984560537,0.4010168006208499,0.8404032568646399,0.0,0.0,0.0,0.0,3.979959639053753,1.0918664671871634,1.031827634959722,-0.3779644730092272,-0.63963793368937,-0.7995900589021115,0.7995900589021115,2.4494897427831788,2.569068374799781,-1.5168617488806921,-0.44721359549995787,1.0641602595597024,9,2,0.1
-7.7247941253099315,6.109770033695579,5.246387609022346,1.689668640731703,0.15677737407773437,-1.6044710078951636,1.118033988749895,-0.4850584519619434,-0.331124340588225,-1.4209964001470081,-1.1360064612881313,0.5082386929138653,1.058762483368768,0.20847696198419854,-1.937722982972521,-0.22651554582751798,2.4119963984560537,0.23531136052267615,0.7926013443806607,0.0,0.0,0.0,0.0,4.087899348676101,1.1519082087529253,1.0907610671299088,-0.3779644730092272,-0.7508058875955863,-0.7995900589021115,0.7995900589021115,2.4494897427831788,2.569068374799781,-1.3723987251777692,-0.44721359549995787,1.0641602595597024,9,3,0.1
-7.113409127698639,6.250470917763535,6.040439701138816,0.79391499086447,-0.17469975297570106,-1.6044710078951636,1.118033988749895,-0.4850584519619434,-0.331124340588225,-1.4209964001470081,-1.1360064612881313,0.5082386929138653,1.058762483368768,0.20847696198419854,-0.9763626814889388,-0.21713936632389202,-0.9591771836848175,-0.721613733405449,0.46329943626497466,0.0,0.0,0.0,0.0,3.5566043194787906,0.7364661171785727,0.6829876134298358,-0.3779644730092272,0.5623595297887818,-0.7995900589021115,0.7995900589021115,2.4494897427831788,2.569068374799781,-1.2279357014748462,-0.44721359549995787,1.0641602595597024,9,4,0.1
-4.709283113275851,6.182319679866483,5.6125049728662235,1.689668640731703,0.09737556781491827,-1.6044710078951636,1.118033988749895,-0.4850584519619434,-0.331124340588225,-1.4209964001470081,-1.1360064612881313,0.5082386929138653,1.058762483368768,0.20847696198419854,-1.9056217792731847,-0.3351080398517035,-0.9423389517131656,-0.6382708548405104,0.8524500209755215,0.0,0.0,0.0,0.0,3.8139475065397854,1.0609915844382325,1.0015226710996425,-0.3779644730092272,-0.5352161717285193,-0.7995900589021115,0.7995900589021115,2.4494897427831788,2.569068374799781,-1.0834726777719228,-0.44721359549995787,1.0641602595597024,9,5,0.1
-1.4717559528670254,5.973712978604745,5.5577030550499815,1.689668640731703,0.08714763313657488,-1.6044710078951636,1.118033988749895,-0.4850584519619434,-0.331124340588225,-1.4209964001470081,-1.1360064612881313,0.5082386929138653,1.058762483368768,0.20847696198419854,-0.9485196522016883,-0.503036052399772,-0.8752673794282307,0.04678404914811562,1.1260882563315429,0.0,0.0,0.0,0.0,4.601658999411998,1.101249270301358,1.041037241085003,-0.3779644730092272,-0.6713714577089843,-0.7995900589021115,0.7995900589021115,2.4494897427831788,2.569068374799781,-0.9390096540689999,-0.44721359549995787,1.0641602595597024,9,6,0.1
1.713936550774788,6.043418574896565,3.7842658791655106,3.033299115532552,0.5013431472097108,-1.6044710078951636,1.118033988749895,-0.4850584519619434,-0.331124340588225,-1.4209964001470081,-1.1360064612881313,0.5082386929138653,1.058762483368768,0.20847696198419854,-2.544140620277645,-0.2556302788793113,0.7241717528465241,-0.4825441154224151,1.1157252871562326,0.0,0.0,0.0,0.0,4.338446461250597,1.5205874292925516,1.4526348447656257,-0.3779644730092272,-0.7508058875955863,-0.7995900589021115,0.7995900589021115,2.4494897427831788,2.569068374799781,-0.7945466303660769,-0.44721359549995787,1.0641602595597024,9,7,0.1
3.57878111436608,5.878331247931111,5.32915550048988,1.689668640731703,0.18886126183638505,-1.6044710078951636,1.118033988749895,-0.4850584519619434,-0.331124340588225,-1.4209964001470081,-1.1360064612881313,0.5082386929138653,1.058762483368768,0.20847696198419854,-1.834358416024773,-0.3901982653851061,-0.7159059970008519,-0.034118495548404806,0.8904864431132746,0.0,0.0,0.0,0.0,4.961826170491474,1.0203714137428046,0.9616523073827857,-0.3779644730092272,-0.397834927898079,-0.7995900589021115,0.7995900589021115,2.4494897427831788,2.569068374799781,-0.6500836066631539,-0.44721359549995787,1.0641602595597024,9,8,0.1
5.167668759105302,5.845000719829299,6.382101845280024,1.2417918157980865,0.00578296395357965,-1.6044710078951636,1.118033988749895,-0.4850584519619434,-0.331124340588225,-1.4209964001470081,-1.1360064612881313,0.5082386929138653,1.058762483368768,0.20847696198419854,0.14533205604783747,-0.6346739689265377,-0.7720396573045739,-0.12453469774798104,1.0884598172965507,0.0,0.0,0.0,0.0,5.087684256020356,0.8332492434738107,0.7779842217892383,-0.3779644730092272,0.23502987940563,-0.7995900589021115,0.7995900589021115,2.4494897427831788,2.569068374799781,-0.5056205829602308,-0.44721359549995787,1.0641602595597024,9,9,0.3
4.3238794275052745,5.812390112959034,5.467337980930285,2.137545465665319,0.35141328833537827,-1.6044710078951636,1.118033988749895,-0.4850584519619434,-0.331124340588225,-1.4209964001470081,-1.1360064612881313,0.5082386929138653,1.058762483368768,0.20847696198419854,-1.646341018987005,-0.3276489979496701,-0.7003171891522838,-0.21063833041181365,0.4926073244274588,0.0,0.0,0.0,0.0,5.210823875533415,0.6316033020093066,1.123916467092361,2.6457513110645903,0.9170154490741437,-0.7995900589021115,0.7995900589021115,2.4494897427831788,2.569068374799781,-0.3611575592573077,-0.44721359549995787,1.0641602595597024,9,10,0.1
3.272955464754499,5.755582858045596,4.10412877110073,2.137545465665319,0.4858209979018488,-1.6044710078951636,1.118033988749895,-0.4850584519619434,-0.331124340588225,-1.4209964001470081,-1.1360064612881313,0.5082386929138653,1.058762483368768,0.20847696198419854,-2.124261453971655,-0.26434661087470634,-0.17565425054418368,-0.20483783448232767,0.4823904280695123,0.0,0.0,0.0,0.0,5.425331498266463,0.7005891182146782,1.2085569774694496,2.6457513110645903,0.6836989200025705,-0.7995900589021115,0.7995900589021115,2.4494897427831788,2.569068374799781,-0.21669453555438475,-0.44721359549995787,1.0641602595597024,9,11,0.1
4.759318544414871,5.595036634750609,5.76539827887217,1.2417918157980865,0.21943998118557592,-1.6044710078951636,1.118033988749895,-0.4850584519619434,-0.331124340588225,-1.4209964001470081,-1.1360064612881313,0.5082386929138653,1.058762483368768,0.20847696198419854,-1.2681680923372656,-0.4791608061963382,-0.5063906255980832,0.15413105520953974,0.5250569534107455,0.0,0.0,0.0,0.0,6.031563726003064,0.47165864582848843,0.927676166174121,2.6457513110645903,1.457963343530583,-0.7995900589021115,0.7995900589021115,2.4494897427831788,2.569068374799781,-0.07223151185146165,-0.44721359549995787,1.0641602595597024,9,12,0.1
4.651535619624031,5.523093089436528,5.621164556951582,0.3460381659308536,-0.17333381844820722,-1.6044710078951636,1.118033988749895,-0.4850584519619434,-0.331124340588225,-1.4209964001470081,-1.1360064612881313,0.5082386929138653,1.058762483368768,0.20847696198419854,-0.9254607432029175,-0.16683365095206706,-0.5096887485005943,0.19676464366430563,0.2517506592109249,0.0,0.0,0.0,0.0,6.303226894727304,0.5169512391866298,0.4675247565052759,-0.3779644730092272,1.3047795260990092,-0.5535623484706925,0.5535623484706925,2.4494897427831788,2.569068374799781,0.07223151185146126,-0.44721359549995787,1.0641602595597024,9,13,0.1
2.107793846625829,5.8167281360575664,5.197773107938697,-1.445469133803612,-0.6553605634368724,-1.6044710078951636,1.118033988749895,-0.4850584519619434,3.020013564160076,-1.4209964001470081,-1.1360064612881313,0.5082386929138653,0.030831622582401515,0.20847696198419854,1.9829811164503242,-0.41142403740558414,-0.47493910222559166,-0.9264089776679532,0.00863463934715966,0.0,0.0,0.0,0.0,5.1944432385242,-0.04093040045427455,-0.08005895628160441,-0.3779644730092272,3.191587785441439,-0.30753463803927367,0.30753463803927367,2.4494897427831788,2.569068374799781,0.21669453555438456,2.2360679774997894,-0.037373465677697615,9,14,0.1
0.5859717418584125,5.725211018266298,4.6590473156315335,-1.445469133803612,-0.7539065843685746,-1.6044710078951636,1.118033988749895,-0.4850584519619434,3.020013564160076,-1.4209964001470081,-1.1360064612881313,0.5082386929138653,-0.06523010502138445,0.20847696198419854,1.3386990980546398,-0.2918485968230362,-0.2642007896510124,-0.7914116988915946,-0.17465829491741952,0.0,0.0,0.0,0.0,5.540017398139872,-0.1568419662295057,-0.19383091261090202,-0.3779644730092272,3.583611620100694,-0.06150692760785473,0.06150692760785473,2.4494897427831788,2.569068374799781,0.36115755925730747,2.2360679774997894,-0.037373465677697615,9,15,0.1
-1.020941258649595,5.732403863654329,4.2401231362051925,-1.445469133803612,-0.6951404850562156,-1.6044710078951636,1.118033988749895,-0.4850584519619434,3.020013564160076,-1.4209964001470081,-1.1360064612881313,0.5082386929138653,-0.07103654280995245,0.20847696198419854,2.6108887165071297,-0.5251064881742847,-0.4515518154857485,-0.9592384221737187,-0.00529802106051356,0.0,0.0,0.0,0.0,5.512856779883911,-0.16384822473055338,-0.20070784271603662,-0.3779644730092272,3.607307446361214,0.18452078282356418,-0.18452078282356418,2.4494897427831788,2.569068374799781,0.5056205829602304,2.2360679774997894,-0.037373465677697615,9,16,0.1
-1.0908765647008167,5.609176279707881,4.205039116423255,-1.445469133803612,-0.6959031910718855,-1.6044710078951636,1.118033988749895,-0.4850584519619434,3.020013564160076,-1.4209964001470081,-1.1360064612881313,0.5082386929138653,-0.06617556530510782,0.20847696198419854,2.7408912449262144,-0.5042112250388772,-0.4638096218342723,-0.739722372947735,-0.017802346514077694,0.0,0.0,0.0,0.0,5.978171573351167,-0.1579827929104152,-0.1949506807932371,-0.3779644730092272,3.587470003404729,0.4305484932549831,-0.4305484932549831,2.4494897427831788,2.569068374799781,0.6500836066631537,2.2360679774997894,-0.037373465677697615,9,17,0.1
2.807889784277069,5.334442646674938,6.885325614559446,-1.445469133803612,-0.7775764820908977,-1.6044710078951636,1.118033988749895,-0.4850584519619434,3.020013564160076,-1.4209964001470081,-1.1360064612881313,0.5082386929138653,-0.15017285821690507,0.20847696198419854,1.2801227524574492,-0.758319561261009,-0.525056841588451,-0.10785545483208717,0.12921083396373328,0.0,0.0,0.0,0.0,7.015582351191211,-0.25933697407239786,-0.2944339670022554,-0.3779644730092272,3.9302593919539053,0.676576203686402,-0.676576203686402,2.4494897427831788,2.569068374799781,0.7945466303660766,-0.44721359549995787,-0.037373465677697615,9,18,0.1
7.575213338137061,5.23442647300796,9.387679234863855,-0.9975923088699957,-0.7875506784907021,-1.6044710078951636,1.118033988749895,-0.4850584519619434,-0.331124340588225,-1.4209964001470081,-1.1360064612881313,0.5082386929138653,-0.5962228247936177,0.20847696198419854,1.071620867366735,-0.694660134589744,-0.39401476999755797,0.011500787977893615,0.01429213700500435,0.0,0.0,0.0,0.0,7.393249458690943,-0.30409847337519824,-0.3383692146184195,-0.3779644730092272,4.081646999259708,0.922603914117821,-0.922603914117821,2.4494897427831788,2.569068374799781,0.9390096540689995,-0.44721359549995787,-0.5881403282963976,9,19,0.1
6.609043170707443,5.344880637253364,8.637528423024731,-1.445469133803612,-0.6453437600085749,-1.6044710078951636,1.118033988749895,-0.4850584519619434,3.020013564160076,-1.4209964001470081,-1.1360064612881313,0.5082386929138653,-0.038472723817275754,0.20847696198419854,2.378264273784212,-0.7890143118147082,-0.530057025493624,-0.43372419046646926,0.31526398005563094,0.0,0.0,0.0,0.0,6.976167868859689,-0.12455553927489876,-0.16214046021349734,-0.3779644730092272,3.4744158826646667,1.1686316245492399,-1.1686316245492399,2.4494897427831788,2.569068374799781,1.0834726777719228,-0.44721359549995787,-0.037373465677697615,9,20,0.1
4.695047341638182,5.389572128925611,7.456746283183972,-0.9975923088699957,-0.7727939574702553,-1.6044710078951636,1.118033988749895,-0.4850584519619434,-0.331124340588225,-1.4209964001470081,-1.1360064612881313,0.5082386929138653,-0.7105966325135927,0.20847696198419854,1.2909886648767224,-0.7268646942922437,-0.3950548432054689,-0.6852599058285482,0.02343544267568807,0.0,0.0,0.0,0.0,6.807410099282278,-0.32617968714004425,-0.3600428316673299,-0.3779644730092272,4.156327744327129,1.4146593349806589,-1.4146593349806589,2.4494897427831788,2.569068374799781,1.2279357014748458,-0.44721359549995787,-0.5881403282963976,9,21,0.1
1.1850943723921177,5.4225626397758875,4.8654056049834935,-1.445469133803612,-0.6545084841311533,-1.6044710078951636,1.118033988749895,-0.4850584519619434,3.020013564160076,-1.4209964001470081,-1.1360064612881313,0.5082386929138653,-0.08134416331156862,0.20847696198419854,1.9296398077452288,-0.7172998048602758,-0.5010878343185614,-0.8941705387320624,0.17211525327920651,0.0,0.0,0.0,0.0,6.682835939414413,-0.17628577360211994,-0.2129158071033293,-0.3779644730092272,3.6493724082982157,1.6606870454120777,-1.6606870454120777,2.4494897427831788,2.569068374799781,1.3723987251777687,-0.44721359549995787,-0.037373465677697615,9,22,0.1
-0.9144162194617655,5.314440013593574,2.427829181262194,-1.445469133803612,-0.6092020264816139,-1.6044710078951636,1.118033988749895,-0.4850584519619434,3.020013564160076,-1.4209964001470081,-1.1360064612881313,0.5082386929138653,-0.0610767204651901,0.20847696198419854,2.7408912449262144,-0.6628735289643932,-0.45369853136891575,-0.7470571565086486,0.1380882915823888,0.0,0.0,0.0,0.0,7.091113500816778,-0.15183034173363127,-0.1889117975987803,-0.3779644730092272,3.566661833946008,1.9067147558434967,-1.9067147558434967,2.4494897427831788,2.569068374799781,1.516861748880692,-0.44721359549995787,-0.037373465677697615,9,23,0.1
-0.7472031269800758,5.32933218971151,2.4327502692841323,-1.445469133803612,-0.7011136096285888,-1.6044710078951636,1.118033988749895,-0.4850584519619434,3.020013564160076,-1.4209964001470081,-1.1360064612881313,0.5082386929138653,-0.11692082662557982,0.20847696198419854,1.0527478857274395,-0.6695954223114103,-0.45432437957780547,-0.9007970163352621,0.07650973924161139,0.0,0.0,0.0,0.0,7.034879745088784,-0.21921386632593637,-0.2550514909585958,-0.3779644730092272,3.7945592618416493,2.1527424662749155,-2.1527424662749155,2.4494897427831788,2.569068374799781,1.6613247725836149,-0.44721359549995787,-0.037373465677697615,9,24,0.0
0.002004775973618343,-0.1915623327474997,-0.20289249523628836,-0.9975923088699957,0.16767070142187046,-1.1719406592431405,-1.118033988749895,1.373539701388967,-0.331124340588225,4.206994456940467e-15,-1.190848152522731,1.8567659864110913,0.6111466133894237,-0.45485882614734185,1.5373048205810311,1.1167560306787627,2.4119963984560537,3.4107484726378754,-0.5860754974997054,0.0,0.0,0.0,0.0,-0.19330570809652486,0.06456041835959271,0.023484609461493746,-0.3779644730092272,0.7463614597401942,-0.7995900589021115,0.7995900589021115,2.4494897427831788,1.6324042226364168,-1.661324772583615,-0.44721359549995787,0.5133933969410024,10,1,0.1
-0.042176824563741507,-0.1908610870186622,-0.1873484488444347,-0.9975923088699957,0.32367079392317916,-1.1719406592431405,-1.118033988749895,1.373539701388967,-0.331124340588225,4.206994456940467e-15,-1.190848152522731,1.8567659864110913,0.9223721818493743,-0.45485882614734185,0.38056434235287717,2.0623226021325336,2.4119963984560537,1.058091915302853,-0.7340920451440276,0.0,0.0,0.0,0.0,-0.1959536542870923,0.12403913416265842,0.08186540875111141,-0.3779644730092272,0.4698828381893709,-0.7995900589021115,0.7995900589021115,2.4494897427831788,1.6324042226364168,-1.5168617488806921,-0.44721359549995787,0.5133933969410024,10,2,0.1
-0.022686694594442357,-0.1907785318863277,-0.18730301677690708,-0.5497154839363793,0.3549420168145636,-1.1719406592431405,-1.118033988749895,1.373539701388967,-0.331124340588225,4.206994456940467e-15,-1.190848152522731,1.8567659864110913,1.058762483368768,-0.45485882614734185,0.20238810876224214,1.1496464839658123,2.4119963984560537,0.506890336215404,-0.5364223843426449,0.0,0.0,0.0,0.0,-0.19626538744878902,0.19511330016384817,0.15162761803839656,-0.3779644730092272,0.13950436282103615,-0.7995900589021115,0.7995900589021115,2.4494897427831788,1.6324042226364168,-1.3723987251777692,-0.44721359549995787,1.0641602595597024,10,3,0.1
-0.014787886344143462,-0.19070141320939313,-0.18767368846417523,-0.5497154839363793,0.3964273042432529,-1.1719406592431405,-1.118033988749895,1.373539701388967,-0.331124340588225,4.206994456940467e-15,-1.190848152522731,1.8567659864110913,1.058762483368768,-0.45485882614734185,0.3216599308382988,2.112698365175623,-0.8069071600863938,0.023779601778617203,-0.7155782470811753,0.0,0.0,0.0,0.0,-0.19655659222681895,0.20006123076495513,0.15648421488017453,-0.3779644730092272,0.11650458863874495,-0.7995900589021115,0.7995900589021115,2.4494897427831788,1.6324042226364168,-1.2279357014748462,-0.44721359549995787,1.0641602595597024,10,4,0.1
-0.011065181859691162,-0.190604944654033,-0.1877746796842878,-0.9975923088699957,0.22245811448524755,-1.1719406592431405,-1.118033988749895,1.373539701388967,-0.331124340588225,4.206994456940467e-15,-1.190848152522731,1.8567659864110913,0.7390378743116331,-0.45485882614734185,0.5976049154682127,1.8555218347086044,-0.703011230293998,-0.4572885229257625,-0.7157602246567659,0.0,0.0,0.0,0.0,-0.1969208633135019,0.08900188054320737,0.047474907147322824,-0.3779644730092272,0.6327486878103732,-0.7995900589021115,0.7995900589021115,2.4494897427831788,1.6324042226364168,-1.0834726777719228,-0.44721359549995787,0.5133933969410024,10,5,0.1
-0.005781227943179575,-0.1908663914400529,-0.1890795834393608,-0.10183865900276282,0.539371286925833,-1.1719406592431405,-1.118033988749895,1.373539701388967,-0.331124340588225,4.206994456940467e-15,-1.190848152522731,1.8567659864110913,1.058762483368768,-0.45485882614734185,0.21801009945183453,1.1706963875890024,-0.6129763542059352,-0.11831391542498275,-0.4763038006679931,0.0,0.0,0.0,0.0,-0.195933624471812,0.3450269112851281,0.29877397658842625,-0.3779644730092272,-0.5573484187983895,-0.7995900589021115,0.7995900589021115,2.4494897427831788,1.6324042226364168,-0.9390096540689999,-0.44721359549995787,1.0641602595597024,10,6,0.1
0.00397474652307608,-0.1910465351588013,-0.19671322585282391,-0.5497154839363793,0.520113156219615,-1.1719406592431405,-1.118033988749895,1.373539701388967,-0.331124340588225,4.206994456940467e-15,-1.190848152522731,1.8567659864110913,1.058762483368768,-0.45485882614734185,0.48596136619607183,1.6080429978821675,0.9759345308823424,0.022507498312650108,-0.5975298703879804,0.0,0.0,0.0,0.0,-0.19525339091858207,0.2913893525132638,0.24612651252055098,-0.3779644730092272,-0.30802161151328794,-0.7995900589021115,0.7995900589021115,2.4494897427831788,1.6324042226364168,-0.7945466303660769,-0.44721359549995787,1.0641602595597024,10,7,0.1
0.007869927589993676,-0.1911708068576593,-0.19424545106212227,-0.10183865900276282,0.8040559677369207,-1.1719406592431405,-1.118033988749895,1.373539701388967,-0.331124340588225,4.206994456940467e-15,-1.190848152522731,1.8567659864110913,1.058762483368768,-0.45485882614734185,0.4965811441696393,1.6893611451716317,-0.3365836517325732,0.04050755416586923,-0.5799008330321356,0.0,0.0,0.0,0.0,-0.194784133484199,0.38027985890753485,0.33337619070356445,-0.3779644730092272,-0.7212168922959968,-0.7995900589021115,0.7995900589021115,2.4494897427831788,1.6324042226364168,-0.6500836066631539,-0.44721359549995787,1.0641602595597024,10,8,0.1
0.008048265727801101,-0.19099731859115054,-0.19417729549587417,-0.10183865900276282,0.9532706374019008,-1.1719406592431405,-1.118033988749895,1.373539701388967,-0.331124340588225,4.206994456940467e-15,-1.190848152522731,1.8567659864110913,1.058762483368768,-0.45485882614734185,0.8718158228960834,1.9858440004528237,-0.40398192500461194,-0.5112661267763857,-0.5966478210968775,0.0,0.0,0.0,0.0,-0.19543923564813162,0.4882667652236237,0.4393697687159092,-0.3779644730092272,-0.7508058875955863,-0.7995900589021115,0.7995900589021115,2.4494897427831788,1.6324042226364168,-0.5056205829602308,-0.44721359549995787,1.0641602595597024,10,9,0.1
0.01047374700037127,-0.19144246436146958,-0.19147031472745163,-0.10183865900276282,0.9659020506823746,-1.1719406592431405,-1.118033988749895,1.373539701388967,-0.331124340588225,4.206994456940467e-15,-1.190848152522731,1.8567659864110913,1.058762483368768,-0.45485882614734185,0.4603457783807856,1.2701234638606065,-0.4238213589876566,0.11477480578146051,-0.6197543425470275,0.0,0.0,0.0,0.0,-0.19375833835594058,0.06490982556643933,0.4286253520217186,2.6457513110645903,0.7447372884445542,-0.7995900589021115,0.7995900589021115,2.4494897427831788,1.6324042226364168,-0.3611575592573077,-0.44721359549995787,1.0641602595597024,10,10,0.1
0.005352979191706498,-0.19103552788338235,-0.19491780019300392,0.3460381659308536,1.0846066774994108,-1.1719406592431405,-1.118033988749895,1.373539701388967,-0.331124340588225,4.206994456940467e-15,-1.190848152522731,1.8567659864110913,1.058762483368768,-0.45485882614734185,0.1107924411732435,1.1937229894055492,-0.023732875190126738,-0.8114533544025089,-0.591698377885435,0.0,0.0,0.0,0.0,-0.1952949550548263,0.09176709632850596,0.4615772431448097,2.6457513110645903,0.6198949629394248,-0.7995900589021115,0.7995900589021115,2.4494897427831788,1.6324042226364168,-0.21669453555438475,-0.44721359549995787,1.0641602595597024,10,11,0.1
0.0035735782393082408,-0.1912129724441993,-0.19619231917389424,0.3460381659308536,1.2206038894802151,-1.1719406592431405,-1.118033988749895,1.373539701388967,-0.331124340588225,4.206994456940467e-15,-1.190848152522731,1.8567659864110913,1.058762483368768,-0.45485882614734185,0.5480323520038195,1.6066023261313775,-0.09050692265243172,-0.6756235312575303,-0.6479883209975732,0.0,0.0,0.0,0.0,-0.19462491368483317,0.15893669968381785,0.5439893942585274,2.6457513110645903,0.3076663094614191,-0.7995900589021115,0.7995900589021115,2.4494897427831788,1.6324042226364168,-0.07223151185146165,-0.44721359549995787,1.0641602595597024,10,12,0.1
0.003712651383698641,-0.19131255237685074,-0.1961091063389132,0.3460381659308536,1.2493108710613194,-1.1719406592431405,-1.118033988749895,1.373539701388967,-0.331124340588225,4.206994456940467e-15,-1.190848152522731,1.8567659864110913,1.058762483368768,-0.45485882614734185,-0.17753531566137254,1.8248885125423666,-0.3207454738529832,-0.6772819969332372,-0.5407717334458014,0.0,0.0,0.0,0.0,-0.1942488938497341,0.5599576953436016,0.5097373572845366,-0.3779644730092272,-0.7508058875955863,-0.5535623484706925,0.5535623484706925,2.4494897427831788,1.6324042226364168,0.07223151185146126,-0.44721359549995787,1.0641602595597024,10,13,0.1
0.0012600363166897631,-0.1909570338618059,-0.19502386393328444,0.3460381659308536,1.4538755550321014,-1.1719406592431405,-1.118033988749895,1.373539701388967,-0.331124340588225,4.206994456940467e-15,-1.190848152522731,1.8567659864110913,1.058762483368768,-0.45485882614734185,-0.5912562030338051,1.4359255707737553,-0.429969702547274,-1.4027009953098661,-0.4364696165834848,0.0,0.0,0.0,0.0,-0.19559135321722262,0.6035885877603744,0.552562867866243,-0.3779644730092272,-0.7508058875955863,-0.30753463803927367,0.30753463803927367,2.4494897427831788,1.6324042226364168,0.21669453555438456,2.2360679774997894,1.0641602595597024,10,14,0.1
0.0016498374736698643,-0.19143020996143184,-0.1947051310702901,0.3460381659308536,1.473994045250836,-1.1719406592431405,-1.118033988749895,1.373539701388967,-0.331124340588225,4.206994456940467e-15,-1.190848152522731,1.8567659864110913,1.058762483368768,-0.45485882614734185,-0.7099332490116225,2.0791349892271938,-0.1831483989896488,-0.8057321348452418,-0.5788549146869156,0.0,0.0,0.0,0.0,-0.19380461171000649,0.5887776478107435,0.5380253227828399,-0.3779644730092272,-0.7508058875955863,-0.06150692760785473,0.06150692760785473,2.4494897427831788,1.6324042226364168,0.36115755925730747,2.2360679774997894,1.0641602595597024,10,15,0.1
0.007784479309688632,-0.19161843299124523,-0.19290390105929237,0.79391499086447,1.9298745493417906,-1.1719406592431405,-1.118033988749895,1.373539701388967,-0.331124340588225,4.206994456940467e-15,-1.190848152522731,1.8567659864110913,1.058762483368768,-0.45485882614734185,-0.14929742307424823,1.6220126660131375,-0.3006998881027713,-0.6709872980612712,-0.42473820667936313,0.0,0.0,0.0,0.0,-0.19309387019062835,0.7515193303284363,0.6977629595969554,-0.3779644730092272,-0.7508058875955863,0.18452078282356418,-0.18452078282356418,2.4494897427831788,1.6324042226364168,0.5056205829602304,2.2360679774997894,1.0641602595597024,10,16,0.1
0.011269437436122761,-0.19196414299937203,-0.188824139531346,0.79391499086447,1.8312765164403837,-1.1719406592431405,-1.118033988749895,1.373539701388967,-0.331124340588225,4.206994456940467e-15,-1.190848152522731,1.8567659864110913,1.058762483368768,-0.45485882614734185,0.06963615732018266,1.7840578039155093,-0.2601277190451545,-0.31668531646384807,-0.4790089875730391,0.0,0.0,0.0,0.0,-0.19178844833718187,0.7063619409143566,0.6534391295977438,-0.3779644730092272,-0.7508058875955863,0.4305484932549831,-0.4305484932549831,2.4494897427831788,1.6324042226364168,0.6500836066631537,2.2360679774997894,1.0641602595597024,10,17,0.1
0.012099099477311704,-0.19179215459425467,-0.18831539163334057,1.689668640731703,2.6108039189112238,-1.1719406592431405,-1.118033988749895,1.373539701388967,-0.331124340588225,4.206994456940467e-15,-1.190848152522731,1.8567659864110913,1.058762483368768,-0.45485882614734185,-1.2317302953476028,1.7725888310538223,-0.4234717202437033,-0.7097905990180731,-0.3321546525854216,0.0,0.0,0.0,0.0,-0.19243788693398775,1.1002749868237003,1.0400809418880153,-0.3779644730092272,-0.7508058875955863,0.676576203686402,-0.676576203686402,2.4494897427831788,1.6324042226364168,0.7945466303660766,-0.44721359549995787,1.0641602595597024,10,18,0.1
0.01752693439321897,-0.19239528757102312,-0.18312570245750667,1.2417918157980865,2.3095051972276632,-1.1719406592431405,-1.118033988749895,1.373539701388967,-0.331124340588225,4.206994456940467e-15,-1.190848152522731,1.8567659864110913,1.058762483368768,-0.45485882614734185,-1.1418003759649096,2.222873691652908,-0.19999568819201444,-0.02366677681044783,-0.5134036600845584,0.0,0.0,0.0,0.0,-0.19016042041609935,0.864362791759049,0.8085234456629095,-0.3779644730092272,-0.7508058875955863,0.922603914117821,-0.922603914117821,2.4494897427831788,1.6324042226364168,0.9390096540689995,-0.44721359549995787,1.0641602595597024,10,19,0.1
0.009553873683131466,-0.19183722430291492,-0.18955492597283338,1.689668640731703,2.4274978251425434,-1.1719406592431405,-1.118033988749895,1.373539701388967,-0.331124340588225,4.206994456940467e-15,-1.190848152522731,1.8567659864110913,1.058762483368768,-0.45485882614734185,-0.7129365551777531,2.2883945994717676,-0.2737936578724947,-0.9148085071156941,-0.47558108407997307,0.0,0.0,0.0,0.0,-0.19226770099423912,1.0192030193570292,0.9605054803673382,-0.3779644730092272,-0.7508058875955863,1.1686316245492399,-1.1686316245492399,2.4494897427831788,1.6324042226364168,1.0834726777719228,-0.44721359549995787,1.0641602595597024,10,20,0.1
0.008321148835688913,-0.19227572726587894,-0.19079785577000655,1.689668640731703,2.7609410659066516,-1.1719406592431405,-1.118033988749895,1.373539701388967,-0.331124340588225,4.206994456940467e-15,-1.190848152522731,1.8567659864110913,1.058762483368768,-0.45485882614734185,-1.0862043578278502,1.9654220406426717,-0.33081311657005413,-0.4725482675248862,-0.40208942949263476,0.0,0.0,0.0,0.0,-0.19061188734349793,1.035586754650357,0.9765867885943178,-0.3779644730092272,-0.7508058875955863,1.4146593349806589,-1.4146593349806589,2.4494897427831788,1.6324042226364168,1.2279357014748458,-0.44721359549995787,1.0641602595597024,10,21,0.1
0.006911260568525342,-0.19233073851143226,-0.19213039092430123,1.2417918157980865,2.355040588923837,-1.1719406592431405,-1.118033988749895,1.373539701388967,-0.331124340588225,4.206994456940467e-15,-1.190848152522731,1.8567659864110913,1.058762483368768,-0.45485882614734185,-1.4787172282472696,1.5963863085513954,-0.3886496082401627,-0.5351239102818196,-0.36053682383332797,0.0,0.0,0.0,0.0,-0.19040416156049356,0.9022823534349848,0.845743050852149,-0.3779644730092272,-0.7508058875955863,1.6606870454120777,-1.6606870454120777,2.4494897427831788,1.6324042226364168,1.3723987251777687,-0.44721359549995787,1.0641602595597024,10,22,0.1
0.010826591589689629,-0.19272331596142753,-0.18854084437135143,0.79391499086447,2.1176851189759933,-1.1719406592431405,-1.118033988749895,1.373539701388967,-0.331124340588225,4.206994456940467e-15,-1.190848152522731,1.8567659864110913,1.058762483368768,-0.45485882614734185,-1.3182552112440966,2.3960346652541498,-0.11773757851855028,-0.18147015760488017,-0.5821500829953078,0.0,0.0,0.0,0.0,-0.1889217654182155,0.7455596823739025,0.6919133206736402,-0.3779644730092272,-0.7508058875955863,1.9067147558434967,-1.9067147558434967,2.4494897427831788,1.6324042226364168,1.516861748880692,-0.44721359549995787,1.0641602595597024,10,23,0.1
0.00705226483389766,-0.19241342282257312,-0.19127978789071698,0.79391499086447,1.9612810621891388,-1.1719406592431405,-1.118033988749895,1.373539701388967,-0.331124340588225,4.206994456940467e-15,-1.190848152522731,1.8567659864110913,1.058762483368768,-0.45485882614734185,-0.6407390477898051,1.7637353960287723,-0.2837799517449376,-0.6835015484983189,-0.48181620528952745,0.0,0.0,0.0,0.0,-0.1900919406118282,0.686540404197233,0.6339834782597824,-0.3779644730092272,-0.7508058875955863,2.1527424662749155,-2.1527424662749155,2.4494897427831788,1.6324042226364168,1.6613247725836149,-0.44721359549995787,1.0641602595597024,10,24,0.0
0.002004775973618343,-0.19963882004143635,-0.20289249523628836,0.3460381659308536,-1.346820141002438,0.4398334914735264,0.0,-1.4004873931646307,-0.331124340588225,-0.4736654667156822,-1.3553732262265352,-0.8646395847076883,-1.1271543790448286,-1.1181946142788823,-1.3311284553603522,-1.4398981438641634,2.4119963984560537,3.469359421232662,0.07255058424875731,0.0,0.0,0.0,0.0,-0.20219275626098543,-0.9888833922668135,-1.0105137013746028,-0.3779644730092272,-0.7508058875955863,-0.7995900589021115,0.7995900589021115,2.4494897427831788,0.8553365005278835,-1.661324772583615,-0.44721359549995787,-1.1389071909150976,11,1,0.1
-0.013989775265145906,-0.19938495620209057,-0.19726526481800596,0.3460381659308536,-1.331023681506651,0.4398334914735264,0.0,-1.4004873931646307,-0.331124340588225,-0.4736654667156822,-1.3553732262265352,-0.8646395847076883,-1.1271543790448286,-1.1181946142788823,0.45982635462698446,-1.3297496045172768,2.4119963984560537,0.23464688113476212,-0.1547052095813799,0.0,0.0,0.0,0.0,-0.20315136143842144,-0.9948225304365849,-1.016343209102892,-0.3779644730092272,-0.7508058875955863,-0.7995900589021115,0.7995900589021115,2.4494897427831788,0.8553365005278835,-1.5168617488806921,-0.44721359549995787,-1.1389071909150976,11,2,0.1
-0.004604767084965365,-0.19942900809333908,-0.1979822430844646,0.3460381659308536,-1.3711975708362343,0.4398334914735264,0.0,-1.4004873931646307,-0.331124340588225,-0.4736654667156822,-1.3553732262265352,-0.8646395847076883,-1.1271543790448286,-1.1181946142788823,-0.17530499117281403,-1.4187272253942127,2.4119963984560537,0.27438455160225667,-0.012775227106323362,0.0,0.0,0.0,0.0,-0.20298501883864237,-1.0057449568770147,-1.0270640186759443,-0.3779644730092272,-0.7508058875955863,-0.7995900589021115,0.7995900589021115,2.4494897427831788,0.8553365005278835,-1.3723987251777692,-0.44721359549995787,-1.1389071909150976,11,3,0.1
-0.0016819291113178772,-0.19942908608984491,-0.1985101678090392,0.3460381659308536,-1.2974461284413277,0.4398334914735264,0.0,-1.4004873931646307,-0.331124340588225,-0.4736654667156822,-1.3553732262265352,-0.8646395847076883,-1.1271543790448286,-1.1181946142788823,-0.10967239335212245,-1.3258151757589207,-0.9234046308537508,-0.0842803032103868,-0.09835949235090867,0.0,0.0,0.0,0.0,-0.20298472431912953,-0.9627699641390506,-0.9848823005330224,-0.3779644730092272,-0.7508058875955863,-0.7995900589021115,0.7995900589021115,2.4494897427831788,0.8553365005278835,-1.2279357014748462,-0.44721359549995787,-1.1389071909150976,11,4,0.1
0.0002937416305410798,-0.19948096830957687,-0.19896840184009376,0.3460381659308536,-1.3171624049771835,0.4398334914735264,0.0,-1.4004873931646307,-0.331124340588225,-0.4736654667156822,-1.3553732262265352,-0.8646395847076883,-1.1271543790448286,-1.1181946142788823,-0.4471911246419325,-1.278242980379978,-0.8552822535233928,0.035479810448943515,-0.19370449863777636,0.0,0.0,0.0,0.0,-0.2027888139264556,-0.9732474311175441,-0.9951663641426054,-0.3779644730092272,-0.7508058875955863,-0.7995900589021115,0.7995900589021115,2.4494897427831788,0.8553365005278835,-1.0834726777719228,-0.44721359549995787,-1.1389071909150976,11,5,0.1
0.00104546648237122,-0.19947461476038555,-0.19931014480184547,0.3460381659308536,-1.2968544201439245,0.4398334914735264,0.0,-1.4004873931646307,-0.331124340588225,-0.4736654667156822,-1.3553732262265352,-0.8646395847076883,-1.1271543790448286,-1.1181946142788823,-0.5877985253246992,-1.2918048276093612,-0.71676875593679,-0.32121039095587556,-0.12407630253748594,0.0,0.0,0.0,0.0,-0.2028128053116232,-0.9468830076066655,-0.9692886010370387,-0.3779644730092272,-0.7508058875955863,-0.7995900589021115,0.7995900589021115,2.4494897427831788,0.8553365005278835,-0.9390096540689999,-0.44721359549995787,-1.1389071909150976,11,6,0.1
0.0031568077623305092,-0.19947521025178833,-0.20135727845912485,0.79391499086447,-1.507781242870366,0.4398334914735264,0.0,-1.4004873931646307,-0.331124340588225,-0.4736654667156822,-1.3553732262265352,-0.8646395847076883,-1.1271543790448286,-1.1181946142788823,-0.29520246163286334,-1.255685787543921,1.68206880779266,-0.5879978719674639,-0.4617952107332737,0.0,0.0,0.0,0.0,-0.20281055670014994,-1.105523913463434,-1.1250011573506664,-0.3779644730092272,0.23567710653219834,-0.7995900589021115,0.7995900589021115,2.4494897427831788,0.8553365005278835,-0.7945466303660769,-0.44721359549995787,-1.1389071909150976,11,7,0.1
0.003051354865148125,-0.19951888263863288,-0.20150376487077404,0.79391499086447,-1.3974419291760538,0.4398334914735264,0.0,-1.4004873931646307,-0.331124340588225,-0.4736654667156822,-1.3553732262265352,-0.8646395847076883,-1.1271543790448286,-1.1181946142788823,-1.3493454085627872,-1.321031582231678,-0.6038278905653898,-0.5197787282606777,-0.29188061889290706,0.0,0.0,0.0,0.0,-0.20264564713190242,-1.0581130183190375,-1.0784654190416787,-0.3779644730092272,-0.573341024700072,-0.7995900589021115,0.7995900589021115,2.4494897427831788,0.8553365005278835,-0.6500836066631539,-0.44721359549995787,-1.1389071909150976,11,8,0.1
0.0037302663093810237,-0.19959792600530174,-0.2005672893705795,0.3460381659308536,-1.281815488076888,0.4398334914735264,0.0,-1.4004873931646307,-0.331124340588225,-0.4736654667156822,-1.3553732262265352,-0.8646395847076883,-1.1271543790448286,-1.1181946142788823,0.3007294551801779,-1.3224162546389897,-0.6880118713689255,-0.21694055862473952,-0.1367345109017986,0.0,0.0,0.0,0.0,-0.2023471746092856,-0.9795021994087603,-1.001305675781774,-0.3779644730092272,-0.7508058875955863,-0.7995900589021115,0.7995900589021115,2.4494897427831788,0.8553365005278835,-0.5056205829602308,-0.44721359549995787,-1.1389071909150976,11,9,0.1
0.0043051920211523275,-0.19965383082051993,-0.19983876085030294,0.3460381659308536,-1.3363020722878425,0.4398334914735264,0.0,-1.4004873931646307,-0.331124340588225,-0.4736654667156822,-1.3553732262265352,-0.8646395847076883,-1.1271543790448286,-1.1181946142788823,-0.4428778532507866,-1.3941471424034568,-0.6193685959141656,-0.09219391930797033,-0.33878036213676604,0.0,0.0,0.0,0.0,-0.20213607465330177,-1.133384620848811,-1.0415935872552613,2.6457513110645903,0.7110914043445111,-0.7995900589021115,0.7995900589021115,2.4494897427831788,0.8553365005278835,-0.3611575592573077,-0.44721359549995787,-1.1389071909150976,11,10,0.1
0.004484819830842768,-0.19962717471733477,-0.1997110196690005,0.3460381659308536,-1.3318879142162032,0.4398334914735264,0.0,-1.4004873931646307,-0.331124340588225,-0.4736654667156822,-1.3553732262265352,-0.8646395847076883,-1.1271543790448286,-1.1181946142788823,-0.18584518092818675,-1.3713681839411367,0.244538765889623,-0.4921551196155633,-0.3866653938060749,0.0,0.0,0.0,0.0,-0.20223672970756007,-1.1403454493570986,-1.0501340106349732,2.6457513110645903,0.8298707788838858,-0.7995900589021115,0.7995900589021115,2.4494897427831788,0.8553365005278835,-0.21669453555438475,-0.44721359549995787,-1.1389071909150976,11,11,0.1
0.004080699265261458,-0.19962969589848834,-0.20002525024314682,0.79391499086447,-1.347772810807902,0.4398334914735264,0.0,-1.4004873931646307,-0.331124340588225,-0.4736654667156822,-1.3553732262265352,-0.8646395847076883,-1.1271543790448286,-1.1181946142788823,-0.7404419928888866,-1.2836946480111955,-0.1710534394843697,-0.6847530552247276,-0.5104764050749826,0.0,0.0,0.0,0.0,-0.20222720957537704,-1.1489875884271683,-1.0607372781162605,2.6457513110645903,0.9773399877866698,-0.7995900589021115,0.7995900589021115,2.4494897427831788,0.8553365005278835,-0.07223151185146165,-0.44721359549995787,-1.1389071909150976,11,12,0.1
0.004163924953124611,-0.19974504042603128,-0.19990884629507463,0.79391499086447,-1.3830840854782127,0.4398334914735264,0.0,-1.4004873931646307,-0.331124340588225,-0.4736654667156822,-1.3553732262265352,-0.8646395847076883,-1.1271543790448286,-1.1181946142788823,-0.23532393149778774,-1.4271304323328033,-0.5579048221507381,-0.21590620335312344,-0.15327649488121994,0.0,0.0,0.0,0.0,-0.20179166167861276,-1.0751618557785037,-1.095199552326229,-0.3779644730092272,-0.2824201597990415,-0.5535623484706925,0.5535623484706925,2.4494897427831788,0.8553365005278835,0.07223151185146126,-0.44721359549995787,-1.1389071909150976,11,13,0.1
0.003150317493028963,-0.19966996940952184,-0.20082908337705102,1.2417918157980865,-1.4582570050098436,0.4398334914735264,0.0,-1.4004873931646307,-0.331124340588225,-0.4736654667156822,-1.3553732262265352,-0.8646395847076883,-1.1271543790448286,-1.1181946142788823,-1.3276729874466833,-1.3073377601379608,-0.3977295559263999,-0.831525530309778,-0.46512193602322954,0.0,0.0,0.0,0.0,-0.202075134367306,-1.138855839133221,-1.1577178096218301,-0.3779644730092272,0.8044521134924044,-0.30753463803927367,0.30753463803927367,2.4494897427831788,0.8553365005278835,0.21669453555438456,2.2360679774997894,-1.1389071909150976,11,14,0.1
0.001548233398810853,-0.1995543617287244,-0.20036774547514108,0.3460381659308536,-1.2651245935573239,0.4398334914735264,0.0,-1.4004873931646307,-0.331124340588225,-0.4736654667156822,-1.3553732262265352,-0.8646395847076883,-1.1271543790448286,-1.1181946142788823,-1.348708999336006,-1.503375873388703,-0.5387884777568605,-1.6164662978127786,0.1294776252937625,0.0,0.0,0.0,0.0,-0.20251167594663994,-1.0301476497429904,-1.0510162626862511,-0.3779644730092272,-0.7508058875955863,-0.06150692760785473,0.06150692760785473,2.4494897427831788,0.8553365005278835,0.36115755925730747,2.2360679774997894,-1.1389071909150976,11,15,0.1
0.0014251440282558028,-0.1996229904204834,-0.20034504753586263,1.2417918157980865,-1.5259786880386255,0.4398334914735264,0.0,-1.4004873931646307,-0.331124340588225,-0.4736654667156822,-1.3553732262265352,-0.8646395847076883,-1.1271543790448286,-1.1181946142788823,-1.0469190480341979,-1.8331170388771039,-0.696173051656521,-1.403416145893235,1.2784928056594005,0.0,0.0,0.0,0.0,-0.20225252986498304,-1.201811302450726,-1.2195111792079083,-0.3779644730092272,1.8787223024198323,0.18452078282356418,-0.18452078282356418,2.4494897427831788,0.8553365005278835,0.5056205829602304,2.2360679774997894,-1.1389071909150976,11,16,0.1
0.002407175240174042,-0.19977075531059077,-0.19961137659302305,0.79391499086447,-1.3793984193839899,0.4398334914735264,0.0,-1.4004873931646307,-0.331124340588225,-0.4736654667156822,-1.3553732262265352,-0.8646395847076883,-1.1271543790448286,-1.1181946142788823,-1.5384073205874096,-1.873805153598816,-0.7921164433426594,-0.8144201282235312,2.6341455355356493,0.0,0.0,0.0,0.0,-0.20169456072268524,-1.1168013094814477,-1.136070384124444,-0.3779644730092272,0.42811426309446887,0.4305484932549831,-0.4305484932549831,2.4494897427831788,0.8553365005278835,0.6500836066631537,2.2360679774997894,-1.1389071909150976,11,17,0.1
0.003940846079226295,-0.19988594685832117,-0.198129645671581,0.79391499086447,-1.3512270111060916,0.4398334914735264,0.0,-1.4004873931646307,-0.331124340588225,-0.4736654667156822,-1.3553732262265352,-0.8646395847076883,-1.1271543790448286,-1.1181946142788823,-0.545506632947904,-1.8636914781100617,-0.688140189308864,-0.42012216306776445,2.465225223948261,0.0,0.0,0.0,0.0,-0.201259590486925,-1.1094317836990453,-1.1288368922819731,-0.3779644730092272,0.30236089019591994,0.676576203686402,-0.676576203686402,2.4494897427831788,0.8553365005278835,0.7945466303660766,-0.44721359549995787,-1.1389071909150976,11,18,0.1
0.005181812646703135,-0.19979444450324907,-0.19793829479146852,0.79391499086447,-1.3164593001979952,0.4398334914735264,0.0,-1.4004873931646307,-0.331124340588225,-0.4736654667156822,-1.3553732262265352,-0.8646395847076883,-1.1271543790448286,-1.1181946142788823,-0.47421364188462867,-1.8619963442468745,-0.6336124967999427,-1.0057373495671609,2.476744337376633,0.0,0.0,0.0,0.0,-0.2016051089016223,-1.103380775868805,-1.122897579893205,-0.3779644730092272,0.19910666915699293,0.922603914117821,-0.922603914117821,2.4494897427831788,0.8553365005278835,0.9390096540689995,-0.44721359549995787,-1.1389071909150976,11,19,0.1
0.0058673834174780195,-0.19985759927050104,-0.1975590831343791,0.79391499086447,-1.2372604416733863,0.4398334914735264,0.0,-1.4004873931646307,-0.331124340588225,-0.4736654667156822,-1.3553732262265352,-0.8646395847076883,-1.1271543790448286,-1.1181946142788823,-0.6651327480036348,-1.8483828790758057,-0.6762817673578934,-0.8628914023372114,2.659378409433499,0.0,0.0,0.0,0.0,-0.20136663268924207,-1.0414551673380021,-1.0621150550233946,-0.3779644730092272,-0.7508058875955863,1.1686316245492399,-1.1686316245492399,2.4494897427831788,0.8553365005278835,1.0834726777719228,-0.44721359549995787,-1.1389071909150976,11,20,0.1
0.004296378686127445,-0.19984378906051073,-0.19906425152972987,0.3460381659308536,-1.1514592067892402,0.4398334914735264,0.0,-1.4004873931646307,-0.331124340588225,-0.4736654667156822,-1.3553732262265352,-0.8646395847076883,-1.1271543790448286,-1.1181946142788823,-1.004801233939594,-1.8353548160256767,-0.6992303956392705,-1.0625729389224803,2.4874859309413044,0.0,0.0,0.0,0.0,-0.2014187808755781,-1.0294689302594553,-1.0503500716730925,-0.3779644730092272,-0.7508058875955863,1.4146593349806589,-1.4146593349806589,2.4494897427831788,0.8553365005278835,1.2279357014748458,-0.44721359549995787,-1.1389071909150976,11,21,0.1
0.0021773467677451063,-0.199802592214612,-0.20112806691838692,0.3460381659308536,-1.1416347694512667,0.4398334914735264,0.0,-1.4004873931646307,-0.331124340588225,-0.4736654667156822,-1.3553732262265352,-0.8646395847076883,-1.1271543790448286,-1.1181946142788823,-0.5721166615774163,-1.4037288231587437,-0.018310681585229877,-1.3658161637840696,-0.042838750424773316,0.0,0.0,0.0,0.0,-0.20157434265182128,-1.005430121189258,-1.026754994534317,-0.3779644730092272,-0.7508058875955863,1.6606870454120777,-1.6606870454120777,2.4494897427831788,0.8553365005278835,1.3723987251777687,-0.44721359549995787,-1.1389071909150976,11,22,0.1
0.0030942609939192834,-0.20000486561714648,-0.19979034091113365,0.3460381659308536,-1.176350127272815,0.4398334914735264,0.0,-1.4004873931646307,-0.331124340588225,-0.4736654667156822,-1.3553732262265352,-0.8646395847076883,-1.1271543790448286,-1.1181946142788823,-1.1248498328091998,-1.4313311168498373,-0.38310850378880196,-0.6559217478271856,-0.04341620972260072,0.0,0.0,0.0,0.0,-0.20081054607714244,-1.030841601444647,-1.051697404746299,-0.3779644730092272,-0.7508058875955863,1.9067147558434967,-1.9067147558434967,2.4494897427831788,0.8553365005278835,1.516861748880692,-0.44721359549995787,-1.1389071909150976,11,23,0.1
0.004708971664973243,-0.20001476903673943,-0.19890101932056112,0.3460381659308536,-1.1556101262739382,0.4398334914735264,0.0,-1.4004873931646307,-0.331124340588225,-0.4736654667156822,-1.3553732262265352,-0.8646395847076883,-1.1271543790448286,-1.1181946142788823,-1.2882969918220881,-1.3832001299194239,-0.45277645502562525,-0.7504161718563659,-0.09939927384360395,0.0,0.0,0.0,0.0,-0.20077315016711203,-1.0132850036128223,-1.0344648838286994,-0.3779644730092272,-0.7508058875955863,2.1527424662749155,-2.1527424662749155,2.4494897427831788,0.8553365005278835,1.6613247725836149,-0.44721359549995787,-1.1389071909150976,11,24,0.0
0.002004775973618343,-0.20167842159280186,-0.20289249523628836,0.3460381659308536,-1.3579062384568652,0.9122357483337862,1.118033988749895,-0.4850584519619434,-0.331124340588225,-1.4209964001470081,-1.6844233736341274,0.20327641865378138,-1.1271543790448286,0.20847696198419854,0.1655357526256644,-1.4329982935650671,2.4119963984560537,2.67623560791529,0.03898238053407303,0.0,0.0,0.0,0.0,-0.2023679680345807,-0.9965946179937862,-1.018082585728695,-0.3779644730092272,-0.7508058875955863,-0.7995900589021115,0.7995900589021115,-0.408248290463863,-0.7250102411641544,-1.661324772583615,-0.44721359549995787,-1.1389071909150976,12,1,0.1
-0.0063859780196713605,-0.20154524442565633,-0.1999404457915418,0.3460381659308536,-1.32226792782774,0.9122357483337862,1.118033988749895,-0.4850584519619434,-0.331124340588225,-1.4209964001470081,-1.6844233736341274,0.20327641865378138,-1.1271543790448286,0.20847696198419854,-1.0970216339262875,-1.3818563065910345,2.4119963984560537,1.1359046581456231,-0.05008217567370245,0.0,0.0,0.0,0.0,-0.20287085305464087,-0.988902115954351,-1.0105320794419386,-0.3779644730092272,-0.7508058875955863,-0.7995900589021115,0.7995900589021115,-0.408248290463863,-0.7250102411641544,-1.5168617488806921,-0.44721359549995787,-1.1389071909150976,12,2,0.1
-0.004282485099022247,-0.20147884009644806,-0.19921355266233406,0.3460381659308536,-1.3676666593477644,0.9122357483337862,1.118033988749895,-0.4850584519619434,-0.331124340588225,-1.4209964001470081,-1.6844233736341274,0.20327641865378138,-1.1271543790448286,0.20847696198419854,-1.316488413783358,-1.5120506217738114,2.4119963984560537,0.3359932177912627,0.2244185043882538,0.0,0.0,0.0,0.0,-0.20312159980907127,-1.0032885366395414,-1.0246529414541412,-0.3779644730092272,-0.7508058875955863,-0.7995900589021115,0.7995900589021115,-0.408248290463863,-0.7250102411641544,-1.3723987251777692,-0.44721359549995787,-1.1389071909150976,12,3,0.1
-0.003550580642986965,-0.2014066429110997,-0.19845555978683665,0.79391499086447,-1.4449717622205087,0.9122357483337862,1.118033988749895,-0.4850584519619434,-0.331124340588225,-1.4209964001470081,-1.6844233736341274,0.20327641865378138,-1.1271543790448286,0.20847696198419854,-0.5800717363615328,-1.47272745500832,-0.9292372397735899,-0.49415097448210005,-0.03228983462600231,0.0,0.0,0.0,0.0,-0.2033942207378716,-1.064045186771555,-1.0842880857065962,-0.3779644730092272,-0.08726225261455112,-0.7995900589021115,0.7995900589021115,-0.408248290463863,-0.7250102411641544,-1.2279357014748462,-0.44721359549995787,-1.1389071909150976,12,4,0.1
-0.002188083297809333,-0.201414979237569,-0.19845228686953573,0.3460381659308536,-1.3894255590054019,0.9122357483337862,1.118033988749895,-0.4850584519619434,-0.331124340588225,-1.4209964001470081,-1.6844233736341274,0.20327641865378138,-1.1271543790448286,0.20847696198419854,0.1457006156070674,-1.4270413184909319,-0.8776692224406255,-0.49774629672082704,-0.03468231912110446,0.0,0.0,0.0,0.0,-0.20336274226604648,-1.0231048373124887,-1.0441034533999691,-0.3779644730092272,-0.7508058875955863,-0.7995900589021115,0.7995900589021115,-0.408248290463863,-0.7250102411641544,-1.0834726777719228,-0.44721359549995787,-1.1389071909150976,12,5,0.1
-0.0009157202477779318,-0.20144654347517407,-0.19872634948883,0.3460381659308536,-1.3159243309625703,0.9122357483337862,1.118033988749895,-0.4850584519619434,-0.331124340588225,-1.4209964001470081,-1.6844233736341274,0.20327641865378138,-1.1271543790448286,0.20847696198419854,0.18094641304327103,-1.4129319437722367,-0.7607781246727084,-0.2750200519434142,0.0765094959377815,0.0,0.0,0.0,0.0,-0.20324355380002454,-0.9602999894320128,-0.9824579190433578,-0.3779644730092272,-0.7508058875955863,-0.7995900589021115,0.7995900589021115,-0.408248290463863,-0.7250102411641544,-0.9390096540689999,-0.44721359549995787,-1.1389071909150976,12,6,0.1
0.001300502759661488,-0.20148470807913818,-0.20081003567783584,0.3460381659308536,-1.2972194910758603,0.9122357483337862,1.118033988749895,-0.4850584519619434,-0.331124340588225,-1.4209964001470081,-1.6844233736341274,0.20327641865378138,-1.1271543790448286,0.20847696198419854,-0.633787864647398,-1.4315899156882994,0.797323278497636,0.00345834243329392,0.1188541444521875,0.0,0.0,0.0,0.0,-0.2030994419523149,-0.9604786366871724,-0.9826332686521427,-0.3779644730092272,-0.7508058875955863,-0.7995900589021115,0.7995900589021115,-0.408248290463863,-0.7250102411641544,-0.7945466303660769,-0.44721359549995787,-1.1389071909150976,12,7,0.1
0.002079859318858899,-0.201434030152957,-0.20158560901856037,0.79391499086447,-1.3637503879435102,0.9122357483337862,1.118033988749895,-0.4850584519619434,-0.331124340588225,-1.4209964001470081,-1.6844233736341274,0.20327641865378138,-1.1271543790448286,0.20847696198419854,0.09131057401764554,-1.362492388979183,-0.48105767390705256,-0.5639352056755378,-0.1837101757322823,0.0,0.0,0.0,0.0,-0.20329080485986487,-1.0360999730194578,-1.0568587121375965,-0.3779644730092272,-0.5434635711055387,-0.7995900589021115,0.7995900589021115,-0.408248290463863,-0.7250102411641544,-0.6500836066631539,-0.44721359549995787,-1.1389071909150976,12,8,0.1
0.002512707191397545,-0.20144401225810088,-0.20177412405565795,0.79391499086447,-1.4251332950431657,0.9122357483337862,1.118033988749895,-0.4850584519619434,-0.331124340588225,-1.4209964001470081,-1.6844233736341274,0.20327641865378138,-1.1271543790448286,0.20847696198419854,0.038863377845136333,-1.3652790338944094,-0.531103404704946,-0.5509196272057671,-0.2567794946811862,0.0,0.0,0.0,0.0,-0.2032531118284458,-1.0736182277560864,-1.0936844181048893,-0.3779644730092272,0.0690161697962887,-0.7995900589021115,0.7995900589021115,-0.408248290463863,-0.7250102411641544,-0.5056205829602308,-0.44721359549995787,-1.1389071909150976,12,9,0.1
0.002732247030858452,-0.20150745796318292,-0.20150613359067873,0.3460381659308536,-1.3300127256493524,0.9122357483337862,1.118033988749895,-0.4850584519619434,-0.331124340588225,-1.4209964001470081,-1.6844233736341274,0.20327641865378138,-1.1271543790448286,0.20847696198419854,-0.317465467578089,-1.4120844938138835,-0.5497112417757652,-0.05083840595368826,-0.30354182490453663,0.0,0.0,0.0,0.0,-0.20301353701726174,-1.1301110235716243,-1.0375771247481675,2.6457513110645903,0.9912523768589837,-0.7995900589021115,0.7995900589021115,-0.408248290463863,-0.7250102411641544,-0.3611575592573077,-0.44721359549995787,-1.1389071909150976,12,10,0.1
0.002107965307047252,-0.20144236179564387,-0.20170777552138017,0.79391499086447,-1.4090885658549752,0.9122357483337862,1.118033988749895,-0.4850584519619434,-0.331124340588225,-1.4209964001470081,-1.6844233736341274,0.20327641865378138,-1.1271543790448286,0.20847696198419854,-1.3494959826015624,-1.4413293906698639,-0.062149784729527334,-0.7201056441159736,-0.3698784792733792,0.0,0.0,0.0,0.0,-0.2032593440742848,-1.1797082071904212,-1.09842921240433,2.6457513110645903,1.8009187748709354,-0.7995900589021115,0.7995900589021115,-0.408248290463863,-0.7250102411641544,-0.21669453555438475,-0.44721359549995787,-1.1389071909150976,12,11,0.1
0.0021107618251294626,-0.20147879532672647,-0.2017066216503764,0.79391499086447,-1.3829895962736705,0.9122357483337862,1.118033988749895,-0.4850584519619434,-0.331124340588225,-1.4209964001470081,-1.6844233736341274,0.20327641865378138,-1.1271543790448286,0.20847696198419854,-1.26558172345138,-1.5554561528463695,-0.4350808101752888,-0.4715429098913964,-0.10978240795663965,0.0,0.0,0.0,0.0,-0.20312176886224179,-1.166921440986532,-1.082740793000148,2.6457513110645903,1.5921767822994055,-0.7995900589021115,0.7995900589021115,-0.408248290463863,-0.7250102411641544,-0.07223151185146165,-0.44721359549995787,-1.1389071909150976,12,12,0.1
0.0022868191105113772,-0.20145751545885573,-0.20176950695023996,-0.5497154839363793,-0.936451042541966,0.9122357483337862,1.118033988749895,-0.4850584519619434,-0.331124340588225,-1.4209964001470081,-1.6844233736341274,0.20327641865378138,-1.1271543790448286,0.20847696198419854,-0.05304266565980673,-1.5197223265321487,-0.7096902863228969,-0.7327727797831637,0.7997749545749449,0.0,0.0,0.0,0.0,-0.20320212292751005,-0.7977344815662977,-0.8228932048765818,-0.3779644730092272,-0.7508058875955863,-0.5535623484706925,0.5535623484706925,-0.408248290463863,-0.7250102411641544,0.07223151185146126,-0.44721359549995787,-1.1389071909150976,12,13,0.1
0.002619918677532192,-0.20153503541773346,-0.20138203888386963,-1.445469133803612,-0.5394561624716079,0.9122357483337862,1.118033988749895,-0.4850584519619434,3.020013564160076,-1.4209964001470081,-1.6844233736341274,0.20327641865378138,0.02073389009175051,0.20847696198419854,2.1477136818989395,-1.4769605137924813,-0.7334264737799543,-0.13926975291694427,1.157110374220265,0.0,0.0,0.0,0.0,-0.20290940288464643,-0.5891008487618935,-0.6181107364361671,-0.3779644730092272,-0.7508058875955863,-0.30753463803927367,0.30753463803927367,-0.408248290463863,-0.7250102411641544,0.21669453555438456,2.2360679774997894,-0.037373465677697615,12,14,0.1
0.001962701075250098,-0.20145143510489222,-0.20143183576345514,-1.445469133803612,-0.5851430545574345,0.9122357483337862,1.118033988749895,-0.4850584519619434,3.020013564160076,-1.4209964001470081,-1.6844233736341274,0.20327641865378138,-0.07693404860314652,0.20847696198419854,2.7126151673500485,-1.3809993194777364,-0.4657483883012469,-0.9240258559551497,0.7135101916071765,0.0,0.0,0.0,0.0,-0.20322508271101095,-0.6282522006888245,-0.6565393942829717,-0.3779644730092272,-0.7508058875955863,-0.06150692760785473,0.06150692760785473,-0.408248290463863,-0.7250102411641544,0.36115755925730747,2.2360679774997894,-0.037373465677697615,12,15,0.1
0.0026756317002247024,-0.20151780819898274,-0.20135714006178018,-0.9975923088699957,-0.5727196117542311,0.9122357483337862,1.118033988749895,-0.4850584519619434,-0.331124340588225,-1.4209964001470081,-1.6844233736341274,0.20327641865378138,-0.44849877892242623,0.20847696198419854,1.8875189817014637,-1.1097535179122326,-0.1787086625041744,-0.4377692129477271,0.06904578254490337,0.0,0.0,0.0,0.0,-0.2029744539022701,-0.6630065480878006,-0.6906522118269691,-0.3779644730092272,-0.7508058875955863,0.18452078282356418,-0.18452078282356418,-0.408248290463863,-0.7250102411641544,0.5056205829602304,2.2360679774997894,-0.5881403282963976,12,16,0.1
0.0023737772151740592,-0.2015003369881886,-0.20154098664905898,-1.445469133803612,-0.5639867692212638,0.9122357483337862,1.118033988749895,-0.4850584519619434,3.020013564160076,-1.4209964001470081,-1.6844233736341274,0.20327641865378138,-0.14060262626183548,0.20847696198419854,1.778051844946895,-1.1908564598802156,-0.49901076107889125,-0.6532681634543112,0.21664603117997594,0.0,0.0,0.0,0.0,-0.2030404262485738,-0.653774505386883,-0.6815905832312882,-0.3779644730092272,-0.7508058875955863,0.4305484932549831,-0.4305484932549831,-0.408248290463863,-0.7250102411641544,0.6500836066631537,2.2360679774997894,-0.037373465677697615,12,17,0.1
0.003042489367716871,-0.2015803532446698,-0.20092114212680423,-0.9975923088699957,-0.6423266557254595,0.9122357483337862,1.118033988749895,-0.4850584519619434,-0.331124340588225,-1.4209964001470081,-1.6844233736341274,0.20327641865378138,-1.1271543790448286,0.20847696198419854,1.0427459543270965,-1.0829086929473022,-0.46587075928109983,-0.07423001720601971,-0.04439900270365628,0.0,0.0,0.0,0.0,-0.202738280035314,-0.7140633621547648,-0.7407665691086565,-0.3779644730092272,-0.7508058875955863,0.676576203686402,-0.676576203686402,-0.408248290463863,-0.7250102411641544,0.7945466303660766,-0.44721359549995787,-1.1389071909150976,12,18,0.1
0.0028630726784199616,-0.2015565383428359,-0.2010629004344844,-0.9975923088699957,-0.5418657496339441,0.9122357483337862,1.118033988749895,-0.4850584519619434,-0.331124340588225,-1.4209964001470081,-1.6844233736341274,0.20327641865378138,-0.760587251918227,0.20847696198419854,0.652365709619395,-1.194618394340741,-0.5498769793070108,-0.33938074571153826,0.17510567364239496,0.0,0.0,0.0,0.0,-0.20282820654181039,-0.6830232467946575,-0.7102994226631107,-0.3779644730092272,-0.7508058875955863,0.922603914117821,-0.922603914117821,-0.408248290463863,-0.7250102411641544,0.9390096540689995,-0.44721359549995787,-0.5881403282963976,12,19,0.1
0.002761474606480805,-0.20149626545651683,-0.2010305400178796,-0.9975923088699957,-0.6425917257769987,0.9122357483337862,1.118033988749895,-0.4850584519619434,-0.331124340588225,-1.4209964001470081,-1.6844233736341274,0.20327641865378138,-1.1271543790448286,0.20847696198419854,0.46701883927460625,-1.16352561391956,-0.39746806288142833,-0.8840078317450828,0.08379843313524256,0.0,0.0,0.0,0.0,-0.20305580059787343,-0.7070786904829568,-0.7339108273618803,-0.3779644730092272,-0.7508058875955863,1.1686316245492399,-1.1686316245492399,-0.408248290463863,-0.7250102411641544,1.0834726777719228,-0.44721359549995787,-1.1389071909150976,12,20,0.1
0.0021190200931064007,-0.20153770699311035,-0.20155610778824543,-0.9975923088699957,-0.613723330142744,0.9122357483337862,1.118033988749895,-0.4850584519619434,-0.331124340588225,-1.4209964001470081,-1.6844233736341274,0.20327641865378138,-1.1271543790448286,0.20847696198419854,1.0363133920997987,-1.3396303920517845,-0.5345136054242644,-0.6246799482690469,0.3591579211308532,0.0,0.0,0.0,0.0,-0.2028993148548003,-0.7456394517680753,-0.7717597962685919,-0.3779644730092272,-0.7508058875955863,1.4146593349806589,-1.4146593349806589,-0.408248290463863,-0.7250102411641544,1.2279357014748458,-0.44721359549995787,-1.1389071909150976,12,21,0.1
0.00276349482350559,-0.2016222754583297,-0.20093601840879155,-0.9975923088699957,-0.664082905535809,0.9122357483337862,1.118033988749895,-0.4850584519619434,-0.331124340588225,-1.4209964001470081,-1.6844233736341274,0.20327641865378138,-1.1271543790448286,0.20847696198419854,1.5555340197257423,-1.3190459623812092,-0.4984256604926193,-0.04214051629049914,0.31273826238485164,0.0,0.0,0.0,0.0,-0.2025799792266305,-0.7448878761422565,-0.7710220939633307,-0.3779644730092272,-0.7508058875955863,1.6606870454120777,-1.6606870454120777,-0.408248290463863,-0.7250102411641544,1.3723987251777687,-0.44721359549995787,-1.1389071909150976,12,22,0.1
0.0026840731499000047,-0.2016080948026945,-0.2010035150049022,-0.5497154839363793,-0.6767480182884725,0.9122357483337862,1.118033988749895,-0.4850584519619434,-0.331124340588225,-1.4209964001470081,-1.6844233736341274,0.20327641865378138,-1.1271543790448286,0.20847696198419854,1.3200279167223194,-1.221751980040907,-0.4325302284948176,-0.22094332655634333,0.09065901245286223,0.0,0.0,0.0,0.0,-0.20263352623807704,-0.7614170927637205,-0.7872461980813042,-0.3779644730092272,-0.7508058875955863,1.9067147558434967,-1.9067147558434967,-0.408248290463863,-0.7250102411641544,1.516861748880692,-0.44721359549995787,-1.1389071909150976,12,23,0.1
0.00341702582676391,-0.20162943261270017,-0.20073397105108995,-0.9975923088699957,-0.5261991988679171,0.9122357483337862,1.118033988749895,-0.4850584519619434,-0.331124340588225,-1.4209964001470081,-1.6844233736341274,0.20327641865378138,-0.5580033166102276,0.20847696198419854,1.596290880825315,-1.215158966561442,-0.47682236015531015,-0.13026946109814264,0.23429243529272262,0.0,0.0,0.0,0.0,-0.20255295337981064,-0.6700299389772162,-0.6975459580740322,-0.3779644730092272,-0.7508058875955863,2.1527424662749155,-2.1527424662749155,-0.408248290463863,-0.7250102411641544,1.6613247725836149,-0.44721359549995787,-0.5881403282963976,12,24,0.0
0.002004775973618343,-0.2036411714229681,-0.20289249523628836,-0.9975923088699957,0.14896565448356167,0.6374321243939683,-1.118033988749895,1.373539701388967,-0.331124340588225,-5.258743071175584e-16,1.0028194968612474,1.6758602080986122,0.9340420560249083,-0.45485882614734185,-0.13756854918793218,0.9175415256508199,2.4119963984560537,2.6601509695371974,0.48754343760911695,0.0,0.0,0.0,0.0,-0.19270597185252888,2.2332585066496553,2.1521507399046413,-0.3779644730092272,0.7840526372081756,-0.7995900589021115,0.7995900589021115,-0.408248290463863,-0.7250102411641544,-1.661324772583615,-0.44721359549995787,0.5133933969410024,13,1,0.1
-0.06734838477568947,-0.2025404053310808,-0.17849254740738732,-0.5497154839363793,0.5119544549477215,0.6374321243939683,-1.118033988749895,1.373539701388967,-0.331124340588225,-5.258743071175584e-16,1.0028194968612474,1.6758602080986122,1.058762483368768,-0.45485882614734185,-0.24366179838787183,0.6457478888174493,2.4119963984560537,0.10973226935983404,0.9126245272982708,0.0,0.0,0.0,0.0,-0.19686253104405596,2.6994632898154616,2.609749857612219,-0.3779644730092272,-0.14748222603890002,-0.7995900589021115,0.7995900589021115,-0.408248290463863,-0.7250102411641544,-1.5168617488806921,-0.44721359549995787,1.0641602595597024,13,2,0.1
-0.031135522814074213,-0.20258917273144864,-0.18038028037709034,-0.10183865900276282,0.5734452366467887,0.6374321243939683,-1.118033988749895,1.373539701388967,-0.331124340588225,-5.258743071175584e-16,1.0028194968612474,1.6758602080986122,1.058762483368768,-0.45485882614734185,0.3401421151336,1.4563245757957528,2.4119963984560537,0.38646907439223943,0.48513238682750387,0.0,0.0,0.0,0.0,-0.19667838239727287,2.922931637268733,2.8290932069785404,-0.3779644730092272,-0.5939996449966061,-0.7995900589021115,0.7995900589021115,-0.408248290463863,-0.7250102411641544,-1.3723987251777692,-0.44721359549995787,1.0641602595597024,13,3,0.1
-0.0188875599652637,-0.20251957907517326,-0.18191041320916226,-0.9975923088699957,0.24622297162627446,0.6374321243939683,-1.118033988749895,1.373539701388967,-0.331124340588225,-5.258743071175584e-16,1.0028194968612474,1.6758602080986122,1.058762483368768,-0.45485882614734185,0.05690956481964891,1.1468588542807103,-0.9565115151512315,0.3648086669708991,0.4041727573271431,0.0,0.0,0.0,0.0,-0.19694117224317692,2.3391859348587487,2.2561228556782256,-0.3779644730092272,0.5723965240280192,-0.7995900589021115,0.7995900589021115,-0.408248290463863,-0.7250102411641544,-1.2279357014748462,-0.44721359549995787,1.0641602595597024,13,4,0.1
-0.015836894309274516,-0.2022356789557153,-0.18143285384489788,-0.10183865900276282,0.7090358232330835,0.6374321243939683,-1.118033988749895,1.373539701388967,-0.331124340588225,-5.258743071175584e-16,1.0028194968612474,1.6758602080986122,1.058762483368768,-0.45485882614734185,0.07036768647018707,0.6359078619202956,-0.9531504633883777,-0.24244123901854503,1.132018453722325,0.0,0.0,0.0,0.0,-0.19801319622693297,3.1039716788849243,3.0067914338194455,-0.3779644730092272,-0.7508058875955863,-0.7995900589021115,0.7995900589021115,-0.408248290463863,-0.7250102411641544,-1.0834726777719228,-0.44721359549995787,1.0641602595597024,13,5,0.1
-0.014976679400345983,-0.20195123083170613,-0.17967742795416045,-0.9975923088699957,0.2377988693129674,0.6374321243939683,-1.118033988749895,1.373539701388967,-0.331124340588225,-5.258743071175584e-16,1.0028194968612474,1.6758602080986122,1.058762483368768,-0.45485882614734185,1.3357100399010298,1.3793743421440887,-0.7953752565239783,-0.886949926203865,0.32140451614965043,0.0,0.0,0.0,0.0,-0.19908728950894516,2.4229597469342545,2.338350288508142,-0.3779644730092272,0.40500607804092104,-0.7995900589021115,0.7995900589021115,-0.408248290463863,-0.7250102411641544,-0.9390096540689999,-0.44721359549995787,1.0641602595597024,13,6,0.1
-0.005341934943092762,-0.20216370692009863,-0.19253767917039272,-0.5497154839363793,0.4997813840658257,0.6374321243939683,-1.118033988749895,1.373539701388967,-0.331124340588225,-5.258743071175584e-16,1.0028194968612474,1.6758602080986122,1.058762483368768,-0.45485882614734185,0.2852415424086791,0.881407415865844,0.6591288698138527,-0.13343178631757796,0.7618529670680413,0.0,0.0,0.0,0.0,-0.19828496697675907,2.760204965490061,2.6693703038204917,-0.3779644730092272,-0.26885161259624935,-0.7995900589021115,0.7995900589021115,-0.408248290463863,-0.7250102411641544,-0.7945466303660769,-0.44721359549995787,1.0641602595597024,13,7,0.1
-0.004689555751273433,-0.20211582353323687,-0.19295158243152125,-0.10183865900276282,0.836246341985402,0.6374321243939683,-1.118033988749895,1.373539701388967,-0.331124340588225,-5.258743071175584e-16,1.0028194968612474,1.6758602080986122,1.058762483368768,-0.45485882614734185,-0.6484424507855259,0.6190837168907302,-0.7465737839266454,-0.10929924156052752,1.1188235482749156,0.0,0.0,0.0,0.0,-0.1984657775351953,3.0493708993784248,2.953198529090636,-0.3779644730092272,-0.7508058875955863,-0.7995900589021115,0.7995900589021115,-0.408248290463863,-0.7250102411641544,-0.6500836066631539,-0.44721359549995787,1.0641602595597024,13,8,0.1
-0.002615635423230579,-0.20203565431609122,-0.19489207239257297,-0.10183865900276282,0.915669414491915,0.6374321243939683,-1.118033988749895,1.373539701388967,-0.331124340588225,-5.258743071175584e-16,1.0028194968612474,1.6758602080986122,1.058762483368768,-0.45485882614734185,0.8246246272646363,0.9216207468306953,-0.7524376687085048,-0.18300312438564934,0.9385711413114347,0.0,0.0,0.0,0.0,-0.19876850133715473,3.1946492703705194,3.095795209323179,-0.3779644730092272,-0.7508058875955863,-0.7995900589021115,0.7995900589021115,-0.408248290463863,-0.7250102411641544,-0.5056205829602308,-0.44721359549995787,1.0641602595597024,13,9,0.1
0.000167147027440801,-0.20199043496546173,-0.1984937250756285,0.3460381659308536,0.9970148567577108,0.6374321243939683,-1.118033988749895,1.373539701388967,-0.331124340588225,-5.258743071175584e-16,1.0028194968612474,1.6758602080986122,1.058762483368768,-0.45485882614734185,0.37256348879736434,0.7715730377461258,-0.7111562804726516,-0.15043938862647327,0.615468667602029,0.0,0.0,0.0,0.0,-0.1989392523340097,2.302218704995694,3.1736383973459557,2.6457513110645903,0.6462616250706571,-0.7995900589021115,0.7995900589021115,-0.408248290463863,-0.7250102411641544,-0.3611575592573077,-0.44721359549995787,1.0641602595597024,13,10,0.1
0.0012779677822617633,-0.20199047708434797,-0.19956253830981074,0.3460381659308536,1.1426378615125246,0.6374321243939683,-1.118033988749895,1.373539701388967,-0.331124340588225,-5.258743071175584e-16,1.0028194968612474,1.6758602080986122,1.058762483368768,-0.45485882614734185,-0.29210425654505,1.4685669863035657,-0.03600512738878739,0.03331918821537909,0.26909196560773097,0.0,0.0,0.0,0.0,-0.1989390932905535,2.3961395711849818,3.288872375670629,2.6457513110645903,0.4585961089694021,-0.7995900589021115,0.7995900589021115,-0.408248290463863,-0.7250102411641544,-0.21669453555438475,-0.44721359549995787,1.0641602595597024,13,11,0.1
-0.0005625207265719187,-0.20196272361224415,-0.1996602966305997,0.79391499086447,1.2857466164270164,0.6374321243939683,-1.118033988749895,1.373539701388967,-0.331124340588225,-5.258743071175584e-16,1.0028194968612474,1.6758602080986122,1.058762483368768,-0.45485882614734185,0.0658135446232088,1.4853966808137165,-0.49720250977072716,0.13546520284613542,0.3269453291405233,0.0,0.0,0.0,0.0,-0.19904389207607226,2.5612329000507965,3.4914297183779412,2.6457513110645903,0.128719202765878,-0.7995900589021115,0.7995900589021115,-0.408248290463863,-0.7250102411641544,-0.07223151185146165,-0.44721359549995787,1.0641602595597024,13,12,0.1
-0.001612229952846353,-0.20175771236141982,-0.1980580222777364,0.79391499086447,1.4122564622907012,0.6374321243939683,-1.118033988749895,1.373539701388967,-0.331124340588225,-5.258743071175584e-16,1.0028194968612474,1.6758602080986122,1.058762483368768,-0.45485882614734185,-1.0130483687261378,1.0534507994626048,-0.7134280215154225,-0.3813622211681478,1.0506916051036077,0.0,0.0,0.0,0.0,-0.1998180269311161,3.655710251349302,3.548345474193039,-0.3779644730092272,-0.7508058875955863,-0.5535623484706925,0.5535623484706925,-0.408248290463863,-0.7250102411641544,0.07223151185146126,-0.44721359549995787,1.0641602595597024,13,13,0.1
-0.0016639345698794142,-0.20177323285078694,-0.19800277722122503,0.3460381659308536,1.4713761762070332,0.6374321243939683,-1.118033988749895,1.373539701388967,-0.331124340588225,-5.258743071175584e-16,1.0028194968612474,1.6758602080986122,1.058762483368768,-0.45485882614734185,0.05450664888895771,0.9210093731155738,-0.7202571612131049,-0.12846790085827153,1.1047094219334672,0.0,0.0,0.0,0.0,-0.19975942062664195,3.5457824724007345,3.440446850080195,-0.3779644730092272,-0.7508058875955863,-0.30753463803927367,0.30753463803927367,-0.408248290463863,-0.7250102411641544,0.21669453555438456,2.2360679774997894,1.0641602595597024,13,14,0.1
-0.002311661476328381,-0.20168221345904958,-0.1973380016439058,0.3460381659308536,1.3994286566213288,0.6374321243939683,-1.118033988749895,1.373539701388967,-0.331124340588225,-5.258743071175584e-16,1.0028194968612474,1.6758602080986122,1.058762483368768,-0.45485882614734185,0.6522459129893707,0.7419388274369461,-0.5515832994665386,-0.26204686641600144,1.1792999828258386,0.0,0.0,0.0,0.0,-0.20010311534264155,3.3839581267123537,3.2816096169918474,-0.3779644730092272,-0.7508058875955863,-0.06150692760785473,0.06150692760785473,-0.408248290463863,-0.7250102411641544,0.36115755925730747,2.2360679774997894,1.0641602595597024,13,15,0.1
-0.0016825256644372088,-0.20174600782492347,-0.19777501122390978,1.689668640731703,2.329327595213565,0.6374321243939683,-1.118033988749895,1.373539701388967,-0.331124340588225,-5.258743071175584e-16,1.0028194968612474,1.6758602080986122,1.058762483368768,-0.45485882614734185,-0.9942071366376313,1.307185650483541,-0.5280925018067504,0.20885227120585836,1.17911409910595,0.0,0.0,0.0,0.0,-0.19986222396726658,4.393342030658268,4.272361322148866,-0.3779644730092272,-0.7508058875955863,0.18452078282356418,-0.18452078282356418,-0.408248290463863,-0.7250102411641544,0.5056205829602304,2.2360679774997894,1.0641602595597024,13,16,0.1
-0.0025785075493124513,-0.20147873244563821,-0.19656048156275518,0.79391499086447,1.7266091139910333,0.6374321243939683,-1.118033988749895,1.373539701388967,-0.331124340588225,-5.258743071175584e-16,1.0028194968612474,1.6758602080986122,1.058762483368768,-0.45485882614734185,0.516350665139978,1.3830815616401275,-0.5240219928642457,-0.6530226426653611,0.8091748834041049,0.0,0.0,0.0,0.0,-0.20087147192886795,3.6224727371192436,3.5157214906225867,-0.3779644730092272,-0.7508058875955863,0.4305484932549831,-0.4305484932549831,-0.408248290463863,-0.7250102411641544,0.6500836066631537,2.2360679774997894,1.0641602595597024,13,17,0.1
-0.0010511871081920804,-0.20158212625320346,-0.19815277165323228,1.2417918157980865,2.1398981494695213,0.6374321243939683,-1.118033988749895,1.373539701388967,-0.331124340588225,-5.258743071175584e-16,1.0028194968612474,1.6758602080986122,1.058762483368768,-0.45485882614734185,-1.0498610571684142,1.8934680923690743,-0.564648434982187,0.014694243678917147,0.6914163809702892,0.0,0.0,0.0,0.0,-0.20048105067193633,4.067471881086682,3.9525064036330253,-0.3779644730092272,-0.7508058875955863,0.676576203686402,-0.676576203686402,-0.408248290463863,-0.7250102411641544,0.7945466303660766,-0.44721359549995787,1.0641602595597024,13,18,0.1
-0.002787361220970019,-0.20135431815833388,-0.1962814824158728,1.2417918157980865,2.4241746506872834,0.6374321243939683,-1.118033988749895,1.373539701388967,-0.331124340588225,-5.258743071175584e-16,1.0028194968612474,1.6758602080986122,1.058762483368768,-0.45485882614734185,-0.4733129988111503,1.2989404719905577,-0.6468266382369375,-0.7591498271511081,1.1357716940275457,0.0,0.0,0.0,0.0,-0.20134126778582923,4.27502350275113,4.156226833757078,-0.3779644730092272,-0.7508058875955863,0.922603914117821,-0.922603914117821,-0.408248290463863,-0.7250102411641544,0.9390096540689995,-0.44721359549995787,1.0641602595597024,13,19,0.1
-0.0033925823291678326,-0.2012968843641043,-0.19565033386445144,0.3460381659308536,1.5110056012609796,0.6374321243939683,-1.118033988749895,1.373539701388967,-0.331124340588225,-5.258743071175584e-16,1.0028194968612474,1.6758602080986122,1.058762483368768,-0.45485882614734185,0.7433390547982248,1.3109222590738994,-0.5255916550283156,-0.7973957567209706,0.7157824573003514,0.0,0.0,0.0,0.0,-0.20155814125883012,3.2886687107508346,3.1880791465947778,-0.3779644730092272,-0.7508058875955863,1.1686316245492399,-1.1686316245492399,-0.408248290463863,-0.7250102411641544,1.0834726777719228,-0.44721359549995787,1.0641602595597024,13,20,0.1
-0.0031526547900746892,-0.2013276708925472,-0.19583069130532937,1.2417918157980865,2.2891090311921927,0.6374321243939683,-1.118033988749895,1.373539701388967,-0.331124340588225,-5.258743071175584e-16,1.0028194968612474,1.6758602080986122,1.058762483368768,-0.45485882614734185,-1.3430366607494024,1.6455924789201501,-0.540983365332062,-0.3965467355378532,0.7812586564837126,0.0,0.0,0.0,0.0,-0.20144188946953756,3.948242689504077,3.83547806148969,-0.3779644730092272,-0.7508058875955863,1.4146593349806589,-1.4146593349806589,-0.408248290463863,-0.7250102411641544,1.2279357014748458,-0.44721359549995787,1.0641602595597024,13,21,0.1
-0.0011634691758297244,-0.2012908900383573,-0.1981582762498699,1.689668640731703,2.5990595646178587,0.6374321243939683,-1.118033988749895,1.373539701388967,-0.331124340588225,-5.258743071175584e-16,1.0028194968612474,1.6758602080986122,1.058762483368768,-0.45485882614734185,-1.8577569050349958,1.5435127693805393,-0.6078908596411927,-0.3093969934151184,1.067395074285802,0.0,0.0,0.0,0.0,-0.2015807761945939,4.528941961252293,4.405458216135403,-0.3779644730092272,-0.7508058875955863,1.6606870454120777,-1.6606870454120777,-0.408248290463863,-0.7250102411641544,1.3723987251777687,-0.44721359549995787,1.0641602595597024,13,22,0.1
-0.002171217635538032,-0.20115005929214108,-0.19719530073878452,1.2417918157980865,2.3963266128361913,0.6374321243939683,-1.118033988749895,1.373539701388967,-0.331124340588225,-5.258743071175584e-16,1.0028194968612474,1.6758602080986122,1.058762483368768,-0.45485882614734185,-0.1942068077010915,1.551354981322737,-0.5950783956300173,-0.7961113391595142,0.9354916842563173,0.0,0.0,0.0,0.0,-0.2021125615910999,4.203234261172863,4.085762748459551,-0.3779644730092272,-0.7508058875955863,1.9067147558434967,-1.9067147558434967,-0.408248290463863,-0.7250102411641544,1.516861748880692,-0.44721359549995787,1.0641602595597024,13,23,0.1
-0.0005934374879335375,-0.20116109937188514,-0.19938370856248794,1.2417918157980865,2.171275703075282,0.6374321243939683,-1.118033988749895,1.373539701388967,-0.331124340588225,-5.258743071175584e-16,1.0028194968612474,1.6758602080986122,1.058762483368768,-0.45485882614734185,-0.4204482329387933,1.2720517688953388,-0.591717691045238,-0.4378040982506193,1.0321340825922847,0.0,0.0,0.0,0.0,-0.20207087358374426,3.982122848240432,3.868732827003398,-0.3779644730092272,-0.7508058875955863,2.1527424662749155,-2.1527424662749155,-0.408248290463863,-0.7250102411641544,1.6613247725836149,-0.44721359549995787,1.0641602595597024,13,24,0.0
0.002004775973618343,-0.2033069909308686,-0.20289249523628836,-0.5497154839363793,-0.31607037528268506,0.7484199385384238,0.0,0.45811076018627983,-0.331124340588225,-0.47366546671567117,0.5640859669844501,-1.0538392726229702,1.058762483368768,1.5351485382472794,-0.2067836511681561,1.6328989872142559,2.4119963984560537,4.154637637595989,-0.15086995797021654,0.0,0.0,0.0,0.0,-0.20505173936025523,1.4784998346550013,1.4113241442580173,-0.3779644730092272,-0.7508058875955863,-0.7995900589021115,0.7995900589021115,-0.408248290463863,-0.7250102411641544,-1.661324772583615,-0.44721359549995787,1.0641602595597024,14,1,0.1
0.0010719320791147085,-0.20329218493043547,-0.20256430049919955,-0.5497154839363793,-0.3011454301544289,0.7484199385384238,0.0,0.45811076018627983,-0.331124340588225,-0.47366546671567117,0.5640859669844501,-1.0538392726229702,1.058762483368768,1.5351485382472794,0.4158326390354241,0.9343901864535384,2.4119963984560537,1.7459973963636173,0.0937419602877711,0.0,0.0,0.0,0.0,-0.20510764771139695,1.416603295402358,1.350570152077098,-0.3779644730092272,-0.7508058875955863,-0.7995900589021115,0.7995900589021115,-0.408248290463863,-0.7250102411641544,-1.5168617488806921,-0.44721359549995787,1.0641602595597024,14,2,0.1
0.0014218552577004088,-0.20328848681796563,-0.20253805074813286,-0.5497154839363793,-0.3474108794241215,0.7484199385384238,0.0,0.45811076018627983,-0.331124340588225,-0.47366546671567117,0.5640859669844501,-1.0538392726229702,1.058762483368768,1.5351485382472794,0.16343030199624495,0.874807678467282,2.4119963984560537,1.2524524443016236,0.12808935209974356,0.0,0.0,0.0,0.0,-0.2051216120072551,1.4281271326405536,1.361881271017139,-0.3779644730092272,-0.7508058875955863,-0.7995900589021115,0.7995900589021115,-0.408248290463863,-0.7250102411641544,-1.3723987251777692,-0.44721359549995787,1.0641602595597024,14,3,0.1
0.0016673505165286512,-0.20329037169683467,-0.20256778769734107,-0.9975923088699957,-0.4051476586389605,0.7484199385384238,0.0,0.45811076018627983,-0.331124340588225,-0.47366546671567117,0.5640859669844501,-1.0538392726229702,1.058762483368768,1.5351485382472794,1.5198673118670645,1.054349433182034,-0.9306283796128032,1.7845342897430085,-0.015458621091087336,0.0,0.0,0.0,0.0,-0.20511449459089767,1.2958103366764988,1.2320069083392449,-0.3779644730092272,-0.7508058875955863,-0.7995900589021115,0.7995900589021115,-0.408248290463863,-0.7250102411641544,-1.2279357014748462,-0.44721359549995787,1.0641602595597024,14,4,0.1
0.0017363393343731194,-0.20328659455678083,-0.20256993772833007,-0.5497154839363793,-0.2923283255289833,0.7484199385384238,0.0,0.45811076018627983,-0.331124340588225,-0.47366546671567117,0.5640859669844501,-1.0538392726229702,1.058762483368768,1.5351485382472794,-0.31770255431688516,1.2606977376592954,-0.8801911515369862,1.25006495628175,-0.013781050960179553,0.0,0.0,0.0,0.0,-0.20512875729968227,1.4919102325553661,1.4244869998719027,-0.3779644730092272,-0.7508058875955863,-0.7995900589021115,0.7995900589021115,-0.408248290463863,-0.7250102411641544,-1.0834726777719228,-0.44721359549995787,1.0641602595597024,14,5,0.1
0.0017750276381625892,-0.20328444238893806,-0.20256638495462634,-0.9975923088699957,-0.4562212370703928,0.7484199385384238,0.0,0.45811076018627983,-0.331124340588225,-0.47366546671567117,0.5640859669844501,-1.0538392726229702,1.058762483368768,1.5351485382472794,1.559200348097346,1.1359672228233597,-0.731858378609157,1.0089841909450297,-0.05425237675969943,0.0,0.0,0.0,0.0,-0.20513688401533461,1.2836153857873023,1.220037063822658,-0.3779644730092272,-0.7169185131809329,-0.7995900589021115,0.7995900589021115,-0.408248290463863,-0.7250102411641544,-0.9390096540689999,-0.44721359549995787,1.0641602595597024,14,6,0.1
0.0019102792190896533,-0.20328486811784016,-0.20276758529612465,-0.5497154839363793,-0.3365562572290432,0.7484199385384238,0.0,0.45811076018627983,-0.331124340588225,-0.47366546671567117,0.5640859669844501,-1.0538392726229702,1.058762483368768,1.5351485382472794,0.40306243786003326,1.367809430634648,1.0082779489862157,1.281315811065574,-0.08586070710141379,0.0,0.0,0.0,0.0,-0.20513527643730853,1.4159472590083777,1.3499262254467654,-0.3779644730092272,-0.7508058875955863,-0.7995900589021115,0.7995900589021115,-0.408248290463863,-0.7250102411641544,-0.7945466303660769,-0.44721359549995787,1.0641602595597024,14,7,0.1
0.0019162749644130363,-0.2032823866477938,-0.20277493337710245,-0.9975923088699957,-0.3476891821720997,0.7484199385384238,0.0,0.45811076018627983,-0.331124340588225,-0.47366546671567117,0.5640859669844501,-1.0538392726229702,1.058762483368768,1.5351485382472794,0.9404430500965726,1.2996513842855482,-0.5554458061884344,0.9576488868541139,-0.1325003420723835,0.0,0.0,0.0,0.0,-0.20514464661795434,1.2444254283847356,1.1815705131179775,-0.3779644730092272,-0.5921790782979482,-0.7995900589021115,0.7995900589021115,-0.408248290463863,-0.7250102411641544,-0.6500836066631539,-0.44721359549995787,1.0641602595597024,14,8,0.1
0.0019529453165062218,-0.20328705274117992,-0.20278192442088722,-0.9975923088699957,-0.3714495556292258,0.7484199385384238,0.0,0.45811076018627983,-0.331124340588225,-0.47366546671567117,0.5640859669844501,-1.0538392726229702,1.058762483368768,1.5351485382472794,1.2623138941498337,1.5710062417953918,-0.572410704142366,2.1646541030049744,-0.22996938446391596,0.0,0.0,0.0,0.0,-0.20512702716774098,1.222413123079477,1.1599645325486752,-0.3779644730092272,-0.5221151459480284,-0.7995900589021115,0.7995900589021115,-0.408248290463863,-0.7250102411641544,-0.5056205829602308,-0.44721359549995787,1.0641602595597024,14,9,0.1
0.001957306560730723,-0.20328025063265415,-0.20278815339641865,-0.9975923088699957,-0.3104058429907155,0.7484199385384238,0.0,0.45811076018627983,-0.331124340588225,-0.47366546671567117,0.5640859669844501,-1.0538392726229702,1.058762483368768,1.5351485382472794,1.4704352350117855,1.0250488899062626,-0.5811930997039475,0.8819413436550984,-0.2680502496227507,0.0,0.0,0.0,0.0,-0.2051527123400251,0.7143599748860306,1.2254528033233187,2.6457513110645903,1.0949895103591798,-0.7995900589021115,0.7995900589021115,-0.408248290463863,-0.7250102411641544,-0.3611575592573077,-0.44721359549995787,1.0641602595597024,14,10,0.1
0.0019766874169281565,-0.20328315893099647,-0.2027983260981826,-1.445469133803612,-0.4181325853966162,0.7484199385384238,0.0,0.45811076018627983,3.020013564160076,-0.47366546671567117,0.5640859669844501,-1.0538392726229702,0.06885290828054365,1.5351485382472794,1.1418923342919296,1.627241118950753,0.22254783259768993,1.7585169125737448,-0.5068620444073163,0.0,0.0,0.0,0.0,-0.20514173042997563,0.5392743987773231,1.010635709945888,2.6457513110645903,1.6522770724663949,-0.7995900589021115,0.7995900589021115,-0.408248290463863,-0.7250102411641544,-0.21669453555438475,-0.44721359549995787,-0.037373465677697615,14,11,0.1
0.001967140997190202,-0.20328158380083947,-0.2027940297469518,-0.9975923088699957,-0.399611585185938,0.7484199385384238,0.0,0.45811076018627983,-0.331124340588225,-0.47366546671567117,0.5640859669844501,-1.0538392726229702,0.35944799654719795,1.5351485382472794,-0.02586236682553917,1.362137547321714,-0.29236970491385694,1.6238421987056724,-0.435847651236268,0.0,0.0,0.0,0.0,-0.20514767821650376,0.5586390073577331,1.034394656982464,2.6457513110645903,1.5906406101901598,-0.7995900589021115,0.7995900589021115,-0.408248290463863,-0.7250102411641544,-0.07223151185146165,-0.44721359549995787,0.5133933969410024,14,12,0.1
0.001965076527340185,-0.20328067561420315,-0.20279270571081043,-1.445469133803612,-0.3954309236722225,0.7484199385384238,0.0,0.45811076018627983,3.020013564160076,-0.47366546671567117,0.5640859669844501,-1.0538392726229702,0.03590625083626662,1.5351485382472794,1.3268160809227454,1.8002923440094352,-0.42772478323461693,1.644490801933983,-0.36273417352157755,0.0,0.0,0.0,0.0,-0.20515110758404942,1.0357266430976713,0.9767240948433734,-0.3779644730092272,0.07209744208859256,-0.5535623484706925,0.5535623484706925,-0.408248290463863,-0.7250102411641544,0.07223151185146126,-0.44721359549995787,-0.037373465677697615,14,13,0.1
0.001973995861262314,-0.20328369300728172,-0.20279095053932766,-1.445469133803612,-0.38758752593569196,0.7484199385384238,0.0,0.45811076018627983,3.020013564160076,-0.47366546671567117,0.5640859669844501,-1.0538392726229702,-0.045428701223925144,1.5351485382472794,0.8751410856933238,1.849245423617058,-0.43665831768110264,2.6701068849967724,-0.40537089772767887,0.0,0.0,0.0,0.0,-0.20513971372569234,0.9504351189082422,0.8930069653193364,-0.3779644730092272,0.34357557661192817,-0.30753463803927367,0.30753463803927367,-0.408248290463863,-0.7250102411641544,0.21669453555438456,2.2360679774997894,-0.037373465677697615,14,14,0.1
0.0020509602632323904,-0.20328524304960863,-0.20281447470626238,-1.445469133803612,-0.4089738482393929,0.7484199385384238,0.0,0.45811076018627983,3.020013564160076,-0.47366546671567117,0.5640859669844501,-1.0538392726229702,-0.10305315553906616,1.5351485382472794,1.4432729005615328,1.381924054503446,-0.313369648357105,3.382704409869823,-0.30565440796506455,0.0,0.0,0.0,0.0,-0.20513386067232464,0.8900074993593274,0.8336947780805409,-0.3779644730092272,0.53591329814673,-0.06150692760785473,0.06150692760785473,-0.408248290463863,-0.7250102411641544,0.36115755925730747,2.2360679774997894,-0.037373465677697615,14,15,0.5
0.0020550771311624674,-0.203285948525989,-0.20281004150057869,-1.445469133803612,-0.2852302293403421,0.7484199385384238,0.0,0.45811076018627983,3.020013564160076,-0.47366546671567117,0.5640859669844501,-1.0538392726229702,-0.05049941279076892,1.5351485382472794,1.8135393045563364,1.738954291008175,-0.24679090818023458,3.9176141003707974,-0.3807545918619135,0.0,0.0,0.0,0.0,-0.20513119675093866,0.9451177404958103,0.8877877402965404,-0.3779644730092272,0.3605004936617814,0.18452078282356418,-0.18452078282356418,-0.408248290463863,-0.7250102411641544,0.5056205829602304,2.2360679774997894,-0.037373465677697615,14,16,0.5
0.0020080080394505985,-0.2032784691383714,-0.20277633446766768,-0.9975923088699957,-0.37765290298716375,0.7484199385384238,0.0,0.45811076018627983,-0.331124340588225,-0.47366546671567117,0.5640859669844501,-1.0538392726229702,-0.40136453634097846,1.5351485382472794,1.3893954279636458,0.9549159888094898,-0.4381099302928242,2.151952021378528,-0.18751329025476868,0.0,0.0,0.0,0.0,-0.20515943936994557,0.8343889451139402,0.7791028856978995,-0.3779644730092272,0.712944034728338,0.4305484932549831,-0.4305484932549831,-0.408248290463863,-0.7250102411641544,0.6500836066631537,2.2360679774997894,-0.5881403282963976,14,17,0.1
0.0019342570872744567,-0.20327583396170962,-0.20273015594257568,-0.9975923088699957,-0.43115845468592345,0.7484199385384238,0.0,0.45811076018627983,-0.331124340588225,-0.47366546671567117,0.5640859669844501,-1.0538392726229702,-1.1271543790448286,1.5351485382472794,0.7694291413464172,1.128178558857825,-0.37205357331046635,1.683859848695416,-0.2989637690870505,0.0,0.0,0.0,0.0,-0.20516938995604686,0.72163157833546,0.6684269050644883,-0.3779644730092272,1.071844404697096,0.676576203686402,-0.676576203686402,-0.408248290463863,-0.7250102411641544,0.7945466303660766,-0.44721359549995787,-1.1389071909150976,14,18,0.1
0.0018686188989530908,-0.20327570684190638,-0.2027021134691442,-0.9975923088699957,-0.3067323144993869,0.7484199385384238,0.0,0.45811076018627983,-0.331124340588225,-0.47366546671567117,0.5640859669844501,-1.0538392726229702,-0.5050372577791804,1.5351485382472794,0.4212291947124103,1.057057281111844,-0.39494375612100935,1.9555730493669463,-0.2325858157750277,0.0,0.0,0.0,0.0,-0.20516986996809533,0.8169943973494578,0.7620294235684505,-0.3779644730092272,0.7683099039967877,0.922603914117821,-0.922603914117821,-0.408248290463863,-0.7250102411641544,0.9390096540689995,-0.44721359549995787,-0.5881403282963976,14,19,0.1
0.0018638722116591626,-0.20327626022729284,-0.20269932376419136,-0.9975923088699957,-0.415445668979069,0.7484199385384238,0.0,0.45811076018627983,-0.331124340588225,-0.47366546671567117,0.5640859669844501,-1.0538392726229702,-0.8379105270417482,1.5351485382472794,-0.17196556614868297,0.8164774908600485,-0.3835893244587397,2.4733872156994474,-0.16863175184215662,0.0,0.0,0.0,0.0,-0.20516778035148053,0.7611438331761378,0.7072098039248392,-0.3779644730092272,0.94607911515749,1.1686316245492399,-1.1686316245492399,-0.408248290463863,-0.7250102411641544,1.0834726777719228,-0.44721359549995787,-0.5881403282963976,14,20,0.1
0.0018672810827210142,-0.20327202316520626,-0.20270289435181235,-0.9975923088699957,-0.345569570948456,0.7484199385384238,0.0,0.45811076018627983,-0.331124340588225,-0.47366546671567117,0.5640859669844501,-1.0538392726229702,-1.1271543790448286,1.5351485382472794,0.6543413977113766,0.9792865377639162,-0.3486248047060525,1.407746371960936,-0.2572319613341344,0.0,0.0,0.0,0.0,-0.20518377975361596,0.703405460670612,0.6505372229680644,-0.3779644730092272,1.1298571142866964,1.4146593349806589,-1.4146593349806589,-0.408248290463863,-0.7250102411641544,1.2279357014748458,-0.44721359549995787,-1.1389071909150976,14,21,0.1
0.0019420425103032501,-0.20327367504655555,-0.2028023833359801,-0.9975923088699957,-0.4531273410826044,0.7484199385384238,0.0,0.45811076018627983,-0.331124340588225,-0.47366546671567117,0.5640859669844501,-1.0538392726229702,-1.1271543790448286,1.5351485382472794,0.46047943484336423,0.6718549844864976,-0.4095763202541582,2.343081235754735,-0.16805871253088228,0.0,0.0,0.0,0.0,-0.205177542149954,0.6434544560422668,0.5916928528238459,-0.3779644730092272,1.3206777972792534,1.6606870454120777,-1.6606870454120777,-0.408248290463863,-0.7250102411641544,1.3723987251777687,-0.44721359549995787,-1.1389071909150976,14,22,0.1
0.001960231553736627,-0.20327295142082158,-0.20282124646135838,-0.9975923088699957,-0.39426399876975726,0.7484199385384238,0.0,0.45811076018627983,-0.331124340588225,-0.47366546671567117,0.5640859669844501,-1.0538392726229702,-1.1271543790448286,1.5351485382472794,-0.09831363919200256,0.3580468447418584,-0.489908068690467,2.4819793726498576,0.010366518967889598,0.0,0.0,0.0,0.0,-0.20518027460439445,0.6917902296214012,0.6391363972536737,-0.3779644730092272,1.166827742813559,1.9067147558434967,-1.9067147558434967,-0.408248290463863,-0.7250102411641544,1.516861748880692,-0.44721359549995787,-1.1389071909150976,14,23,0.1
0.001964837270298223,-0.20327292442915412,-0.20282415798631903,-0.9975923088699957,-0.3672224916699057,0.7484199385384238,0.0,0.45811076018627983,-0.331124340588225,-0.47366546671567117,0.5640859669844501,-1.0538392726229702,-0.8931744166335139,1.5351485382472794,0.48936647399875244,0.4048075865993188,-0.46256446516102523,2.9133239219525557,0.019325229242118803,0.0,0.0,0.0,0.0,-0.2051803765265597,0.7518714773064403,0.698108606300414,-0.3779644730092272,0.9755925034814139,2.1527424662749155,-2.1527424662749155,-0.408248290463863,-0.7250102411641544,1.6613247725836149,-0.44721359549995787,-0.5881403282963976,14,24,0.0
0.002004775973618343,-0.20158624071564,-0.20289249523628836,0.3460381659308536,-1.509507977936794,0.9122357483337862,1.118033988749895,-0.4850584519619434,-0.331124340588225,-1.4209964001470134,-0.3133810927691435,-0.02605620834943058,-1.1271543790448286,0.20847696198419854,0.32073733465560483,0.31514216111586907,2.4119963984560537,2.5637323426920444,-0.647837781424869,0.0,0.0,0.0,0.0,-0.20215341499559666,-0.4584627283112919,-0.4898840626315128,-0.3779644730092272,-0.7508058875955863,-0.7995900589021115,0.7995900589021115,-0.408248290463863,-0.7250102411641544,-1.661324772583615,-0.44721359549995787,-1.1389071909150976,15,1,0.1
-0.013539834654508096,-0.201339518286465,-0.19742356369446742,0.3460381659308536,-1.5180766854723298,0.9122357483337862,1.118033988749895,-0.4850584519619434,-0.331124340588225,-1.4209964001470134,-0.3133810927691435,-0.02605620834943058,-1.1271543790448286,0.20847696198419854,-1.0023869250793431,0.1117915291173422,2.4119963984560537,0.05845208025888159,-0.6138513322477681,0.0,0.0,0.0,0.0,-0.20308505377726085,-0.5033974966308692,-0.5339893808948816,-0.3779644730092272,-0.7508058875955863,-0.7995900589021115,0.7995900589021115,-0.408248290463863,-0.7250102411641544,-1.5168617488806921,-0.44721359549995787,-1.1389071909150976,15,2,0.1
-0.00745617816662454,-0.20128591417242375,-0.197094467368748,0.3460381659308536,-1.5540726984620339,0.9122357483337862,1.118033988749895,-0.4850584519619434,-0.331124340588225,-1.4209964001470134,-0.3133810927691435,-0.02605620834943058,-1.1271543790448286,0.20847696198419854,0.09705738482250584,0.1205823284126009,2.4119963984560537,-0.5393710845868848,-0.6343127565465599,0.0,0.0,0.0,0.0,-0.2032874661467588,-0.5306191809060127,-0.5607085806041426,-0.3779644730092272,-0.6104610383351862,-0.7995900589021115,0.7995900589021115,-0.408248290463863,-0.7250102411641544,-1.3723987251777692,-0.44721359549995787,-1.1389071909150976,15,3,0.1
-0.004049615297863103,-0.20128379320991305,-0.1973672764081512,0.3460381659308536,-1.4826604214930976,0.9122357483337862,1.118033988749895,-0.4850584519619434,-0.331124340588225,-1.4209964001470134,-0.3133810927691435,-0.02605620834943058,-1.1271543790448286,0.20847696198419854,-0.12341384465704659,-0.23094093770650587,-0.8819960214955278,-0.6392173547168722,-0.4242126025753066,0.0,0.0,0.0,0.0,-0.20329547502919412,-0.43016635194723574,-0.46211000855470413,-0.3779644730092272,-0.7508058875955863,-0.7995900589021115,0.7995900589021115,-0.408248290463863,-0.7250102411641544,-1.2279357014748462,-0.44721359549995787,-1.1389071909150976,15,4,0.1
-0.0011606197545537063,-0.20136289910926483,-0.19794676376970533,0.3460381659308536,-1.4808652981827726,0.9122357483337862,1.118033988749895,-0.4850584519619434,-0.331124340588225,-1.4209964001470134,-0.3133810927691435,-0.02605620834943058,-1.1271543790448286,0.20847696198419854,-0.6529018601084124,-0.14551480981914494,-0.8007745897096588,0.007117645350952742,-0.45802926966140567,0.0,0.0,0.0,0.0,-0.20299676637939287,-0.42147425751357026,-0.4535783613312102,-0.3779644730092272,-0.7508058875955863,-0.7995900589021115,0.7995900589021115,-0.408248290463863,-0.7250102411641544,-1.0834726777719228,-0.44721359549995787,-1.1389071909150976,15,5,0.1
-0.00041707607951325167,-0.20130356074240977,-0.1982395458011324,0.3460381659308536,-1.477703887801394,0.9122357483337862,1.118033988749895,-0.4850584519619434,-0.331124340588225,-1.4209964001470134,-0.3133810927691435,-0.02605620834943058,-1.1271543790448286,0.20847696198419854,-0.31689439487937515,-0.04923064106913667,-0.5920615583943254,-0.6133263127606566,-0.47977314959382683,0.0,0.0,0.0,0.0,-0.203220831633564,-0.39331081190550526,-0.4259347842440307,-0.3779644730092272,-0.7508058875955863,-0.7995900589021115,0.7995900589021115,-0.408248290463863,-0.7250102411641544,-0.9390096540689999,-0.44721359549995787,-1.1389071909150976,15,6,0.1
0.0016887038989796088,-0.2012779925249262,-0.20149105824172742,0.3460381659308536,-1.5570182024825274,0.9122357483337862,1.118033988749895,-0.4850584519619434,-0.331124340588225,-1.4209964001470134,-0.3133810927691435,-0.02605620834943058,-1.1271543790448286,0.20847696198419854,0.08325509132640715,0.2741862582342489,1.6876875885714506,-0.9152255515338729,-0.6886895342783624,0.0,0.0,0.0,0.0,-0.2033173787657617,-0.5457190517827053,-0.5755297232439759,-0.3779644730092272,-0.4812043471159445,-0.7995900589021115,0.7995900589021115,-0.408248290463863,-0.7250102411641544,-0.7945466303660769,-0.44721359549995787,-1.1389071909150976,15,7,0.1
0.0017626448485224997,-0.20127436069807036,-0.20154419572415946,0.3460381659308536,-1.473603710822389,0.9122357483337862,1.118033988749895,-0.4850584519619434,-0.331124340588225,-1.4209964001470134,-0.3133810927691435,-0.02605620834943058,-1.1271543790448286,0.20847696198419854,0.4615379967848347,0.2766507527989947,-0.41192958419885195,-1.0164421783557294,-0.6449365880657258,0.0,0.0,0.0,0.0,-0.20333109276314126,-0.47206528225550376,-0.5032355272843906,-0.3779644730092272,-0.7508058875955863,-0.7995900589021115,0.7995900589021115,-0.408248290463863,-0.7250102411641544,-0.6500836066631539,-0.44721359549995787,-1.1389071909150976,15,8,0.1
0.001686737099387792,-0.20130669474259202,-0.20156205463712784,0.3460381659308536,-1.5117713814271245,0.9122357483337862,1.118033988749895,-0.4850584519619434,-0.331124340588225,-1.4209964001470134,-0.3133810927691435,-0.02605620834943058,-1.1271543790448286,0.20847696198419854,0.02636076506745968,-0.058527238334907514,-0.5332217288233435,-0.8053941654487409,-0.568630349807202,0.0,0.0,0.0,0.0,-0.20320899745974638,-0.5248876133643862,-0.5550828119616169,-0.3779644730092272,-0.6595239384076486,-0.7995900589021115,0.7995900589021115,-0.408248290463863,-0.7250102411641544,-0.5056205829602308,-0.44721359549995787,-1.1389071909150976,15,9,0.1
0.00148657942017772,-0.2013041717451847,-0.2016093868275137,0.79391499086447,-1.5415659459596311,0.9122357483337862,1.118033988749895,-0.4850584519619434,-0.331124340588225,-1.4209964001470134,-0.3133810927691435,-0.02605620834943058,-1.1271543790448286,0.20847696198419854,-1.5422829351474077,0.20966836887242682,-0.29450012626540295,-0.8958485452159135,-0.8167432076439294,0.0,0.0,0.0,0.0,-0.20321852445021318,-0.7808804768201928,-0.609096991552188,2.6457513110645903,1.5318054296540955,-0.7995900589021115,0.7995900589021115,-0.408248290463863,-0.7250102411641544,-0.3611575592573077,-0.44721359549995787,-1.1389071909150976,15,10,0.1
0.002401569865272384,-0.20132547149850769,-0.20211290463062404,0.79391499086447,-1.606379923099971,0.9122357483337862,1.118033988749895,-0.4850584519619434,-0.331124340588225,-1.4209964001470134,-0.3133810927691435,-0.02605620834943058,-1.1271543790448286,0.20847696198419854,-1.5299326397121993,-0.13091869929462566,0.43129178273856883,-0.784815506205052,-0.7960866785713832,0.0,0.0,0.0,0.0,-0.2031380952962772,-0.8743960752869036,-0.7238337362603704,2.6457513110645903,2.3323100785946314,-0.7995900589021115,0.7995900589021115,-0.408248290463863,-0.7250102411641544,-0.21669453555438475,-0.44721359549995787,-1.1389071909150976,15,11,0.1
0.003478422009137543,-0.2014115575311209,-0.20085907697171765,0.79391499086447,-1.5231310335821882,0.9122357483337862,1.118033988749895,-0.4850584519619434,-0.331124340588225,-1.4209964001470134,-0.3133810927691435,-0.02605620834943058,-1.1271543790448286,0.20847696198419854,-1.412026518382722,0.04993759073106225,-0.06330125261461131,-0.14396696821238417,-0.7755519663369942,0.0,0.0,0.0,0.0,-0.2028130292420467,-0.776360984648072,-0.6035519078649156,2.6457513110645903,1.493118038951882,-0.7995900589021115,0.7995900589021115,-0.408248290463863,-0.7250102411641544,-0.07223151185146165,-0.44721359549995787,-1.1389071909150976,15,12,0.1
0.0035632820111053576,-0.20138033818460677,-0.2007953092489454,-0.5497154839363793,-1.2557451614527382,0.9122357483337862,1.118033988749895,-0.4850584519619434,-0.331124340588225,-1.4209964001470134,-0.3133810927691435,-0.02605620834943058,-1.1271543790448286,0.20847696198419854,0.24568812219091188,-0.06794496769759871,-0.5759566384769139,-0.4726913180806875,-0.34278759593580405,0.0,0.0,0.0,0.0,-0.20293091537849584,-0.21117545868901283,-0.24716146413936857,-0.3779644730092272,-0.7508058875955863,-0.5535623484706925,0.5535623484706925,-0.408248290463863,-0.7250102411641544,0.07223151185146126,-0.44721359549995787,-1.1389071909150976,15,13,0.1
0.003416819222204978,-0.20140066028858972,-0.20093362357065397,-1.445469133803612,-0.9011395886051495,0.9122357483337862,1.118033988749895,-0.4850584519619434,3.020013564160076,-1.4209964001470134,-0.3133810927691435,-0.02605620834943058,-0.011050209047598344,0.20847696198419854,2.7408912449262144,0.16116373559584288,-0.610498936897291,-0.38003910909630234,-0.1618892127605779,0.0,0.0,0.0,0.0,-0.20285417788746654,0.23345178825284024,0.18925841668579244,-0.3779644730092272,-0.7508058875955863,-0.30753463803927367,0.30753463803927367,-0.408248290463863,-0.7250102411641544,0.21669453555438456,2.2360679774997894,-0.037373465677697615,15,14,0.1
0.002814419075856658,-0.2013552563331175,-0.20117494426632923,-1.445469133803612,-0.8779574787832337,0.9122357483337862,1.118033988749895,-0.4850584519619434,3.020013564160076,-1.4209964001470134,-0.3133810927691435,-0.02605620834943058,0.0021453335725813046,0.20847696198419854,2.7408912449262144,-0.002699645727672973,-0.4246307149343587,-0.8083325760037522,-0.06231905162064394,0.0,0.0,0.0,0.0,-0.20302562596334817,0.24323665245475865,0.1988626622606256,-0.3779644730092272,-0.7508058875955863,-0.06150692760785473,0.06150692760785473,-0.408248290463863,-0.7250102411641544,0.36115755925730747,2.2360679774997894,-0.037373465677697615,15,15,0.1
0.0017908356663076097,-0.20133141832971427,-0.20144192206336695,-0.9975923088699957,-0.9789917628717699,0.9122357483337862,1.118033988749895,-0.4850584519619434,-0.331124340588225,-1.4209964001470134,-0.3133810927691435,-0.02605620834943058,-1.1271543790448286,0.20847696198419854,1.038759900333096,0.7539962976176131,0.14263014375201916,-1.0572041510158665,-0.5084905181223877,0.0,0.0,0.0,0.0,-0.2031156397027644,0.030146440554647942,-0.010294121364505087,-0.3779644730092272,-0.7508058875955863,0.18452078282356418,-0.18452078282356418,-0.408248290463863,-0.7250102411641544,0.5056205829602304,2.2360679774997894,-1.1389071909150976,15,16,0.1
0.00148735342854005,-0.20139250290066565,-0.20167298412259177,-0.9975923088699957,-0.9209387004777834,0.9122357483337862,1.118033988749895,-0.4850584519619434,-0.331124340588225,-1.4209964001470134,-0.3133810927691435,-0.02605620834943058,-0.49701067803665566,0.20847696198419854,-0.09696788601490128,1.1581190739203524,-0.1694999678408457,-0.6475610156084611,-0.5736801563716619,0.0,0.0,0.0,0.0,-0.2028849806765464,0.11455162723777634,0.07255303154084482,-0.3779644730092272,-0.7508058875955863,0.4305484932549831,-0.4305484932549831,-0.408248290463863,-0.7250102411641544,0.6500836066631537,2.2360679774997894,-0.5881403282963976,15,17,0.1
0.0020459026963840434,-0.20139456953124707,-0.20179730703683743,-1.445469133803612,-0.8780299379336797,0.9122357483337862,1.118033988749895,-0.4850584519619434,3.020013564160076,-1.4209964001470134,-0.3133810927691435,-0.02605620834943058,-0.13694658015400862,0.20847696198419854,0.040242045556779606,1.3080053052987788,-0.29065297129646384,-0.6957684976072941,-0.5962605649312328,0.0,0.0,0.0,0.0,-0.20287717695475477,0.14009610518250692,0.09762598444028378,-0.3779644730092272,-0.7508058875955863,0.676576203686402,-0.676576203686402,-0.408248290463863,-0.7250102411641544,0.7945466303660766,-0.44721359549995787,-0.037373465677697615,15,18,0.1
0.002475783097366603,-0.20141718588512006,-0.20159641115459795,-0.9975923088699957,-0.8652394306143902,0.9122357483337862,1.118033988749895,-0.4850584519619434,-0.331124340588225,-1.4209964001470134,-0.3133810927691435,-0.02605620834943058,-0.5372197113117233,0.20847696198419854,0.5149652877947934,0.6401942904175507,-0.45798213232665874,-0.5891016030523651,-0.4326833414741353,0.0,0.0,0.0,0.0,-0.20279177623768838,0.10978104745505156,0.06787051180197705,-0.3779644730092272,-0.7508058875955863,0.922603914117821,-0.922603914117821,-0.408248290463863,-0.7250102411641544,0.9390096540689995,-0.44721359549995787,-0.5881403282963976,15,19,0.1
0.003815807670963894,-0.2015045940095497,-0.20046273990146593,-1.445469133803612,-0.7826849810330048,0.9122357483337862,1.118033988749895,-0.4850584519619434,3.020013564160076,-1.4209964001470134,-0.3133810927691435,-0.02605620834943058,0.05080868353119446,0.20847696198419854,0.9971384988472605,1.236991528680217,-0.21718204288431087,-0.007086314577380641,-0.5213059707593661,0.0,0.0,0.0,0.0,-0.20246171788497394,0.2793218885576892,0.2342818016586396,-0.3779644730092272,-0.7508058875955863,1.1686316245492399,-1.1686316245492399,-0.408248290463863,-0.7250102411641544,1.0834726777719228,-0.44721359549995787,-0.037373465677697615,15,20,0.1
0.003215618705935491,-0.2013941689753724,-0.2006131520731903,-0.9975923088699957,-0.8284044538631496,0.9122357483337862,1.118033988749895,-0.4850584519619434,-0.331124340588225,-1.4209964001470134,-0.3133810927691435,-0.02605620834943058,-0.5458926172203566,0.20847696198419854,1.524841748162884,1.1207061968636123,-0.1473076832464056,-0.8811159789957027,-0.5674549823967979,0.0,0.0,0.0,0.0,-0.20287868947791005,0.10875205505669776,0.06686051355524701,-0.3779644730092272,-0.7508058875955863,1.4146593349806589,-1.4146593349806589,-0.408248290463863,-0.7250102411641544,1.2279357014748458,-0.44721359549995787,-0.5881403282963976,15,21,0.1
0.00247292864678057,-0.20142727490012108,-0.2011499937653771,-0.9975923088699957,-0.940114235814746,0.9122357483337862,1.118033988749895,-0.4850584519619434,-0.331124340588225,-1.4209964001470134,-0.3133810927691435,-0.02605620834943058,-1.1271543790448286,0.20847696198419854,-0.2585471287543807,0.5546448732948511,-0.31610918892071066,-0.7006830990698154,-0.45000418558955,0.0,0.0,0.0,0.0,-0.20275367950819687,0.023511591092284734,-0.016806498263521305,-0.3779644730092272,-0.7508058875955863,1.6606870454120777,-1.6606870454120777,-0.408248290463863,-0.7250102411641544,1.3723987251777687,-0.44721359549995787,-1.1389071909150976,15,22,0.1
0.0027797942896549206,-0.20149670819494123,-0.2008909691467471,-1.445469133803612,-0.8061139915328553,0.9122357483337862,1.118033988749895,-0.4850584519619434,3.020013564160076,-1.4209964001470134,-0.3133810927691435,-0.02605620834943058,-0.09182784538677166,0.20847696198419854,1.9979388942493108,1.3703472359617122,-0.2209202686132277,-0.26664570922219244,-0.5957147806171145,0.0,0.0,0.0,0.0,-0.20249149519682533,0.17355290990569075,0.13046521062471064,-0.3779644730092272,-0.7508058875955863,1.9067147558434967,-1.9067147558434967,-0.408248290463863,-0.7250102411641544,1.516861748880692,-0.44721359549995787,-0.037373465677697615,15,23,0.1
0.003157231942623185,-0.2015433378106232,-0.20050313553007715,-1.445469133803612,-0.8333914821980599,0.9122357483337862,1.118033988749895,-0.4850584519619434,3.020013564160076,-1.4209964001470134,-0.3133810927691435,-0.02605620834943058,-0.1118995806386935,0.20847696198419854,1.8018178795738777,0.7680687612195229,-0.35824758971853454,-0.0032660779113276193,-0.4485947339215434,0.0,0.0,0.0,0.0,-0.20231541895402613,0.15866915639967216,0.11585619604900885,-0.3779644730092272,-0.7508058875955863,2.1527424662749155,-2.1527424662749155,-0.408248290463863,-0.7250102411641544,1.6613247725836149,-0.44721359549995787,-0.037373465677697615,15,24,0.0
0.002004775973618343,-0.20182620109675203,-0.20289249523628836,-0.5497154839363793,0.3636759877572102,0.9122357483337862,-1.118033988749895,1.373539701388967,-0.331124340588225,0.9473309334313454,0.7834527319228549,1.3650626577269656,1.058762483368768,-0.45485882614734185,1.4284066998469325,-0.6209740270468624,2.4119963984560537,3.3730015016344477,1.7613564662150476,0.0,0.0,0.0,0.0,-0.20349784449164904,1.5401188265813068,1.471805712353554,-0.3779644730092272,0.17764366155295017,-0.7995900589021115,0.7995900589021115,-0.408248290463863,-0.7250102411641544,-1.661324772583615,-0.44721359549995787,1.0641602595597024,16,1,0.1
-0.005927352556227566,-0.20170030318484997,-0.20010180018779614,-0.10183865900276282,0.6280296848488999,0.9122357483337862,-1.118033988749895,1.373539701388967,-0.331124340588225,0.9473309334313454,0.7834527319228549,1.3650626577269656,1.058762483368768,-0.45485882614734185,-0.46262101267247085,-0.6906324758270839,2.4119963984560537,0.6996438803500895,2.1540003684806566,0.0,0.0,0.0,0.0,-0.20397324260462452,1.765766838160589,1.693288491466152,-0.3779644730092272,-0.41702872638106714,-0.7995900589021115,0.7995900589021115,-0.408248290463863,-0.7250102411641544,-1.5168617488806921,-0.44721359549995787,1.0641602595597024,16,2,0.1
-0.003321834304594848,-0.2016571142976615,-0.19971254146472278,-0.9975923088699957,0.08145379200677111,0.9122357483337862,-1.118033988749895,1.373539701388967,-0.331124340588225,0.9473309334313454,0.7834527319228549,1.3650626577269656,0.4564761820673815,-0.45485882614734185,0.5178251614747934,-0.6587629518687116,2.4119963984560537,-0.31173324037894373,1.4984795613492548,0.0,0.0,0.0,0.0,-0.20413632644899257,1.197036944589491,1.1350567724674625,-0.3779644730092272,1.0818010728815501,-0.7995900589021115,0.7995900589021115,-0.408248290463863,-0.7250102411641544,-1.3723987251777692,-0.44721359549995787,0.5133933969410024,16,3,0.1
-0.0008113454853631014,-0.20169160677791348,-0.20005193999527632,-0.10183865900276282,0.6138045365407113,0.9122357483337862,-1.118033988749895,1.373539701388967,-0.331124340588225,0.9473309334313454,0.7834527319228549,1.3650626577269656,1.058762483368768,-0.45485882614734185,-0.23953763940054335,-0.5652414562119659,-0.9937029240967564,0.05226544994224587,1.8910707204004231,0.0,0.0,0.0,0.0,-0.20400608076202378,1.7998048427086317,1.7266981891186353,-0.3779644730092272,-0.5067324259768494,-0.7995900589021115,0.7995900589021115,-0.408248290463863,-0.7250102411641544,-1.2279357014748462,-0.44721359549995787,1.0641602595597024,16,4,0.1
0.0005712660726917096,-0.2017167867063979,-0.20035157297758818,-0.5497154839363793,0.43573051906321153,0.9122357483337862,-1.118033988749895,1.373539701388967,-0.331124340588225,0.9473309334313454,0.7834527319228549,1.3650626577269656,1.058762483368768,-0.45485882614734185,0.6454083259563032,-0.6256096569384144,-0.9713947943266947,0.23884375184509105,1.8323973319427338,0.0,0.0,0.0,0.0,-0.20391099983251912,1.601807198948977,1.5323553801981735,-0.3779644730092272,0.015070229387977998,-0.7995900589021115,0.7995900589021115,-0.408248290463863,-0.7250102411641544,-1.0834726777719228,-0.44721359549995787,1.0641602595597024,16,5,0.1
0.0011610155997408586,-0.20171566795479914,-0.20057252124081845,-0.5497154839363793,0.38277012722929116,0.9122357483337862,-1.118033988749895,1.373539701388967,-0.331124340588225,0.9473309334313454,0.7834527319228549,1.3650626577269656,1.058762483368768,-0.45485882614734185,1.2455928897926283,-0.4644078631442177,-0.894613036782196,0.006570238138859919,1.508111191729304,0.0,0.0,0.0,0.0,-0.20391522430606984,1.599531833326917,1.530122015507991,-0.3779644730092272,0.021066724098581235,-0.7995900589021115,0.7995900589021115,-0.408248290463863,-0.7250102411641544,-0.9390096540689999,-0.44721359549995787,1.0641602595597024,16,6,0.1
0.002725241050152058,-0.20174018102766864,-0.20175165418350494,-0.5497154839363793,0.5302640107871756,0.9122357483337862,-1.118033988749895,1.373539701388967,-0.331124340588225,0.9473309334313454,0.7834527319228549,1.3650626577269656,1.058762483368768,-0.45485882614734185,0.7733164164936487,-0.46982589211106046,0.9067005996426731,0.17137927415979132,1.616810234572294,0.0,0.0,0.0,0.0,-0.20382266146361028,1.710717096743036,1.63925491220589,-0.3779644730092272,-0.27195073098989453,-0.7995900589021115,0.7995900589021115,-0.408248290463863,-0.7250102411641544,-0.7945466303660769,-0.44721359549995787,1.0641602595597024,16,7,0.1
0.0029377575655299307,-0.2017318507997918,-0.20166577268928937,-0.10183865900276282,0.8869403798550406,0.9122357483337862,-1.118033988749895,1.373539701388967,-0.331124340588225,0.9473309334313454,0.7834527319228549,1.3650626577269656,1.058762483368768,-0.45485882614734185,0.9486866725496128,-0.4677544631261553,-0.8253820519497235,-0.14550779304300515,1.824555413638744,0.0,0.0,0.0,0.0,-0.20385411690678212,1.9488086128644961,1.8729515014407787,-0.3779644730092272,-0.7508058875955863,-0.7995900589021115,0.7995900589021115,-0.408248290463863,-0.7250102411641544,-0.6500836066631539,-0.44721359549995787,1.0641602595597024,16,8,0.1
0.0027910611791167614,-0.2017650245613756,-0.20188019265971366,0.3460381659308536,0.9312673345318676,0.9122357483337862,-1.118033988749895,1.373539701388967,-0.331124340588225,0.9473309334313454,0.7834527319228549,1.3650626577269656,1.058762483368768,-0.45485882614734185,0.44385250369153206,-0.6849663854316002,-0.8694354325125285,0.13308468937882523,2.399338900510929,0.0,0.0,0.0,0.0,-0.20372885078108588,2.017729318990621,1.9406000015289502,-0.3779644730092272,-0.7508058875955863,-0.7995900589021115,0.7995900589021115,-0.408248290463863,-0.7250102411641544,-0.5056205829602308,-0.44721359549995787,1.0641602595597024,16,9,0.1
0.0026442060420260806,-0.20175988155678976,-0.202043570048908,-0.10183865900276282,0.9337233962823105,0.9122357483337862,-1.118033988749895,1.373539701388967,-0.331124340588225,0.9473309334313454,0.7834527319228549,1.3650626577269656,1.058762483368768,-0.45485882614734185,-0.6577937971708515,-0.7572174273950337,-0.8392423687883758,-0.11917784875584489,1.797189705155597,0.0,0.0,0.0,0.0,-0.2037482710767697,1.2728305486302118,1.9106550230313846,2.6457513110645903,0.8820547370305714,-0.7995900589021115,0.7995900589021115,-0.408248290463863,-0.7250102411641544,-0.3611575592573077,-0.44721359549995787,1.0641602595597024,16,10,0.1
0.0028906033396738427,-0.201795631198191,-0.20174800592672804,-0.10183865900276282,1.011683076487814,0.9122357483337862,-1.118033988749895,1.373539701388967,-0.331124340588225,0.9473309334313454,0.7834527319228549,1.3650626577269656,1.058762483368768,-0.45485882614734185,0.4274791031186976,-0.7382673575675659,-0.2321627406438342,0.17430268383778288,1.7639133157389681,0.0,0.0,0.0,0.0,-0.20361327827343467,1.2840729490108374,1.9244486194316481,2.6457513110645903,0.8524265340888946,-0.7995900589021115,0.7995900589021115,-0.408248290463863,-0.7250102411641544,-0.21669453555438475,-0.44721359549995787,1.0641602595597024,16,11,0.1
0.0025474373931332235,-0.201763232845403,-0.2019898189844837,0.79391499086447,1.4016349758907773,0.9122357483337862,-1.118033988749895,1.373539701388967,-0.331124340588225,0.9473309334313454,0.7834527319228549,1.3650626577269656,1.058762483368768,-0.45485882614734185,-1.0903238600889618,-0.4789153433269329,-0.612200797809372,-0.4059869469428005,1.5598677603900204,0.0,0.0,0.0,0.0,-0.203735616408724,1.6280182252826267,2.3464441154154505,2.6457513110645903,-0.05400626506433996,-0.7995900589021115,0.7995900589021115,-0.408248290463863,-0.7250102411641544,-0.07223151185146165,-0.44721359549995787,1.0641602595597024,16,12,0.1
0.002012680770229363,-0.20172665414981297,-0.2018755371360916,0.79391499086447,1.4063880743304116,0.9122357483337862,-1.118033988749895,1.373539701388967,-0.331124340588225,0.9473309334313454,0.7834527319228549,1.3650626577269656,1.058762483368768,-0.45485882614734185,0.43572688587194836,-0.33878929508609423,-0.7262336224606801,-1.0026359845380763,1.9070485196888438,0.0,0.0,0.0,0.0,-0.20387373977070739,2.3392206427362194,2.2561569228836293,-0.3779644730092272,-0.7508058875955863,-0.5535623484706925,0.5535623484706925,-0.408248290463863,-0.7250102411641544,0.07223151185146126,-0.44721359549995787,1.0641602595597024,16,13,0.1
0.0021136279887173535,-0.20180353449047062,-0.20177282364660995,0.3460381659308536,1.3982810694441867,0.9122357483337862,-1.118033988749895,1.373539701388967,-0.331124340588225,0.9473309334313454,0.7834527319228549,1.3650626577269656,1.058762483368768,-0.45485882614734185,-0.6285227897747601,-0.4203689752037748,-0.7517439025608806,-0.2224603427697582,1.9378029778946098,0.0,0.0,0.0,0.0,-0.20358343496484235,2.186616370306396,2.106369569892318,-0.3779644730092272,-0.7508058875955863,-0.30753463803927367,0.30753463803927367,-0.408248290463863,-0.7250102411641544,0.21669453555438456,2.2360679774997894,1.0641602595597024,16,14,0.1
0.0024434474037726335,-0.20181119314898266,-0.20158273340084878,0.3460381659308536,1.3539785633559112,0.9122357483337862,-1.118033988749895,1.373539701388967,-0.331124340588225,0.9473309334313454,0.7834527319228549,1.3650626577269656,1.058762483368768,-0.45485882614734185,0.07703645349302825,-0.6629261777914196,-0.6618971839094485,-0.2820732440605161,2.4180305861643654,0.0,0.0,0.0,0.0,-0.20355451540811942,2.0947757470489776,2.016224230998696,-0.3779644730092272,-0.7508058875955863,-0.06150692760785473,0.06150692760785473,-0.408248290463863,-0.7250102411641544,0.36115755925730747,2.2360679774997894,1.0641602595597024,16,15,0.1
0.0021241703432915587,-0.201764744052284,-0.20160083253187913,0.79391499086447,1.8212499613418955,0.9122357483337862,-1.118033988749895,1.373539701388967,-0.331124340588225,0.9473309334313454,0.7834527319228549,1.3650626577269656,1.058762483368768,-0.45485882614734185,0.13574715004644164,-0.5120122257659148,-0.6326068979430002,-0.9435550259674539,2.3247771016651355,0.0,0.0,0.0,0.0,-0.2037299100003437,2.396262733752123,2.3121460749979037,-0.3779644730092272,-0.7508058875955863,0.18452078282356418,-0.18452078282356418,-0.408248290463863,-0.7250102411641544,0.5056205829602304,2.2360679774997894,1.0641602595597024,16,16,0.1
0.0030519679405418315,-0.20185519361951793,-0.20106373394729193,0.79391499086447,1.7928261115466408,0.9122357483337862,-1.118033988749895,1.373539701388967,-0.331124340588225,0.9473309334313454,0.7834527319228549,1.3650626577269656,1.058762483368768,-0.45485882614734185,-0.45309501267260094,-0.5858719202768539,-0.6851290672872218,-0.0795312085904278,2.5003889687122185,0.0,0.0,0.0,0.0,-0.2033883669760567,2.3864731925699636,2.3025372387751206,-0.3779644730092272,-0.7508058875955863,0.4305484932549831,-0.4305484932549831,-0.408248290463863,-0.7250102411641544,0.6500836066631537,2.2360679774997894,1.0641602595597024,16,17,0.1
0.003198954397898516,-0.20183762561444463,-0.20097520678644817,0.3460381659308536,1.7134203643517907,0.9122357483337862,-1.118033988749895,1.373539701388967,-0.331124340588225,0.9473309334313454,0.7834527319228549,1.3650626577269656,1.058762483368768,-0.45485882614734185,-0.7494320570958266,-0.6703740501336858,-0.7129947239505631,-0.40571352287489015,2.584660763901548,0.0,0.0,0.0,0.0,-0.20345470482339986,2.238173779461025,2.1569752817862176,-0.3779644730092272,-0.7508058875955863,0.676576203686402,-0.676576203686402,-0.408248290463863,-0.7250102411641544,0.7945466303660766,-0.44721359549995787,1.0641602595597024,16,18,0.1
0.00264872349152995,-0.20184112976990137,-0.2015636980855762,0.79391499086447,2.0273832321879426,0.9122357483337862,-1.118033988749895,1.373539701388967,-0.331124340588225,0.9473309334313454,0.7834527319228549,1.3650626577269656,1.058762483368768,-0.45485882614734185,-0.8413279755952086,-0.6484145091400481,-0.7089572011095744,-0.4976101842431869,2.7189802654535646,0.0,0.0,0.0,0.0,-0.20344147292092793,2.433254792042389,2.348455297569292,-0.3779644730092272,-0.7508058875955863,0.922603914117821,-0.922603914117821,-0.408248290463863,-0.7250102411641544,0.9390096540689995,-0.44721359549995787,1.0641602595597024,16,19,0.1
0.003328669732224452,-0.2019159642393972,-0.200871566621371,0.3460381659308536,1.4594046293617207,0.9122357483337862,-1.118033988749895,1.373539701388967,-0.331124340588225,0.9473309334313454,0.7834527319228549,1.3650626577269656,1.058762483368768,-0.45485882614734185,-0.348540799217827,-0.46402598827091285,-0.5913942719982294,0.1341148179762931,1.8798402424637677,0.0,0.0,0.0,0.0,-0.20315889344803317,2.019542752893412,1.9423799612889159,-0.3779644730092272,-0.7508058875955863,1.1686316245492399,-1.1686316245492399,-0.408248290463863,-0.7250102411641544,1.0834726777719228,-0.44721359549995787,1.0641602595597024,16,20,0.1
0.003529666442845161,-0.20189700116017265,-0.20074605137133522,1.689668640731703,2.6002764073753646,0.9122357483337862,-1.118033988749895,1.373539701388967,-0.331124340588225,0.9473309334313454,0.7834527319228549,1.3650626577269656,1.058762483368768,-0.45485882614734185,-1.0457645438350291,-0.5941008809972994,-0.7332183649308256,-0.18739346063802312,2.9724512444402333,0.0,0.0,0.0,0.0,-0.20323049917956096,2.852421399207291,2.759884516095607,-0.3779644730092272,-0.7508058875955863,1.4146593349806589,-1.4146593349806589,-0.408248290463863,-0.7250102411641544,1.2279357014748458,-0.44721359549995787,1.0641602595597024,16,21,0.1
0.0029491797705927377,-0.20190952774412915,-0.201457812474006,0.3460381659308536,1.585670153768918,0.9122357483337862,-1.118033988749895,1.373539701388967,-0.331124340588225,0.9473309334313454,0.7834527319228549,1.3650626577269656,1.058762483368768,-0.45485882614734185,-0.5633995667011535,-0.6428341804137168,-0.6702667584734756,-0.1912591792660263,2.302492706881662,0.0,0.0,0.0,0.0,-0.2031831980425922,2.0329765843624577,1.9555658179116715,-0.3779644730092272,-0.7508058875955863,1.6606870454120777,-1.6606870454120777,-0.408248290463863,-0.7250102411641544,1.3723987251777687,-0.44721359549995787,1.0641602595597024,16,22,0.1
0.002685716801764972,-0.20187603419548236,-0.20151707066911512,0.79391499086447,2.171273931516466,0.9122357483337862,-1.118033988749895,1.373539701388967,-0.331124340588225,0.9473309334313454,0.7834527319228549,1.3650626577269656,1.058762483368768,-0.45485882614734185,-1.4350103892882682,-0.6224399037331662,-0.7222257242830517,-0.6269401607181013,2.7540357304134426,0.0,0.0,0.0,0.0,-0.20330967170353673,2.5438521952730193,2.457011185381979,-0.3779644730092272,-0.7508058875955863,1.9067147558434967,-1.9067147558434967,-0.408248290463863,-0.7250102411641544,1.516861748880692,-0.44721359549995787,1.0641602595597024,16,23,0.1
0.0017604720694697255,-0.20183543951789412,-0.2014949487574455,1.689668640731703,2.528466201436615,0.9122357483337862,-1.118033988749895,1.373539701388967,-0.331124340588225,0.9473309334313454,0.7834527319228549,1.3650626577269656,1.058762483368768,-0.45485882614734185,-0.9229283839236029,-0.6049196702104804,-0.7069705790812385,-1.1082343727765795,3.0816114889462076,0.0,0.0,0.0,0.0,-0.2034629596559001,2.9313041228178682,2.8373111449719843,-0.3779644730092272,-0.7508058875955863,2.1527424662749155,-2.1527424662749155,-0.408248290463863,-0.7250102411641544,1.6613247725836149,-0.44721359549995787,1.0641602595597024,16,24,0.0
0.002004775973618343,-0.20174952098272725,-0.20289249523628836,-0.5497154839363793,-0.5086159828422844,-0.1976444385925112,0.0,0.45811076018627983,-0.331124340588225,-0.9473309334313376,-0.5327478577075354,-1.0817165749318618,1.058762483368768,1.5351485382472794,-0.004914978637257147,0.5219341188580704,2.4119963984560537,4.159223747960129,-0.19092197789807736,0.0,0.0,0.0,0.0,-0.2015368588535075,0.4783141160104805,0.4296008352702658,-0.3779644730092272,-0.7508058875955863,-0.7995900589021115,0.7995900589021115,-0.408248290463863,-0.7250102411641544,-1.661324772583615,-0.44721359549995787,1.0641602595597024,17,1,0.1
-0.015595191661152915,-0.20147017614276097,-0.19670044447120408,-0.9975923088699957,-0.5788262793854795,-0.1976444385925112,0.0,0.45811076018627983,-0.331124340588225,-0.9473309334313376,-0.5327478577075354,-1.0817165749318618,1.058762483368768,1.5351485382472794,-0.3269042403838925,0.4411889320077503,2.4119963984560537,1.3137524352748968,-0.23348353812613504,0.0,0.0,0.0,0.0,-0.20259168182700285,0.3376883844224311,0.29157091145717623,-0.3779644730092272,-0.6048533837321627,-0.7995900589021115,0.7995900589021115,-0.408248290463863,-0.7250102411641544,-1.5168617488806921,-0.44721359549995787,1.0641602595597024,17,2,0.1
-0.011493835666623979,-0.2013210238869757,-0.1950188215770568,-0.9975923088699957,-0.604363101504692,-0.1976444385925112,0.0,0.45811076018627983,-0.331124340588225,-0.9473309334313376,-0.5327478577075354,-1.0817165749318618,1.058762483368768,1.5351485382472794,0.2788460934613862,0.224729538842332,2.4119963984560537,-0.2076194606932071,-0.11493565125397219,0.0,0.0,0.0,0.0,-0.2031548897458245,0.3620838798165872,0.31551609085366256,-0.3779644730092272,-0.7192882054958829,-0.7995900589021115,0.7995900589021115,-0.408248290463863,-0.7250102411641544,-1.3723987251777692,-0.44721359549995787,1.0641602595597024,17,3,0.1
-0.0054930356649436326,-0.20140255680210292,-0.19574841787710354,-0.9975923088699957,-0.6413818976170886,-0.1976444385925112,0.0,0.45811076018627983,-0.331124340588225,-0.9473309334313376,-0.5327478577075354,-1.0817165749318618,1.058762483368768,1.5351485382472794,0.21154461319524756,0.7822502291156739,-0.8881917260499994,0.4647621118477647,-0.38701545893385675,0.0,0.0,0.0,0.0,-0.2028470165379907,0.291871990367295,0.24660024137137324,-0.3779644730092272,-0.3899370312316175,-0.7995900589021115,0.7995900589021115,-0.408248290463863,-0.7250102411641544,-1.2279357014748462,-0.44721359549995787,1.0641602595597024,17,4,0.1
-0.0025838754416660907,-0.2014191776836124,-0.19639427727363373,-0.5497154839363793,-0.5786359197593832,-0.1976444385925112,0.0,0.45811076018627983,-0.331124340588225,-0.9473309334313376,-0.5327478577075354,-1.0817165749318618,1.058762483368768,1.5351485382472794,-0.3932393635790546,0.39044691753866806,-0.8570634597567593,0.5219041309173843,-0.18824248097990434,0.0,0.0,0.0,0.0,-0.20278425508638107,0.3770621620175682,0.33021788922089684,-0.3779644730092272,-0.7508058875955863,-0.7995900589021115,0.7995900589021115,-0.408248290463863,-0.7250102411641544,-1.0834726777719228,-0.44721359549995787,1.0641602595597024,17,5,0.1
-0.0007877332232313585,-0.20145355658403052,-0.19695221790948336,-0.5497154839363793,-0.6077844879776929,-0.1976444385925112,0.0,0.45811076018627983,-0.331124340588225,-0.9473309334313376,-0.5327478577075354,-1.0817165749318618,1.058762483368768,1.5351485382472794,0.17963864318745945,0.2276277498572185,-0.7244718881568318,0.7371298355570913,-0.10548337878152168,0.0,0.0,0.0,0.0,-0.20265443828371904,0.37991715120476516,0.3330201782155627,-0.3779644730092272,-0.7508058875955863,-0.7995900589021115,0.7995900589021115,-0.408248290463863,-0.7250102411641544,-0.9390096540689999,-0.44721359549995787,1.0641602595597024,17,6,0.1
0.0020307961102210177,-0.2013902232703757,-0.200753775754973,-0.5497154839363793,-0.5100608450409254,-0.1976444385925112,0.0,0.45811076018627983,-0.331124340588225,-0.9473309334313376,-0.5327478577075354,-1.0817165749318618,1.058762483368768,1.5351485382472794,0.5405225938031802,0.6586497803370824,1.0724998282562372,0.0795788829100979,-0.259165237953372,0.0,0.0,0.0,0.0,-0.20289358869809132,0.45662009484959426,0.4083072636442098,-0.3779644730092272,-0.7508058875955863,-0.7995900589021115,0.7995900589021115,-0.408248290463863,-0.7250102411641544,-0.7945466303660769,-0.44721359549995787,1.0641602595597024,17,7,0.1
0.0030487511369757703,-0.20143753727584715,-0.2010039825047326,-0.5497154839363793,-0.493660248699711,-0.1976444385925112,0.0,0.45811076018627983,-0.331124340588225,-0.9473309334313376,-0.5327478577075354,-1.0817165749318618,1.058762483368768,1.5351485382472794,-0.4554696665877151,0.5711251456877365,-0.5120352380561245,0.4078935363880414,-0.2699532959178777,0.0,0.0,0.0,0.0,-0.2027149281581458,0.3702330902230484,0.3235148751361559,-0.3779644730092272,-0.7508058875955863,-0.7995900589021115,0.7995900589021115,-0.408248290463863,-0.7250102411641544,-0.6500836066631539,-0.44721359549995787,1.0641602595597024,17,8,0.1
0.002377496581406942,-0.20144561818619777,-0.20187759441643524,-0.9975923088699957,-0.5812198953828216,-0.1976444385925112,0.0,0.45811076018627983,-0.331124340588225,-0.9473309334313376,-0.5327478577075354,-1.0817165749318618,1.058762483368768,1.5351485382472794,0.4324536683249571,0.7412056788499749,-0.5192992851156282,0.3890330592654484,-0.3794892406974164,0.0,0.0,0.0,0.0,-0.20268441415299857,0.2795555042151138,0.23451110500897054,-0.3779644730092272,-0.3321626399020688,-0.7995900589021115,0.7995900589021115,-0.408248290463863,-0.7250102411641544,-0.5056205829602308,-0.44721359549995787,1.0641602595597024,17,9,0.1
0.001875648685533053,-0.20140013145782545,-0.20185956863184434,-0.9975923088699957,-0.5575678369254844,-0.1976444385925112,0.0,0.45811076018627983,-0.331124340588225,-0.9473309334313376,-0.5327478577075354,-1.0817165749318618,1.058762483368768,1.5351485382472794,0.10627355386807799,0.7763461517552831,-0.42757739139620915,-0.0830168578447966,-0.5722912975613003,0.0,0.0,0.0,0.0,-0.20285617478434606,-0.08554617982489301,0.24402692605384796,2.6457513110645903,1.380462804415029,-0.7995900589021115,0.7995900589021115,-0.408248290463863,-0.7250102411641544,-0.3611575592573077,-0.44721359549995787,1.0641602595597024,17,10,0.1
0.001210507283581938,-0.20135774964421468,-0.20137391567039548,-1.445469133803612,-0.6195835713384249,-0.1976444385925112,0.0,0.45811076018627983,3.020013564160076,-0.9473309334313376,-0.5327478577075354,-1.0817165749318618,0.08076650333634722,1.5351485382472794,0.9135277660669626,0.8470819898974727,0.22746638169023564,-0.5153874332118549,-0.6321003387087881,0.0,0.0,0.0,0.0,-0.20301621107017995,-0.17147848934638854,0.13859431778944045,2.6457513110645903,1.7835556035140303,-0.7995900589021115,0.7995900589021115,-0.408248290463863,-0.7250102411641544,-0.21669453555438475,-0.44721359549995787,-0.037373465677697615,17,11,0.1
0.001707128875946961,-0.20141412363046365,-0.20158399789679277,-0.9975923088699957,-0.5991357999932223,-0.1976444385925112,0.0,0.45811076018627983,-0.331124340588225,-0.9473309334313376,-0.5327478577075354,-1.0817165749318618,0.47485489623251087,1.5351485382472794,1.881883264241973,0.5257694441092305,-0.2697049829407501,-0.12285529723835147,-0.5374673574152187,0.0,0.0,0.0,0.0,-0.20280333949607057,-0.15501430719153567,0.1587946554411618,2.6457513110645903,1.7063251263322745,-0.7995900589021115,0.7995900589021115,-0.408248290463863,-0.7250102411641544,-0.07223151185146165,-0.44721359549995787,0.5133933969410024,17,12,0.1
0.0023211406221313445,-0.2015000595175995,-0.2009540680328408,-0.9975923088699957,-0.5651776864591591,-0.1976444385925112,0.0,0.45811076018627983,-0.331124340588225,-0.9473309334313376,-0.5327478577075354,-1.0817165749318618,0.4179695509756343,1.5351485382472794,0.09545662612414374,0.2777452107256202,-0.5330585489144073,0.4983220872019088,-0.24247779395492683,0.0,0.0,0.0,0.0,-0.2024788404002235,0.19609428583549068,0.15259049571369407,-0.3779644730092272,0.059338721113252356,-0.5535623484706925,0.5535623484706925,-0.408248290463863,-0.7250102411641544,0.07223151185146126,-0.44721359549995787,0.5133933969410024,17,13,0.1
0.003503267796174514,-0.20154087388813693,-0.20016078090606662,-1.445469133803612,-0.5961331458895934,-0.1976444385925112,0.0,0.45811076018627983,3.020013564160076,-0.9473309334313376,-0.5327478577075354,-1.0817165749318618,-0.039553151609766676,1.5351485382472794,2.7408912449262144,0.4891961427841188,-0.4309475127041629,0.7412962042006752,-0.38628824377913323,0.0,0.0,0.0,0.0,-0.20232472287402603,0.09827637895744493,0.056578207767098376,-0.3779644730092272,0.5181846907495485,-0.30753463803927367,0.30753463803927367,-0.408248290463863,-0.7250102411641544,0.21669453555438456,2.2360679774997894,-0.037373465677697615,17,14,0.1
0.0046432642343721625,-0.2015662143962248,-0.1994819649049176,-1.445469133803612,-0.5542450105427527,-0.1976444385925112,0.0,0.45811076018627983,3.020013564160076,-0.9473309334313376,-0.5327478577075354,-1.0817165749318618,-0.006737261403700362,1.5351485382472794,1.6008925064112762,0.7400593773316129,-0.14921796503779416,0.8555316781346625,-0.4587504732891768,0.0,0.0,0.0,0.0,-0.20222903558624805,0.12106606413980671,0.07894721857274946,-0.3779644730092272,0.41128243196124814,-0.06150692760785473,0.06150692760785473,-0.408248290463863,-0.7250102411641544,0.36115755925730747,2.2360679774997894,-0.037373465677697615,17,15,0.3
0.004648551491295814,-0.20155206440434095,-0.19947839509359577,-1.445469133803612,-0.5451647907122675,-0.1976444385925112,0.0,0.45811076018627983,3.020013564160076,-0.9473309334313376,-0.5327478577075354,-1.0817165749318618,-0.10108660052911314,1.5351485382472794,1.0206547295438853,0.7930184144546084,-0.15292668669748702,0.6594261500916242,-0.5070916137902756,0.0,0.0,0.0,0.0,-0.20228246680951903,0.05554318109960989,0.014633821217091265,-0.3779644730092272,0.7186383319339197,0.18452078282356418,-0.18452078282356418,-0.408248290463863,-0.7250102411641544,0.5056205829602304,2.2360679774997894,-0.037373465677697615,17,16,0.1
0.0035590955678674718,-0.20155054257960428,-0.20059335838568657,-0.9975923088699957,-0.5970329613588972,-0.1976444385925112,0.0,0.45811076018627983,-0.331124340588225,-0.9473309334313376,-0.5327478577075354,-1.0817165749318618,-0.4530140502910748,1.5351485382472794,0.039401300524504766,0.4624704132300492,-0.36286007556891264,0.5655085143723997,-0.42474540611054723,0.0,0.0,0.0,0.0,-0.20228821331156321,0.011604725887783222,-0.02849357486373117,-0.3779644730092272,0.9247456156557771,0.4305484932549831,-0.4305484932549831,-0.408248290463863,-0.7250102411641544,0.6500836066631537,2.2360679774997894,-0.5881403282963976,17,17,0.1
0.001751484152914362,-0.20146894675265023,-0.20138233933885127,-0.9975923088699957,-0.5701738322403703,-0.1976444385925112,0.0,0.45811076018627983,-0.331124340588225,-0.9473309334313376,-0.5327478577075354,-1.0817165749318618,-0.4732148872692161,1.5351485382472794,1.3361987609740726,0.2733860556188985,-0.4302853217215342,-0.13242078232727345,-0.35323242882872846,0.0,0.0,0.0,0.0,-0.20259632407825173,0.009360102506799648,-0.0306967647832961,-0.3779644730092272,0.9352747347566363,0.676576203686402,-0.676576203686402,-0.408248290463863,-0.7250102411641544,0.7945466303660766,-0.44721359549995787,-0.5881403282963976,17,18,0.1
0.0009037753345837499,-0.2014772140727366,-0.20119900500270874,-0.9975923088699957,-0.6070417304687606,-0.1976444385925112,0.0,0.45811076018627983,-0.331124340588225,-0.9473309334313376,-0.5327478577075354,-1.0817165749318618,-1.1271543790448286,1.5351485382472794,1.1810330469130519,0.448454592033124,-0.2617315654392304,-0.14037187257366268,-0.46477672943807935,0.0,0.0,0.0,0.0,-0.2025651061786929,-0.06863880402182762,-0.10725589094087079,-0.3779644730092272,1.3011533866206477,0.922603914117821,-0.922603914117821,-0.408248290463863,-0.7250102411641544,0.9390096540689995,-0.44721359549995787,-1.1389071909150976,17,19,0.1
0.0014975763472641868,-0.20157109222574787,-0.20104530740107193,-1.445469133803612,-0.5235915256129908,-0.1976444385925112,0.0,0.45811076018627983,3.020013564160076,-0.9473309334313376,-0.5327478577075354,-1.0817165749318618,-0.08277728553736119,1.5351485382472794,1.7161349082108464,0.27672816998453964,-0.3399507311574241,0.4836030638922557,-0.3191014024753168,0.0,0.0,0.0,0.0,-0.20221061660760378,0.06825847000222754,0.027114398837346013,-0.3779644730092272,0.6589932296010597,1.1686316245492399,-1.1686316245492399,-0.408248290463863,-0.7250102411641544,1.0834726777719228,-0.44721359549995787,-0.037373465677697615,17,20,0.1
0.0016067533107931306,-0.20149385953499027,-0.20111133597676123,-0.9975923088699957,-0.49946954514949055,-0.1976444385925112,0.0,0.45811076018627983,-0.331124340588225,-0.9473309334313376,-0.5327478577075354,-1.0817165749318618,-0.6545127290788866,1.5351485382472794,1.190329127116618,-0.2075980754654865,-0.46436832710812953,-0.1548597490769823,-0.11578065391868986,0.0,0.0,0.0,0.0,-0.20250225190870977,-0.01078487342108855,-0.050469884973621676,-0.3779644730092272,1.0297711445444264,1.4146593349806589,-1.4146593349806589,-0.408248290463863,-0.7250102411641544,1.2279357014748458,-0.44721359549995787,-0.5881403282963976,17,21,0.1
0.0015169958262956503,-0.2014626253123055,-0.20104425410054266,-0.9975923088699957,-0.6424579985033563,-0.1976444385925112,0.0,0.45811076018627983,-0.331124340588225,-0.9473309334313376,-0.5327478577075354,-1.0817165749318618,-1.1271543790448286,1.5351485382472794,0.6681701046806411,0.012187609178917555,-0.34845511574181576,-0.4463869419566832,-0.3012673126495946,0.0,0.0,0.0,0.0,-0.20262019421847707,-0.09435810134066178,-0.13250043622682436,-0.3779644730092272,1.421797921893088,1.6606870454120777,-1.6606870454120777,-0.408248290463863,-0.7250102411641544,1.3723987251777687,-0.44721359549995787,-1.1389071909150976,17,22,0.1
0.0017047947843433313,-0.20145981765729487,-0.2011897716785696,-0.9975923088699957,-0.6161116901791824,-0.1976444385925112,0.0,0.45811076018627983,-0.331124340588225,-0.9473309334313376,-0.5327478577075354,-1.0817165749318618,-1.1271543790448286,1.5351485382472794,0.8036604710524365,0.19228845126997088,-0.25885270866588744,-0.5287283920971214,-0.37837239647577375,0.0,0.0,0.0,0.0,-0.20263079609323228,-0.08670616150333349,-0.12498974340523777,-0.3779644730092272,1.3859040670119473,1.9067147558434967,-1.9067147558434967,-0.408248290463863,-0.7250102411641544,1.516861748880692,-0.44721359549995787,-1.1389071909150976,17,23,0.1
0.0015664771481407678,-0.20150152922749912,-0.20123039177149787,-0.9975923088699957,-0.5572765920023593,-0.1976444385925112,0.0,0.45811076018627983,-0.331124340588225,-0.9473309334313376,-0.5327478577075354,-1.0817165749318618,-0.6804146701580555,1.5351485382472794,-0.019566055595225906,0.17036958702719524,-0.3315211471238175,-0.29664821914871453,-0.3229004516132386,0.0,0.0,0.0,0.0,-0.20247329068694916,-0.01366297706709466,-0.05329486175772954,-0.3779644730092272,1.0432718040894307,2.1527424662749155,-2.1527424662749155,-0.408248290463863,-0.7250102411641544,1.6613247725836149,-0.44721359549995787,-0.5881403282963976,17,24,0.0
0.002004775973618343,-0.2015351414798735,-0.20289249523628836,-0.5497154839363793,-1.0667605400279985,-1.6037731453035462,1.118033988749895,0.45811076018627983,-0.331124340588225,-1.894661866862679,-1.1908481525227308,-1.1697136607654002,1.058762483368768,0.871812750115739,0.8582425493215929,0.26136279789232547,2.4119963984560537,2.937659673749449,-0.47596781300931984,0.0,0.0,0.0,0.0,-0.20122110160548679,-0.2010920231884837,-0.23726415858799615,-0.3779644730092272,-0.7508058875955863,-0.7995900589021115,0.7995900589021115,-0.408248290463863,-0.7250102411641544,-1.661324772583615,-0.44721359549995787,1.0641602595597024,18,1,0.1
-0.014953567201613217,-0.20126598043601912,-0.1969261818877741,-0.5497154839363793,-1.0433112520815313,-1.6037731453035462,1.118033988749895,0.45811076018627983,-0.331124340588225,-1.894661866862679,-1.1908481525227308,-1.1697136607654002,1.058762483368768,0.871812750115739,0.49095922278948717,0.833511276578903,2.4119963984560537,0.7521355656555636,-0.6485413258259726,0.0,0.0,0.0,0.0,-0.20223746995029626,-0.21193891266201786,-0.2479108255296259,-0.3779644730092272,-0.7508058875955863,-0.7995900589021115,0.7995900589021115,-0.408248290463863,-0.7250102411641544,-1.5168617488806921,-0.44721359549995787,1.0641602595597024,18,2,0.1
-0.010311817048730904,-0.20114416613512792,-0.19565076765334674,-0.5497154839363793,-1.0384638052453263,-1.6037731453035462,1.118033988749895,0.45811076018627983,-0.331124340588225,-1.894661866862679,-1.1908481525227308,-1.1697136607654002,1.058762483368768,0.871812750115739,0.06699378384178334,0.267351271717451,2.4119963984560537,-0.25235425308154846,-0.45715092343057406,0.0,0.0,0.0,0.0,-0.2026974481016587,-0.16641536894427603,-0.2032276000622622,-0.3779644730092272,-0.7508058875955863,-0.7995900589021115,0.7995900589021115,-0.408248290463863,-0.7250102411641544,-1.3723987251777692,-0.44721359549995787,1.0641602595597024,18,3,0.1
-0.00577808341336625,-0.20116398382108483,-0.19598258602412694,-0.5497154839363793,-1.0293833551160354,-1.6037731453035462,1.118033988749895,0.45811076018627983,-0.331124340588225,-1.894661866862679,-1.1908481525227308,-1.1697136607654002,1.058762483368768,0.871812750115739,-0.2435858882925342,0.6797080877589521,-0.8462858443018708,-0.15701729157029368,-0.5914297611634121,0.0,0.0,0.0,0.0,-0.20262261532353623,-0.1742580829007115,-0.21092554550702505,-0.3779644730092272,-0.7508058875955863,-0.7995900589021115,0.7995900589021115,-0.408248290463863,-0.7250102411641544,-1.2279357014748462,-0.44721359549995787,1.0641602595597024,18,4,0.1
-0.003559178214520324,-0.20114458730141602,-0.19627906327938707,-0.5497154839363793,-1.0565825080107751,-1.6037731453035462,1.118033988749895,0.45811076018627983,-0.331124340588225,-1.894661866862679,-1.1908481525227308,-1.1697136607654002,1.058762483368768,0.871812750115739,0.34495973794142737,0.8066503810146274,-0.7403499751122228,-0.3591402936015494,-0.6363872570805637,0.0,0.0,0.0,0.0,-0.20269585775233848,-0.20001007684577654,-0.23620218387279135,-0.3779644730092272,-0.7508058875955863,-0.7995900589021115,0.7995900589021115,-0.408248290463863,-0.7250102411641544,-1.0834726777719228,-0.44721359549995787,1.0641602595597024,18,5,0.1
-0.001184533708848174,-0.20124967110251535,-0.1968552580695398,-0.5497154839363793,-1.075197580154625,-1.6037731453035462,1.118033988749895,0.45811076018627983,-0.331124340588225,-1.894661866862679,-1.1908481525227308,-1.1697136607654002,1.058762483368768,0.871812750115739,0.8516475453997203,0.43626963607810026,-0.5739006668069799,0.3710542015659069,-0.5322100771053233,0.0,0.0,0.0,0.0,-0.20229905497783515,-0.1955825346111266,-0.23185636955825167,-0.3779644730092272,-0.7508058875955863,-0.7995900589021115,0.7995900589021115,-0.408248290463863,-0.7250102411641544,-0.9390096540689999,-0.44721359549995787,1.0641602595597024,18,6,0.1
0.0015012897695241099,-0.20115061779802992,-0.20062826686011656,-0.5497154839363793,-1.066321423859477,-1.6037731453035462,1.118033988749895,0.45811076018627983,-0.331124340588225,-1.894661866862679,-1.1908481525227308,-1.1697136607654002,1.058762483368768,0.871812750115739,1.2688818710294643,0.5728234183433593,1.0142396655904236,-0.4201316184672964,-0.5830022951040403,0.0,0.0,0.0,0.0,-0.20267308623319857,-0.21394421999854155,-0.24987911693516326,-0.3779644730092272,-0.7508058875955863,-0.7995900589021115,0.7995900589021115,-0.408248290463863,-0.7250102411641544,-0.7945466303660769,-0.44721359549995787,1.0641602595597024,18,7,0.1
0.0032408686094439194,-0.20126850291724163,-0.2005990675534917,-0.9975923088699957,-1.0305392200965475,-1.6037731453035462,1.118033988749895,0.45811076018627983,-0.331124340588225,-1.894661866862679,-1.1908481525227308,-1.1697136607654002,1.058762483368768,0.871812750115739,0.03326406217266264,0.2303841989958054,-0.42117044136843945,0.3892801653304174,-0.4906817954093151,0.0,0.0,0.0,0.0,-0.20222794490897447,-0.24363306725882528,-0.2790199383137137,-0.3779644730092272,-0.6726478232460376,-0.7995900589021115,0.7995900589021115,-0.408248290463863,-0.7250102411641544,-0.6500836066631539,-0.44721359549995787,1.0641602595597024,18,8,0.1
0.002388196270893247,-0.20115204435963477,-0.2006439219828969,-0.9975923088699957,-1.0321945299777084,-1.6037731453035462,1.118033988749895,0.45811076018627983,-0.331124340588225,-1.894661866862679,-1.1908481525227308,-1.1697136607654002,1.058762483368768,0.871812750115739,-0.16877437768639914,0.4850675379601185,-0.4241740480072187,-0.5119447069191851,-0.5712247470911817,0.0,0.0,0.0,0.0,-0.2026676994504891,-0.23871154986440998,-0.2741892671177347,-0.3779644730092272,-0.7059895355089203,-0.7995900589021115,0.7995900589021115,-0.408248290463863,-0.7250102411641544,-0.5056205829602308,-0.44721359549995787,1.0641602595597024,18,9,0.1
0.0026849018385429824,-0.20125515052795617,-0.2004683581195244,-0.9975923088699957,-1.0499105969431748,-1.6037731453035462,1.118033988749895,0.45811076018627983,-0.331124340588225,-1.894661866862679,-1.1908481525227308,-1.1697136607654002,1.058762483368768,0.871812750115739,0.5855653817840866,0.43606888487976286,-0.3023879926798848,0.17641491653484156,-0.7231054909782312,0.0,0.0,0.0,0.0,-0.20227836433670066,-0.5340078436092461,-0.3062024717438772,2.6457513110645903,1.294548767882724,-0.7995900589021115,0.7995900589021115,-0.408248290463863,-0.7250102411641544,-0.3611575592573077,-0.44721359549995787,1.0641602595597024,18,10,0.1
0.001492348522032384,-0.20115331081279506,-0.20053433235231127,-0.9975923088699957,-1.0145551856234176,-1.6037731453035462,1.118033988749895,0.45811076018627983,-0.331124340588225,-1.894661866862679,-1.1908481525227308,-1.1697136607654002,1.058762483368768,0.871812750115739,-0.17980434616662655,0.48392738521333345,0.2020995479055331,-0.601256281736026,-0.7287583904382956,0.0,0.0,0.0,0.0,-0.20266291724692848,-0.5239049317363478,-0.2938069437316957,2.6457513110645903,1.2261047589139296,-0.7995900589021115,0.7995900589021115,-0.408248290463863,-0.7250102411641544,-0.21669453555438475,-0.44721359549995787,1.0641602595597024,18,11,0.1
0.0017892066670355893,-0.20117516137309582,-0.2006811347264493,-0.9975923088699957,-1.0448458108058956,-1.6037731453035462,1.118033988749895,0.45811076018627983,-0.331124340588225,-1.894661866862679,-1.1908481525227308,-1.1697136607654002,1.058762483368768,0.871812750115739,0.3134974329568923,0.2195740971523752,-0.17193546684103475,-0.4957108914776451,-0.677542473486511,0.0,0.0,0.0,0.0,-0.20258040821260465,-0.5522189539743624,-0.32854616151407795,2.6457513110645903,1.4179232382178928,-0.7995900589021115,0.7995900589021115,-0.408248290463863,-0.7250102411641544,-0.07223151185146165,-0.44721359549995787,1.0641602595597024,18,12,0.1
0.0018727032061359747,-0.20126032693642498,-0.2006191873425127,-0.9975923088699957,-1.0229676425371317,-1.6037731453035462,1.118033988749895,0.45811076018627983,-0.331124340588225,-1.894661866862679,-1.1908481525227308,-1.1697136607654002,1.058762483368768,0.871812750115739,0.35970151419746943,0.7495813524158815,-0.25396941470770285,0.04777000533696227,-0.6733248747178937,0.0,0.0,0.0,0.0,-0.20225881790593878,-0.3015313781455177,-0.3358495053520402,-0.3779644730092272,-0.2804052144356751,-0.5535623484706925,0.5535623484706925,-0.408248290463863,-0.7250102411641544,0.07223151185146126,-0.44721359549995787,1.0641602595597024,18,13,0.1
0.0036939727736488054,-0.2013322436833221,-0.1999448410153219,-1.445469133803612,-1.0623010958741337,-1.6037731453035462,1.118033988749895,0.45811076018627983,3.020013564160076,-1.894661866862679,-1.1908481525227308,-1.1697136607654002,-0.06902860226975784,0.871812750115739,0.9090333466536428,0.49643781854329716,-0.2852393999480633,0.48961671120207795,-0.6578124696391996,0.0,0.0,0.0,0.0,-0.20198725592965422,-0.3898454791566412,-0.4225334180081988,-0.3779644730092272,0.3178946814479345,-0.30753463803927367,0.30753463803927367,-0.408248290463863,-0.7250102411641544,0.21669453555438456,2.2360679774997894,-0.037373465677697615,18,14,0.1
0.0027473959429451657,-0.20121326519671195,-0.20025978598403524,-1.445469133803612,-1.0497653712779744,-1.6037731453035462,1.118033988749895,0.45811076018627983,3.020013564160076,-1.894661866862679,-1.1908481525227308,-1.1697136607654002,-0.07554299550224808,0.871812750115739,1.7067149835741486,0.2160057928121551,-0.23148772208681,-0.3782429775332145,-0.5769713853112828,0.0,0.0,0.0,0.0,-0.20243652587515684,-0.39145948445908607,-0.42411763041665757,-0.3779644730092272,0.3288290531207745,-0.06150692760785473,0.06150692760785473,-0.408248290463863,-0.7250102411641544,0.36115755925730747,2.2360679774997894,-0.037373465677697615,18,15,0.1
0.003254936806258996,-0.2012549621203547,-0.2002603368221762,-0.9975923088699957,-1.0616370468772915,-1.6037731453035462,1.118033988749895,0.45811076018627983,-0.331124340588225,-1.894661866862679,-1.1908481525227308,-1.1697136607654002,-1.1271543790448286,0.871812750115739,1.3958899795972395,0.29330924090563,-0.13439528700809206,-0.1447723991519322,-0.6397027135467614,0.0,0.0,0.0,0.0,-0.20227907577517365,-0.45532107351113893,-0.4868003995791313,-0.3779644730092272,0.7614709714933865,0.18452078282356418,-0.18452078282356418,-0.408248290463863,-0.7250102411641544,0.5056205829602304,2.2360679774997894,-1.1389071909150976,18,16,0.1
0.002083228485914591,-0.20121089229037545,-0.20068295331447483,-0.9975923088699957,-1.0769807948451318,-1.6037731453035462,1.118033988749895,0.45811076018627983,-0.331124340588225,-1.894661866862679,-1.1908481525227308,-1.1697136607654002,-1.1271543790448286,0.871812750115739,1.0024425358647573,0.12587344236755743,-0.23276690351017282,-0.48939051301460157,-0.5938623855534192,0.0,0.0,0.0,0.0,-0.2024454861126826,-0.465332591597272,-0.4966271152383282,-0.3779644730092272,0.8292958166765567,0.4305484932549831,-0.4305484932549831,-0.408248290463863,-0.7250102411641544,0.6500836066631537,2.2360679774997894,-1.1389071909150976,18,17,0.1
0.001628601929434525,-0.2012830042226984,-0.20104990100175793,-0.9975923088699957,-1.0590134630839994,-1.6037731453035462,1.118033988749895,0.45811076018627983,-0.331124340588225,-1.894661866862679,-1.1908481525227308,-1.1697136607654002,-1.1271543790448286,0.871812750115739,0.6837330588842095,0.2228172204542106,-0.21253644759894696,-0.057641215225171454,-0.6263041181076471,0.0,0.0,0.0,0.0,-0.20217318710445117,-0.467752887483917,-0.49900273492802627,-0.3779644730092272,0.845692550158618,0.676576203686402,-0.676576203686402,-0.408248290463863,-0.7250102411641544,0.7945466303660766,-0.44721359549995787,-1.1389071909150976,18,18,0.1
0.001798443679481319,-0.20127629004203598,-0.20102772219080797,-0.9975923088699957,-1.0663961480097428,-1.6037731453035462,1.118033988749895,0.45811076018627983,-0.331124340588225,-1.894661866862679,-1.1908481525227308,-1.1697136607654002,-1.1271543790448286,0.871812750115739,1.367968536907025,0.03420033666049665,-0.2611344003111752,-0.15143506837649817,-0.5885782385428017,0.0,0.0,0.0,0.0,-0.20219854025581693,-0.5048842434860122,-0.5354486839173607,-0.3779644730092272,1.0972456563525272,0.922603914117821,-0.922603914117821,-0.408248290463863,-0.7250102411641544,0.9390096540689995,-0.44721359549995787,-1.1389071909150976,18,19,0.1
0.0023399075730009926,-0.20122328027235645,-0.20159324884317145,-0.9975923088699957,-1.0163448110303908,-1.6037731453035462,1.118033988749895,0.45811076018627983,-0.331124340588225,-1.894661866862679,-1.1908481525227308,-1.1697136607654002,-0.5325033556026358,0.871812750115739,0.7019489791434188,0.07190633897141402,-0.2682132345342192,-0.5447654417375675,-0.5431718622806182,0.0,0.0,0.0,0.0,-0.20239870834513765,-0.41661475517567437,-0.44880856045697026,-0.3779644730092272,0.499247997302329,1.1686316245492399,-1.1686316245492399,-0.408248290463863,-0.7250102411641544,1.0834726777719228,-0.44721359549995787,-0.5881403282963976,18,20,0.1
0.0024018483005600957,-0.20129298819952574,-0.20153683919213886,-0.5497154839363793,-1.062123891964915,-1.6037731453035462,1.118033988749895,0.45811076018627983,-0.331124340588225,-1.894661866862679,-1.1908481525227308,-1.1697136607654002,-1.1271543790448286,0.871812750115739,-0.08139015649767543,0.12550104652587227,-0.15050432820875226,-0.13968792361513552,-0.6357869429694076,0.0,0.0,0.0,0.0,-0.20213548700544237,-0.5305034180364413,-0.560594954599237,-0.3779644730092272,1.2708074012002173,1.4146593349806589,-1.4146593349806589,-0.408248290463863,-0.7250102411641544,1.2279357014748458,-0.44721359549995787,-1.1389071909150976,18,21,0.1
0.0028405248787291846,-0.20130835829084598,-0.20129618922017228,-0.9975923088699957,-1.0773174372154555,-1.6037731453035462,1.118033988749895,0.45811076018627983,-0.331124340588225,-1.894661866862679,-1.1908481525227308,-1.1697136607654002,-1.1271543790448286,0.871812750115739,0.4949187749751577,0.33883297738812374,-0.10651060020731233,-0.08910229331693448,-0.6844965334230679,0.0,0.0,0.0,0.0,-0.20207744861306945,-0.5095458751831209,-0.5400242666413072,-0.3779644730092272,1.1288267258204323,1.6606870454120777,-1.6606870454120777,-0.408248290463863,-0.7250102411641544,1.3723987251777687,-0.44721359549995787,-1.1389071909150976,18,22,0.1
0.0023443776934022695,-0.20128755254807085,-0.20171152995796646,-0.9975923088699957,-1.064030403546641,-1.6037731453035462,1.118033988749895,0.45811076018627983,-0.331124340588225,-1.894661866862679,-1.1908481525227308,-1.1697136607654002,-1.1271543790448286,0.871812750115739,0.19586753109950272,-0.21648059978425396,-0.3664534794108657,-0.2685559922410784,-0.4920187256057541,0.0,0.0,0.0,0.0,-0.20215601235336433,-0.5094235298624696,-0.5399041796906636,-0.3779644730092272,1.1279978752544475,1.9067147558434967,-1.9067147558434967,-0.408248290463863,-0.7250102411641544,1.516861748880692,-0.44721359549995787,-1.1389071909150976,18,23,0.1
0.0027480222219097494,-0.20131722974371927,-0.20154577442710275,-0.9975923088699957,-1.0249227605684372,-1.6037731453035462,1.118033988749895,0.45811076018627983,-0.331124340588225,-1.894661866862679,-1.1908481525227308,-1.1697136607654002,-1.1271543790448286,0.871812750115739,-0.23523698036769813,-0.08735236056166591,-0.32341678226658677,-0.12789867148364303,-0.5111439367273296,0.0,0.0,0.0,0.0,-0.20204394947164916,-0.4599745049567881,-0.4913679334199078,-0.3779644730092272,0.7929964868704013,2.1527424662749155,-2.1527424662749155,-0.408248290463863,-0.7250102411641544,1.6613247725836149,-0.44721359549995787,-1.1389071909150976,18,24,0.0
0.002004775973618343,-0.20167558105450117,-0.20289249523628836,0.3460381659308536,-0.6693164411005796,-1.423822943028113,-1.118033988749895,-1.4004873931646307,-0.331124340588225,1.420996400147024,-0.09401432783073875,-0.2904350415705322,-1.1271543790448286,-1.1181946142788823,-0.9224520970158699,-1.0556136862595376,2.4119963984560537,3.580846046445159,0.45178121386805714,0.0,0.0,0.0,0.0,-0.20147848032816057,-0.3397772499219073,-0.37338939728963266,-0.3779644730092272,-0.7508058875955863,-0.7995900589021115,0.7995900589021115,-0.408248290463863,-0.7250102411641544,-1.661324772583615,-0.44721359549995787,-1.1389071909150976,19,1,0.1
-0.014094188491416632,-0.20142005997938153,-0.1972285299778613,0.3460381659308536,-0.4508819808989666,-1.423822943028113,-1.118033988749895,-1.4004873931646307,-0.331124340588225,1.420996400147024,-0.09401432783073875,-0.2904350415705322,-1.1271543790448286,-1.1181946142788823,0.02685295955253102,-0.8630619123207021,2.4119963984560537,1.173537476873761,0.3257727277218247,0.0,0.0,0.0,0.0,-0.20244334332788877,-0.20218701647454196,-0.23833893941326692,-0.3779644730092272,-0.7508058875955863,-0.7995900589021115,0.7995900589021115,-0.408248290463863,-0.7250102411641544,-1.5168617488806921,-0.44721359549995787,-1.1389071909150976,19,2,0.1
-0.008646527968836928,-0.2013374682969119,-0.1965118650593838,1.2417918157980865,-0.9610782230631966,-1.423822943028113,-1.118033988749895,-1.4004873931646307,-0.331124340588225,1.420996400147024,-0.09401432783073875,-0.2904350415705322,-1.1271543790448286,-1.1181946142788823,-0.9715135676499228,-0.8086850297507618,2.4119963984560537,0.353865846653234,-0.17148685308912798,0.0,0.0,0.0,0.0,-0.20275521450510153,-0.576378471167673,-0.605623200974337,-0.3779644730092272,-0.2061984878175158,-0.7995900589021115,0.7995900589021115,-0.408248290463863,-0.7250102411641544,-1.3723987251777692,-0.44721359549995787,-1.1389071909150976,19,3,0.1
-0.004795869160581242,-0.20134331452817386,-0.1967941574089472,0.79391499086447,-0.7166332337979507,-1.423822943028113,-1.118033988749895,-1.4004873931646307,-0.331124340588225,1.420996400147024,-0.09401432783073875,-0.2904350415705322,-1.1271543790448286,-1.1181946142788823,0.06910581799430404,-0.9331125153587692,-0.9449589109845429,0.3233674307214007,0.18762790257695927,0.0,0.0,0.0,0.0,-0.2027331387830506,-0.3939320606180737,-0.42654456533811924,-0.3779644730092272,-0.7508058875955863,-0.7995900589021115,0.7995900589021115,-0.408248290463863,-0.7250102411641544,-1.2279357014748462,-0.44721359549995787,-1.1389071909150976,19,4,0.1
-0.003072931599886887,-0.20131098957046809,-0.19694909286640458,0.79391499086447,-0.8046156498058334,-1.423822943028113,-1.118033988749895,-1.4004873931646307,-0.331124340588225,1.420996400147024,-0.09401432783073875,-0.2904350415705322,-1.1271543790448286,-1.1181946142788823,0.012162624066270946,-0.8070683574433776,-0.8766880094202162,-0.03251994023778165,-0.03967349416076198,0.0,0.0,0.0,0.0,-0.2028551997740803,-0.4587677016414656,-0.49018340646463265,-0.3779644730092272,-0.7508058875955863,-0.7995900589021115,0.7995900589021115,-0.408248290463863,-0.7250102411641544,-1.0834726777719228,-0.44721359549995787,-1.1389071909150976,19,5,0.1
-0.0023879749593350985,-0.20125180507970714,-0.1968155329659954,0.3460381659308536,-0.4990727806667,-1.423822943028113,-1.118033988749895,-1.4004873931646307,-0.331124340588225,1.420996400147024,-0.09401432783073875,-0.2904350415705322,-1.1271543790448286,-1.1181946142788823,-0.1700015212965162,-1.015474682794492,-0.8345980429562136,-0.6052092126965922,0.5926329432560092,0.0,0.0,0.0,0.0,-0.2030786839828339,-0.1857321299279182,-0.22218779331265814,-0.3779644730092272,-0.7508058875955863,-0.7995900589021115,0.7995900589021115,-0.408248290463863,-0.7250102411641544,-0.9390096540689999,-0.44721359549995787,-1.1389071909150976,19,6,0.1
-0.00021960340320160157,-0.20123078708841027,-0.20012141578866638,0.79391499086447,-0.7471990584387299,-1.423822943028113,-1.118033988749895,-1.4004873931646307,-0.331124340588225,1.420996400147024,-0.09401432783073875,-0.2904350415705322,-1.1271543790448286,-1.1181946142788823,-0.32763869990944205,-1.0247269107032166,0.9152102750112943,-0.8451233532530499,0.29521692849394127,0.0,0.0,0.0,0.0,-0.20315804918635566,-0.4144084681233495,-0.44664299921648315,-0.3779644730092272,-0.7508058875955863,-0.7995900589021115,0.7995900589021115,-0.408248290463863,-0.7250102411641544,-0.7945466303660769,-0.44721359549995787,-1.1389071909150976,19,7,0.1
0.0005058615916079202,-0.20125028737613357,-0.20090665132152974,1.2417918157980865,-0.9208272774413899,-1.423822943028113,-1.118033988749895,-1.4004873931646307,-0.331124340588225,1.420996400147024,-0.09401432783073875,-0.2904350415705322,-1.1271543790448286,-1.1181946142788823,-0.5167385131159643,-0.9998671443517584,-0.5671615918763767,-0.7461242965861492,-0.0021700506360517835,0.0,0.0,0.0,0.0,-0.20308441492311743,-0.6070364671176777,-0.635715281544894,-0.3779644730092272,0.05585580417144226,-0.7995900589021115,0.7995900589021115,-0.408248290463863,-0.7250102411641544,-0.6500836066631539,-0.44721359549995787,-1.1389071909150976,19,8,0.1
0.0007552762644869542,-0.20124511594490604,-0.2010911061209889,0.79391499086447,-0.8092114621722921,-1.423822943028113,-1.118033988749895,-1.4004873931646307,-0.331124340588225,1.420996400147024,-0.09401432783073875,-0.2904350415705322,-1.1271543790448286,-1.1181946142788823,-1.1344112580503634,-1.0681653874546508,-0.6825541240819569,-0.849578741833485,0.2203813616131443,0.0,0.0,0.0,0.0,-0.20310394255951583,-0.516547971150044,-0.5468971110484573,-0.3779644730092272,-0.7176095841929383,-0.7995900589021115,0.7995900589021115,-0.408248290463863,-0.7250102411641544,-0.5056205829602308,-0.44721359549995787,-1.1389071909150976,19,9,0.1
0.001336255060567985,-0.201236828137201,-0.20172256871757074,0.79391499086447,-0.8598505099084549,-1.423822943028113,-1.118033988749895,-1.4004873931646307,-0.331124340588225,1.420996400147024,-0.09401432783073875,-0.2904350415705322,-1.1271543790448286,-1.1181946142788823,-0.29566287089816157,-1.1477841907031925,-0.6343725432511538,-0.9752972920399006,-0.037676204394653266,0.0,0.0,0.0,0.0,-0.20313523782155918,-0.7688355185243185,-0.59431871575998,2.6457513110645903,1.4388599617163809,-0.7995900589021115,0.7995900589021115,-0.408248290463863,-0.7250102411641544,-0.3611575592573077,-0.44721359549995787,-1.1389071909150976,19,10,0.1
0.002718689916365253,-0.2013285329071188,-0.20144189000521984,0.79391499086447,-0.6597888028281839,-1.423822943028113,-1.118033988749895,-1.4004873931646307,-0.331124340588225,1.420996400147024,-0.09401432783073875,-0.2904350415705322,-1.1271543790448286,-1.1181946142788823,-1.0277477260255572,-1.7793437933392497,-0.8007613285597194,-0.3082965907750359,3.6184629055896966,0.0,0.0,0.0,0.0,-0.20278895507618935,-0.6664792959526493,-0.4687351770663781,2.6457513110645903,0.5639532169825027,-0.7995900589021115,0.7995900589021115,-0.408248290463863,-0.7250102411641544,-0.21669453555438475,-0.44721359549995787,-1.1389071909150976,19,11,0.1
0.0033716181015995966,-0.20133735795542287,-0.20094355519191437,0.79391499086447,-0.7142713743700198,-1.423822943028113,-1.118033988749895,-1.4004873931646307,-0.331124340588225,1.420996400147024,-0.09401432783073875,-0.2904350415705322,-1.1271543790448286,-1.1181946142788823,-0.9904462727019724,-1.716913705460706,-0.6615116645986693,-0.3042177181910869,2.5175856426168086,0.0,0.0,0.0,0.0,-0.202755631161223,-0.6999906753765012,-0.5098511689310106,2.6457513110645903,0.8503972762358113,-0.7995900589021115,0.7995900589021115,-0.408248290463863,-0.7250102411641544,-0.07223151185146165,-0.44721359549995787,-1.1389071909150976,19,12,0.1
0.0031382211088924017,-0.20130253067181725,-0.20107851206039667,1.2417918157980865,-1.0103847692621337,-1.423822943028113,-1.118033988749895,-1.4004873931646307,-0.331124340588225,1.420996400147024,-0.09401432783073875,-0.2904350415705322,-1.1271543790448286,-1.1181946142788823,-0.9181384944204506,-1.0855218462467817,0.07573448192763842,-0.6363846164125874,-0.04982340153608529,0.0,0.0,0.0,0.0,-0.20288714108585976,-0.7201463913333656,-0.7467373117643088,-0.3779644730092272,1.0226815926412303,-0.5535623484706925,0.5535623484706925,-0.408248290463863,-0.7250102411641544,0.07223151185146126,-0.44721359549995787,-1.1389071909150976,19,13,0.1
0.0034983993286125366,-0.20136987584688398,-0.20074846804605373,1.2417918157980865,-0.7771177010004356,-1.423822943028113,-1.118033988749895,-1.4004873931646307,-0.331124340588225,1.420996400147024,-0.09401432783073875,-0.2904350415705322,-1.1271543790448286,-1.1181946142788823,-1.1328526787589355,-0.9643766958573503,-0.3965453516217491,-0.18326876758872013,-0.022197100159535983,0.0,0.0,0.0,0.0,-0.2026328416406901,-0.5890650332468872,-0.6180755820390887,-0.3779644730092272,-0.09775799976787444,-0.30753463803927367,0.30753463803927367,-0.408248290463863,-0.7250102411641544,0.21669453555438456,2.2360679774997894,-1.1389071909150976,19,14,0.1
0.0038930244998274578,-0.2014287784077058,-0.20028578247398424,1.2417918157980865,-0.7431842066631587,-1.423822943028113,-1.118033988749895,-1.4004873931646307,-0.331124340588225,1.420996400147024,-0.09401432783073875,-0.2904350415705322,-1.1271543790448286,-1.1181946142788823,-1.765733784434152,-1.720726693513457,-0.8847707718851398,0.19546319101357665,3.0991955346619227,0.0,0.0,0.0,0.0,-0.2024104220164003,-0.5778154188986072,-0.6070336241137182,-0.3779644730092272,-0.19391593937993554,-0.06150692760785473,0.06150692760785473,-0.408248290463863,-0.7250102411641544,0.36115755925730747,2.2360679774997894,-1.1389071909150976,19,15,0.1
0.0032513078751963344,-0.20139870536575252,-0.20098343463147558,1.2417918157980865,-0.9250551669449102,-1.423822943028113,-1.118033988749895,-1.4004873931646307,-0.331124340588225,1.420996400147024,-0.09401432783073875,-0.2904350415705322,-1.1271543790448286,-1.1181946142788823,-1.303357031330292,-1.7662294615102434,-0.8629160459253429,-0.09547708509730457,2.996518363691015,0.0,0.0,0.0,0.0,-0.2025239796376509,-0.7417254997856052,-0.7679180918532789,-0.3779644730092272,1.207132591865912,0.18452078282356418,-0.18452078282356418,-0.408248290463863,-0.7250102411641544,0.5056205829602304,2.2360679774997894,-1.1389071909150976,19,16,0.1
0.0029417536047156466,-0.20137197390156425,-0.20109341687784976,1.2417918157980865,-0.7049372308000558,-1.423822943028113,-1.118033988749895,-1.4004873931646307,-0.331124340588225,1.420996400147024,-0.09401432783073875,-0.2904350415705322,-1.1271543790448286,-1.1181946142788823,-1.3787625944818898,-1.7432006945483922,-0.7211607605248188,-0.35503924037718665,3.367470315319005,0.0,0.0,0.0,0.0,-0.2026249192596049,-0.591992477198999,-0.6209489883575057,-0.3779644730092272,-0.07273518831408603,0.4305484932549831,-0.4305484932549831,-0.408248290463863,-0.7250102411641544,0.6500836066631537,2.2360679774997894,-1.1389071909150976,19,17,0.1
0.002576799502568174,-0.20137084012950143,-0.20119954138525123,1.2417918157980865,-0.6670211119572144,-1.423822943028113,-1.118033988749895,-1.4004873931646307,-0.331124340588225,1.420996400147024,-0.09401432783073875,-0.2904350415705322,-1.1271543790448286,-1.1181946142788823,-0.8806603700510698,-1.8012591470132278,-0.6573069397435124,-0.4229211721186717,4.55087949182909,0.0,0.0,0.0,0.0,-0.20262920045133445,-0.5850199637785092,-0.6141051804331121,-0.3779644730092272,-0.13233390020541747,0.676576203686402,-0.676576203686402,-0.408248290463863,-0.7250102411641544,0.7945466303660766,-0.44721359549995787,-1.1389071909150976,19,18,0.1
0.0020561263231236716,-0.20141569029816717,-0.2018536502298679,0.79391499086447,-0.4994408110152558,-1.423822943028113,-1.118033988749895,-1.4004873931646307,-0.331124340588225,1.420996400147024,-0.09401432783073875,-0.2904350415705322,-1.1271543790448286,-1.1181946142788823,-1.1623676292867613,-1.8006417602587332,-0.7765175219284545,-0.15960963871941083,4.998946991403573,0.0,0.0,0.0,0.0,-0.20245984350785384,-0.5058780204359319,-0.5364241167569668,-0.3779644730092272,-0.7508058875955863,0.922603914117821,-0.922603914117821,-0.408248290463863,-0.7250102411641544,0.9390096540689995,-0.44721359549995787,-1.1389071909150976,19,19,0.1
0.0008661575249992888,-0.20129230997468534,-0.20092310663495053,0.79391499086447,-0.4299077108484127,-1.423822943028113,-1.118033988749895,-1.4004873931646307,-0.331124340588225,1.420996400147024,-0.09401432783073875,-0.2904350415705322,-1.1271543790448286,-1.1181946142788823,-1.009870487313519,-1.7946942569759565,-0.81179275670908,-1.0945015011500252,5.328510799658049,0.0,0.0,0.0,0.0,-0.20292573505502423,-0.42128127248446123,-0.4533889386091794,-0.3779644730092272,-0.7508058875955863,1.1686316245492399,-1.1686316245492399,-0.408248290463863,-0.7250102411641544,1.0834726777719228,-0.44721359549995787,-1.1389071909150976,19,20,0.1
0.0010416580037726309,-0.2013305281364794,-0.20106067953094642,0.3460381659308536,-0.18580369458250592,-1.423822943028113,-1.118033988749895,-1.4004873931646307,-0.331124340588225,1.420996400147024,-0.09401432783073875,-0.2904350415705322,-1.1271543790448286,-1.1181946142788823,-0.48139949514978436,-1.7754478935345444,-0.7857010477618306,-0.8760282938098136,5.262023701572177,0.0,0.0,0.0,0.0,-0.20278142096971657,-0.34228045315013433,-0.37584639393582986,-0.3779644730092272,-0.7508058875955863,1.4146593349806589,-1.4146593349806589,-0.408248290463863,-0.7250102411641544,1.2279357014748458,-0.44721359549995787,-1.1389071909150976,19,21,0.1
0.0011443677301291324,-0.20132524299641988,-0.20112424303631496,0.3460381659308536,-0.14087905432934894,-1.423822943028113,-1.118033988749895,-1.4004873931646307,-0.331124340588225,1.420996400147024,-0.09401432783073875,-0.2904350415705322,-1.1271543790448286,-1.1181946142788823,0.19311788451202241,-0.8811560721114081,0.18805587493437478,-0.9638520988093395,0.267358693739733,0.0,0.0,0.0,0.0,-0.20280137797752656,-0.27189000854455125,-0.30675528524357276,-0.3779644730092272,-0.7508058875955863,1.6606870454120777,-1.6606870454120777,-0.408248290463863,-0.7250102411641544,1.3723987251777687,-0.44721359549995787,-1.1389071909150976,19,22,0.1
0.0012845380947938947,-0.2013374440978003,-0.2011662486611751,0.3460381659308536,-0.23564545453413654,-1.423822943028113,-1.118033988749895,-1.4004873931646307,-0.331124340588225,1.420996400147024,-0.09401432783073875,-0.2904350415705322,-1.1271543790448286,-1.1181946142788823,-1.2542235848549468,-0.9445887794107164,-0.5053445535474747,-0.9299145354436659,0.26368829992940257,0.0,0.0,0.0,0.0,-0.2027553058824073,-0.34667479292142633,-0.3801596186706677,-0.3779644730092272,-0.7508058875955863,1.9067147558434967,-1.9067147558434967,-0.408248290463863,-0.7250102411641544,1.516861748880692,-0.44721359549995787,-1.1389071909150976,19,23,0.1
0.0010508393669736965,-0.2012836813800776,-0.20099574211042462,0.3460381659308536,-0.19487619626508293,-1.423822943028113,-1.118033988749895,-1.4004873931646307,-0.331124340588225,1.420996400147024,-0.09401432783073875,-0.2904350415705322,-1.1271543790448286,-1.1181946142788823,-1.0258920582348896,-0.8641508301261905,-0.5684789468272575,-1.343821907559022,0.20298245962043437,0.0,0.0,0.0,0.0,-0.20295831714897777,-0.30677452083478196,-0.34099586496750783,-0.3779644730092272,-0.7508058875955863,2.1527424662749155,-2.1527424662749155,-0.408248290463863,-0.7250102411641544,1.6613247725836149,-0.44721359549995787,-1.1389071909150976,19,24,0.0
0.002004775973618343,-0.20190608520042777,-0.20289249523628836,0.79391499086447,-1.0008869600937969,0.9122357483337862,1.118033988749895,-0.4850584519619434,-0.331124340588225,0.47366546671568116,-0.5327478577075354,0.9485958427677503,-1.1271543790448286,0.20847696198419854,0.10753150177646935,-0.3538076318522823,2.4119963984560537,4.220730799675917,-0.5072766292915539,0.0,0.0,0.0,0.0,-0.19926901480896228,-0.6088485783453106,-0.6374939430449368,-0.3779644730092272,-0.37770912985780314,-0.7995900589021115,0.7995900589021115,-0.408248290463863,-0.7250102411641544,-1.661324772583615,-0.44721359549995787,-1.1389071909150976,20,1,0.1
-0.02440623032566036,-0.2014868924791046,-0.19360052975340863,0.3460381659308536,-0.7668955649542897,0.9122357483337862,1.118033988749895,-0.4850584519619434,-0.331124340588225,0.47366546671568116,-0.5327478577075354,0.9485958427677503,-1.1271543790448286,0.20847696198419854,0.5570567166013559,-0.2029411807339218,2.4119963984560537,1.6515940596840104,-0.4540219645962594,0.0,0.0,0.0,0.0,-0.2008519118219415,-0.45148061010525903,-0.48303082721613444,-0.3779644730092272,-0.7508058875955863,-0.7995900589021115,0.7995900589021115,-0.408248290463863,-0.7250102411641544,-1.5168617488806921,-0.44721359549995787,-1.1389071909150976,20,2,0.1
-0.020742102691853632,-0.20118401305661493,-0.18976750793122682,0.3460381659308536,-0.8746517985636714,0.9122357483337862,1.118033988749895,-0.4850584519619434,-0.331124340588225,0.47366546671568116,-0.5327478577075354,0.9485958427677503,-1.1271543790448286,0.20847696198419854,-0.48535918787478305,-0.4438955518453876,2.4119963984560537,-0.20291089906564813,-0.3717700249691357,0.0,0.0,0.0,0.0,-0.2019956027993002,-0.5062314599212117,-0.5367710321093334,-0.3779644730092272,-0.7508058875955863,-0.7995900589021115,0.7995900589021115,-0.408248290463863,-0.7250102411641544,-1.3723987251777692,-0.44721359549995787,-1.1389071909150976,20,3,0.1
-0.012979024093627929,-0.20121430733197504,-0.19005024844320237,0.3460381659308536,-0.8295983708338338,0.9122357483337862,1.118033988749895,-0.4850584519619434,-0.331124340588225,0.47366546671568116,-0.5327478577075354,0.9485958427677503,-1.1271543790448286,0.20847696198419854,0.07948363711304891,-0.3566489812436204,-0.88565521388959,-0.0237248407575031,-0.40261276617758807,0.0,0.0,0.0,0.0,-0.20188120978735433,-0.48440671663730483,-0.5153491513575054,-0.3779644730092272,-0.7508058875955863,-0.7995900589021115,0.7995900589021115,-0.408248290463863,-0.7250102411641544,-1.2279357014748462,-0.44721359549995787,-1.1389071909150976,20,4,0.1
-0.009833522612632227,-0.20110289660769892,-0.18987897153663,0.3460381659308536,-0.7954871776764727,0.9122357483337862,1.118033988749895,-0.4850584519619434,-0.331124340588225,0.47366546671568116,-0.5327478577075354,0.9485958427677503,-1.1271543790448286,0.20847696198419854,-1.085720846843901,-0.35554042737559305,-0.8212880819083057,-0.7073789364463658,-0.3758500476060665,0.0,0.0,0.0,0.0,-0.20230190340558768,-0.45141989614941314,-0.48297123397807473,-0.3779644730092272,-0.7508058875955863,-0.7995900589021115,0.7995900589021115,-0.408248290463863,-0.7250102411641544,-1.0834726777719228,-0.44721359549995787,-1.1389071909150976,20,5,0.1
-0.006247148578615148,-0.20121360810245179,-0.19070319991842247,0.79391499086447,-1.017542362307638,0.9122357483337862,1.118033988749895,-0.4850584519619434,-0.331124340588225,0.47366546671568116,-0.5327478577075354,0.9485958427677503,-1.1271543790448286,0.20847696198419854,0.16500881766048983,-0.008146694438818528,-0.47772382836661637,-0.03909086286895625,-0.6465956531381516,0.0,0.0,0.0,0.0,-0.20188385012023094,-0.6113072601263254,-0.6399072400644913,-0.3779644730092272,-0.35556177443743825,-0.7995900589021115,0.7995900589021115,-0.408248290463863,-0.7250102411641544,-0.9390096540689999,-0.44721359549995787,-1.1389071909150976,20,6,0.1
-0.0014612496824410136,-0.20110633082720214,-0.19719182468701005,0.3460381659308536,-0.8469661316213551,0.9122357483337862,1.118033988749895,-0.4850584519619434,-0.331124340588225,0.47366546671568116,-0.5327478577075354,0.9485958427677503,-1.1271543790448286,0.20847696198419854,-1.092858710782317,-0.20420359307598335,0.8222969529371835,-0.6962303200664941,-0.48623869697092004,0.0,0.0,0.0,0.0,-0.20228893558549674,-0.49458700509032427,-0.525341522054511,-0.3779644730092272,-0.7508058875955863,-0.7995900589021115,0.7995900589021115,-0.408248290463863,-0.7250102411641544,-0.7945466303660769,-0.44721359549995787,-1.1389071909150976,20,7,0.1
0.0011140407592278487,-0.2011276930693694,-0.20078463872939764,0.3460381659308536,-0.8867264495086212,0.9122357483337862,1.118033988749895,-0.4850584519619434,-0.331124340588225,0.47366546671568116,-0.5327478577075354,0.9485958427677503,-1.1271543790448286,0.20847696198419854,-0.3311275244747627,-0.503434036819842,-0.44281996892464076,-0.5714696378073527,-0.40320152670543763,0.0,0.0,0.0,0.0,-0.20220827046991371,-0.5810425959657052,-0.6102012307791027,-0.3779644730092272,-0.6281803292333178,-0.7995900589021115,0.7995900589021115,-0.408248290463863,-0.7250102411641544,-0.6500836066631539,-0.44721359549995787,-1.1389071909150976,20,8,0.1
0.0013966469725427738,-0.2011533197920596,-0.20084799241555143,0.79391499086447,-0.952931893131176,0.9122357483337862,1.118033988749895,-0.4850584519619434,-0.331124340588225,0.47366546671568116,-0.5327478577075354,0.9485958427677503,-1.1271543790448286,0.20847696198419854,-1.2233861872367946,-0.20152580242617138,-0.3857852669813558,-0.42111267468604374,-0.5878252474753383,0.0,0.0,0.0,0.0,-0.20211150241852502,-0.6266584720521787,-0.6549750842537135,-0.3779644730092272,-0.2172808674569192,-0.7995900589021115,0.7995900589021115,-0.408248290463863,-0.7250102411641544,-0.5056205829602308,-0.44721359549995787,-1.1389071909150976,20,9,0.1
0.0015246950738943815,-0.20108145858975965,-0.20097831568346158,0.79391499086447,-0.987176689127721,0.9122357483337862,1.118033988749895,-0.4850584519619434,-0.331124340588225,0.47366546671568116,-0.5327478577075354,0.9485958427677503,-1.1271543790448286,0.20847696198419854,-0.23448855878439676,-0.3235927257901225,-0.27177034570691055,-0.8614003729217593,-0.7147090821571646,0.0,0.0,0.0,0.0,-0.20238285465505873,-0.8461541602146795,-0.6891829886541789,2.6457513110645903,1.7598961127075823,-0.7995900589021115,0.7995900589021115,-0.408248290463863,-0.7250102411641544,-0.3611575592573077,-0.44721359549995787,-1.1389071909150976,20,10,0.1
0.002035503965062769,-0.20122682008057596,-0.20052947284808093,0.79391499086447,-0.9197840494585156,0.9122357483337862,1.118033988749895,-0.4850584519619434,-0.331124340588225,0.47366546671568116,-0.5327478577075354,0.9485958427677503,-1.1271543790448286,0.20847696198419854,-0.1376434759009086,-0.6086157647170363,-0.08388836671695135,0.0132657127978186,-0.5704966291814303,0.0,0.0,0.0,0.0,-0.20183396089352332,-0.8211388486804273,-0.6584910457017649,2.6457513110645903,1.534562765473216,-0.7995900589021115,0.7995900589021115,-0.408248290463863,-0.7250102411641544,-0.21669453555438475,-0.44721359549995787,-1.1389071909150976,20,11,0.1
0.002974347193005589,-0.20116894938970376,-0.2008158869971162,0.79391499086447,-1.0500375065737109,0.9122357483337862,1.118033988749895,-0.4850584519619434,-0.331124340588225,0.47366546671568116,-0.5327478577075354,0.9485958427677503,-1.1271543790448286,0.20847696198419854,-1.0002427792813051,-0.2267868407717434,0.10458644735086181,-0.3420218629791386,-0.7879132635792042,0.0,0.0,0.0,0.0,-0.2020524841146125,-0.8994744424121282,-0.7546030437740175,2.6457513110645903,2.240195454435979,-0.7995900589021115,0.7995900589021115,-0.408248290463863,-0.7250102411641544,-0.07223151185146165,-0.44721359549995787,-1.1389071909150976,20,12,0.1
0.0025403525793483324,-0.20114874732252827,-0.2009549684348515,-0.5497154839363793,-0.38951138288534704,0.9122357483337862,1.118033988749895,-0.4850584519619434,-0.331124340588225,0.47366546671568116,-0.5327478577075354,0.9485958427677503,-1.1271543790448286,0.20847696198419854,-0.06716758412641885,-0.5819254958893966,-0.640389985902186,-0.46918002381636287,-0.05613747397774733,0.0,0.0,0.0,0.0,-0.20212876833941276,-0.2702129272459461,-0.30510916115759834,-0.3779644730092272,-0.7508058875955863,-0.5535623484706925,0.5535623484706925,-0.408248290463863,-0.7250102411641544,0.07223151185146126,-0.44721359549995787,-1.1389071909150976,20,13,0.1
0.0029459445619797577,-0.20122908759427807,-0.20065615039941723,-1.445469133803612,0.25834626449935194,0.9122357483337862,1.118033988749895,-0.4850584519619434,3.020013564160076,0.47366546671568116,-0.5327478577075354,0.9485958427677503,0.07787294395309892,0.20847696198419854,0.3591121561805096,-0.4161582592743506,-0.6490965552562753,0.010291942319360108,0.16281884899112936,0.0,0.0,0.0,0.0,-0.20182539862494525,0.13375399205175423,0.0914009402583538,-0.3779644730092272,-0.7508058875955863,-0.30753463803927367,0.30753463803927367,-0.408248290463863,-0.7250102411641544,0.21669453555438456,2.2360679774997894,-0.037373465677697615,20,14,0.1
0.0021429341659979654,-0.20109948832132477,-0.20038008037819668,-1.445469133803612,0.25023955569455103,0.9122357483337862,1.118033988749895,-0.4850584519619434,3.020013564160076,0.47366546671568116,-0.5327478577075354,0.9485958427677503,0.0010679844492910342,0.20847696198419854,1.691203753121807,-0.25513229262305187,-0.47690073128484073,-0.7760756367547069,0.008558062711665643,0.0,0.0,0.0,0.0,-0.20231477330061828,0.10719519370011481,0.06533239027361247,-0.3779644730092272,-0.7508058875955863,-0.06150692760785473,0.06150692760785473,-0.408248290463863,-0.7250102411641544,0.36115755925730747,2.2360679774997894,-0.037373465677697615,20,15,0.1
0.001305174413586684,-0.20117470064927181,-0.20090675027602556,-0.9975923088699957,0.07542918594514325,0.9122357483337862,1.118033988749895,-0.4850584519619434,-0.331124340588225,0.47366546671568116,-0.5327478577075354,0.9485958427677503,-1.1271543790448286,0.20847696198419854,1.1902646165207522,0.5438040878602309,0.27070200701044894,-0.32812596347207174,-0.5034106035395834,0.0,0.0,0.0,0.0,-0.20203076701140882,-0.08197829221493888,-0.12034914576847651,-0.3779644730092272,-0.7508058875955863,0.18452078282356418,-0.18452078282356418,-0.408248290463863,-0.7250102411641544,0.5056205829602304,2.2360679774997894,-1.1389071909150976,20,16,0.1
0.0026494558439946205,-0.20125092328715347,-0.20067306927805736,-0.9975923088699957,0.21842088753535538,0.9122357483337862,1.118033988749895,-0.4850584519619434,-0.331124340588225,0.47366546671568116,-0.5327478577075354,0.9485958427677503,-1.000197005213127,0.20847696198419854,0.003507261151896122,0.48179700212192195,-0.3244721759236725,0.12499535913024722,-0.427082559127087,0.0,0.0,0.0,0.0,-0.20174294573091672,0.019718370398871445,-0.02052969996640617,-0.3779644730092272,-0.7508058875955863,0.4305484932549831,-0.4305484932549831,-0.408248290463863,-0.7250102411641544,0.6500836066631537,2.2360679774997894,-0.5881403282963976,20,17,0.1
0.003555012182473919,-0.20129283974656453,-0.20000661112751184,-1.445469133803612,0.36867275671828004,0.9122357483337862,1.118033988749895,-0.4850584519619434,3.020013564160076,0.47366546671568116,-0.5327478577075354,0.9485958427677503,-0.05189946262512407,0.20847696198419854,2.1104112187754405,0.3945419090936272,-0.46049572018984974,0.3711361987266578,-0.3555238073616089,0.0,0.0,0.0,0.0,-0.2015846666506239,0.088879296456777,0.04735458583827389,-0.3779644730092272,-0.7508058875955863,0.676576203686402,-0.676576203686402,-0.408248290463863,-0.7250102411641544,0.7945466303660766,-0.44721359549995787,-0.037373465677697615,20,18,0.1
0.002578889276393702,-0.20116161807435606,-0.20007339879575137,-0.9975923088699957,0.32322521478000704,0.9122357483337862,1.118033988749895,-0.4850584519619434,-0.331124340588225,0.47366546671568116,-0.5327478577075354,0.9485958427677503,-1.1271543790448286,0.20847696198419854,0.3986317966063,0.2541338683592888,-0.4722437088991333,-0.42216545111962356,-0.3417308148470317,0.0,0.0,0.0,0.0,-0.20208016760379244,0.014975142540765488,-0.02518537266932545,-0.3779644730092272,-0.7508058875955863,0.922603914117821,-0.922603914117821,-0.408248290463863,-0.7250102411641544,0.9390096540689995,-0.44721359549995787,-1.1389071909150976,20,19,0.1
0.0019686509315658966,-0.20109494096424782,-0.19966294606534538,-1.445469133803612,0.4054967814185211,0.9122357483337862,1.118033988749895,-0.4850584519619434,3.020013564160076,0.47366546671568116,-0.5327478577075354,0.9485958427677503,0.05761412574092906,0.20847696198419854,0.647551047821875,0.23985210150526864,-0.30216435770951083,-0.8269502540484196,-0.2671269579292043,0.0,0.0,0.0,0.0,-0.20233194439536278,0.12674858678605835,0.08452484763871568,-0.3779644730092272,-0.7508058875955863,1.1686316245492399,-1.1686316245492399,-0.408248290463863,-0.7250102411641544,1.0834726777719228,-0.44721359549995787,-0.037373465677697615,20,20,0.1
0.00046206099588369054,-0.20112313370544532,-0.19983478520878076,-0.9975923088699957,0.201893291599363,0.9122357483337862,1.118033988749895,-0.4850584519619434,-0.331124340588225,0.47366546671568116,-0.5327478577075354,0.9485958427677503,-1.1271543790448286,0.20847696198419854,1.2007964348279483,0.7675222570401874,-0.003881653428639842,-0.6627813668736251,-0.5789069912185133,0.0,0.0,0.0,0.0,-0.20222548690323758,-0.10353907246572436,-0.14151193597592326,-0.3779644730092272,-0.7508058875955863,1.4146593349806589,-1.4146593349806589,-0.408248290463863,-0.7250102411641544,1.2279357014748458,-0.44721359549995787,-1.1389071909150976,20,21,0.1
-8.363253710807823e-05,-0.2011340533282692,-0.19972669475607693,-0.9975923088699957,0.25547875306931733,0.9122357483337862,1.118033988749895,-0.4850584519619434,-0.331124340588225,0.47366546671568116,-0.5327478577075354,0.9485958427677503,-1.1271543790448286,0.20847696198419854,1.5350450469074097,0.721293868630738,-0.2636158130161777,-0.6022804452621202,-0.5240966818643746,0.0,0.0,0.0,0.0,-0.20218425374848198,-0.01960478555187133,-0.05912699050972912,-0.3779644730092272,-0.7508058875955863,1.6606870454120777,-1.6606870454120777,-0.408248290463863,-0.7250102411641544,1.3723987251777687,-0.44721359549995787,-1.1389071909150976,20,22,0.1
0.00026049231083359966,-0.2011099444348014,-0.19996829344743322,-0.5497154839363793,0.10971743522421261,0.9122357483337862,1.118033988749895,-0.4850584519619434,-0.331124340588225,0.47366546671568116,-0.5327478577075354,0.9485958427677503,-1.1271543790448286,0.20847696198419854,-0.12345061639902867,0.06967907799335575,-0.4537129144424458,-0.7512533641173117,-0.35212854493039447,0.0,0.0,0.0,0.0,-0.20227529038512954,-0.12938701647050946,-0.16688275326103458,-0.3779644730092272,-0.7508058875955863,1.9067147558434967,-1.9067147558434967,-0.408248290463863,-0.7250102411641544,1.516861748880692,-0.44721359549995787,-1.1389071909150976,20,23,0.1
0.0016182329132807683,-0.20110748587113678,-0.20193407624612086,-0.9975923088699957,0.29700173572652105,0.9122357483337862,1.118033988749895,-0.4850584519619434,-0.331124340588225,0.47366546671568116,-0.5327478577075354,0.9485958427677503,-1.1271543790448286,0.20847696198419854,-0.08710879928170236,0.16013919935563747,-0.4452342820251467,-0.7706614829244979,-0.30567739555215395,0.0,0.0,0.0,0.0,-0.2022845740698955,0.006184016507717248,-0.03381422346974347,-0.3779644730092272,-0.7508058875955863,2.1527424662749155,-2.1527424662749155,-0.408248290463863,-0.7250102411641544,1.6613247725836149,-0.44721359549995787,-1.1389071909150976,20,24,0.0
0.002004775973618343,-0.20182541616415664,-0.20289249523628836,-0.5497154839363793,1.4530654431278969,-0.1226428083294002,-1.118033988749895,0.45811076018627983,-0.331124340588225,1.8946618668626762,-1.190848152522737,-1.0355954904193583,1.058762483368768,0.871812750115739,-0.5216836845406106,1.084910436818262,2.4119963984560537,3.4157860077574145,-0.6526936507102282,0.0,0.0,0.0,0.0,-0.20293817485045856,-0.10109225876977747,-0.13911028796867442,-0.3779644730092272,-0.7508058875955863,-0.7995900589021115,0.7995900589021115,-0.408248290463863,-0.7250102411641544,-1.661324772583615,-0.44721359549995787,1.0641602595597024,21,1,0.1
-0.009992244981053194,-0.20163500070611717,-0.19867168277102318,-0.9975923088699957,1.2874295499754593,-0.1226428083294002,-1.118033988749895,0.45811076018627983,-0.331124340588225,1.8946618668626762,-1.190848152522737,-1.0355954904193583,1.058762483368768,0.871812750115739,0.7688157576236225,1.2549765851013732,2.4119963984560537,0.4818864011865967,-0.7321829608869067,0.0,0.0,0.0,0.0,-0.20365719511112607,-0.207808727727125,-0.24385687960195396,-0.3779644730092272,-0.7508058875955863,-0.7995900589021115,0.7995900589021115,-0.408248290463863,-0.7250102411641544,-1.5168617488806921,-0.44721359549995787,1.0641602595597024,21,2,0.1
-0.005830425961951988,-0.20157669715782495,-0.1981840754075822,-0.5497154839363793,1.4116443226035584,-0.1226428083294002,-1.118033988749895,0.45811076018627983,-0.331124340588225,1.8946618668626762,-1.190848152522737,-1.0355954904193583,1.058762483368768,0.871812750115739,1.0671173972679755,1.2012485048647583,2.4119963984560537,-0.48320690262097266,-0.6836470667015256,0.0,0.0,0.0,0.0,-0.20387735282795516,-0.11765879463333295,-0.1553710224535411,-0.3779644730092272,-0.7508058875955863,-0.7995900589021115,0.7995900589021115,-0.408248290463863,-0.7250102411641544,-1.3723987251777692,-0.44721359549995787,1.0641602595597024,21,3,0.1
-0.002747117814199941,-0.20159344548125202,-0.19849628719646947,-0.5497154839363793,1.4047488649500828,-0.1226428083294002,-1.118033988749895,0.45811076018627983,-0.331124340588225,1.8946618668626762,-1.190848152522737,-1.0355954904193583,1.058762483368768,0.871812750115739,0.5903624337884982,1.1923447040001731,-0.8157749452393873,-0.3998830250207942,-0.6914814835697243,0.0,0.0,0.0,0.0,-0.20381411014797388,-0.13981633852344105,-0.17711956065134463,-0.3779644730092272,-0.7508058875955863,-0.7995900589021115,0.7995900589021115,-0.408248290463863,-0.7250102411641544,-1.2279357014748462,-0.44721359549995787,1.0641602595597024,21,4,0.1
-0.001018886788223174,-0.20160623748580325,-0.19885613691399262,-0.5497154839363793,1.397805780464095,-0.1226428083294002,-1.118033988749895,0.45811076018627983,-0.331124340588225,1.8946618668626762,-1.190848152522737,-1.0355954904193583,1.058762483368768,0.871812750115739,0.43318152096568496,1.4420354904616326,-0.6918385862867608,-0.3720862242986888,-0.7344808474541702,0.0,0.0,0.0,0.0,-0.20376580676682193,-0.13534937536180994,-0.17273505307998502,-0.3779644730092272,-0.7508058875955863,-0.7995900589021115,0.7995900589021115,-0.408248290463863,-0.7250102411641544,-1.0834726777719228,-0.44721359549995787,1.0641602595597024,21,5,0.1
0.0005397386359278008,-0.20167655399912576,-0.19917638396590576,-0.5497154839363793,1.3699380604199098,-0.1226428083294002,-1.118033988749895,0.45811076018627983,-0.331124340588225,1.8946618668626762,-1.190848152522737,-1.0355954904193583,1.058762483368768,0.871812750115739,-0.26860053345350055,1.7888906129928233,-0.37213991982825995,0.37659556083856466,-0.7808980634171919,0.0,0.0,0.0,0.0,-0.2035002873690852,-0.11816245443384849,-0.1558653852071268,-0.3779644730092272,-0.7508058875955863,-0.7995900589021115,0.7995900589021115,-0.408248290463863,-0.7250102411641544,-0.9390096540689999,-0.44721359549995787,1.0641602595597024,21,6,0.1
0.0032685169912364544,-0.20171293395443446,-0.20077101609354908,-0.5497154839363793,1.278391951564735,-0.1226428083294002,-1.118033988749895,0.45811076018627983,-0.331124340588225,1.8946618668626762,-1.190848152522737,-1.0355954904193583,1.058762483368768,0.871812750115739,0.3602665674929061,1.1910250129098892,0.8812293026695256,0.6716614406249373,-0.7110353204685105,0.0,0.0,0.0,0.0,-0.2033629144623977,-0.18562974146365213,-0.22208729483515807,-0.3779644730092272,-0.7508058875955863,-0.7995900589021115,0.7995900589021115,-0.408248290463863,-0.7250102411641544,-0.7945466303660769,-0.44721359549995787,1.0641602595597024,21,7,0.3
0.0034693326632671898,-0.20165365780221767,-0.20074440275390198,-0.9975923088699957,1.3867375009874015,-0.1226428083294002,-1.118033988749895,0.45811076018627983,-0.331124340588225,1.8946618668626762,-1.190848152522737,-1.0355954904193583,1.058762483368768,0.871812750115739,0.33032783508535374,1.6600056508458165,-0.09279635699255348,-0.18914211856752758,-0.7993451613919718,0.0,0.0,0.0,0.0,-0.2035867447903402,-0.21639619209763652,-0.2522858281266921,-0.3779644730092272,-0.6973636403599645,-0.7995900589021115,0.7995900589021115,-0.408248290463863,-0.7250102411641544,-0.6500836066631539,-0.44721359549995787,1.0641602595597024,21,8,0.3
0.0031780890601167786,-0.20168807621589524,-0.2009871049068994,-0.9975923088699957,1.3511092969092229,-0.1226428083294002,-1.118033988749895,0.45811076018627983,-0.331124340588225,1.8946618668626762,-1.190848152522737,-1.0355954904193583,1.058762483368768,0.871812750115739,0.7827216520496062,1.7634594927043752,-0.22727307647317085,0.08249957749202058,-0.8158560933459451,0.0,0.0,0.0,0.0,-0.203456778783226,-0.22308194110752297,-0.2588481650194267,-0.3779644730092272,-0.6528506369036069,-0.7995900589021115,0.7995900589021115,-0.408248290463863,-0.7250102411641544,-0.5056205829602308,-0.44721359549995787,1.0641602595597024,21,9,0.1
0.0022737384626392667,-0.20164106199705567,-0.2013678534854185,-0.9975923088699957,1.331768481358797,-0.1226428083294002,-1.118033988749895,0.45811076018627983,-0.331124340588225,1.8946618668626762,-1.190848152522737,-1.0355954904193583,1.058762483368768,0.871812750115739,-0.08258741791751051,1.8126536219386753,-0.03763887964717431,-0.5839742270694197,-0.926772625231483,0.0,0.0,0.0,0.0,-0.20363430731075813,-0.5113550091795731,-0.27840911402078705,2.6457513110645903,1.2664406880460732,-0.7995900589021115,0.7995900589021115,-0.408248290463863,-0.7250102411641544,-0.3611575592573077,-0.44721359549995787,1.0641602595597024,21,10,0.1
0.0018515908603277053,-0.2016957741244802,-0.20180704182399095,-0.9975923088699957,1.3236609071518142,-0.1226428083294002,-1.118033988749895,0.45811076018627983,-0.331124340588225,1.8946618668626762,-1.190848152522737,-1.0355954904193583,1.058762483368768,0.871812750115739,0.6910880839571563,1.574947688159245,0.24263758261723184,-0.09058393995538552,-0.910571942618191,0.0,0.0,0.0,0.0,-0.20342771101585908,-0.5356728645812151,-0.308245329719732,2.6457513110645903,1.4283463742966072,-0.7995900589021115,0.7995900589021115,-0.408248290463863,-0.7250102411641544,-0.21669453555438475,-0.44721359549995787,1.0641602595597024,21,11,0.1
0.0022952300580239833,-0.20172933740214713,-0.20151830799888362,-0.9975923088699957,1.3760387157083878,-0.1226428083294002,-1.118033988749895,0.45811076018627983,-0.331124340588225,1.8946618668626762,-1.190848152522737,-1.0355954904193583,1.058762483368768,0.871812750115739,1.2826889834027064,1.5154333332205172,0.06984835764689228,0.15102293155069088,-0.898183594291175,0.0,0.0,0.0,0.0,-0.2033009740539265,-0.5214188373413362,-0.2907566892009242,2.6457513110645903,1.3334445820131247,-0.7995900589021115,0.7995900589021115,-0.408248290463863,-0.7250102411641544,-0.07223151185146165,-0.44721359549995787,1.0641602595597024,21,12,0.1
0.002542833626274763,-0.20167773862730606,-0.20161809395950192,-0.9975923088699957,1.365337522202367,-0.1226428083294002,-1.118033988749895,0.45811076018627983,-0.331124340588225,1.8946618668626762,-1.190848152522737,-1.0355954904193583,1.058762483368768,0.871812750115739,1.7212423275122455,1.378684459770459,-0.2386013493370059,-0.5211560886488672,-0.7875626645748016,0.0,0.0,0.0,0.0,-0.20349581414158713,-0.29162202304065116,-0.3261230668495308,-0.3779644730092272,-0.19651808546070068,-0.5535623484706925,0.5535623484706925,-0.408248290463863,-0.7250102411641544,0.07223151185146126,-0.44721359549995787,1.0641602595597024,21,13,0.1
0.0027236768904504703,-0.20173922982175888,-0.20144562749130906,-1.445469133803612,1.303909284205137,-0.1226428083294002,-1.118033988749895,0.45811076018627983,3.020013564160076,1.8946618668626762,-1.190848152522737,-1.0355954904193583,-0.0757169594657813,0.871812750115739,1.3867871160948961,1.2503261073566005,-0.17410816877984434,0.009012638639957224,-0.7962118925836951,0.0,0.0,0.0,0.0,-0.20326361968048895,-0.36055461505508335,-0.3937832334246174,-0.3779644730092272,0.26242775621788494,-0.30753463803927367,0.30753463803927367,-0.408248290463863,-0.7250102411641544,0.21669453555438456,2.2360679774997894,-0.037373465677697615,21,14,0.1
0.002583630797845591,-0.20168962099497237,-0.2014478966311492,-1.445469133803612,1.3509825359172836,-0.1226428083294002,-1.118033988749895,0.45811076018627983,3.020013564160076,1.8946618668626762,-1.190848152522737,-1.0355954904193583,-0.07063314452027895,0.871812750115739,0.8639665534528329,1.4960081956881113,0.028800228717622202,-0.6113382836016108,-0.8318227358799869,0.0,0.0,0.0,0.0,-0.2034509456042071,-0.35926238118031045,-0.3925148528710066,-0.3779644730092272,0.2538242009768598,-0.06150692760785473,0.06150692760785473,-0.408248290463863,-0.7250102411641544,0.36115755925730747,2.2360679774997894,-0.037373465677697615,21,15,0.1
0.0024049562822877784,-0.20175176706904116,-0.2016730796440443,-0.9975923088699957,1.2846413260344434,-0.1226428083294002,-1.118033988749895,0.45811076018627983,-0.331124340588225,1.8946618668626762,-1.190848152522737,-1.0355954904193583,-1.1271543790448286,0.871812750115739,-0.18609689410489685,1.354599971584311,0.06965289394606206,-0.09487087862986371,-0.8426795976710474,0.0,0.0,0.0,0.0,-0.2032162782781586,-0.43466109982551443,-0.46652178796514193,-0.3779644730092272,0.7558208237480606,0.18452078282356418,-0.18452078282356418,-0.408248290463863,-0.7250102411641544,0.5056205829602304,2.2360679774997894,-1.1389071909150976,21,16,0.1
0.002300286884607299,-0.2017276743297129,-0.20171533324613966,-0.9975923088699957,1.3424923574645933,-0.1226428083294002,-1.118033988749895,0.45811076018627983,-0.331124340588225,1.8946618668626762,-1.190848152522737,-1.0355954904193583,-1.1271543790448286,0.871812750115739,-0.08322068381559843,1.4159562698247181,-0.045869288362591715,-0.4392991660223598,-0.8411827956902899,0.0,0.0,0.0,0.0,-0.2033072539158005,-0.41016661615169325,-0.4424794475118118,-0.3779644730092272,0.5927391653097619,0.4305484932549831,-0.4305484932549831,-0.408248290463863,-0.7250102411641544,0.6500836066631537,2.2360679774997894,-1.1389071909150976,21,17,0.1
0.0026139667144163383,-0.20173992578843344,-0.20167329867698564,-0.9975923088699957,1.4436012924362969,-0.1226428083294002,-1.118033988749895,0.45811076018627983,-0.331124340588225,1.8946618668626762,-1.190848152522737,-1.0355954904193583,-0.8249601028752855,0.871812750115739,0.5535770239268683,1.0416064416372546,-0.1975858829710276,-0.4230999033263162,-0.7780710651237903,0.0,0.0,0.0,0.0,-0.20326099166832595,-0.39821224071389877,-0.4307457376688254,-0.3779644730092272,0.5131482093234889,0.676576203686402,-0.676576203686402,-0.408248290463863,-0.7250102411641544,0.7945466303660766,-0.44721359549995787,-0.5881403282963976,21,18,0.1
0.0031920603309410415,-0.20184577666291553,-0.20078713484380106,-0.9975923088699957,1.4206352343264848,-0.1226428083294002,-1.118033988749895,0.45811076018627983,-0.331124340588225,1.8946618668626762,-1.190848152522737,-1.0355954904193583,-1.1271543790448286,0.871812750115739,1.1923483158742645,0.7630007908365227,-0.18648848323063552,0.4682139988587475,-0.7441617897888968,0.0,0.0,0.0,0.0,-0.20286129237843828,-0.437477756443559,-0.469286451970839,-0.3779644730092272,0.7745738229391746,0.922603914117821,-0.922603914117821,-0.408248290463863,-0.7250102411641544,0.9390096540689995,-0.44721359549995787,-1.1389071909150976,21,19,0.1
0.004107741347379117,-0.201864411267502,-0.20008021607978882,-0.9975923088699957,1.3288171497763055,-0.1226428083294002,-1.118033988749895,0.45811076018627983,-0.331124340588225,1.8946618668626762,-1.190848152522737,-1.0355954904193583,-1.1271543790448286,0.871812750115739,-0.29539235238844347,0.8688251542552479,-0.0795166538399846,0.5249125329790465,-0.7595249068351961,0.0,0.0,0.0,0.0,-0.20279092698696669,-0.426140143671201,-0.45815811998267064,-0.3779644730092272,0.6990892069632322,1.1686316245492399,-1.1686316245492399,-0.408248290463863,-0.7250102411641544,1.0834726777719228,-0.44721359549995787,-1.1389071909150976,21,20,0.1
0.003924623700138698,-0.20186185608346097,-0.20025575587071542,-0.9975923088699957,1.4244280807147651,-0.1226428083294002,-1.118033988749895,0.45811076018627983,-0.331124340588225,1.8946618668626762,-1.190848152522737,-1.0355954904193583,-1.1271543790448286,0.871812750115739,1.4760521696513966,1.4632378488631235,0.17425550100977488,0.38869367537342486,-0.8705437694640181,0.0,0.0,0.0,0.0,-0.20280057551610484,-0.4677209070499401,-0.49897134482028777,-0.3779644730092272,0.9759294923611486,1.4146593349806589,-1.4146593349806589,-0.408248290463863,-0.7250102411641544,1.2279357014748458,-0.44721359549995787,-1.1389071909150976,21,21,0.1
0.0038002454866920567,-0.20185027175807765,-0.20032718389977178,-0.9975923088699957,1.390101902060573,-0.1226428083294002,-1.118033988749895,0.45811076018627983,-0.331124340588225,1.8946618668626762,-1.190848152522737,-1.0355954904193583,-1.1271543790448286,0.871812750115739,0.4273872826797227,1.0927747987525278,-0.10936031156256219,0.17773338452163379,-0.8059711357184594,0.0,0.0,0.0,0.0,-0.20284431862783806,-0.4410696081633897,-0.4728120017662955,-0.3779644730092272,0.7984879883951498,1.6606870454120777,-1.6606870454120777,-0.408248290463863,-0.7250102411641544,1.3723987251777687,-0.44721359549995787,-1.1389071909150976,21,22,0.1
0.0025547444125734063,-0.20179884305772317,-0.20091954387676583,-0.9975923088699957,1.2828959940523876,-0.1226428083294002,-1.118033988749895,0.45811076018627983,-0.331124340588225,1.8946618668626762,-1.190848152522737,-1.0355954904193583,-1.1271543790448286,0.871812750115739,0.8392336068924284,0.5735572268069196,-0.2500903300846324,-0.3712413640368637,-0.7297101971655263,0.0,0.0,0.0,0.0,-0.2030385165039738,-0.48800226431886407,-0.5188783288910003,-0.3779644730092272,1.1109606047879323,1.9067147558434967,-1.9067147558434967,-0.408248290463863,-0.7250102411641544,1.516861748880692,-0.44721359549995787,-1.1389071909150976,21,23,0.1
0.0015206278931743653,-0.2018336440210583,-0.20191612779611215,-0.9975923088699957,1.2644379189013384,-0.1226428083294002,-1.118033988749895,0.45811076018627983,-0.331124340588225,1.8946618668626762,-1.190848152522737,-1.0355954904193583,-1.1271543790448286,0.871812750115739,0.4127167761866727,0.6116386821254141,-0.197055736372905,-0.16584936961591548,-0.7347101413878199,0.0,0.0,0.0,0.0,-0.20290710596626665,-0.4815071843105877,-0.5125031414443063,-0.3779644730092272,1.0677170551975725,2.1527424662749155,-2.1527424662749155,-0.408248290463863,-0.7250102411641544,1.6613247725836149,-0.44721359549995787,-1.1389071909150976,21,24,0.0
0.002004775973618343,-0.20310836981594924,-0.20289249523628836,-0.9975923088699957,-0.23406133725029515,-0.24952115300047095,1.118033988749895,1.373539701388967,-0.331124340588225,-1.2095109063703843e-14,-1.6295816823995342,1.3265096084621246,0.5198997404990449,0.20847696198419854,1.7086692567860862,-0.6722880010456717,2.4119963984560537,3.8651096756835894,-0.4995099527630531,0.0,0.0,0.0,0.0,-0.20507032100424136,-0.7856486623267928,-0.8110304775505865,-0.3779644730092272,0.5765433810871883,-0.7995900589021115,0.7995900589021115,-0.408248290463863,-0.7250102411641544,-1.661324772583615,-0.44721359549995787,0.5133933969410024,22,1,0.1
0.0013312325721825415,-0.20309767940574006,-0.20265552804289771,-0.5497154839363793,-0.010208200262486313,-0.24952115300047095,1.118033988749895,1.373539701388967,-0.331124340588225,-1.2095109063703843e-14,-1.6295816823995342,1.3265096084621246,1.058762483368768,0.20847696198419854,-0.23425857786689033,-0.7117510098352926,2.4119963984560537,1.4292762182020478,-0.40579083291743984,0.0,0.0,0.0,0.0,-0.2051106886383316,-0.7196423866420283,-0.7462426104862343,-0.3779644730092272,-0.07075673885120339,-0.7995900589021115,0.7995900589021115,-0.408248290463863,-0.7250102411641544,-1.5168617488806921,-0.44721359549995787,1.0641602595597024,22,2,0.1
0.0014466943641446549,-0.20309065419042974,-0.20256958556239937,-0.5497154839363793,-0.02599215757479015,-0.24952115300047095,1.118033988749895,1.373539701388967,-0.331124340588225,-1.2095109063703843e-14,-1.6295816823995342,1.3265096084621246,1.058762483368768,0.20847696198419854,1.2120134776694036,-0.8151903210745846,2.4119963984560537,-0.12349459588611172,-0.3076941318011955,0.0,0.0,0.0,0.0,-0.205137216275298,-0.7010793337067018,-0.7280222126012487,-0.3779644730092272,-0.2527980109394121,-0.7995900589021115,0.7995900589021115,-0.408248290463863,-0.7250102411641544,-1.3723987251777692,-0.44721359549995787,1.0641602595597024,22,3,0.1
0.001627809573339955,-0.2030907676505214,-0.20257221217049687,-0.5497154839363793,0.09796659977995792,-0.24952115300047095,1.118033988749895,1.373539701388967,-0.331124340588225,-1.2095109063703843e-14,-1.6295816823995342,1.3265096084621246,1.058762483368768,0.20847696198419854,-0.49907369636621357,-0.9016665052371767,-0.9147832239275366,-0.3967055960323749,-0.18444412961434498,0.0,0.0,0.0,0.0,-0.20513678784314482,-0.6631223736223213,-0.6907658993400931,-0.3779644730092272,-0.6250284475187542,-0.7995900589021115,0.7995900589021115,-0.408248290463863,-0.7250102411641544,-1.2279357014748462,-0.44721359549995787,1.0641602595597024,22,4,0.1
0.0017941907501583983,-0.2030951137606825,-0.2026043417258766,-1.445469133803612,-0.33109946499631326,-0.24952115300047095,1.118033988749895,1.373539701388967,3.020013564160076,-1.2095109063703843e-14,-1.6295816823995342,1.3265096084621246,0.03977023432201436,0.20847696198419854,2.250675805797665,-0.7190726066666329,-0.7816197928648466,-0.017097237081137393,-0.5187420589946463,0.0,0.0,0.0,0.0,-0.2051203766688994,-0.8311755376048887,-0.8557169730810933,-0.3779644730092272,1.02300928939981,-0.7995900589021115,0.7995900589021115,-0.408248290463863,-0.7250102411641544,-1.0834726777719228,-0.44721359549995787,-0.037373465677697615,22,5,0.1
0.001844284965331385,-0.20309205543583542,-0.20261931536620253,-0.5497154839363793,0.07214078720700115,-0.24952115300047095,1.118033988749895,1.373539701388967,-0.331124340588225,-1.2095109063703843e-14,-1.6295816823995342,1.3265096084621246,1.058762483368768,0.20847696198419854,0.7424950837134533,-0.6316221879918498,-0.6340485530821198,-0.7138838659435994,-0.3892920295322814,0.0,0.0,0.0,0.0,-0.2051319250880844,-0.650797601293071,-0.6786686297550107,-0.3779644730092272,-0.7458931156760358,-0.7995900589021115,0.7995900589021115,-0.408248290463863,-0.7250102411641544,-0.9390096540689999,-0.44721359549995787,1.0641602595597024,22,6,0.1
0.0019711399098981067,-0.2030922323599411,-0.20278050169245798,-0.9975923088699957,-0.16823540224601108,-0.24952115300047095,1.118033988749895,1.373539701388967,-0.331124340588225,-1.2095109063703843e-14,-1.6295816823995342,1.3265096084621246,0.7199638292702515,0.20847696198419854,0.6869408851774428,-0.9544452618039826,0.7021293697517925,-0.9127153012461708,-0.26304156940521467,0.0,0.0,0.0,0.0,-0.20513125701198442,-0.7669260603034,-0.7926534756911963,-0.3779644730092272,0.39293746771646576,-0.7995900589021115,0.7995900589021115,-0.408248290463863,-0.7250102411641544,-0.7945466303660769,-0.44721359549995787,0.5133933969410024,22,7,0.1
0.0020433370178246277,-0.203094671287686,-0.20281531995927973,-0.10183865900276282,0.31468193259735455,-0.24952115300047095,1.118033988749895,1.373539701388967,-0.331124340588225,-1.2095109063703843e-14,-1.6295816823995342,1.3265096084621246,1.058762483368768,0.20847696198419854,-0.1489473721430265,-0.8071241064725628,-0.4892007424954218,-0.8046769035715845,-0.22804338434437105,0.0,0.0,0.0,0.0,-0.20512204747363635,-0.6249914667846058,-0.6533388502055014,-0.3779644730092272,-0.7508058875955863,-0.7995900589021115,0.7995900589021115,-0.408248290463863,-0.7250102411641544,-0.6500836066631539,-0.44721359549995787,1.0641602595597024,22,8,0.1
0.0021080260507675016,-0.20310246917024927,-0.20272180367468423,0.3460381659308536,0.4742752236481096,-0.24952115300047095,1.118033988749895,1.373539701388967,-0.331124340588225,-1.2095109063703843e-14,-1.6295816823995342,1.3265096084621246,1.058762483368768,0.20847696198419854,0.8114219163221748,-0.8824433047707229,-0.6080587124143353,-0.050191517276566525,-0.07749823231287055,0.0,0.0,0.0,0.0,-0.2050926021984941,-0.5589723860869891,-0.5885384144957921,-0.3779644730092272,-0.7508058875955863,-0.7995900589021115,0.7995900589021115,-0.408248290463863,-0.7250102411641544,-0.5056205829602308,-0.44721359549995787,1.0641602595597024,22,9,0.1
0.0020997141636243284,-0.20309892567743087,-0.2027279378959315,0.3460381659308536,0.5214012268167926,-0.24952115300047095,1.118033988749895,1.373539701388967,-0.331124340588225,-1.2095109063703843e-14,-1.6295816823995342,1.3265096084621246,1.058762483368768,0.20847696198419854,-0.12119427868002355,-0.692788969024086,-0.42403252252306706,-0.6883231305911737,-0.4577779073219313,0.0,0.0,0.0,0.0,-0.20510598264121754,-0.7574021919966871,-0.5802908670537227,2.6457513110645903,0.2995402712641951,-0.7995900589021115,0.7995900589021115,-0.408248290463863,-0.7250102411641544,-0.3611575592573077,-0.44721359549995787,1.0641602595597024,22,10,0.1
0.0021794757431222657,-0.20310588958373113,-0.2026619614457663,0.3460381659308536,0.6010184725197945,-0.24952115300047095,1.118033988749895,1.373539701388967,-0.331124340588225,-1.2095109063703843e-14,-1.6295816823995342,1.3265096084621246,1.058762483368768,0.20847696198419854,0.19607378442511195,-0.8882795211540756,-0.14906728768366106,-0.09183133829532478,-0.30376781699953115,0.0,0.0,0.0,0.0,-0.20507968651077296,-0.7506067088933935,-0.5719533102955426,2.6457513110645903,0.23289938019485396,-0.7995900589021115,0.7995900589021115,-0.408248290463863,-0.7250102411641544,-0.21669453555438475,-0.44721359549995787,1.0641602595597024,22,11,0.1
0.00223278240781368,-0.20311154234030868,-0.20260154871356034,0.79391499086447,0.8020236216180069,-0.24952115300047095,1.118033988749895,1.373539701388967,-0.331124340588225,-1.2095109063703843e-14,-1.6295816823995342,1.3265096084621246,1.058762483368768,0.20847696198419854,-0.29166107305849454,-0.6390357373658706,-0.20570815569424683,0.3172791629014097,-0.42541952414321027,0.0,0.0,0.0,0.0,-0.20505834136080603,-0.6919343871868968,-0.49996669728711435,2.6457513110645903,-0.3424792559072492,-0.7995900589021115,0.7995900589021115,-0.408248290463863,-0.7250102411641544,-0.07223151185146165,-0.44721359549995787,1.0641602595597024,22,12,0.3
0.002161257098794086,-0.20310522016841173,-0.20265484721123495,0.79391499086447,0.8690813153056492,-0.24952115300047095,1.118033988749895,1.373539701388967,-0.331124340588225,-1.2095109063703843e-14,-1.6295816823995342,1.3265096084621246,1.058762483368768,0.20847696198419854,-0.9945759388257771,-0.6489438589952654,-0.4892144289427411,-0.554741610543674,-0.19755756213169207,0.0,0.0,0.0,0.0,-0.20508221426341655,-0.47143507280505276,-0.5026169508585142,-0.3779644730092272,-0.7508058875955863,-0.5535623484706925,0.5535623484706925,-0.408248290463863,-0.7250102411641544,0.07223151185146126,-0.44721359549995787,1.0641602595597024,22,13,0.1
0.0020779478351020766,-0.20310569155711064,-0.2027232828079422,0.79391499086447,1.0072408544811227,-0.24952115300047095,1.118033988749895,1.373539701388967,-0.331124340588225,-1.2095109063703843e-14,-1.6295816823995342,1.3265096084621246,1.058762483368768,0.20847696198419854,-0.05647598146790752,-0.7546398983130154,-0.519693309189645,-0.6804834829294651,-0.09756178227893005,0.0,0.0,0.0,0.0,-0.20508043427124237,-0.4641012339403132,-0.4954184871895543,-0.3779644730092272,-0.7508058875955863,-0.30753463803927367,0.30753463803927367,-0.408248290463863,-0.7250102411641544,0.21669453555438456,2.2360679774997894,1.0641602595597024,22,14,0.1
0.002053388754073939,-0.20310570996644406,-0.20273057235198041,0.3460381659308536,0.8086250263443576,-0.24952115300047095,1.118033988749895,1.373539701388967,-0.331124340588225,-1.2095109063703843e-14,-1.6295816823995342,1.3265096084621246,1.058762483368768,0.20847696198419854,-0.32895485039738187,-0.7275990077440462,-0.35566242649351565,-0.8417837634508247,-0.21015916477980737,0.0,0.0,0.0,0.0,-0.20508036475648836,-0.5462523969004554,-0.5760532233540755,-0.3779644730092272,-0.7508058875955863,-0.06150692760785473,0.06150692760785473,-0.408248290463863,-0.7250102411641544,0.36115755925730747,2.2360679774997894,1.0641602595597024,22,15,0.1
0.0020730774959143855,-0.20311688325248686,-0.2027002927192139,0.79391499086447,1.3143138150179787,-0.24952115300047095,1.118033988749895,1.373539701388967,-0.331124340588225,-1.2095109063703843e-14,-1.6295816823995342,1.3265096084621246,1.058762483368768,0.20847696198419854,-0.3297686443702791,-0.4825670223389267,-0.25084836604223865,0.05808471344659338,-0.2753201651120976,0.0,0.0,0.0,0.0,-0.2050381737541101,-0.4248776675849157,-0.45691894791908055,-0.3779644730092272,-0.7508058875955863,0.18452078282356418,-0.18452078282356418,-0.408248290463863,-0.7250102411641544,0.5056205829602304,2.2360679774997894,1.0641602595597024,22,16,0.1
0.0021485572581237664,-0.2031205153782465,-0.20262712320673187,0.79391499086447,1.134522566517219,-0.24952115300047095,1.118033988749895,1.373539701388967,-0.331124340588225,-1.2095109063703843e-14,-1.6295816823995342,1.3265096084621246,1.058762483368768,0.20847696198419854,-0.8177485358913655,-0.4655974323817707,-0.3034801156823826,0.21303507587194434,-0.3346279237763593,0.0,0.0,0.0,0.0,-0.20502445862805171,-0.4790550433875486,-0.5100962645451512,-0.3779644730092272,-0.7508058875955863,0.4305484932549831,-0.4305484932549831,-0.408248290463863,-0.7250102411641544,0.6500836066631537,2.2360679774997894,1.0641602595597024,22,17,0.1
0.002175461621386802,-0.20311305495139031,-0.2026248078580025,0.3460381659308536,1.133094913011307,-0.24952115300047095,1.118033988749895,1.373539701388967,-0.331124340588225,-1.2095109063703843e-14,-1.6295816823995342,1.3265096084621246,1.058762483368768,0.20847696198419854,0.16420511168917237,-0.7994530643865372,-0.5061272512734495,-0.6217797968057903,-0.09309806082394602,0.0,0.0,0.0,0.0,-0.2050526296500793,-0.49923148284788893,-0.529900267483166,-0.3779644730092272,-0.7508058875955863,0.676576203686402,-0.676576203686402,-0.408248290463863,-0.7250102411641544,0.7945466303660766,-0.44721359549995787,1.0641602595597024,22,18,0.1
0.002213860750672926,-0.20312378814252185,-0.20258707727853403,1.2417918157980865,1.5022149487141292,-0.24952115300047095,1.118033988749895,1.373539701388967,-0.331124340588225,-1.2095109063703843e-14,-1.6295816823995342,1.3265096084621246,1.058762483368768,0.20847696198419854,0.12646405749768505,-0.7488394178262515,-0.4881831113465499,0.15295031030196946,-0.046269335876836994,0.0,0.0,0.0,0.0,-0.20501210047264454,-0.41165254247993105,-0.4439379451534763,-0.3779644730092272,-0.7508058875955863,0.922603914117821,-0.922603914117821,-0.408248290463863,-0.7250102411641544,0.9390096540689995,-0.44721359549995787,1.0641602595597024,22,19,0.1
0.0021694418090951934,-0.2031213540298587,-0.20262383056295463,0.3460381659308536,0.9800641401027591,-0.24952115300047095,1.118033988749895,1.373539701388967,-0.331124340588225,-1.2095109063703843e-14,-1.6295816823995342,1.3265096084621246,1.058762483368768,0.20847696198419854,-0.8884725810349838,-0.7279396460496177,-0.32849309691402884,-0.21325161780651042,-0.20377903703553413,0.0,0.0,0.0,0.0,-0.20502129182895348,-0.5405320727192039,-0.5704384905309436,-0.3779644730092272,-0.7508058875955863,1.1686316245492399,-1.1686316245492399,-0.408248290463863,-0.7250102411641544,1.0834726777719228,-0.44721359549995787,1.0641602595597024,22,20,0.1
0.0020680455071746856,-0.20312126287508825,-0.20273643942073205,0.79391499086447,1.5984731256359377,-0.24952115300047095,1.118033988749895,1.373539701388967,-0.331124340588225,-1.2095109063703843e-14,-1.6295816823995342,1.3265096084621246,1.058762483368768,0.20847696198419854,-1.3896061144773448,-0.7927444890621385,-0.4277843448730156,-0.3692727258926876,-0.0043264735520735075,0.0,0.0,0.0,0.0,-0.2050216360348677,-0.4141329816768643,-0.4463725979692118,-0.3779644730092272,-0.7508058875955863,1.4146593349806589,-1.4146593349806589,-0.408248290463863,-0.7250102411641544,1.2279357014748458,-0.44721359549995787,1.0641602595597024,22,21,0.1
0.0020885924434074724,-0.2031253897300702,-0.20272029132696856,1.689668640731703,1.7727728485641667,-0.24952115300047095,1.118033988749895,1.373539701388967,-0.331124340588225,-1.2095109063703843e-14,-1.6295816823995342,1.3265096084621246,1.058762483368768,0.20847696198419854,-1.624265597925626,-0.47891003140947014,-0.3612134223735032,-0.18495317806129366,-0.18323769025589254,0.0,0.0,0.0,0.0,-0.20500605278141015,-0.31928290020739536,-0.35327335239694085,-0.3779644730092272,-0.7508058875955863,1.6606870454120777,-1.6606870454120777,-0.408248290463863,-0.7250102411641544,1.3723987251777687,-0.44721359549995787,1.0641602595597024,22,22,0.1
0.0021407425916686947,-0.2031272185651018,-0.2026918563338563,1.689668640731703,1.910938111003879,-0.24952115300047095,1.118033988749895,1.373539701388967,-0.331124340588225,-1.2095109063703843e-14,-1.6295816823995342,1.3265096084621246,1.058762483368768,0.20847696198419854,-1.7793776390226872,-0.8212103471439132,-0.5540087459617584,-0.1864084124186557,0.16817172154999066,0.0,0.0,0.0,0.0,-0.20499914698996508,-0.2904334473486887,-0.3249564310542538,-0.3779644730092272,-0.7508058875955863,1.9067147558434967,-1.9067147558434967,-0.408248290463863,-0.7250102411641544,1.516861748880692,-0.44721359549995787,1.0641602595597024,22,23,0.1
0.002089870314968183,-0.20312889830959294,-0.20276674917383608,1.689668640731703,1.7997875247656532,-0.24952115300047095,1.118033988749895,1.373539701388967,-0.331124340588225,-1.2095109063703843e-14,-1.6295816823995342,1.3265096084621246,1.058762483368768,0.20847696198419854,-0.4509751266154609,-0.40337861216554477,-0.2937671721574803,-0.19890382040284235,-0.22863596539010192,0.0,0.0,0.0,0.0,-0.2049928041733981,-0.31119843622363447,-0.3453381193841297,-0.3779644730092272,-0.7508058875955863,2.1527424662749155,-2.1527424662749155,-0.408248290463863,-0.7250102411641544,1.6613247725836149,-0.44721359549995787,1.0641602595597024,22,24,0.0
0.002004775973618343,-0.20343373429166423,-0.20289249523628836,-0.5497154839363793,0.005484194977941261,-0.0762898653552064,-1.118033988749895,1.373539701388967,-0.331124340588225,4.206994456940467e-15,1.0028194968612536,0.9552828816057751,1.058762483368768,-0.45485882614734185,0.9782266428176745,1.1440443856349496,2.4119963984560537,3.4246920297114123,-0.6418309536078436,0.0,0.0,0.0,0.0,-0.20361667167136976,-0.04825265821667991,-0.0872460526235836,-0.3779644730092272,-0.008108087686376924,-0.7995900589021115,0.7995900589021115,-0.408248290463863,0.41639223650653734,-1.661324772583615,-0.44721359549995787,1.0641602595597024,23,1,0.1
-0.0071365113802708945,-0.20328864473775432,-0.1996763918588209,-0.9975923088699957,-0.1467850551110212,-0.0762898653552064,-1.118033988749895,1.373539701388967,-0.331124340588225,4.206994456940467e-15,1.0028194968612536,0.9552828816057751,0.8812825309618483,-0.45485882614734185,0.3485162931685331,0.3881383098198356,2.4119963984560537,0.6320620030395292,-0.5157993620896457,0.0,0.0,0.0,0.0,-0.20416453858273587,-0.1940709593844433,-0.23037269647068276,-0.3779644730092272,0.7910778898958948,-0.7995900589021115,0.7995900589021115,-0.408248290463863,0.41639223650653734,-1.5168617488806921,-0.44721359549995787,0.5133933969410024,23,2,0.1
-0.004509156202730372,-0.2032269573953524,-0.19904996165117034,-0.9975923088699957,-0.12037816193308358,-0.0762898653552064,-1.118033988749895,1.373539701388967,-0.331124340588225,4.206994456940467e-15,1.0028194968612536,0.9552828816057751,1.058762483368768,-0.45485882614734185,-0.2776564963436447,0.9645753381511203,2.4119963984560537,-0.5208455869644085,-0.6421497555883917,0.0,0.0,0.0,0.0,-0.2043974737103268,-0.1355622520747022,-0.17294400030557633,-0.3779644730092272,0.47040937247424414,-0.7995900589021115,0.7995900589021115,-0.408248290463863,0.41639223650653734,-1.3723987251777692,-0.44721359549995787,1.0641602595597024,23,3,0.1
-0.0026526662639021585,-0.20320788862378894,-0.19896610574311474,-0.5497154839363793,-0.0012794163384886223,-0.0762898653552064,-1.118033988749895,1.373539701388967,-0.331124340588225,4.206994456940467e-15,1.0028194968612536,0.9552828816057751,1.058762483368768,-0.45485882614734185,1.1780633488815762,0.7966093267186589,-0.8514071401078102,-0.7925368854152636,-0.5714069601161341,0.0,0.0,0.0,0.0,-0.20446947854250444,-0.07296140020132008,-0.11149869639754167,-0.3779644730092272,0.1273130491646419,-0.7995900589021115,0.7995900589021115,-0.408248290463863,0.41639223650653734,-1.2279357014748462,-0.44721359549995787,1.0641602595597024,23,4,0.1
-0.0010842523900735058,-0.20322896867798415,-0.19922124692042353,-0.5497154839363793,-0.024326856203713356,-0.0762898653552064,-1.118033988749895,1.373539701388967,-0.331124340588225,4.206994456940467e-15,1.0028194968612536,0.9552828816057751,1.058762483368768,-0.45485882614734185,0.7018537180892673,0.9307159813264861,-0.7516521726911741,-0.15475704775012053,-0.6089329567272495,0.0,0.0,0.0,0.0,-0.20438987898573335,-0.08126550802998356,-0.11964951885358989,-0.3779644730092272,0.17282535098033594,-0.7995900589021115,0.7995900589021115,-0.408248290463863,0.41639223650653734,-1.0834726777719228,-0.44721359549995787,1.0641602595597024,23,5,0.1
-0.0003361984261032524,-0.20321326378119944,-0.1993783905951289,-0.5497154839363793,0.003255140844383995,-0.0762898653552064,-1.118033988749895,1.373539701388967,-0.331124340588225,4.206994456940467e-15,1.0028194968612536,0.9552828816057751,1.058762483368768,-0.45485882614734185,0.5230223577226231,0.5677731810487693,-0.598789814440017,-0.3521004015133383,-0.4841951059262207,0.0,0.0,0.0,0.0,-0.20444918162374473,-0.03216733239308319,-0.07145764553146056,-0.3779644730092272,-0.09626689038886274,-0.7995900589021115,0.7995900589021115,-0.408248290463863,0.41639223650653734,-0.9390096540689999,-0.44721359549995787,1.0641602595597024,23,6,0.1
0.0013406361256319704,-0.20321885678943968,-0.20170028230331127,-0.10183865900276282,0.20512934422405601,-0.0762898653552064,-1.118033988749895,1.373539701388967,-0.331124340588225,4.206994456940467e-15,1.0028194968612536,0.9552828816057751,1.058762483368768,-0.45485882614734185,0.2354280542764807,1.0739610012935237,1.0747375087853117,-0.037390793273703225,-0.5716217095617353,0.0,0.0,0.0,0.0,-0.20442806208710512,0.07441303178277657,0.03315535367597194,-0.3779644730092272,-0.6804016104673981,-0.7995900589021115,0.7995900589021115,-0.408248290463863,0.41639223650653734,-0.7945466303660769,-0.44721359549995787,1.0641602595597024,23,7,0.1
0.0016336514823526828,-0.20318228433237226,-0.20220242544955863,-0.10183865900276282,0.3251931851494558,-0.0762898653552064,-1.118033988749895,1.373539701388967,-0.331124340588225,4.206994456940467e-15,1.0028194968612536,0.9552828816057751,1.058762483368768,-0.45485882614734185,-0.03720132768321342,0.7337523090879257,-0.43147478934825517,-0.7780741047822369,-0.4838288526678839,0.0,0.0,0.0,0.0,-0.20456616189205076,0.06740523994534638,0.026276918538282824,-0.3779644730092272,-0.6419940242766472,-0.7995900589021115,0.7995900589021115,-0.408248290463863,0.41639223650653734,-0.6500836066631539,-0.44721359549995787,1.0641602595597024,23,8,0.1
0.0014918593540324359,-0.20317779391805987,-0.20206327164119278,-0.10183865900276282,0.39241881319066574,-0.0762898653552064,-1.118033988749895,1.373539701388967,-0.331124340588225,4.206994456940467e-15,1.0028194968612536,0.9552828816057751,1.058762483368768,-0.45485882614734185,-0.09468752391534503,0.42170958531416564,-0.5689786176986503,-0.7231378728362657,-0.34848779270275,0.0,0.0,0.0,0.0,-0.20458311796747988,0.11995840701287849,0.07786000766821304,-0.3779644730092272,-0.7508058875955863,-0.7995900589021115,0.7995900589021115,-0.408248290463863,0.41639223650653734,-0.5056205829602308,-0.44721359549995787,1.0641602595597024,23,9,0.1
0.0014138235968157724,-0.20319190834836806,-0.20204077249238842,0.3460381659308536,0.5541288147071936,-0.0762898653552064,-1.118033988749895,1.373539701388967,-0.331124340588225,4.206994456940467e-15,1.0028194968612536,0.9552828816057751,1.058762483368768,-0.45485882614734185,0.6452760147868493,0.9740424448708931,-0.36287737940185233,-0.151797570045086,-0.650689025034542,0.0,0.0,0.0,0.0,-0.20452982102686465,-0.14941764302261715,0.16566134975200683,2.6457513110645903,0.5463465770008178,-0.7995900589021115,0.7995900589021115,-0.408248290463863,0.41639223650653734,-0.3611575592573077,-0.44721359549995787,1.0641602595597024,23,10,0.1
0.001547789073989632,-0.20317955819179154,-0.20216814564730567,-0.10183865900276282,0.4920136043322297,-0.0762898653552064,-1.118033988749895,1.373539701388967,-0.331124340588225,4.206994456940467e-15,1.0028194968612536,0.9552828816057751,1.058762483368768,-0.45485882614734185,0.836990044292377,1.2132966365942461,0.3480364350201596,-0.2924434465147682,-0.7258067970372193,0.0,0.0,0.0,0.0,-0.2045764559633995,-0.21038187699789404,0.09086272936525659,2.6457513110645903,0.8804730929244384,-0.7995900589021115,0.7995900589021115,-0.408248290463863,0.41639223650653734,-0.21669453555438475,-0.44721359549995787,1.0641602595597024,23,11,0.1
0.001594140515615032,-0.2031720466473458,-0.20220931025619787,0.3460381659308536,0.7180690050984415,-0.0762898653552064,-1.118033988749895,1.373539701388967,-0.331124340588225,4.206994456940467e-15,1.0028194968612536,0.9552828816057751,1.058762483368768,-0.45485882614734185,0.2986442604394071,0.536471562147368,-0.33627761998050554,-0.3005059474004189,-0.5092295281115673,0.0,0.0,0.0,0.0,-0.20460482000853,-0.0969749743444647,0.2300046377873491,2.6457513110645903,0.2589241814652019,-0.7995900589021115,0.7995900589021115,-0.408248290463863,0.41639223650653734,-0.07223151185146165,-0.44721359549995787,1.0641602595597024,23,12,0.1
0.001841901719844048,-0.20317010686462944,-0.20257558627599165,0.3460381659308536,0.6534299661820798,-0.0762898653552064,-1.118033988749895,1.373539701388967,-0.331124340588225,4.206994456940467e-15,1.0028194968612536,0.9552828816057751,1.058762483368768,-0.45485882614734185,-0.927853145724411,0.7338319251595212,-0.45780990326904897,-0.13587592237971022,-0.42219381585805527,0.0,0.0,0.0,0.0,-0.2046121447451282,0.18982459077740466,0.14643653284056934,-0.3779644730092272,-0.7508058875955863,-0.5535623484706925,0.5535623484706925,-0.408248290463863,0.41639223650653734,0.07223151185146126,-0.44721359549995787,1.0641602595597024,23,13,0.1
0.0017131687110963126,-0.2031599785980353,-0.2024594625408642,0.3460381659308536,0.9182092345145504,-0.0762898653552064,-1.118033988749895,1.373539701388967,-0.331124340588225,4.206994456940467e-15,1.0028194968612536,0.9552828816057751,1.058762483368768,-0.45485882614734185,0.5493281420287416,0.39845582952750497,-0.5360032393297331,-0.222688728394006,-0.24579698906109576,0.0,0.0,0.0,0.0,-0.20465038969100396,0.2830781797977093,0.23796875558822758,-0.3779644730092272,-0.7508058875955863,-0.30753463803927367,0.30753463803927367,-0.408248290463863,0.41639223650653734,0.21669453555438456,2.2360679774997894,1.0641602595597024,23,14,0.1
0.001650516587297653,-0.2031646846864535,-0.20243159801916763,0.79391499086447,1.0203095579014194,-0.0762898653552064,-1.118033988749895,1.373539701388967,-0.331124340588225,4.206994456940467e-15,1.0028194968612536,0.9552828816057751,1.058762483368768,-0.45485882614734185,0.23161425400469923,0.6233861587118662,-0.23431620008187223,0.18784304112959657,-0.31650280138692805,0.0,0.0,0.0,0.0,-0.20463261921713582,0.32063252869416026,0.2748298894539147,-0.3779644730092272,-0.7508058875955863,-0.06150692760785473,0.06150692760785473,-0.408248290463863,0.41639223650653734,0.36115755925730747,2.2360679774997894,1.0641602595597024,23,15,0.1
0.0017140095155384271,-0.20315369591860818,-0.20251987724376416,0.79391499086447,1.258639226401525,-0.0762898653552064,-1.118033988749895,1.373539701388967,-0.331124340588225,4.206994456940467e-15,1.0028194968612536,0.9552828816057751,1.058762483368768,-0.45485882614734185,-1.3816955887890074,1.164434651249138,-0.14759773367337622,0.07773921501432784,-0.4628502842437785,0.0,0.0,0.0,0.0,-0.20467411346766526,0.3721211244322569,0.32536805815686354,-0.3779644730092272,-0.7508058875955863,0.18452078282356418,-0.18452078282356418,-0.408248290463863,0.41639223650653734,0.5056205829602304,2.2360679774997894,1.0641602595597024,23,16,0.1
0.0016910025065252632,-0.20314609074040288,-0.2024897593318669,2.137545465665319,1.858063214458085,-0.0762898653552064,-1.118033988749895,1.373539701388967,-0.331124340588225,4.206994456940467e-15,1.0028194968612536,0.9552828816057751,1.058762483368768,-0.45485882614734185,-0.6925264536758516,1.0510238937342635,-0.4119971461763635,0.08351096188747748,-0.2735986184499096,0.0,0.0,0.0,0.0,-0.20470283107952242,0.7215726129386123,0.6683690281088094,-0.3779644730092272,-0.7508058875955863,0.4305484932549831,-0.4305484932549831,-0.408248290463863,0.41639223650653734,0.6500836066631537,2.2360679774997894,1.0641602595597024,23,17,0.1
0.0014858814522689954,-0.20312298645692206,-0.2022088329814987,1.2417918157980865,1.5640729493811159,-0.0762898653552064,-1.118033988749895,1.373539701388967,-0.331124340588225,4.206994456940467e-15,1.0028194968612536,0.9552828816057751,1.058762483368768,-0.45485882614734185,-1.3773183377941578,1.3342300756331498,-0.3282567777441806,-0.5263906755427814,-0.4460169677830518,0.0,0.0,0.0,0.0,-0.20479007424823345,0.5164914295670162,0.467073434502915,-0.3779644730092272,-0.7508058875955863,0.676576203686402,-0.676576203686402,-0.408248290463863,0.41639223650653734,0.7945466303660766,-0.44721359549995787,1.0641602595597024,23,18,0.1
0.0013936523861546822,-0.2031186207451051,-0.2021105703576366,0.79391499086447,1.2859189526337311,-0.0762898653552064,-1.118033988749895,1.373539701388967,-0.331124340588225,4.206994456940467e-15,1.0028194968612536,0.9552828816057751,1.058762483368768,-0.45485882614734185,-0.8060396361258545,0.730487264280616,-0.36399227899242287,-0.41908367850842704,-0.3610766950057373,0.0,0.0,0.0,0.0,-0.2048065594395144,0.3088815535555147,0.2632958253477225,-0.3779644730092272,-0.7508058875955863,0.922603914117821,-0.922603914117821,-0.408248290463863,0.41639223650653734,0.9390096540689995,-0.44721359549995787,1.0641602595597024,23,19,0.1
0.0012300941473142363,-0.20310428096650032,-0.20195032347946282,0.79391499086447,1.2314572970839435,-0.0762898653552064,-1.118033988749895,1.373539701388967,-0.331124340588225,4.206994456940467e-15,1.0028194968612536,0.9552828816057751,1.058762483368768,-0.45485882614734185,-0.7087124366576698,1.1721162896866633,-0.18949406349136524,-0.7445541828324804,-0.47595566014126295,0.0,0.0,0.0,0.0,-0.2048607073088968,0.34668097934145103,0.30039751223313127,-0.3779644730092272,-0.7508058875955863,1.1686316245492399,-1.1686316245492399,-0.408248290463863,0.41639223650653734,1.0834726777719228,-0.44721359549995787,1.0641602595597024,23,20,0.1
0.001415245790387535,-0.20311415619675,-0.20211534841024878,0.3460381659308536,1.155692336612362,-0.0762898653552064,-1.118033988749895,1.373539701388967,-0.331124340588225,4.206994456940467e-15,1.0028194968612536,0.9552828816057751,1.058762483368768,-0.45485882614734185,0.3032267311944273,0.8483372680115816,-0.2897223606823571,0.04205747985704819,-0.45837417720093204,0.0,0.0,0.0,0.0,-0.2048234178435279,0.18829921169166317,0.1449393106991209,-0.3779644730092272,-0.7508058875955863,1.4146593349806589,-1.4146593349806589,-0.408248290463863,0.41639223650653734,1.2279357014748458,-0.44721359549995787,1.0641602595597024,23,21,0.1
0.0016363840538977164,-0.2031133273069027,-0.20231524410877696,0.3460381659308536,1.0991518794254331,-0.0762898653552064,-1.118033988749895,1.373539701388967,-0.331124340588225,4.206994456940467e-15,1.0028194968612536,0.9552828816057751,1.058762483368768,-0.45485882614734185,-0.6126129959112275,0.6547504522005585,-0.3625976231323269,0.3937852271163398,-0.3818180518630577,0.0,0.0,0.0,0.0,-0.2048265477816127,0.2170959085134287,0.17320444982757507,-0.3779644730092272,-0.7508058875955863,1.6606870454120777,-1.6606870454120777,-0.408248290463863,0.41639223650653734,1.3723987251777687,-0.44721359549995787,1.0641602595597024,23,22,0.1
0.0017561397552521287,-0.20309656317797128,-0.2025009113875752,-0.10183865900276282,0.9024842990450481,-0.0762898653552064,-1.118033988749895,1.373539701388967,-0.331124340588225,4.206994456940467e-15,1.0028194968612536,0.9552828816057751,1.058762483368768,-0.45485882614734185,0.372540588926241,0.4559742972361563,-0.3654574131753398,-0.07774677562001973,-0.37841505850624013,0.0,0.0,0.0,0.0,-0.2048898501441323,0.09022841380871029,0.048678799857993865,-0.3779644730092272,-0.7508058875955863,1.9067147558434967,-1.9067147558434967,-0.408248290463863,0.41639223650653734,1.516861748880692,-0.44721359549995787,1.0641602595597024,23,23,0.1
0.0016767453601297542,-0.20308697192379638,-0.202402540144204,0.79391499086447,1.397385697743866,-0.0762898653552064,-1.118033988749895,1.373539701388967,-0.331124340588225,4.206994456940467e-15,1.0028194968612536,0.9552828816057751,1.058762483368768,-0.45485882614734185,-1.2160857902655249,0.5579771571599956,-0.39065040090903347,-0.20002841865536616,-0.25993538324278415,0.0,0.0,0.0,0.0,-0.20492606729870563,0.37901485714628547,0.332134539586398,-0.3779644730092272,-0.7508058875955863,2.1527424662749155,-2.1527424662749155,-0.408248290463863,0.41639223650653734,1.6613247725836149,-0.44721359549995787,1.0641602595597024,23,24,0.0
0.002004775973618343,-0.2035603350048234,-0.20289249523628836,0.79391499086447,-1.265795696068395,-0.80633086448194,0.0,-1.4004873931646307,-0.331124340588225,-0.4736654667156822,0.5640859669844422,-0.7093612531636904,-1.1271543790448286,-1.1181946142788823,-1.0344283104831182,-1.1351487159943634,2.4119963984560537,4.385786048816531,-0.30841762006387535,0.0,0.0,0.0,0.0,-0.20381378005128234,-0.9325247153872774,-0.9551953482678089,-0.3779644730092272,-0.7508058875955863,-0.7995900589021115,0.7995900589021115,-0.408248290463863,0.6558829133804082,-1.661324772583615,-0.44721359549995787,-1.1389071909150976,24,1,0.1
-0.00780498158774357,-0.20340463556190666,-0.19944120952522165,0.79391499086447,-1.288722725575433,-0.80633086448194,0.0,-1.4004873931646307,-0.331124340588225,-0.4736654667156822,0.5640859669844422,-0.7093612531636904,-1.1271543790448286,-1.1181946142788823,-1.4536266907495523,-1.1884541067320196,2.4119963984560537,0.5953950774287204,-0.30060601425572536,0.0,0.0,0.0,0.0,-0.20440171054381925,-0.966219716642185,-0.9882683741185919,-0.3779644730092272,-0.3524965375112728,-0.7995900589021115,0.7995900589021115,-0.408248290463863,0.6558829133804082,-1.5168617488806921,-0.44721359549995787,-1.1389071909150976,24,2,0.9
-0.004337387685413816,-0.2033590106922864,-0.1990715490638606,0.3460381659308536,-1.2267148782116508,-0.80633086448194,0.0,-1.4004873931646307,-0.331124340588225,-0.4736654667156822,0.5640859669844422,-0.7093612531636904,-1.1271543790448286,-1.1181946142788823,-1.1630718567609497,-1.075232506505062,2.4119963984560537,-0.4350590371551665,-0.3314938365504652,0.0,0.0,0.0,0.0,-0.2045739928048556,-0.9052297750927545,-0.9284042447706734,-0.3779644730092272,-0.7508058875955863,-0.7995900589021115,0.7995900589021115,-0.408248290463863,0.6558829133804082,-1.3723987251777692,-0.44721359549995787,-1.1389071909150976,24,3,0.9
-0.002093416413539548,-0.2033587230292096,-0.19922313251802143,0.3460381659308536,-1.1830895351064092,-0.80633086448194,0.0,-1.4004873931646307,-0.331124340588225,-0.4736654667156822,0.5640859669844422,-0.7093612531636904,-1.1271543790448286,-1.1181946142788823,0.17293007806564728,-1.1821774190665317,-0.9158469765721311,-0.24012108213408678,-0.17448664370604283,0.0,0.0,0.0,0.0,-0.2045750790379934,-0.8842650348409733,-0.9078264922709276,-0.3779644730092272,-0.7508058875955863,-0.7995900589021115,0.7995900589021115,-0.408248290463863,0.6558829133804082,-1.2279357014748462,-0.44721359549995787,-1.1389071909150976,24,4,0.9
-0.000959091568636414,-0.2033480802976482,-0.19936706800858453,0.3460381659308536,-1.2383896624576394,-0.80633086448194,0.0,-1.4004873931646307,-0.331124340588225,-0.4736654667156822,0.5640859669844422,-0.7093612531636904,-1.1271543790448286,-1.1181946142788823,-0.32031756991802257,-0.9557288925436418,-0.7997291076175005,-0.3402202905734724,-0.45769413551828164,0.0,0.0,0.0,0.0,-0.20461526663463223,-0.9188987845119302,-0.9418209381981341,-0.3779644730092272,-0.7508058875955863,-0.7995900589021115,0.7995900589021115,-0.408248290463863,0.6558829133804082,-1.0834726777719228,-0.44721359549995787,-1.1389071909150976,24,5,0.9
-0.0001296075092375321,-0.20335718872087413,-0.19957409976450402,0.79391499086447,-1.4186410020021298,-0.80633086448194,0.0,-1.4004873931646307,-0.331124340588225,-0.4736654667156822,0.5640859669844422,-0.7093612531636904,-1.1271543790448286,-1.1181946142788823,-1.2745507184722724,-1.019350751218657,-0.5407520303326931,0.1709489115933082,-0.5598194596642294,0.0,0.0,0.0,0.0,-0.20458087267885977,-1.0325681673801994,-1.0533921000332236,-0.3779644730092272,0.5877733715695758,-0.7995900589021115,0.7995900589021115,-0.408248290463863,0.6558829133804082,-0.9390096540689999,-0.44721359549995787,-1.1389071909150976,24,6,0.9
0.0013435029146634393,-0.20333438769472229,-0.2019347606116238,0.79391499086447,-1.3966522703461572,-0.80633086448194,0.0,-1.4004873931646307,-0.331124340588225,-0.4736654667156822,0.5640859669844422,-0.7093612531636904,-1.1271543790448286,-1.1181946142788823,-0.12645314489789639,-0.9409274969961614,1.3290120042988676,-0.3186718027471909,-0.6092390938026694,0.0,0.0,0.0,0.0,-0.2046669707295957,-1.0289728188782872,-1.0498631180027211,-0.3779644730092272,0.5368211945194132,-0.7995900589021115,0.7995900589021115,-0.408248290463863,0.6558829133804082,-0.7945466303660769,-0.44721359549995787,-1.1389071909150976,24,7,0.9
0.0015192822824032764,-0.2033178502737814,-0.20221825350301817,0.3460381659308536,-1.1470465103826326,-0.80633086448194,0.0,-1.4004873931646307,-0.331124340588225,-0.4736654667156822,0.5640859669844422,-0.7093612531636904,-1.1271543790448286,-1.1181946142788823,-0.21609916394686624,-1.0854397791174528,-0.5808987944189558,-0.639830658087863,-0.3052640323016099,0.0,0.0,0.0,0.0,-0.20472941702906172,-0.8945121412127448,-0.9178844474959615,-0.3779644730092272,-0.7508058875955863,-0.7995900589021115,0.7995900589021115,-0.408248290463863,0.6558829133804082,-0.6500836066631539,-0.44721359549995787,-1.1389071909150976,24,8,0.9
0.0014871895265388861,-0.20332391570422725,-0.20219338147655488,0.3460381659308536,-1.1468273910983164,-0.80633086448194,0.0,-1.4004873931646307,-0.331124340588225,-0.4736654667156822,0.5640859669844422,-0.7093612531636904,-1.1271543790448286,-1.1181946142788823,-1.1542869386795997,-1.1197789312559636,-0.6284566892405195,-0.1763463117871589,-0.2619640262733713,0.0,0.0,0.0,0.0,-0.20470651359766426,-0.8908562465386036,-0.9142960369139024,-0.3779644730092272,-0.7508058875955863,-0.7995900589021115,0.7995900589021115,-0.408248290463863,0.6558829133804082,-0.5056205829602308,-0.44721359549995787,-1.1389071909150976,24,9,0.9
0.0016080666967218007,-0.203327275895643,-0.20228136800788216,1.2417918157980865,-1.4129183036751638,-0.80633086448194,0.0,-1.4004873931646307,-0.331124340588225,-0.4736654667156822,0.5640859669844422,-0.7093612531636904,-1.1271543790448286,-1.1181946142788823,-1.5508542044770683,-0.9935076112951373,-0.23243190537318162,0.23344986815496402,-0.7664206316364351,0.0,0.0,0.0,0.0,-0.20469382531209895,-1.1732632761168957,-1.0905217571415788,2.6457513110645903,2.5816613317021044,-0.7995900589021115,0.7995900589021115,-0.408248290463863,0.6558829133804082,-0.3611575592573077,-0.44721359549995787,-1.1389071909150976,24,10,0.9
0.001585712033168591,-0.2033136833419275,-0.20226257732361322,1.2417918157980865,-1.3491366808253964,-0.80633086448194,0.0,-1.4004873931646307,-0.331124340588225,-0.4736654667156822,0.5640859669844422,-0.7093612531636904,-1.1271543790448286,-1.1181946142788823,-0.4375323590294702,-1.1638623553146485,0.19447947316221506,0.00759820303044895,-0.6209849927780018,0.0,0.0,0.0,0.0,-0.2047451516152062,-1.1491401811184065,-1.0609244980982317,2.6457513110645903,2.2397962227406034,-0.7995900589021115,0.7995900589021115,-0.408248290463863,0.6558829133804082,-0.21669453555438475,-0.44721359549995787,-1.1389071909150976,24,11,0.9
0.0016694654886571813,-0.2032989617256617,-0.20239360021014915,0.79391499086447,-1.224384874824175,-0.80633086448194,0.0,-1.4004873931646307,-0.331124340588225,-0.4736654667156822,0.5640859669844422,-0.7093612531636904,-1.1271543790448286,-1.1181946142788823,-1.3401777461704005,-0.9612069429054125,-0.13234959932979445,-0.29324411383770194,-0.6700272722477802,0.0,0.0,0.0,0.0,-0.20480074132663983,-1.0861533171479993,-0.9836442598295941,2.6457513110645903,1.3471656910557164,-0.7995900589021115,0.7995900589021115,-0.408248290463863,0.6558829133804082,-0.07223151185146165,-0.44721359549995787,-1.1389071909150976,24,12,0.9
0.0016374689204705151,-0.2032947321585585,-0.20235641921130515,0.79391499086447,-1.2917504757350562,-0.80633086448194,0.0,-1.4004873931646307,-0.331124340588225,-0.4736654667156822,0.5640859669844422,-0.7093612531636904,-1.1271543790448286,-1.1181946142788823,-0.1820163518019254,-1.7939795535418366,-0.8861407063293419,-0.1568635651252052,1.908757875083052,0.0,0.0,0.0,0.0,-0.20481671242726543,-1.0184297265079356,-1.039514640379173,-0.3779644730092272,0.3874077207422263,-0.5535623484706925,0.5535623484706925,-0.408248290463863,0.6558829133804082,0.07223151185146126,-0.44721359549995787,-1.1389071909150976,24,13,0.1
0.001464390652784402,-0.20328634769587078,-0.20221963746500493,1.2417918157980865,-1.3532770675994503,-0.80633086448194,0.0,-1.4004873931646307,-0.331124340588225,-0.4736654667156822,0.5640859669844422,-0.7093612531636904,-1.1271543790448286,-1.1181946142788823,-0.5472562791880273,-1.7469167743273288,-0.7797859393771965,-0.2029933961126972,1.1143707864511632,0.0,0.0,0.0,0.0,-0.20484837266435632,-1.0760421783176766,-1.0960636250079552,-0.3779644730092272,1.2038737304607083,-0.30753463803927367,0.30753463803927367,-0.408248290463863,0.6558829133804082,0.21669453555438456,2.2360679774997894,-1.1389071909150976,24,14,0.1
0.0014780017578763687,-0.20328599686106233,-0.20223137131755875,0.79391499086447,-1.2761094900557453,-0.80633086448194,0.0,-1.4004873931646307,-0.331124340588225,-0.4736654667156822,0.5640859669844422,-0.7093612531636904,-1.1271543790448286,-1.1181946142788823,-0.3783068168416639,-1.0651637016509905,0.34795379643434715,0.16086972169747676,-0.5300947752662903,0.0,0.0,0.0,0.0,-0.204849697437765,-1.0366401494034074,-1.0573889174156792,-0.3779644730092272,0.6454802528027007,-0.06150692760785473,0.06150692760785473,-0.408248290463863,0.6558829133804082,0.36115755925730747,2.2360679774997894,-1.1389071909150976,24,15,0.1
0.0015192400730748882,-0.20326919452907827,-0.20228880311435837,0.79391499086447,-1.1865511833678553,-0.80633086448194,0.0,-1.4004873931646307,-0.331124340588225,-0.4736654667156822,0.5640859669844422,-0.7093612531636904,-1.1271543790448286,-1.1181946142788823,-0.8579034631783363,-1.8139547494641035,-0.8131702203423777,-0.3383627641702087,2.247171198394176,0.0,0.0,0.0,0.0,-0.20491314405731675,-1.0099587853039673,-1.0312000641220052,-0.3779644730092272,0.2673601382126037,0.18452078282356418,-0.18452078282356418,-0.408248290463863,0.6558829133804082,0.5056205829602304,2.2360679774997894,-1.1389071909150976,24,16,0.1
0.0014822216916792973,-0.20325629698310255,-0.20223761264381931,1.2417918157980865,-1.257981713151302,-0.80633086448194,0.0,-1.4004873931646307,-0.331124340588225,-0.4736654667156822,0.5640859669844422,-0.7093612531636904,-1.1271543790448286,-1.1181946142788823,-0.6961811802641594,-1.7838989044872313,-0.776074497108856,-0.6853553420338218,1.620510794411476,0.0,0.0,0.0,0.0,-0.20496184596925665,-1.047855532904193,-1.0683972763601355,-0.3779644730092272,0.8044212304335242,0.4305484932549831,-0.4305484932549831,-0.408248290463863,0.6558829133804082,0.6500836066631537,2.2360679774997894,-1.1389071909150976,24,17,0.1
0.0014513194303289161,-0.20325463222325496,-0.20220662584600882,0.79391499086447,-1.1874569700921895,-0.80633086448194,0.0,-1.4004873931646307,-0.331124340588225,-0.4736654667156822,0.5640859669844422,-0.7093612531636904,-1.1271543790448286,-1.1181946142788823,-1.4331053683783288,-1.8000439332110512,-0.8058384519945915,-0.3521616392750876,1.992469545664329,0.0,0.0,0.0,0.0,-0.20496813220290544,-1.0180938373706896,-1.039184951413291,-0.3779644730092272,0.3826476028340236,0.676576203686402,-0.676576203686402,-0.408248290463863,0.6558829133804082,0.7945466303660766,-0.44721359549995787,-1.1389071909150976,24,18,0.1
0.0013737155329646138,-0.2032376331119638,-0.20211480446136504,0.79391499086447,-1.0930818879888706,-0.80633086448194,0.0,-1.4004873931646307,-0.331124340588225,-0.4736654667156822,0.5640859669844422,-0.7093612531636904,-1.1271543790448286,-1.1181946142788823,-0.5791942777729048,-1.7678312396110103,-0.39288142318997216,-1.0709426854013846,1.7847474758876845,0.0,0.0,0.0,0.0,-0.20503232187299594,-0.9821580042890142,-1.0039124572089297,-0.3779644730092272,-0.12662400982010014,0.922603914117821,-0.922603914117821,-0.408248290463863,0.6558829133804082,0.9390096540689995,-0.44721359549995787,-1.1389071909150976,24,19,0.1
0.0013720725871475528,-0.20323497125086842,-0.2021131603412341,0.79391499086447,-1.0885662532632248,-0.80633086448194,0.0,-1.4004873931646307,-0.331124340588225,-0.4736654667156822,0.5640859669844422,-0.7093612531636904,-1.1271543790448286,-1.1181946142788823,0.08064968825380658,-1.7950657681940336,-0.6860519097550771,-0.786940655783756,2.2696243190365686,0.0,0.0,0.0,0.0,-0.20504237322112892,-0.9578458609791436,-0.9800490913021487,-0.3779644730092272,-0.4711682535101045,1.1686316245492399,-1.1686316245492399,-0.408248290463863,0.6558829133804082,1.0834726777719228,-0.44721359549995787,-1.1389071909150976,24,20,0.1
0.0014713623632174834,-0.20322612579661306,-0.20223898453178232,0.79391499086447,-0.9696088010388141,-0.80633086448194,0.0,-1.4004873931646307,-0.331124340588225,-0.4736654667156822,0.5640859669844422,-0.7093612531636904,-1.1271543790448286,-1.1181946142788823,-0.986426671610768,-1.0766094154238888,0.19622001974999237,-0.9975507393621866,-0.371080207129575,0.0,0.0,0.0,0.0,-0.2050757741901989,-0.9334840646978066,-0.9561369889671827,-0.3779644730092272,-0.7508058875955863,1.4146593349806589,-1.4146593349806589,-0.408248290463863,0.6558829133804082,1.2279357014748458,-0.44721359549995787,-1.1389071909150976,24,21,0.1
0.0015313457608382105,-0.203221333568604,-0.2023093922809351,0.79391499086447,-1.0283990221263262,-0.80633086448194,0.0,-1.4004873931646307,-0.331124340588225,-0.4736654667156822,0.5640859669844422,-0.7093612531636904,-1.1271543790448286,-1.1181946142788823,-1.4270893084606018,-1.1393205510356526,-0.3925687793233734,-0.8434661844931692,-0.32101518064049567,0.0,0.0,0.0,0.0,-0.20509386993236048,-0.943651080928119,-0.9661163324331952,-0.3779644730092272,-0.6723323259117587,1.6606870454120777,-1.6606870454120777,-0.408248290463863,0.6558829133804082,1.3723987251777687,-0.44721359549995787,-1.1389071909150976,24,22,0.1
0.0015501093860332815,-0.20321566609745395,-0.2023295675264477,0.3460381659308536,-0.9429388564439584,-0.80633086448194,0.0,-1.4004873931646307,-0.331124340588225,-0.4736654667156822,0.5640859669844422,-0.7093612531636904,-1.1271543790448286,-1.1181946142788823,-1.1228710499952819,-0.9924197434699012,-0.33015975502673045,-0.7442603058991331,-0.409024984106697,0.0,0.0,0.0,0.0,-0.20511527064544113,-0.904967999566745,-0.9281473013542504,-0.3779644730092272,-0.7508058875955863,1.9067147558434967,-1.9067147558434967,-0.408248290463863,0.6558829133804082,1.516861748880692,-0.44721359549995787,-1.1389071909150976,24,23,0.1
0.0016635609842388936,-0.20321226455000152,-0.2024788393490085,0.3460381659308536,-0.9141952459729173,-0.80633086448194,0.0,-1.4004873931646307,-0.331124340588225,-0.4736654667156822,0.5640859669844422,-0.7093612531636904,-1.1271543790448286,-1.1181946142788823,0.46411143566159213,-0.9072061980166632,-0.3997655480879948,-0.2658308999150503,-0.44849708306680947,0.0,0.0,0.0,0.0,-0.20512811509389667,-0.8816271681137763,-0.9052373178767942,-0.3779644730092272,-0.7508058875955863,2.1527424662749155,-2.1527424662749155,-0.408248290463863,0.6558829133804082,1.6613247725836149,-0.44721359549995787,-1.1389071909150976,24,24,0.0
0.002004775973618343,-0.20172147781262445,-0.20289249523628836,-0.9975923088699957,-0.8080720154168082,-1.6447745341454294,1.118033988749895,1.373539701388967,-0.331124340588225,-1.4209964001470081,-0.31338109276913706,0.44604927162176855,1.058762483368768,-0.45485882614734185,1.3807329533467227,0.20925620083359456,2.4119963984560537,2.8838853225671133,-0.7130785081575071,0.0,0.0,0.0,0.0,-0.2033306523382712,-0.6141430092373106,-0.6426906441351556,-0.3779644730092272,0.055375426137536654,-0.7995900589021115,0.7995900589021115,-0.408248290463863,-0.7250102411641544,-1.661324772583615,-0.44721359549995787,1.0641602595597024,25,1,0.1
-0.004333427562276781,-0.20162087851101493,-0.20066257760983988,-0.5497154839363793,-0.7533871595437143,-1.6447745341454294,1.118033988749895,1.373539701388967,-0.331124340588225,-1.4209964001470081,-0.31338109276913706,0.44604927162176855,1.058762483368768,-0.45485882614734185,0.020422754617756913,0.4563704867041786,2.4119963984560537,0.9798435882162322,-0.7672349078582277,0.0,0.0,0.0,0.0,-0.2037105213720723,-0.6042396342624228,-0.6329700753755163,-0.3779644730092272,-0.029900014289428956,-0.7995900589021115,0.7995900589021115,-0.408248290463863,-0.7250102411641544,-1.5168617488806921,-0.44721359549995787,1.0641602595597024,25,2,0.1
-0.0033077037405880314,-0.20155283957119305,-0.19982145137713264,-0.9975923088699957,-0.839197796496232,-1.6447745341454294,1.118033988749895,1.373539701388967,-0.331124340588225,-1.4209964001470081,-0.31338109276913706,0.44604927162176855,1.058762483368768,-0.45485882614734185,1.324569849707279,0.004880061351814772,2.4119963984560537,-0.289920838977031,-0.6674862045276009,0.0,0.0,0.0,0.0,-0.20396744051482463,-0.6356379699736419,-0.6637888297893467,-0.3779644730092272,0.24046306024196482,-0.7995900589021115,0.7995900589021115,-0.408248290463863,-0.7250102411641544,-1.3723987251777692,-0.44721359549995787,1.0641602595597024,25,3,0.1
-0.001113775528980984,-0.20157916638491125,-0.20004789915408722,-0.9975923088699957,-0.8426810418365491,-1.6447745341454294,1.118033988749895,1.373539701388967,-0.331124340588225,-1.4209964001470081,-0.31338109276913706,0.44604927162176855,1.058762483368768,-0.45485882614734185,0.2471612615548376,-0.12015083714706415,-0.8337705503086184,-0.09055142209428421,-0.6361089722901785,0.0,0.0,0.0,0.0,-0.20386802887746533,-0.6505771999966011,-0.6784522968419905,-0.3779644730092272,0.36910096631721545,-0.7995900589021115,0.7995900589021115,-0.408248290463863,-0.7250102411641544,-1.2279357014748462,-0.44721359549995787,1.0641602595597024,25,4,0.1
-0.00015776855537407735,-0.20157071547616917,-0.20021030670336115,-0.10183865900276282,-0.6523212138824993,-1.6447745341454294,1.118033988749895,1.373539701388967,-0.331124340588225,-1.4209964001470081,-0.31338109276913706,0.44604927162176855,1.058762483368768,-0.45485882614734185,-0.11212978086092332,0.07592271550988848,-0.7522101515270389,-0.395425380144676,-0.6093060127321689,0.0,0.0,0.0,0.0,-0.20389994001886722,-0.5145453752040349,-0.5449314809839271,-0.3779644730092272,-0.7508058875955863,-0.7995900589021115,0.7995900589021115,-0.408248290463863,-0.7250102411641544,-1.0834726777719228,-0.44721359549995787,1.0641602595597024,25,5,0.1
0.0006308578867350377,-0.20159366348458382,-0.2004309006296531,-0.9975923088699957,-0.880861627962831,-1.6447745341454294,1.118033988749895,1.373539701388967,-0.331124340588225,-1.4209964001470081,-0.31338109276913706,0.44604927162176855,1.058762483368768,-0.45485882614734185,0.5387607469945219,-0.06168594344405075,-0.48486551441540504,-0.2518955652948506,-0.6587701166446864,0.0,0.0,0.0,0.0,-0.20381328695423698,-0.6542037294890158,-0.6820118842936691,-0.3779644730092272,0.40032808843176976,-0.7995900589021115,0.7995900589021115,-0.408248290463863,-0.7250102411641544,-0.9390096540689999,-0.44721359549995787,1.0641602595597024,25,6,0.1
0.001774767643192598,-0.2015725196680892,-0.20194817588023037,-0.9975923088699957,-0.8934659749608396,-1.6447745341454294,1.118033988749895,1.373539701388967,-0.331124340588225,-1.4209964001470081,-0.31338109276913706,0.44604927162176855,0.658280705422617,-0.45485882614734185,1.6588311205862487,0.18756522490217628,1.3901345351552499,-0.6993627929255971,-0.7499890632949532,0.0,0.0,0.0,0.0,-0.20389312728129871,-0.6823533836666458,-0.7096419245261729,-0.3779644730092272,0.6427175934188175,-0.7995900589021115,0.7995900589021115,-0.408248290463863,-0.7250102411641544,-0.7945466303660769,-0.44721359549995787,0.5133933969410024,25,7,0.1
0.0024274682445813286,-0.2015992004912773,-0.20221233193495325,-0.10183865900276282,-0.464556818472632,-1.6447745341454294,1.118033988749895,1.373539701388967,-0.331124340588225,-1.4209964001470081,-0.31338109276913706,0.44604927162176855,1.058762483368768,-0.45485882614734185,0.44923653224318494,0.07014704414294162,-0.45518127311168505,-0.5075947352160866,-0.563701913698234,0.0,0.0,0.0,0.0,-0.20379237888281745,-0.44859379034787966,-0.4801972952111917,-0.3779644730092272,-0.7508058875955863,-0.7995900589021115,0.7995900589021115,-0.408248290463863,-0.7250102411641544,-0.6500836066631539,-0.44721359549995787,1.0641602595597024,25,8,0.1
0.002842897084032605,-0.20165942213153237,-0.20154881974785377,0.3460381659308536,-0.4459696456003242,-1.6447745341454294,1.118033988749895,1.373539701388967,-0.331124340588225,-1.4209964001470081,-0.31338109276913706,0.44604927162176855,1.058762483368768,-0.45485882614734185,0.13017408291779614,0.0736244979944085,-0.5111412357054917,0.0882606078914883,-0.5530497139759334,0.0,0.0,0.0,0.0,-0.20356497833498458,-0.43060675738578064,-0.4625422845574156,-0.3779644730092272,-0.7508058875955863,-0.7995900589021115,0.7995900589021115,-0.408248290463863,-0.7250102411641544,-0.5056205829602308,-0.44721359549995787,1.0641602595597024,25,9,0.1
0.002629219040486382,-0.2015953017873113,-0.20158830969385935,0.3460381659308536,-0.36533879333877267,-1.6447745341454294,1.118033988749895,1.373539701388967,-0.331124340588225,-1.4209964001470081,-0.31338109276913706,0.44604927162176855,1.058762483368768,-0.45485882614734185,-0.05913466446629523,0.40475025686605703,-0.2978864227752592,-0.8467195384462382,-0.7692231373481805,0.0,0.0,0.0,0.0,-0.20380710062427043,-0.6279994148937854,-0.4215232000075588,2.6457513110645903,0.1746894072890962,-0.7995900589021115,0.7995900589021115,-0.408248290463863,-0.7250102411641544,-0.3611575592573077,-0.44721359549995787,1.0641602595597024,25,10,0.1
0.002726761056831467,-0.20164816478550357,-0.2015032458850706,0.3460381659308536,-0.36443144394333865,-1.6447745341454294,1.118033988749895,1.373539701388967,-0.331124340588225,-1.4209964001470081,-0.31338109276913706,0.44604927162176855,1.058762483368768,-0.45485882614734185,-0.4384009627931254,0.33251240415370137,0.3638339812296708,-0.36121617446838344,-0.7637964690961538,0.0,0.0,0.0,0.0,-0.20360748675294282,-0.6470626344422821,-0.44491236492244196,2.6457513110645903,0.3388379371666506,-0.7995900589021115,0.7995900589021115,-0.408248290463863,-0.7250102411641544,-0.21669453555438475,-0.44721359549995787,1.0641602595597024,25,11,0.1
0.002492842888714895,-0.2016101909885263,-0.2015461061203104,0.3460381659308536,-0.3075726688881555,-1.6447745341454294,1.118033988749895,1.373539701388967,-0.331124340588225,-1.4209964001470081,-0.31338109276913706,0.44604927162176855,1.058762483368768,-0.45485882614734185,-0.9305542070542228,0.2767517010889713,-0.11666656142489877,-0.9347088699207007,-0.7337435787641688,0.0,0.0,0.0,0.0,-0.20375087810195538,-0.6192743925549616,-0.41081824086623236,2.6457513110645903,0.09956046139287704,-0.7995900589021115,0.7995900589021115,-0.408248290463863,-0.7250102411641544,-0.07223151185146165,-0.44721359549995787,1.0641602595597024,25,12,0.1
0.002604521166931694,-0.20168480022698454,-0.20141159888588225,0.79391499086447,-0.17983813796999093,-1.6447745341454294,1.118033988749895,1.373539701388967,-0.331124340588225,-1.4209964001470081,-0.31338109276913706,0.44604927162176855,1.058762483368768,-0.45485882614734185,-0.5181987198632251,0.3431902371441678,-0.40350259916755155,-0.23268282931259007,-0.5790799559012466,0.0,0.0,0.0,0.0,-0.2034691491150508,-0.32776224209534705,-0.36159617427002216,-0.3779644730092272,-0.7508058875955863,-0.5535623484706925,0.5535623484706925,-0.408248290463863,-0.7250102411641544,0.07223151185146126,-0.44721359549995787,1.0641602595597024,25,13,0.1
0.0028612630137180893,-0.2017084763342759,-0.20114781093760956,0.3460381659308536,-0.21237106681004986,-1.6447745341454294,1.118033988749895,1.373539701388967,-0.331124340588225,-1.4209964001470081,-0.31338109276913706,0.44604927162176855,1.058762483368768,-0.45485882614734185,-0.8835756294907865,0.019087088534384428,-0.43886771025017296,-0.1158157461003976,-0.5075831545102988,0.0,0.0,0.0,0.0,-0.20337974670512296,-0.39339286146916147,-0.4260153192563108,-0.3779644730092272,-0.7508058875955863,-0.30753463803927367,0.30753463803927367,-0.408248290463863,-0.7250102411641544,0.21669453555438456,2.2360679774997894,1.0641602595597024,25,14,0.1
0.0034469531988749087,-0.20170442360974522,-0.20093206852541887,0.3460381659308536,-0.11884753492695758,-1.6447745341454294,1.118033988749895,1.373539701388967,-0.331124340588225,-1.4209964001470081,-0.31338109276913706,0.44604927162176855,1.058762483368768,-0.45485882614734185,0.21906924040636144,0.3615407644601504,-0.11085279837912988,-0.29574379635637593,-0.599193547667082,0.0,0.0,0.0,0.0,-0.20339505003752292,-0.3526534726270809,-0.3860279380383625,-0.3779644730092272,-0.7508058875955863,-0.06150692760785473,0.06150692760785473,-0.408248290463863,-0.7250102411641544,0.36115755925730747,2.2360679774997894,1.0641602595597024,25,15,0.1
0.0026703894044698803,-0.20166084181714986,-0.20137601748754613,1.2417918157980865,0.26013367278699634,-1.6447745341454294,1.118033988749895,1.373539701388967,-0.331124340588225,-1.4209964001470081,-0.31338109276913706,0.44604927162176855,1.058762483368768,-0.45485882614734185,-1.3992861110374044,0.2826590983253163,-0.246554428685016,-0.8708667163429178,-0.47835832998980216,0.0,0.0,0.0,0.0,-0.20355961751641838,-0.1922580175343778,-0.22859321968065172,-0.3779644730092272,-0.7508058875955863,0.18452078282356418,-0.18452078282356418,-0.408248290463863,-0.7250102411641544,0.5056205829602304,2.2360679774997894,1.0641602595597024,25,16,0.1
0.002831724510683734,-0.20171725326233542,-0.20126837968422165,2.137545465665319,0.5210824440356514,-1.6447745341454294,1.118033988749895,1.373539701388967,-0.331124340588225,-1.4209964001470081,-0.31338109276913706,0.44604927162176855,1.058762483368768,-0.45485882614734185,-1.0346887852241071,-0.038656371051296094,-0.46551399607728045,-0.42042517338675806,-0.23587017456508683,0.0,0.0,0.0,0.0,-0.203346604495104,-0.03762420886427445,-0.07681379362093282,-0.3779644730092272,-0.7508058875955863,0.4305484932549831,-0.4305484932549831,-0.408248290463863,-0.7250102411641544,0.6500836066631537,2.2360679774997894,1.0641602595597024,25,17,0.1
0.0029370838323809333,-0.2017918328763785,-0.20109857323833558,0.3460381659308536,0.0023553228616667986,-1.6447745341454294,1.118033988749895,1.373539701388967,-0.331124340588225,-1.4209964001470081,-0.31338109276913706,0.44604927162176855,1.058762483368768,-0.45485882614734185,-1.0658204072124382,0.747380298483366,-0.02448087418596665,0.1854929986084727,-0.6993716928376447,0.0,0.0,0.0,0.0,-0.20306498737177858,-0.35451086039987656,-0.3878510403246594,-0.3779644730092272,-0.7508058875955863,0.676576203686402,-0.676576203686402,-0.408248290463863,-0.7250102411641544,0.7945466303660766,-0.44721359549995787,1.0641602595597024,25,18,0.1
0.0033923267270477265,-0.20179890990523622,-0.20070306215003594,1.2417918157980865,0.3308861757488715,-1.6447745341454294,1.118033988749895,1.373539701388967,-0.331124340588225,-1.4209964001470081,-0.31338109276913706,0.44604927162176855,1.058762483368768,-0.45485882614734185,-1.5934094775383716,0.1875107095937461,-0.33952718746386645,0.1211590500963013,-0.45331742053952057,0.0,0.0,0.0,0.0,-0.20303826408373044,-0.20939699134562179,-0.24541582549173196,-0.3779644730092272,-0.7508058875955863,0.922603914117821,-0.922603914117821,-0.408248290463863,-0.7250102411641544,0.9390096540689995,-0.44721359549995787,1.0641602595597024,25,19,0.1
0.0031107990627726634,-0.2017295496111871,-0.20074454488319513,0.79391499086447,0.015636449839810433,-1.6447745341454294,1.118033988749895,1.373539701388967,-0.331124340588225,-1.4209964001470081,-0.31338109276913706,0.44604927162176855,1.058762483368768,-0.45485882614734185,-0.518484402342156,0.14759414025584516,-0.2512579457636296,-0.6507818052382504,-0.5190465884992735,0.0,0.0,0.0,0.0,-0.2033001727397852,-0.3369633431543088,-0.3706274323749431,-0.3779644730092272,-0.7508058875955863,1.1686316245492399,-1.1686316245492399,-0.408248290463863,-0.7250102411641544,1.0834726777719228,-0.44721359549995787,1.0641602595597024,25,20,0.1
0.002451185452611724,-0.20170164615300581,-0.20073164983315783,1.689668640731703,0.5165066523798986,-1.6447745341454294,1.118033988749895,1.373539701388967,-0.331124340588225,-1.4209964001470081,-0.31338109276913706,0.44604927162176855,1.058762483368768,-0.45485882614734185,-1.66803260398653,0.44483157593593214,-0.32785852120108216,-1.0116114958682618,-0.5087634600340518,0.0,0.0,0.0,0.0,-0.2034055378817837,-0.1490778302610726,-0.1862100946845164,-0.3779644730092272,-0.7508058875955863,1.4146593349806589,-1.4146593349806589,-0.408248290463863,-0.7250102411641544,1.2279357014748458,-0.44721359549995787,1.0641602595597024,25,21,0.1
0.002059819859073088,-0.20179135291059758,-0.20112609236915405,0.3460381659308536,0.030018341454119545,-1.6447745341454294,1.118033988749895,1.373539701388967,-0.331124340588225,-1.4209964001470081,-0.31338109276913706,0.44604927162176855,1.058762483368768,-0.45485882614734185,-0.08159142836218919,0.6083170643175213,-0.023359563987359045,-0.31102776672645466,-0.6731513137062016,0.0,0.0,0.0,0.0,-0.2030667997515322,-0.36620084579973844,-0.39932524050052665,-0.3779644730092272,-0.7508058875955863,1.6606870454120777,-1.6606870454120777,-0.408248290463863,-0.7250102411641544,1.3723987251777687,-0.44721359549995787,1.0641602595597024,25,22,0.1
0.0019113612016115038,-0.20179156907856696,-0.20122349048029553,0.79391499086447,0.23066923226233893,-1.6447745341454294,1.118033988749895,1.373539701388967,-0.331124340588225,-1.4209964001470081,-0.31338109276913706,0.44604927162176855,1.058762483368768,-0.45485882614734185,-1.4782817484306463,0.3872458642961435,-0.2832766309302601,-0.4190272690016035,-0.5604002875056447,0.0,0.0,0.0,0.0,-0.20306598348823462,-0.2720667827835199,-0.3069287964101382,-0.3779644730092272,-0.7508058875955863,1.9067147558434967,-1.9067147558434967,-0.408248290463863,-0.7250102411641544,1.516861748880692,-0.44721359549995787,1.0641602595597024,25,23,0.1
0.0026295186895005504,-0.20181316782922282,-0.20108964852516328,0.79391499086447,0.09550954529702034,-1.6447745341454294,1.118033988749895,1.373539701388967,-0.331124340588225,-1.4209964001470081,-0.31338109276913706,0.44604927162176855,1.058762483368768,-0.45485882614734185,-0.32598183519073465,0.4456753217211207,-0.21843178196431295,-0.34032641553595844,-0.6112777735324376,0.0,0.0,0.0,0.0,-0.20298442530232583,-0.33097533113563027,-0.364749952959218,-0.3779644730092272,-0.7508058875955863,2.1527424662749155,-2.1527424662749155,-0.408248290463863,-0.7250102411641544,1.6613247725836149,-0.44721359549995787,1.0641602595597024,25,24,0.0
0.002004775973618343,-0.20164849059488926,-0.20289249523628836,0.3460381659308536,-0.46456883565924795,0.9122357483337862,-1.118033988749895,-0.4850584519619434,-0.331124340588225,1.4209964001470166,1.7157614829110486,1.764961998489199,-1.1271543790448286,0.871812750115739,-1.0143831666289869,-0.12153178631944861,2.4119963984560537,2.6156893361729163,-0.545178899825297,0.0,0.0,0.0,0.0,-0.20023608124874426,-0.5264005739853995,-0.5565678448705476,-0.3779644730092272,-0.7508058875955863,-0.7995900589021115,0.7995900589021115,-0.408248290463863,-0.7250102411641544,-1.661324772583615,-0.44721359549995787,-1.1389071909150976,26,1,0.1
-0.015482314559646465,-0.2013709373284367,-0.19674015708643425,0.3460381659308536,-0.37179595528131704,0.9122357483337862,-1.118033988749895,-0.4850584519619434,-0.331124340588225,1.4209964001470166,1.7157614829110486,1.764961998489199,-1.1271543790448286,0.871812750115739,-0.3897730085791404,-0.45942683111764593,2.4119963984560537,0.9224862845582463,-0.3578905267593403,0.0,0.0,0.0,0.0,-0.20128413913253485,-0.5010318312923666,-0.53166738332905,-0.3779644730092272,-0.7508058875955863,-0.7995900589021115,0.7995900589021115,-0.408248290463863,-0.7250102411641544,-1.5168617488806921,-0.44721359549995787,-1.1389071909150976,26,2,0.1
-0.010411682577078035,-0.20125434513976476,-0.195563361178713,0.79391499086447,-0.5259660612319308,0.9122357483337862,-1.118033988749895,-0.4850584519619434,-0.331124340588225,1.4209964001470166,1.7157614829110486,1.764961998489199,-1.1271543790448286,0.871812750115739,-1.2094416544475488,-0.4211945135008085,2.4119963984560537,0.20932804816962344,-0.4345392459248078,0.0,0.0,0.0,0.0,-0.2017243982730156,-0.5636015310154187,-0.5930821101237206,-0.3779644730092272,-0.6009287211864637,-0.7995900589021115,0.7995900589021115,-0.408248290463863,-0.7250102411641544,-1.3723987251777692,-0.44721359549995787,-1.1389071909150976,26,3,0.1
-0.008736122664332201,-0.2011190932697714,-0.19425075036047232,0.3460381659308536,-0.33347746082226604,0.9122357483337862,-1.118033988749895,-0.4850584519619434,-0.331124340588225,1.4209964001470166,1.7157614829110486,1.764961998489199,-1.1271543790448286,0.871812750115739,-1.1291953113999926,-0.18277026810124228,-0.8734460289200384,-0.6158466093292577,-0.4709085431951426,0.0,0.0,0.0,0.0,-0.20223511749623244,-0.4614777243652664,-0.49284340492916506,-0.3779644730092272,-0.7508058875955863,-0.7995900589021115,0.7995900589021115,-0.408248290463863,-0.7250102411641544,-1.2279357014748462,-0.44721359549995787,-1.1389071909150976,26,4,0.1
-0.004667564318058194,-0.20124489919849933,-0.19494891173925127,0.3460381659308536,-0.3311624082495416,0.9122357483337862,-1.118033988749895,-0.4850584519619434,-0.331124340588225,1.4209964001470166,1.7157614829110486,1.764961998489199,-1.1271543790448286,0.871812750115739,-0.8091076479955117,-0.43213732273771716,-0.8308969821322789,0.1426862137309924,-0.33366304974771555,0.0,0.0,0.0,0.0,-0.2017600667172733,-0.4544352937270931,-0.48593097038771416,-0.3779644730092272,-0.7508058875955863,-0.7995900589021115,0.7995900589021115,-0.408248290463863,-0.7250102411641544,-1.0834726777719228,-0.44721359549995787,-1.1389071909150976,26,5,0.1
-0.002787176481224769,-0.20121876228022154,-0.1954215857290635,0.3460381659308536,-0.35205957817171535,0.9122357483337862,-1.118033988749895,-0.4850584519619434,-0.331124340588225,1.4209964001470166,1.7157614829110486,1.764961998489199,-1.1271543790448286,0.871812750115739,0.42443364668966915,-0.19940212508363933,-0.604552460560396,-0.020241126375972602,-0.45074319142441205,0.0,0.0,0.0,0.0,-0.2018587612979899,-0.44497752248688643,-0.4766477799716704,-0.3779644730092272,-0.7508058875955863,-0.7995900589021115,0.7995900589021115,-0.408248290463863,-0.7250102411641544,-0.9390096540689999,-0.44721359549995787,-1.1389071909150976,26,6,0.1
-0.0002834797888247036,-0.20111289317054032,-0.199000759407421,0.3460381659308536,-0.3495638041108769,0.9122357483337862,-1.118033988749895,-0.4850584519619434,-0.331124340588225,1.4209964001470166,1.7157614829110486,1.764961998489199,-1.1271543790448286,0.871812750115739,-0.8624802086985695,-0.28047774445194146,0.9710380262612158,-0.6653824048514386,-0.428598778169896,0.0,0.0,0.0,0.0,-0.20225852944508982,-0.46731749977053955,-0.4985753840283867,-0.3779644730092272,-0.7508058875955863,-0.7995900589021115,0.7995900589021115,-0.408248290463863,-0.7250102411641544,-0.7945466303660769,-0.44721359549995787,-1.1389071909150976,26,7,0.1
0.0017708269032857867,-0.20123730007724647,-0.20028105162660417,0.79391499086447,-0.42350569620992545,0.9122357483337862,-1.118033988749895,-0.4850584519619434,-0.331124340588225,1.4209964001470166,1.7157614829110486,1.764961998489199,-1.1271543790448286,0.871812750115739,-0.6196122769794686,-0.10872617441131964,-0.3038072867496617,0.08285807699133357,-0.5797679692872353,0.0,0.0,0.0,0.0,-0.20178876145771277,-0.5671421909403209,-0.5965574130726432,-0.3779644730092272,-0.5696743445630004,-0.7995900589021115,0.7995900589021115,-0.408248290463863,-0.7250102411641544,-0.6500836066631539,-0.44721359549995787,-1.1389071909150976,26,8,0.1
0.002480798752011236,-0.2011977142496682,-0.20052600737262838,0.79391499086447,-0.49911175573500277,0.9122357483337862,-1.118033988749895,-0.4850584519619434,-0.331124340588225,1.4209964001470166,1.7157614829110486,1.764961998489199,-1.1271543790448286,0.871812750115739,-0.8505613102929747,0.0073546206487665735,-0.36349803413439985,-0.1608670801417877,-0.6476399003589057,0.0,0.0,0.0,0.0,-0.20193823993155688,-0.60540828473884,-0.6341171537544329,-0.3779644730092272,-0.2318890353679351,-0.7995900589021115,0.7995900589021115,-0.408248290463863,-0.7250102411641544,-0.5056205829602308,-0.44721359549995787,-1.1389071909150976,26,9,0.1
0.0009800432270692138,-0.20111879548091802,-0.2005231454123111,0.3460381659308536,-0.30290754996853453,0.9122357483337862,-1.118033988749895,-0.4850584519619434,-0.331124340588225,1.4209964001470166,1.7157614829110486,1.764961998489199,-1.1271543790448286,0.871812750115739,-1.2233620178592541,-0.477532628994691,-0.49653041306490486,-0.6416192881081333,-0.5418624670365803,0.0,0.0,0.0,0.0,-0.2022362419649136,-0.7191575279318821,-0.5333674839048059,2.6457513110645903,0.7722067441744597,-0.7995900589021115,0.7995900589021115,-0.408248290463863,-0.7250102411641544,-0.3611575592573077,-0.44721359549995787,-1.1389071909150976,26,10,0.1
0.0011475597074402852,-0.20112789853295984,-0.200652092117676,0.79391499086447,-0.33815323136034214,0.9122357483337862,-1.118033988749895,-0.4850584519619434,-0.331124340588225,1.4209964001470166,1.7157614829110486,1.764961998489199,-1.1271543790448286,0.871812750115739,-1.3133810467910476,-0.1304080006368865,0.16785566310506508,-0.5906865136011502,-0.7070681847195615,0.0,0.0,0.0,0.0,-0.20220186829105657,-0.7525475073136783,-0.5743345268682786,2.6457513110645903,1.0669492535322698,-0.7995900589021115,0.7995900589021115,-0.408248290463863,-0.7250102411641544,-0.21669453555438475,-0.44721359549995787,-1.1389071909150976,26,11,0.1
0.0019084470591329726,-0.20118361539388538,-0.20084106814637814,0.79391499086447,-0.3688141343342076,0.9122357483337862,-1.118033988749895,-0.4850584519619434,-0.331124340588225,1.4209964001470166,1.7157614829110486,1.764961998489199,-1.1271543790448286,0.871812750115739,-0.8392398680657382,-0.3203206597629757,-0.14788254177736124,-0.2589215205235482,-0.6517360382150983,0.0,0.0,0.0,0.0,-0.20199147806182455,-0.7672449610583418,-0.5923672190160179,2.6457513110645903,1.196687710341088,-0.7995900589021115,0.7995900589021115,-0.408248290463863,-0.7250102411641544,-0.07223151185146165,-0.44721359549995787,-1.1389071909150976,26,12,0.1
0.001070834160952958,-0.20114017479498264,-0.20101757726520328,-0.5497154839363793,0.4284983935162565,0.9122357483337862,-1.118033988749895,-0.4850584519619434,-0.331124340588225,1.4209964001470166,1.7157614829110486,1.764961998489199,-1.1271543790448286,0.871812750115739,0.4951271350968123,-0.12147851152372229,-0.5164130239943971,-0.5247782188593606,-0.27416060881127424,0.0,0.0,0.0,0.0,-0.2021555123848159,-0.15424725656583196,-0.19128409864485552,-0.3779644730092272,-0.7508058875955863,-0.5535623484706925,0.5535623484706925,-0.408248290463863,-0.7250102411641544,0.07223151185146126,-0.44721359549995787,-1.1389071909150976,26,13,0.1
0.0022841412407338287,-0.2012047816825333,-0.20136975524855857,-0.9975923088699957,1.3393426404307085,0.9122357483337862,-1.118033988749895,-0.4850584519619434,-0.331124340588225,1.4209964001470166,1.7157614829110486,1.764961998489199,0.7910167686474099,0.871812750115739,0.3773013998647964,-0.3199023106538856,-0.6742293049982323,-0.140123556881736,0.19077881493814944,0.0,0.0,0.0,0.0,-0.2019115528785558,0.270085123659644,0.22521553803278,-0.3779644730092272,-0.7508058875955863,-0.30753463803927367,0.30753463803927367,-0.408248290463863,-0.7250102411641544,0.21669453555438456,2.2360679774997894,0.5133933969410024,26,14,0.1
0.002054233480479084,-0.2010868486014782,-0.20113415496647905,-1.445469133803612,1.1887487552817126,0.9122357483337862,-1.118033988749895,-0.4850584519619434,3.020013564160076,1.4209964001470166,1.7157614829110486,1.764961998489199,-0.11282527346383305,0.871812750115739,1.6017386824582642,-0.27172034158583974,-0.45544350676758355,-0.8534645517648807,0.07027909435784899,0.0,0.0,0.0,0.0,-0.20235687530959492,0.16957179303671202,0.12655758111828502,-0.3779644730092272,-0.7508058875955863,-0.06150692760785473,0.06150692760785473,-0.408248290463863,-0.7250102411641544,0.36115755925730747,2.2360679774997894,-0.037373465677697615,26,15,0.1
0.0020898778959151645,-0.20118249233237528,-0.2011146825232827,-0.9975923088699957,1.2307731395991817,0.9122357483337862,-1.118033988749895,-0.4850584519619434,-0.331124340588225,1.4209964001470166,1.7157614829110486,1.764961998489199,-1.1271543790448286,0.871812750115739,0.6686802229576186,0.4846866680614075,0.0007003139132659401,-0.2827405716250988,-0.3760738161759402,0.0,0.0,0.0,0.0,-0.2019957188098607,0.11373272652272558,0.07174924689892682,-0.3779644730092272,-0.7508058875955863,0.18452078282356418,-0.18452078282356418,-0.408248290463863,-0.7250102411641544,0.5056205829602304,2.2360679774997894,-1.1389071909150976,26,16,0.1
0.002220816494106271,-0.20120581429500226,-0.20102969397584092,-1.445469133803612,1.303401647251171,0.9122357483337862,-1.118033988749895,-0.4850584519619434,3.020013564160076,1.4209964001470166,1.7157614829110486,1.764961998489199,-0.1451838266758329,0.871812750115739,0.11683901432929998,0.8209939327341678,-0.18984322169143256,-0.147011756100489,-0.46512113206205424,0.0,0.0,0.0,0.0,-0.20190765367155733,0.1576933321567133,0.11489838452767837,-0.3779644730092272,-0.7508058875955863,0.4305484932549831,-0.4305484932549831,-0.408248290463863,-0.7250102411641544,0.6500836066631537,2.2360679774997894,-0.037373465677697615,26,17,0.1
0.0018995332622166016,-0.201108733672398,-0.20084318707110765,-0.9975923088699957,1.2319037060109435,0.9122357483337862,-1.118033988749895,-0.4850584519619434,-0.331124340588225,1.4209964001470166,1.7157614829110486,1.764961998489199,-1.1271543790448286,0.871812750115739,0.6503771013851403,0.2982205891985641,-0.45871886810233237,-0.7335485710761355,-0.31423761217584295,0.0,0.0,0.0,0.0,-0.20227423596109084,0.09173803509828858,0.0501605550761461,-0.3779644730092272,-0.7508058875955863,0.676576203686402,-0.676576203686402,-0.408248290463863,-0.7250102411641544,0.7945466303660766,-0.44721359549995787,-1.1389071909150976,26,18,0.1
0.0019754012266997487,-0.20118372261714537,-0.20081888394998118,-0.5497154839363793,1.08876038938609,0.9122357483337862,-1.118033988749895,-0.4850584519619434,-0.331124340588225,1.4209964001470166,1.7157614829110486,1.764961998489199,-1.1271543790448286,0.871812750115739,0.43115124956037026,0.6355782297215808,-0.32646800949818167,-0.2880838478120025,-0.4996788838634225,0.0,0.0,0.0,0.0,-0.20199107318032408,-0.0214401466984894,-0.060928472758933504,-0.3779644730092272,-0.7508058875955863,0.922603914117821,-0.922603914117821,-0.408248290463863,-0.7250102411641544,0.9390096540689995,-0.44721359549995787,-1.1389071909150976,26,19,0.1
0.002150600002970938,-0.20112172808101003,-0.20092817190106466,-0.5497154839363793,0.9346155496761327,0.9122357483337862,-1.118033988749895,-0.4850584519619434,-0.331124340588225,1.4209964001470166,1.7157614829110486,1.764961998489199,-1.1271543790448286,0.871812750115739,0.06963926283098781,0.6618785646621009,-0.19921351669999846,-0.6634838778171401,-0.5176341478999303,0.0,0.0,0.0,0.0,-0.2022251682899909,-0.0407929881916458,-0.07992408050938675,-0.3779644730092272,-0.7508058875955863,1.1686316245492399,-1.1686316245492399,-0.408248290463863,-0.7250102411641544,1.0834726777719228,-0.44721359549995787,-1.1389071909150976,26,20,0.1
0.0008019553581029554,-0.20108430897343213,-0.20090190717250192,-0.9975923088699957,1.191432793363177,0.9122357483337862,-1.118033988749895,-0.4850584519619434,-0.331124340588225,1.4209964001470166,1.7157614829110486,1.764961998489199,-1.1271543790448286,0.871812750115739,-0.005603489453668942,0.6549694830180859,-0.2105007882432019,-0.8912556573071063,-0.503160581737921,0.0,0.0,0.0,0.0,-0.20236646509835726,-0.016823130246365857,-0.05639668172799127,-0.3779644730092272,-0.7508058875955863,1.4146593349806589,-1.4146593349806589,-0.408248290463863,-0.7250102411641544,1.2279357014748458,-0.44721359549995787,-1.1389071909150976,26,21,0.1
0.0010951724860314331,-0.20113180810368067,-0.20101853590841087,-0.9975923088699957,1.2338613275583776,0.9122357483337862,-1.118033988749895,-0.4850584519619434,-0.331124340588225,1.4209964001470166,1.7157614829110486,1.764961998489199,-1.1271543790448286,0.871812750115739,-0.3407179451441919,0.21531564950303983,-0.4451603188733108,-0.6110677776405415,-0.2994328909480079,0.0,0.0,0.0,0.0,-0.20218710551608168,0.05617522657406438,0.015254199775838811,-0.3779644730092272,-0.7508058875955863,1.6606870454120777,-1.6606870454120777,-0.408248290463863,-0.7250102411641544,1.3723987251777687,-0.44721359549995787,-1.1389071909150976,26,22,0.1
0.001329152950083492,-0.20107230227772147,-0.20129115055360225,-0.9975923088699957,1.4625687331804655,0.9122357483337862,-1.118033988749895,-0.4850584519619434,-0.331124340588225,1.4209964001470166,1.7157614829110486,1.764961998489199,-0.5468453254643298,0.871812750115739,0.04169666119804786,0.4700475241594114,-0.3793163884274744,-0.9704249295109902,-0.35310611695020827,0.0,0.0,0.0,0.0,-0.20241180310593576,0.14514450197522055,0.10258119297009799,-0.3779644730092272,-0.7508058875955863,1.9067147558434967,-1.9067147558434967,-0.408248290463863,-0.7250102411641544,1.516861748880692,-0.44721359549995787,-0.5881403282963976,26,23,0.1
0.0009088620182416998,-0.2010821186537422,-0.20118851343301458,-0.9975923088699957,1.136525438787536,0.9122357483337862,-1.118033988749895,-0.4850584519619434,-0.331124340588225,1.4209964001470166,1.7157614829110486,1.764961998489199,-1.1271543790448286,0.871812750115739,0.46814791975849535,0.548966240800351,-0.23687129865312748,-0.9155062356127934,-0.45589927854542606,0.0,0.0,0.0,0.0,-0.20237473587768692,0.009066763769530481,-0.03098468878624698,-0.3779644730092272,-0.7508058875955863,2.1527424662749155,-2.1527424662749155,-0.408248290463863,-0.7250102411641544,1.6613247725836149,-0.44721359549995787,-1.1389071909150976,26,24,0.0
0.002004775973618343,-0.2017013597530169,-0.20289249523628836,0.3460381659308536,-1.0448869188268377,0.8832937411969858,1.118033988749895,-1.4004873931646307,-0.331124340588225,0.47366546671567483,0.9479778056266539,-0.6188991429977113,-1.1271543790448286,-1.1181946142788823,0.07203333746268685,-1.0121799813091947,2.4119963984560537,3.688616800527147,-0.3570767072663159,0.0,0.0,0.0,0.0,-0.20171871856330698,-0.8795990987369788,-0.9032466845950625,-0.3779644730092272,-0.7508058875955863,-0.7995900589021115,0.7995900589021115,-0.408248290463863,-0.5837104445982053,-1.661324772583615,-0.44721359549995787,-1.1389071909150976,27,1,0.1
-0.020393976232100028,-0.2013458491077593,-0.1950121278622972,0.79391499086447,-1.0807247145131798,0.8832937411969858,1.118033988749895,-1.4004873931646307,-0.331124340588225,0.47366546671567483,0.9479778056266539,-0.6188991429977113,-1.1271543790448286,-1.1181946142788823,-0.597604398155628,-0.782710436677453,2.4119963984560537,0.11927568814281271,-0.5776227778560473,0.0,0.0,0.0,0.0,-0.20306114821400384,-0.920471232636591,-0.943364360531984,-0.3779644730092272,-0.7508058875955863,-0.7995900589021115,0.7995900589021115,-0.408248290463863,-0.5837104445982053,-1.5168617488806921,-0.44721359549995787,-1.1389071909150976,27,2,0.1
-0.011234650610401154,-0.20128109017331025,-0.19470183525964554,0.79391499086447,-1.1769121147644142,0.8832937411969858,1.118033988749895,-1.4004873931646307,-0.331124340588225,0.47366546671567483,0.9479778056266539,-0.6188991429977113,-1.1271543790448286,-1.1181946142788823,-0.2931545925043594,-0.951475571403699,2.4119963984560537,-0.5849530427423154,-0.5136332562331903,0.0,0.0,0.0,0.0,-0.2033056818585279,-0.9598511769055493,-0.9820173911390082,-0.3779644730092272,-0.5059881838693585,-0.7995900589021115,0.7995900589021115,-0.408248290463863,-0.5837104445982053,-1.3723987251777692,-0.44721359549995787,-1.1389071909150976,27,3,0.1
-0.005350933812930927,-0.2013337825509068,-0.1954970814178014,0.79391499086447,-1.0509773281670964,0.8832937411969858,1.118033988749895,-1.4004873931646307,-0.331124340588225,0.47366546671567483,0.9479778056266539,-0.6188991429977113,-1.1271543790448286,-1.1181946142788823,-1.510932917559366,-0.8259095946985642,-0.8635721200092316,-0.17453617602721372,-0.5190972838352576,0.0,0.0,0.0,0.0,-0.20310671226086632,-0.8924661385468526,-0.9158762119553867,-0.3779644730092272,-0.7508058875955863,-0.7995900589021115,0.7995900589021115,-0.408248290463863,-0.5837104445982053,-1.2279357014748462,-0.44721359549995787,-1.1389071909150976,27,4,0.1
-0.003181766719846764,-0.2012957917237732,-0.19594544478401343,0.79391499086447,-1.1501588024961955,0.8832937411969858,1.118033988749895,-1.4004873931646307,-0.331124340588225,0.47366546671567483,0.9479778056266539,-0.6188991429977113,-1.1271543790448286,-1.1181946142788823,-0.3099954049513923,-0.8705511688664954,-0.771031132771664,-0.6067212006619683,-0.5560581518863076,0.0,0.0,0.0,0.0,-0.20325016791677697,-0.9488630127092949,-0.9712320572621486,-0.3779644730092272,-0.6628210938826242,-0.7995900589021115,0.7995900589021115,-0.408248290463863,-0.5837104445982053,-1.0834726777719228,-0.44721359549995787,-1.1389071909150976,27,5,0.1
-0.0014376810727891988,-0.20133838748813315,-0.19649014226078917,0.79391499086447,-1.2081274776021098,0.8832937411969858,1.118033988749895,-1.4004873931646307,-0.331124340588225,0.47366546671567483,0.9479778056266539,-0.6188991429977113,-1.1271543790448286,-1.1181946142788823,-1.2042735917389271,-1.0665993428260805,-0.619368134919591,-0.29977100096079307,-0.43610109495050364,0.0,0.0,0.0,0.0,-0.20308932374000283,-0.9719918652652563,-0.9939339747571316,-0.3779644730092272,-0.3327054178850251,-0.7995900589021115,0.7995900589021115,-0.408248290463863,-0.5837104445982053,-0.9390096540689999,-0.44721359549995787,-1.1389071909150976,27,6,0.1
0.002082357209879534,-0.20132768841299498,-0.20184429183684255,0.79391499086447,-1.2071842901076302,0.8832937411969858,1.118033988749895,-1.4004873931646307,-0.331124340588225,0.47366546671567483,0.9479778056266539,-0.6188991429977113,-1.1271543790448286,-1.1181946142788823,-1.0132386748031825,-0.8492096597312834,1.3290963070214412,-0.47472513761922014,-0.6112095206446707,0.0,0.0,0.0,0.0,-0.20312972409338775,-0.9842422248819055,-1.005958205212497,-0.3779644730092272,-0.15785732560379123,-0.7995900589021115,0.7995900589021115,-0.408248290463863,-0.5837104445982053,-0.7945466303660769,-0.44721359549995787,-1.1389071909150976,27,7,0.1
0.0025699157901233655,-0.20133901638235455,-0.20189364716423955,0.3460381659308536,-0.9572906215694356,0.8832937411969858,1.118033988749895,-1.4004873931646307,-0.331124340588225,0.47366546671567483,0.9479778056266539,-0.6188991429977113,-1.1271543790448286,-1.1181946142788823,-0.13940942567978126,-0.9201515117552836,-0.5101084723766481,-0.4520756403277331,-0.426829472611433,0.0,0.0,0.0,0.0,-0.20308694899747068,-0.8723064071878505,-0.8960886087041772,-0.3779644730092272,-0.7508058875955863,-0.7995900589021115,0.7995900589021115,-0.408248290463863,-0.5837104445982053,-0.6500836066631539,-0.44721359549995787,-1.1389071909150976,27,8,0.1
0.002199953021903621,-0.20133167237823235,-0.20223663264919148,0.79391499086447,-1.1363094080811125,0.8832937411969858,1.118033988749895,-1.4004873931646307,-0.331124340588225,0.47366546671567483,0.9479778056266539,-0.6188991429977113,-1.1271543790448286,-1.1181946142788823,-1.4864833972087839,-1.0386826707483066,-0.5328079088636511,-0.5906430245076946,-0.4600293369423366,0.0,0.0,0.0,0.0,-0.20311468040022884,-0.9715470038759617,-0.9934973250559829,-0.3779644730092272,-0.3390548776300302,-0.7995900589021115,0.7995900589021115,-0.408248290463863,-0.5837104445982053,-0.5056205829602308,-0.44721359549995787,-1.1389071909150976,27,9,0.1
0.002617519326181177,-0.20136563298332402,-0.20197952950523432,1.2417918157980865,-1.202765082008433,0.8832937411969858,1.118033988749895,-1.4004873931646307,-0.331124340588225,0.47366546671567483,0.9479778056266539,-0.6188991429977113,-1.1271543790448286,-1.1181946142788823,-0.510189759186981,-1.08432561367407,-0.40614707897880475,-0.3752379626089103,-0.6493925810130166,0.0,0.0,0.0,0.0,-0.20298644310596262,-1.1289854351940858,-1.036196110795013,2.6457513110645903,1.9080472670540838,-0.7995900589021115,0.7995900589021115,-0.408248290463863,-0.5837104445982053,-0.3611575592573077,-0.44721359549995787,-1.1389071909150976,27,10,0.1
0.0018517146370431563,-0.20130008393242013,-0.20203586294237041,0.79391499086447,-1.0901017583509032,0.8832937411969858,1.118033988749895,-1.4004873931646307,-0.331124340588225,0.47366546671567483,0.9479778056266539,-0.6188991429977113,-1.1271543790448286,-1.1181946142788823,-0.7971971010792476,-0.8654526521915891,0.4173860588022326,-0.9967274007437905,-0.7249464082669216,0.0,0.0,0.0,0.0,-0.20323396027790183,-1.0880229372472807,-0.9859381458502123,2.6457513110645903,1.3233938490973756,-0.7995900589021115,0.7995900589021115,-0.408248290463863,-0.5837104445982053,-0.21669453555438475,-0.44721359549995787,-1.1389071909150976,27,11,0.1
0.00171637495397133,-0.20131221346683434,-0.20197529740040032,0.79391499086447,-1.1381581077524476,0.8832937411969858,1.118033988749895,-1.4004873931646307,-0.331124340588225,0.47366546671567483,0.9479778056266539,-0.6188991429977113,-1.1271543790448286,-1.1181946142788823,-0.36680721457443627,-1.7693379015840498,-0.8121970222112948,-0.9612849743770387,1.1402521637500973,0.0,0.0,0.0,0.0,-0.2031881584239658,-1.1100541798359336,-1.0129688562123784,2.6457513110645903,1.6378434536604667,-0.7995900589021115,0.7995900589021115,-0.408248290463863,-0.5837104445982053,-0.07223151185146165,-0.44721359549995787,-1.1389071909150976,27,12,0.1
0.0017017846644111366,-0.20133013821545406,-0.20197588853170942,0.79391499086447,-0.9836366532797692,0.8832937411969858,1.118033988749895,-1.4004873931646307,-0.331124340588225,0.47366546671567483,0.9479778056266539,-0.6188991429977113,-1.1271543790448286,-1.1181946142788823,-0.8614985172472029,-1.7093247551530086,-0.8164516537150316,-0.8798438428106289,1.490609403348465,0.0,0.0,0.0,0.0,-0.20312047349146262,-0.9217549650279139,-0.9446243965308704,-0.3779644730092272,-0.7508058875955863,-0.5535623484706925,0.5535623484706925,-0.408248290463863,-0.5837104445982053,0.07223151185146126,-0.44721359549995787,-1.1389071909150976,27,13,0.1
0.0017838491629948619,-0.20132599764193898,-0.20199373705896276,0.3460381659308536,-0.8616813517711929,0.8832937411969858,1.118033988749895,-1.4004873931646307,-0.331124340588225,0.47366546671567483,0.9479778056266539,-0.6188991429977113,-1.1271543790448286,-1.1181946142788823,-1.0170364743760878,-0.9203548883879465,-0.17937657332711793,-0.9771414054788052,-0.439086428753795,0.0,0.0,0.0,0.0,-0.2031361085469292,-0.882254844009633,-0.905853407514914,-0.3779644730092272,-0.7508058875955863,-0.30753463803927367,0.30753463803927367,-0.408248290463863,-0.5837104445982053,0.21669453555438456,2.2360679774997894,-1.1389071909150976,27,14,0.1
0.0024068925578223186,-0.20139117627357056,-0.2015024854776697,1.2417918157980865,-1.123995497726993,0.8832937411969858,1.118033988749895,-1.4004873931646307,-0.331124340588225,0.47366546671567483,0.9479778056266539,-0.6188991429977113,-1.1271543790448286,-1.1181946142788823,-1.498379994170699,-1.0132503723968858,0.4059369010221464,-0.5250255335976098,-0.5560336596205935,0.0,0.0,0.0,0.0,-0.20288999010051614,-1.0264845257021282,-1.0474207561842173,-0.3779644730092272,0.44506258394301385,-0.06150692760785473,0.06150692760785473,-0.408248290463863,-0.5837104445982053,0.36115755925730747,2.2360679774997894,-1.1389071909150976,27,15,0.1
0.003965616325713606,-0.20147139012964047,-0.20025970927064082,0.79391499086447,-0.9316701426210582,0.8832937411969858,1.118033988749895,-1.4004873931646307,-0.331124340588225,0.47366546671567483,0.9479778056266539,-0.6188991429977113,-1.1271543790448286,-1.1181946142788823,-1.313970450235104,-0.8881068378508828,-0.29448194843037384,0.03177888872509205,-0.5528234746717305,0.0,0.0,0.0,0.0,-0.2025870977392847,-0.9557487047862229,-0.9779906464765534,-0.3779644730092272,-0.5645423362492025,0.18452078282356418,-0.18452078282356418,-0.408248290463863,-0.5837104445982053,0.5056205829602304,2.2360679774997894,-1.1389071909150976,27,16,0.1
0.0038824663019326917,-0.20142304411937334,-0.20031927052935034,1.2417918157980865,-1.0636298839761884,0.8832937411969858,1.118033988749895,-1.4004873931646307,-0.331124340588225,0.47366546671567483,0.9479778056266539,-0.6188991429977113,-1.1271543790448286,-1.1181946142788823,-1.7984046889453298,-0.9973544518827996,-0.41861985496227344,-0.413134939374968,-0.5567885194082659,0.0,0.0,0.0,0.0,-0.20276965519161774,-1.0183987242505983,-1.0394842103919297,-0.3779644730092272,0.32965479163270434,0.4305484932549831,-0.4305484932549831,-0.408248290463863,-0.5837104445982053,0.6500836066631537,2.2360679774997894,-1.1389071909150976,27,17,0.1
0.00422653914881263,-0.2015027127020705,-0.199958326733503,0.79391499086447,-0.9719222373787219,0.8832937411969858,1.118033988749895,-1.4004873931646307,-0.331124340588225,0.47366546671567483,0.9479778056266539,-0.6188991429977113,-1.1271543790448286,-1.1181946142788823,-0.9387346215801764,-1.7842288508948612,-0.8819878025388059,0.12332916505338204,1.9754414391194843,0.0,0.0,0.0,0.0,-0.20246882181554768,-0.9837414462350315,-1.0054666704293909,-0.3779644730092272,-0.16500488647556577,0.676576203686402,-0.676576203686402,-0.408248290463863,-0.5837104445982053,0.7945466303660766,-0.44721359549995787,-1.1389071909150976,27,18,0.1
0.003838059912583235,-0.20147242881939662,-0.20025945282535917,0.79391499086447,-0.8367155101750005,0.8832937411969858,1.118033988749895,-1.4004873931646307,-0.331124340588225,0.47366546671567483,0.9479778056266539,-0.6188991429977113,-1.1271543790448286,-1.1181946142788823,0.01941132050413979,-1.7590893253366007,-0.745487761226107,-0.17614315814438566,1.9193779828948598,0.0,0.0,0.0,0.0,-0.20258317558408312,-0.9357451450898281,-0.9583563321181234,-0.3779644730092272,-0.7508058875955863,0.922603914117821,-0.922603914117821,-0.408248290463863,-0.5837104445982053,0.9390096540689995,-0.44721359549995787,-1.1389071909150976,27,19,0.1
0.0022238989261219783,-0.20139896461878204,-0.20105922458919734,0.3460381659308536,-0.7711567348375433,0.8832937411969858,1.118033988749895,-1.4004873931646307,-0.331124340588225,0.47366546671567483,0.9479778056266539,-0.6188991429977113,-1.1271543790448286,-1.1181946142788823,-0.9886248200079036,-1.7694835880358886,-0.6689963262013016,-0.7865240659518788,2.3324381964783556,0.0,0.0,0.0,0.0,-0.2028605808389899,-0.88003986232524,-0.9036793121364111,-0.3779644730092272,-0.7508058875955863,1.1686316245492399,-1.1686316245492399,-0.408248290463863,-0.5837104445982053,1.0834726777719228,-0.44721359549995787,-1.1389071909150976,27,20,0.1
0.0012687125888950605,-0.20141011556075328,-0.20121552376465843,0.79391499086447,-0.6966009635604449,0.8832937411969858,1.118033988749895,-1.4004873931646307,-0.331124340588225,0.47366546671567483,0.9479778056266539,-0.6188991429977113,-1.1271543790448286,-1.1181946142788823,-0.9800008947300232,-0.9391351353142688,0.948957101792625,-0.7649434244112158,-0.43243003867393265,0.0,0.0,0.0,0.0,-0.2028184742091743,-0.8888026696267781,-0.9122803669402594,-0.3779644730092272,-0.7508058875955863,1.4146593349806589,-1.4146593349806589,-0.408248290463863,-0.5837104445982053,1.2279357014748458,-0.44721359549995787,-1.1389071909150976,27,21,0.1
0.0017761889018134511,-0.20146789847412103,-0.20123162366859026,0.3460381659308536,-0.7120727520451633,0.8832937411969858,1.118033988749895,-1.4004873931646307,-0.331124340588225,0.47366546671567483,0.9479778056266539,-0.6188991429977113,-1.1271543790448286,-1.1181946142788823,-0.9016236065104601,-0.7777930164973754,-0.3519349267228402,-0.4084540098444602,-0.5276939527406432,0.0,0.0,0.0,0.0,-0.20260028244123904,-0.8727778633572112,-0.896551362272839,-0.3779644730092272,-0.7508058875955863,1.6606870454120777,-1.6606870454120777,-0.408248290463863,-0.5837104445982053,1.3723987251777687,-0.44721359549995787,-1.1389071909150976,27,22,0.1
0.0020589545890307296,-0.20150922014194297,-0.20102233143431428,0.79391499086447,-0.7481527520677291,0.8832937411969858,1.118033988749895,-1.4004873931646307,-0.331124340588225,0.47366546671567483,0.9479778056266539,-0.6188991429977113,-1.1271543790448286,-1.1181946142788823,-1.339534340847402,-0.9942864899253311,-0.5247858938078401,-0.17775666483785835,-0.3981248313298226,0.0,0.0,0.0,0.0,-0.2024442493298811,-0.8980250961349564,-0.9213325568483249,-0.3779644730092272,-0.7508058875955863,1.9067147558434967,-1.9067147558434967,-0.408248290463863,-0.5837104445982053,1.516861748880692,-0.44721359549995787,-1.1389071909150976,27,23,0.1
0.003123361011936656,-0.201518997373504,-0.20088670332443143,0.79391499086447,-0.7955477630642653,0.8832937411969858,1.118033988749895,-1.4004873931646307,-0.331124340588225,0.47366546671567483,0.9479778056266539,-0.6188991429977113,-1.1271543790448286,-1.1181946142788823,-0.5719366225831307,-0.9389701343788023,-0.5107199969696437,-0.17406951172976362,-0.4631494164873481,0.0,0.0,0.0,0.0,-0.20240732991347443,-0.9128979615667845,-0.935930884332596,-0.3779644730092272,-0.7508058875955863,2.1527424662749155,-2.1527424662749155,-0.408248290463863,-0.5837104445982053,1.6613247725836149,-0.44721359549995787,-1.1389071909150976,27,24,0.0
0.002004775973618343,-0.20161523229497422,-0.20289249523628836,3.033299115532552,2.1167514526001803,-1.787924153240542,1.118033988749895,-0.4850584519619434,-0.331124340588225,0.4736654667156754,-0.03917263659613879,-0.10634962088345065,1.058762483368768,-1.1181946142788823,-1.4696494050628512,0.12866482315678396,2.4119963984560537,2.5692282692420263,-0.1059595462882437,0.0,0.0,0.0,0.0,-0.2004123036197446,0.29340963738038156,0.24810950498672266,-0.3779644730092272,-0.7508058875955863,-0.7995900589021115,0.7995900589021115,-0.408248290463863,1.5520050265427423,-1.661324772583615,-0.44721359549995787,1.0641602595597024,28,1,0.1
-0.013746378736751821,-0.2013652316197935,-0.19735089700160638,2.137545465665319,1.8446520615512692,-1.787924153240542,1.118033988749895,-0.4850584519619434,-0.331124340588225,0.4736654667156754,-0.03917263659613879,-0.10634962088345065,1.058762483368768,-1.1181946142788823,-1.982994219776529,-0.025770318928199535,2.4119963984560537,0.9899278836999353,-0.12925862009218334,0.0,0.0,0.0,0.0,-0.2013563212561608,0.12603010473908008,0.08381962803853611,-0.3779644730092272,-0.7508058875955863,-0.7995900589021115,0.7995900589021115,-0.408248290463863,1.5520050265427423,-1.5168617488806921,-0.44721359549995787,1.0641602595597024,28,2,0.1
-0.009001051310468232,-0.2012658656228111,-0.19637643091935397,2.5854222905989355,1.924537812800557,-1.787924153240542,1.118033988749895,-0.4850584519619434,-0.331124340588225,0.4736654667156754,-0.03917263659613879,-0.10634962088345065,1.058762483368768,-1.1181946142788823,-2.426810730754311,-0.037494637219339856,2.4119963984560537,0.35703433187490957,-0.06361965449091112,0.0,0.0,0.0,0.0,-0.20173153325726292,0.21014148386953324,0.1663783967793839,-0.3779644730092272,-0.7508058875955863,-0.7995900589021115,0.7995900589021115,-0.408248290463863,1.5520050265427423,-1.3723987251777692,-0.44721359549995787,1.0641602595597024,28,3,0.1
-0.005134140896606372,-0.2012706604951257,-0.19660210325541835,1.689668640731703,1.6949954466750148,-1.787924153240542,1.118033988749895,-0.4850584519619434,-0.331124340588225,0.4736654667156754,-0.03917263659613879,-0.10634962088345065,1.058762483368768,-1.1181946142788823,-0.8561621704576443,0.43006961017060114,-0.8908815687239753,0.37548240496031876,-0.36988259725752654,0.0,0.0,0.0,0.0,-0.20171342753004406,0.08792446532625266,0.046417379917904206,-0.3779644730092272,-0.7508058875955863,-0.7995900589021115,0.7995900589021115,-0.408248290463863,1.5520050265427423,-1.2279357014748462,-0.44721359549995787,1.0641602595597024,28,4,0.1
-0.003352265982424122,-0.20123738581759154,-0.19672940480609727,2.137545465665319,1.8027309444745334,-1.787924153240542,1.118033988749895,-0.4850584519619434,-0.331124340588225,0.4736654667156754,-0.03917263659613879,-0.10634962088345065,1.058762483368768,-1.1181946142788823,-1.4083149070932124,0.015976464023257052,-0.8640780096780358,0.15717022966751504,-0.14197578470390018,0.0,0.0,0.0,0.0,-0.20183907472045906,0.142787329223882,0.10026753122692109,-0.3779644730092272,-0.7508058875955863,-0.7995900589021115,0.7995900589021115,-0.408248290463863,1.5520050265427423,-1.0834726777719228,-0.44721359549995787,1.0641602595597024,28,5,0.1
-0.0031295126349489056,-0.20112054457057085,-0.19610023978222016,2.137545465665319,1.6482875145996916,-1.787924153240542,1.118033988749895,-0.4850584519619434,-0.331124340588225,0.4736654667156754,-0.03917263659613879,-0.10634962088345065,1.058762483368768,-1.1181946142788823,-1.640842097136949,-0.040812684554375256,-0.7165927033703217,-0.5788315955117945,-0.13223469982690902,0.0,0.0,0.0,0.0,-0.20228027432029477,0.10899114587385701,0.06709519099944042,-0.3779644730092272,-0.7508058875955863,-0.7995900589021115,0.7995900589021115,-0.408248290463863,1.5520050265427423,-0.9390096540689999,-0.44721359549995787,1.0641602595597024,28,6,0.1
-0.000986218635464339,-0.20112676991799877,-0.1990998816445072,2.137545465665319,1.8114340426177165,-1.787924153240542,1.118033988749895,-0.4850584519619434,-0.331124340588225,0.4736654667156754,-0.03917263659613879,-0.10634962088345065,1.058762483368768,-1.1181946142788823,-1.5446081774686111,-0.037654749867904715,0.8166122333705542,-0.5498103314932956,-0.10981465247769429,0.0,0.0,0.0,0.0,-0.20225676703272236,0.14379711934493952,0.10125868165083546,-0.3779644730092272,-0.7508058875955863,-0.7995900589021115,0.7995900589021115,-0.408248290463863,1.5520050265427423,-0.7945466303660769,-0.44721359549995787,1.0641602595597024,28,7,0.1
0.00032920970813155124,-0.2011894073345632,-0.20017780237663832,0.79391499086447,1.1925697178578998,-1.787924153240542,1.118033988749895,-0.4850584519619434,-0.331124340588225,0.4736654667156754,-0.03917263659613879,-0.10634962088345065,1.058762483368768,-1.1181946142788823,-1.1572200684532479,-0.09165327008793654,-0.4248768747929284,-0.1722179675554749,-0.32145446592157817,0.0,0.0,0.0,0.0,-0.20202024436775903,-0.19794755707452338,-0.2341777361157973,-0.3779644730092272,0.47214924154001725,-0.7995900589021115,0.7995900589021115,-0.408248290463863,1.5520050265427423,-0.6500836066631539,-0.44721359549995787,1.0641602595597024,28,8,0.1
0.0015965396362701717,-0.20125284612521596,-0.20027158940774276,2.137545465665319,1.9038593129646497,-1.787924153240542,1.118033988749895,-0.4850584519619434,-0.331124340588225,0.4736654667156754,-0.03917263659613879,-0.10634962088345065,1.058762483368768,-1.1181946142788823,-0.8876643656926908,0.12388226511564215,-0.5658449048306385,0.2088536141108866,-0.22749167254600916,0.0,0.0,0.0,0.0,-0.20178069566587722,0.10104624442227345,0.059296944336610084,-0.3779644730092272,-0.7508058875955863,-0.7995900589021115,0.7995900589021115,-0.408248290463863,1.5520050265427423,-0.5056205829602308,-0.44721359549995787,1.0641602595597024,28,9,0.1
0.0019495216507083614,-0.20113933846577436,-0.2005551207787967,0.3460381659308536,1.1328699358969392,-1.787924153240542,1.118033988749895,-0.4850584519619434,-0.331124340588225,0.4736654667156754,-0.03917263659613879,-0.10634962088345065,1.058762483368768,-1.1181946142788823,-0.5219110977239886,-0.0252017106199453,-0.3907125907879322,-0.5010249692194761,-0.5633136366137803,0.0,0.0,0.0,0.0,-0.20220930743784035,-0.499389254381076,-0.263728015080437,2.6457513110645903,2.19820292441828,-0.7995900589021115,0.7995900589021115,-0.408248290463863,1.5520050265427423,-0.3611575592573077,-0.44721359549995787,1.0641602595597024,28,10,0.1
0.0029254111691195865,-0.20120260126047826,-0.20078683318008408,1.2417918157980865,1.6819796837583556,-1.787924153240542,1.118033988749895,-0.4850584519619434,-0.331124340588225,0.4736654667156754,-0.03917263659613879,-0.10634962088345065,1.058762483368768,-1.1181946142788823,-1.418767252885042,0.26843630571367566,0.06523790660741244,-0.12187201196667785,-0.5665826462483639,0.0,0.0,0.0,0.0,-0.2019704233072824,-0.3465537319186124,-0.07621009710058567,2.6457513110645903,1.3230674711014694,-0.7995900589021115,0.7995900589021115,-0.408248290463863,1.5520050265427423,-0.21669453555438475,-0.44721359549995787,1.0641602595597024,28,11,0.1
0.0020847745449068455,-0.2011504431968565,-0.2009763649085287,2.137545465665319,2.1071067039409836,-1.787924153240542,1.118033988749895,-0.4850584519619434,-0.331124340588225,0.4736654667156754,-0.03917263659613879,-0.10634962088345065,1.058762483368768,-1.1181946142788823,-0.7643602192880629,0.5306588819409095,-0.17383566776445877,-0.45209726562012587,-0.5703470843912127,0.0,0.0,0.0,0.0,-0.2021673753031307,-0.2127864955319402,0.0879124397089311,2.6457513110645903,0.5571169304937491,-0.7995900589021115,0.7995900589021115,-0.408248290463863,1.5520050265427423,-0.07223151185146165,-0.44721359549995787,1.0641602595597024,28,12,0.1
0.001645319366375282,-0.20119825972970973,-0.20124362969202725,-0.10183865900276282,1.0124242404942976,-1.787924153240542,1.118033988749895,-0.4850584519619434,-0.331124340588225,0.4736654667156754,-0.03917263659613879,-0.10634962088345065,1.058762483368768,-1.1181946142788823,-0.05949875618806997,0.3839907847736251,-0.2768561656294215,-0.16905265714517145,-0.59638826352282,0.0,0.0,0.0,0.0,-0.2019868171894652,-0.33626519818063433,-0.369942174446408,-0.3779644730092272,1.2641553772918503,-0.5535623484706925,0.5535623484706925,-0.408248290463863,1.5520050265427423,0.07223151185146126,-0.44721359549995787,1.0641602595597024,28,13,0.1
0.000818997115378919,-0.20109618107607607,-0.20064414837284514,0.79391499086447,1.660580101576619,-1.787924153240542,1.118033988749895,-0.4850584519619434,-0.331124340588225,0.4736654667156754,-0.03917263659613879,-0.10634962088345065,1.058762483368768,-1.1181946142788823,-0.08008391770315748,0.5259157043664868,-0.37079497146591084,-0.8029230190949598,-0.5291905878594386,0.0,0.0,0.0,0.0,-0.2023722723457848,-0.13973193527215474,-0.17703671539811083,-0.3779644730092272,0.13880687613116188,-0.30753463803927367,0.30753463803927367,-0.408248290463863,1.5520050265427423,0.21669453555438456,2.2360679774997894,1.0641602595597024,28,14,0.1
0.001839042161062926,-0.20117521370203956,-0.2012635562116958,1.2417918157980865,1.858258437744433,-1.787924153240542,1.118033988749895,-0.4850584519619434,-0.331124340588225,0.4736654667156754,-0.03917263659613879,-0.10634962088345065,1.058762483368768,-1.1181946142788823,-0.7885084488818739,0.22393622406338423,-0.36307802088353847,-0.32993296642362757,-0.3900243079960518,0.0,0.0,0.0,0.0,-0.20207384038071963,-0.08434150874621688,-0.12266873972957078,-0.3779644730092272,-0.17835843495738687,-0.06150692760785473,0.06150692760785473,-0.408248290463863,1.5520050265427423,0.36115755925730747,2.2360679774997894,1.0641602595597024,28,15,0.1
0.0008030624360562642,-0.2010746403896821,-0.2007277330011619,1.2417918157980865,2.181738948783733,-1.787924153240542,1.118033988749895,-0.4850584519619434,-0.331124340588225,0.4736654667156754,-0.03917263659613879,-0.10634962088345065,1.058762483368768,-1.1181946142788823,-1.584181842158959,-0.29864421714693146,-0.48969620551334814,-0.9519078758660132,-0.07291424713610917,0.0,0.0,0.0,0.0,-0.20245361127753655,-0.03560007548698707,-0.07482702368416956,-0.3779644730092272,-0.4574516431551296,0.18452078282356418,-0.18452078282356418,-0.408248290463863,1.5520050265427423,0.5056205829602304,2.2360679774997894,1.0641602595597024,28,16,0.1
0.001932780595105,-0.20120080935401496,-0.20074196011304363,0.3460381659308536,1.5140055725503825,-1.787924153240542,1.118033988749895,-0.4850584519619434,-0.331124340588225,0.4736654667156754,-0.03917263659613879,-0.10634962088345065,1.058762483368768,-1.1181946142788823,-0.7389791401612816,0.17551961711639205,-0.1272389199458613,-0.19409662988958098,-0.4839635323564797,0.0,0.0,0.0,0.0,-0.20197718965422493,-0.26539859316354014,-0.30038369477885696,-0.3779644730092272,0.8583735439363903,0.4305484932549831,-0.4305484932549831,-0.408248290463863,1.5520050265427423,0.6500836066631537,2.2360679774997894,1.0641602595597024,28,17,0.1
0.002179182714903111,-0.20117497458392802,-0.20069975248391428,0.3460381659308536,1.6386070503314458,-1.787924153240542,1.118033988749895,-0.4850584519619434,-0.331124340588225,0.4736654667156754,-0.03917263659613879,-0.10634962088345065,1.058762483368768,-1.1181946142788823,-0.7003349841362577,0.2728743389000314,-0.20832196316744844,-0.360804243863216,-0.5069680884086669,0.0,0.0,0.0,0.0,-0.20207474330513892,-0.2454866070356986,-0.28083926363417444,-0.3779644730092272,0.7443576088601297,0.676576203686402,-0.676576203686402,-0.408248290463863,1.5520050265427423,0.7945466303660766,-0.44721359549995787,1.0641602595597024,28,18,0.1
0.003370068615013224,-0.2012227792251193,-0.20050634929786523,0.79391499086447,1.933177747801807,-1.787924153240542,1.118033988749895,-0.4850584519619434,-0.331124340588225,0.4736654667156754,-0.03917263659613879,-0.10634962088345065,1.058762483368768,-1.1181946142788823,-0.9258180488864375,-0.21416584682497508,-0.45483030945728326,-0.081235963829172,-0.24225244496783271,0.0,0.0,0.0,0.0,-0.20189423009510665,-0.1816889607620713,-0.21821925693156355,-0.3779644730092272,0.37905259865918906,0.922603914117821,-0.922603914117821,-0.408248290463863,1.5520050265427423,0.9390096540689995,-0.44721359549995787,1.0641602595597024,28,19,0.1
0.003066057893752564,-0.20120940924190928,-0.20073617227049065,0.79391499086447,1.803813328975808,-1.787924153240542,1.118033988749895,-0.4850584519619434,-0.331124340588225,0.4736654667156754,-0.03917263659613879,-0.10634962088345065,1.058762483368768,-1.1181946142788823,-1.1177112425359228,0.08305464802294613,-0.37271403292209815,-0.17223521837925274,-0.3891791313937342,0.0,0.0,0.0,0.0,-0.20194471595855373,-0.17645497772398988,-0.21308188788944735,-0.3779644730092272,0.34908283740941903,1.1686316245492399,-1.1686316245492399,-0.408248290463863,1.5520050265427423,1.0834726777719228,-0.44721359549995787,1.0641602595597024,28,20,0.1
0.0028775836490297717,-0.20115689131174008,-0.20071202282079761,0.3460381659308536,1.9031739837630473,-1.787924153240542,1.118033988749895,-0.4850584519619434,-0.331124340588225,0.4736654667156754,-0.03917263659613879,-0.10634962088345065,1.058762483368768,-1.1181946142788823,0.28789043738828374,-0.11119680247232093,-0.33543793335127,-0.4989021717265287,-0.3345937391928582,0.0,0.0,0.0,0.0,-0.20214302683220212,-0.2300011481094979,-0.26563965050749766,-0.3779644730092272,0.6556879468675922,1.4146593349806589,-1.4146593349806589,-0.408248290463863,1.5520050265427423,1.2279357014748458,-0.44721359549995787,1.0641602595597024,28,21,0.1
0.0018907738047947407,-0.20120166730072092,-0.20191637139167176,-0.10183865900276282,1.470776075667381,-1.787924153240542,1.118033988749895,-0.4850584519619434,-0.331124340588225,0.4736654667156754,-0.03917263659613879,-0.10634962088345065,1.058762483368768,-1.1181946142788823,0.5562515768396835,-0.2781073183920417,-0.29884458416211546,-0.2388835302908183,-0.322373889345026,0.0,0.0,0.0,0.0,-0.2019739499956883,-0.3318706037867189,-0.3656286997890209,-0.3779644730092272,1.2389919513088157,1.6606870454120777,-1.6606870454120777,-0.408248290463863,1.5520050265427423,1.3723987251777687,-0.44721359549995787,1.0641602595597024,28,22,0.1
0.002155289815320201,-0.20121486790394125,-0.20186021698356305,0.79391499086447,2.064995935307993,-1.787924153240542,1.118033988749895,-0.4850584519619434,-0.331124340588225,0.4736654667156754,-0.03917263659613879,-0.10634962088345065,1.058762483368768,-1.1181946142788823,0.0804618269745909,0.05700742318446541,-0.3286009377043497,-0.16948756192563033,-0.3574102380781535,0.0,0.0,0.0,0.0,-0.20192410372130398,-0.1460585360698233,-0.183246533588825,-0.3779644730092272,0.17503296132272425,1.9067147558434967,-1.9067147558434967,-0.408248290463863,1.5520050265427423,1.516861748880692,-0.44721359549995787,1.0641602595597024,28,23,0.1
0.0010656756169100284,-0.20110621171368956,-0.20106549915951766,0.79391499086447,1.9495156420997817,-1.787924153240542,1.118033988749895,-0.4850584519619434,-0.331124340588225,0.4736654667156754,-0.03917263659613879,-0.10634962088345065,1.058762483368768,-1.1181946142788823,-0.7633718192791168,-0.2371769143043847,-0.4307372097817927,-0.8308423625233718,-0.21885978075605023,0.0,0.0,0.0,0.0,-0.20233439605283163,-0.16919699383950718,-0.20595787899506846,-0.3779644730092272,0.30752365722293556,2.1527424662749155,-2.1527424662749155,-0.408248290463863,1.5520050265427423,1.6613247725836149,-0.44721359549995787,1.0641602595597024,28,24,0.0
0.002004775973618343,-0.20168423334424787,-0.20289249523628836,0.79391499086447,-0.6491318922886247,-1.242787069916968,-1.118033988749895,-1.4004873931646307,-0.331124340588225,1.4209964001470166,0.5092442757498572,-0.3705949460871659,-1.1271543790448286,-1.1181946142788823,-0.08731034723908415,-0.6981078531439137,2.4119963984560537,3.521266278130762,-0.6122713037579328,0.0,0.0,0.0,0.0,-0.20178338891635597,-0.9090170334222654,-0.932121594168821,-0.3779644730092272,-0.7508058875955863,-0.7995900589021115,0.7995900589021115,-0.408248290463863,-0.7250102411641544,-1.661324772583615,-0.44721359549995787,-1.1389071909150976,29,1,0.1
-0.01036660498600073,-0.20148787608348231,-0.19853997479273844,0.3460381659308536,-0.4581031073099361,-1.242787069916968,-1.118033988749895,-1.4004873931646307,-0.331124340588225,1.4209964001470166,0.5092442757498572,-0.3705949460871659,-1.1271543790448286,-1.1181946142788823,0.07678632154656645,-0.7318020735379307,2.4119963984560537,1.4838052931828019,-0.5280287420682928,0.0,0.0,0.0,0.0,-0.20252484578269064,-0.8471346243294419,-0.871381471319364,-0.3779644730092272,-0.7508058875955863,-0.7995900589021115,0.7995900589021115,-0.408248290463863,-0.7250102411641544,-1.5168617488806921,-0.44721359549995787,-1.1389071909150976,29,2,0.1
-0.00832281575314554,-0.20135639643931516,-0.1969204591482417,0.3460381659308536,-0.5659050121448614,-1.242787069916968,-1.118033988749895,-1.4004873931646307,-0.331124340588225,1.4209964001470166,0.5092442757498572,-0.3705949460871659,-1.1271543790448286,-1.1181946142788823,-0.7125493907949008,-0.7260325457072698,2.4119963984560537,0.12661571693846083,-0.558701368088039,0.0,0.0,0.0,0.0,-0.20302132085354307,-0.8727188086220962,-0.8964933976279857,-0.3779644730092272,-0.7508058875955863,-0.7995900589021115,0.7995900589021115,-0.408248290463863,-0.7250102411641544,-1.3723987251777692,-0.44721359549995787,-1.1389071909150976,29,3,0.1
-0.004718463807696297,-0.2013723580372889,-0.19708904712951267,0.79391499086447,-0.6905434737845463,-1.242787069916968,-1.118033988749895,-1.4004873931646307,-0.331124340588225,1.4209964001470166,0.5092442757498572,-0.3705949460871659,-1.1271543790448286,-1.1181946142788823,-1.554726167369821,-0.503493200692605,-0.8029934099377207,0.18404631624430773,-0.7256316654744204,0.0,0.0,0.0,0.0,-0.2029610488963506,-0.9356094584021827,-0.9582231500685323,-0.3779644730092272,-0.7508058875955863,-0.7995900589021115,0.7995900589021115,-0.408248290463863,-0.7250102411641544,-1.2279357014748462,-0.44721359549995787,-1.1389071909150976,29,4,0.1
-0.00241152814121088,-0.20139151678926398,-0.19749370037584799,0.3460381659308536,-0.5832495285532069,-1.242787069916968,-1.118033988749895,-1.4004873931646307,-0.331124340588225,1.4209964001470166,0.5092442757498572,-0.3705949460871659,-1.1271543790448286,-1.1181946142788823,-0.8020393696875683,-0.7367903566246168,-0.7695197667868096,0.26888680142185256,-0.5667753690549944,0.0,0.0,0.0,0.0,-0.2028887042927085,-0.8860806950192978,-0.9096086372116469,-0.3779644730092272,-0.7508058875955863,-0.7995900589021115,0.7995900589021115,-0.408248290463863,-0.7250102411641544,-1.0834726777719228,-0.44721359549995787,-1.1389071909150976,29,5,0.1
-0.002061573096344895,-0.20128707194019071,-0.19720840737380627,0.79391499086447,-0.7986774717086543,-1.242787069916968,-1.118033988749895,-1.4004873931646307,-0.331124340588225,1.4209964001470166,0.5092442757498572,-0.3705949460871659,-1.1271543790448286,-1.1181946142788823,-0.8446365431259809,-0.6753491151788151,-0.46532911631377233,-0.7617797905004277,-0.6834048918210898,0.0,0.0,0.0,0.0,-0.20328309434580227,-0.967012992949237,-0.9890470073529839,-0.3779644730092272,-0.3683658813008283,-0.7995900589021115,0.7995900589021115,-0.408248290463863,-0.7250102411641544,-0.9390096540689999,-0.44721359549995787,-1.1389071909150976,29,6,0.1
2.92207149647604e-06,-0.20130322652665855,-0.19998503103295284,0.3460381659308536,-0.4978339174886674,-1.242787069916968,-1.118033988749895,-1.4004873931646307,-0.331124340588225,1.4209964001470166,0.5092442757498572,-0.3705949460871659,-1.1271543790448286,-1.1181946142788823,0.4067371214505656,-0.5996629625378063,0.8319218524603623,-0.6915533597330576,-0.6035356966316253,0.0,0.0,0.0,0.0,-0.2032220936524095,-0.8504136275309695,-0.8745999474615227,-0.3779644730092272,-0.7508058875955863,-0.7995900589021115,0.7995900589021115,-0.408248290463863,-0.7250102411641544,-0.7945466303660769,-0.44721359549995787,-1.1389071909150976,29,7,0.1
0.0015191550548998914,-0.20136481024556477,-0.2012208874237198,0.79391499086447,-0.5541217430738186,-1.242787069916968,-1.118033988749895,-1.4004873931646307,-0.331124340588225,1.4209964001470166,0.5092442757498572,-0.3705949460871659,-1.1271543790448286,-1.1181946142788823,-0.9880460039563554,-0.6211468244256209,-0.24177582578835521,-0.22692616672017213,-0.6526315816383486,0.0,0.0,0.0,0.0,-0.20298954981339185,-0.9112200293193541,-0.9342839250054451,-0.3779644730092272,-0.7508058875955863,-0.7995900589021115,0.7995900589021115,-0.408248290463863,-0.7250102411641544,-0.6500836066631539,-0.44721359549995787,-1.1389071909150976,29,8,0.1
0.0016368098419780985,-0.20134426880733672,-0.2012338817733956,1.2417918157980865,-0.9217901647064545,-1.242787069916968,-1.118033988749895,-1.4004873931646307,-0.331124340588225,1.4209964001470166,0.5092442757498572,-0.3705949460871659,-1.1271543790448286,-1.1181946142788823,-1.8318178199087451,-0.7437540247650994,-0.2585927358592447,-0.48234224052241476,-0.7488504940794355,0.0,0.0,0.0,0.0,-0.20306711552376686,-1.0586967071404203,-1.0790383335619174,-0.3779644730092272,0.9349715738596664,-0.7995900589021115,0.7995900589021115,-0.408248290463863,-0.7250102411641544,-0.5056205829602308,-0.44721359549995787,-1.1389071909150976,29,9,0.1
0.0015629046605542675,-0.2012957885793115,-0.20118292791277304,0.3460381659308536,-0.5061842087332289,-1.242787069916968,-1.118033988749895,-1.4004873931646307,-0.331124340588225,1.4209964001470166,0.5092442757498572,-0.3705949460871659,-1.1271543790448286,-1.1181946142788823,-0.9090679846308143,-0.5030274206936756,-0.21043195394223693,-0.9668585834363164,-0.8139866472174736,0.0,0.0,0.0,0.0,-0.20325017979045415,-1.0325928100757436,-0.9179294664993902,2.6457513110645903,0.5638894567117669,-0.7995900589021115,0.7995900589021115,-0.408248290463863,-0.7250102411641544,-0.3611575592573077,-0.44721359549995787,-1.1389071909150976,29,10,0.1
0.001901850194409033,-0.20128420760605362,-0.20154359353386533,1.2417918157980865,-0.8219882293630265,-1.242787069916968,-1.118033988749895,-1.4004873931646307,-0.331124340588225,1.4209964001470166,0.5092442757498572,-0.3705949460871659,-1.1271543790448286,-1.1181946142788823,-0.4807356155831016,-0.6220873639075706,0.3346145136583102,-1.129248272852472,-0.8821044318890382,0.0,0.0,0.0,0.0,-0.20329391024435947,-1.1444994138394002,-1.0552306187960425,2.6457513110645903,2.1547070784852553,-0.7995900589021115,0.7995900589021115,-0.408248290463863,-0.7250102411641544,-0.21669453555438475,-0.44721359549995787,-1.1389071909150976,29,11,0.1
0.0015905680074453435,-0.20131526429826538,-0.20164614654950805,0.79391499086447,-0.6275067761735863,-1.242787069916968,-1.118033988749895,-1.4004873931646307,-0.331124340588225,1.4209964001470166,0.5092442757498572,-0.3705949460871659,-1.1271543790448286,-1.1181946142788823,0.004392216714140274,-1.6452375280000417,-0.7669030662784763,-0.9361853423027654,0.4620176030016984,0.0,0.0,0.0,0.0,-0.20317663830037194,-1.083148354064104,-0.9799573916721162,2.6457513110645903,1.2825659918774932,-0.7995900589021115,0.7995900589021115,-0.408248290463863,-0.7250102411641544,-0.07223151185146165,-0.44721359549995787,-1.1389071909150976,29,12,0.1
0.0024097349652705312,-0.20142952141209078,-0.20072662263276073,0.79391499086447,-0.5543772112035669,-1.242787069916968,-1.118033988749895,-1.4004873931646307,-0.331124340588225,1.4209964001470166,0.5092442757498572,-0.3705949460871659,-1.1271543790448286,-1.1181946142788823,-1.1532677216042324,-0.6371500561690537,-0.1294946582463203,-0.07378519159336508,-0.6782419302343364,0.0,0.0,0.0,0.0,-0.20274519654342787,-0.944529660935656,-0.9669786947486447,-0.3779644730092272,-0.6879795552081085,-0.5535623484706925,0.5535623484706925,-0.408248290463863,-0.7250102411641544,0.07223151185146126,-0.44721359549995787,-1.1389071909150976,29,13,0.1
0.0036256313471176144,-0.20143790009438792,-0.20017473272696396,1.2417918157980865,-0.901547897027457,-1.242787069916968,-1.118033988749895,-1.4004873931646307,-0.331124340588225,1.4209964001470166,0.5092442757498572,-0.3705949460871659,-1.1271543790448286,-1.1181946142788823,-2.0226958308247047,-1.7179806675328544,-0.7720519639701166,-0.08221985734970044,0.8005815627532883,0.0,0.0,0.0,0.0,-0.2027135581334407,-1.0978711940691968,-1.117489699361997,-0.3779644730092272,1.491859746981689,-0.30753463803927367,0.30753463803927367,-0.408248290463863,-0.7250102411641544,0.21669453555438456,2.2360679774997894,-1.1389071909150976,29,14,0.1
0.0044433191006006,-0.2014516517684105,-0.19972244876703182,0.79391499086447,-0.4060575321625774,-1.242787069916968,-1.118033988749895,-1.4004873931646307,-0.331124340588225,1.4209964001470166,0.5092442757498572,-0.3705949460871659,-1.1271543790448286,-1.1181946142788823,-0.6371781687822172,-0.8460125459347965,0.237397186854112,-0.04804440932395203,-0.5388116735440172,0.0,0.0,0.0,0.0,-0.2026616309824512,-0.9207780803044177,-0.9436655441043932,-0.3779644730092272,-0.7508058875955863,-0.06150692760785473,0.06150692760785473,-0.408248290463863,-0.7250102411641544,0.36115755925730747,2.2360679774997894,-1.1389071909150976,29,15,0.1
0.003922057393837657,-0.20141371561448604,-0.20003156632569635,0.79391499086447,-0.4366898886275006,-1.242787069916968,-1.118033988749895,-1.4004873931646307,-0.331124340588225,1.4209964001470166,0.5092442757498572,-0.3705949460871659,-1.1271543790448286,-1.1181946142788823,-1.0216240541781565,-1.6562473642353552,-0.7802927833448504,-0.4169298430451051,0.9600239164660073,0.0,0.0,0.0,0.0,-0.2028048801890249,-0.9605990747472737,-0.9827514835483233,-0.3779644730092272,-0.45954346829869713,0.18452078282356418,-0.18452078282356418,-0.408248290463863,-0.7250102411641544,0.5056205829602304,2.2360679774997894,-1.1389071909150976,29,16,0.1
0.0022186892918383476,-0.20134576391024647,-0.20065532205517583,0.79391499086447,-0.4232553915055582,-1.242787069916968,-1.118033988749895,-1.4004873931646307,-0.331124340588225,1.4209964001470166,0.5092442757498572,-0.3705949460871659,-1.1271543790448286,-1.1181946142788823,-0.5685346924059682,-1.728985932647672,-0.7571182086181631,-1.0063167756829547,1.5280839438638747,0.0,0.0,0.0,0.0,-0.20306146992495375,-0.9529376361004491,-0.9752314672555886,-0.3779644730092272,-0.5684552858107879,0.4305484932549831,-0.4305484932549831,-0.408248290463863,-0.7250102411641544,0.6500836066631537,2.2360679774997894,-1.1389071909150976,29,17,0.1
0.0013731350993980427,-0.20142221298950924,-0.20138837885772126,0.79391499086447,-0.46560327035145677,-1.242787069916968,-1.118033988749895,-1.4004873931646307,-0.331124340588225,1.4209964001470166,0.5092442757498572,-0.3705949460871659,-1.1271543790448286,-1.1181946142788823,-1.0565980810334235,-0.6796072113078945,0.23065014881656848,-0.48639150340625587,-0.6936992893802794,0.0,0.0,0.0,0.0,-0.20277279358814132,-0.9789626756142017,-1.000776111046947,-0.3779644730092272,-0.19849417472866865,0.676576203686402,-0.676576203686402,-0.408248290463863,-0.7250102411641544,0.7945466303660766,-0.44721359549995787,-1.1389071909150976,29,18,0.1
0.0018538087795178632,-0.20145238075430427,-0.20128140700362135,0.79391499086447,-0.4046131593312058,-1.242787069916968,-1.118033988749895,-1.4004873931646307,-0.331124340588225,1.4209964001470166,0.5092442757498572,-0.3705949460871659,-1.1271543790448286,-1.1181946142788823,-0.934788148309649,-0.639620156160987,0.26346480688570717,-0.32600879964906976,-0.7071353413655956,0.0,0.0,0.0,0.0,-0.20265887828772397,-0.9746112686121403,-0.9965050265861475,-0.3779644730092272,-0.2603519624335593,0.922603914117821,-0.922603914117821,-0.408248290463863,-0.7250102411641544,0.9390096540689995,-0.44721359549995787,-1.1389071909150976,29,19,0.1
0.0019987669936727443,-0.20141249525137178,-0.20131644999098458,0.79391499086447,-0.30920237482355784,-1.242787069916968,-1.118033988749895,-1.4004873931646307,-0.331124340588225,1.4209964001470166,0.5092442757498572,-0.3705949460871659,-1.1271543790448286,-1.1181946142788823,-0.48307489638484585,-0.9202239856567402,-0.4332556675310258,-0.6866817231742384,-0.4850963053838925,0.0,0.0,0.0,0.0,-0.20280948835379023,-0.9190351821395614,-0.9419548180644832,-0.3779644730092272,-0.7508058875955863,1.1686316245492399,-1.1686316245492399,-0.408248290463863,-0.7250102411641544,1.0834726777719228,-0.44721359549995787,-1.1389071909150976,29,20,0.1
0.0029992000802282594,-0.20147812702254894,-0.20107943025056582,0.3460381659308536,-0.06656860201606664,-1.242787069916968,-1.118033988749895,-1.4004873931646307,-0.331124340588225,1.4209964001470166,0.5092442757498572,-0.3705949460871659,-1.1271543790448286,-1.1181946142788823,-0.7119712466896732,-0.6086808053412398,-0.3825943453121308,-0.26947275974314805,-0.6277341812804058,0.0,0.0,0.0,0.0,-0.2025616588251072,-0.8797985616307343,-0.9034424656069565,-0.3779644730092272,-0.7508058875955863,1.4146593349806589,-1.4146593349806589,-0.408248290463863,-0.7250102411641544,1.2279357014748458,-0.44721359549995787,-1.1389071909150976,29,21,0.1
0.0023995267946471275,-0.20136405069634808,-0.20084543600640065,0.79391499086447,-0.2466092839485209,-1.242787069916968,-1.118033988749895,-1.4004873931646307,-0.331124340588225,1.4209964001470166,0.5092442757498572,-0.3705949460871659,-1.1271543790448286,-1.1181946142788823,-0.6313808842098451,-0.5534783495748382,-0.14690971787545434,-1.1554917155055096,-0.6887247046278266,0.0,0.0,0.0,0.0,-0.20299241791707093,-0.9174764183265722,-0.940424827443849,-0.3779644730092272,-0.7508058875955863,1.6606870454120777,-1.6606870454120777,-0.408248290463863,-0.7250102411641544,1.3723987251777687,-0.44721359549995787,-1.1389071909150976,29,22,0.1
0.0017531750726499057,-0.20143413098830648,-0.20132461834961896,0.3460381659308536,-0.0888054789980285,-1.242787069916968,-1.118033988749895,-1.4004873931646307,-0.331124340588225,1.4209964001470166,0.5092442757498572,-0.3705949460871659,-1.1271543790448286,-1.1181946142788823,-0.6494842876707054,-0.4885623306636803,-0.0011453337197105254,-0.7112150554020727,-0.6740178006447166,0.0,0.0,0.0,0.0,-0.20272779050546066,-0.8719948329378567,-0.8957827857974934,-0.3779644730092272,-0.7508058875955863,1.9067147558434967,-1.9067147558434967,-0.408248290463863,-0.7250102411641544,1.516861748880692,-0.44721359549995787,-1.1389071909150976,29,23,0.1
0.002460203773117409,-0.2015128140931811,-0.20079464670982541,0.3460381659308536,-0.11834182595831166,-1.242787069916968,-1.118033988749895,-1.4004873931646307,-0.331124340588225,1.4209964001470166,0.5092442757498572,-0.3705949460871659,-1.1271543790448286,-1.1181946142788823,-0.23726298526258383,-0.7478822181287914,-0.31673818089819716,-0.21745926295925547,-0.5473013929146466,0.0,0.0,0.0,0.0,-0.20243067835311976,-0.8740252288099394,-0.8977757026297769,-0.3779644730092272,-0.7508058875955863,2.1527424662749155,-2.1527424662749155,-0.408248290463863,-0.7250102411641544,1.6613247725836149,-0.44721359549995787,-1.1389071909150976,29,24,0.0
0.002004775973618343,-0.20337639029763555,-0.20289249523628836,-0.5497154839363793,0.5104466072285541,0.9122357483337862,-1.118033988749895,0.45811076018627983,-0.331124340588225,1.4209964001470157,2.3190200864916437,-0.9220037436429077,1.058762483368768,1.5351485382472794,-0.35687643071411773,-0.14249081783851564,2.4119963984560537,3.885189894236324,-0.3892787560099155,0.0,0.0,0.0,0.0,-0.2043958396474323,-0.3262525502289671,-0.3601143497778435,-0.3779644730092272,-0.7508058875955863,-0.7995900589021115,0.7995900589021115,-0.408248290463863,-0.7225999215986191,-1.661324772583615,-0.44721359549995787,1.0641602595597024,30,1,0.1
-0.0022579485104387764,-0.20330873278180772,-0.20139277620551568,-0.9975923088699957,0.5186151633687976,0.9122357483337862,-1.118033988749895,0.45811076018627983,-0.331124340588225,1.4209964001470157,2.3190200864916437,-0.9220037436429077,1.058762483368768,1.5351485382472794,1.420236300387454,-0.16854760656831377,2.4119963984560537,1.3118753253711084,-0.3998306941187271,0.0,0.0,0.0,0.0,-0.20465131851016505,-0.3576736866640943,-0.39095548403744246,-0.3779644730092272,-0.7508058875955863,-0.7995900589021115,0.7995900589021115,-0.408248290463863,-0.7225999215986191,-1.5168617488806921,-0.44721359549995787,1.0641602595597024,30,2,0.9
-0.001202090183772932,-0.20327459221117092,-0.20101708614385908,-0.5497154839363793,0.5317011287952488,0.9122357483337862,-1.118033988749895,0.45811076018627983,-0.331124340588225,1.4209964001470157,2.3190200864916437,-0.9220037436429077,1.058762483368768,1.5351485382472794,0.6955359147342941,0.1700708005042225,2.4119963984560537,0.0365503197033942,-0.5140207095816128,0.0,0.0,0.0,0.0,-0.2047802353651901,-0.31618876232321236,-0.3502363291466576,-0.3779644730092272,-0.7508058875955863,-0.7995900589021115,0.7995900589021115,-0.408248290463863,-0.7225999215986191,-1.3723987251777692,-0.44721359549995787,1.0641602595597024,30,3,0.1
-0.00043600709706304464,-0.2032586376450266,-0.20088721602729426,-0.9975923088699957,0.38438622281936824,0.9122357483337862,-1.118033988749895,0.45811076018627983,-0.331124340588225,1.4209964001470157,2.3190200864916437,-0.9220037436429077,1.058762483368768,1.5351485382472794,-0.07767905097309556,-0.025981807487814566,-0.868790754771762,-0.5049297677359751,-0.4943342055556061,0.0,0.0,0.0,0.0,-0.20484048076977038,-0.4003805942029384,-0.43287406556096925,-0.3779644730092272,-0.6836811478991308,-0.7995900589021115,0.7995900589021115,-0.408248290463863,-0.7225999215986191,-1.2279357014748462,-0.44721359549995787,1.0641602595597024,30,4,0.1
0.00019154047460073865,-0.20325754044791566,-0.20091437117949634,-0.5497154839363793,0.5313056598216432,0.9122357483337862,-1.118033988749895,0.45811076018627983,-0.331124340588225,1.4209964001470157,2.3190200864916437,-0.9220037436429077,1.058762483368768,1.5351485382472794,0.689555910724695,-0.14254753586925487,-0.8185905758101331,-0.3952579736636492,-0.3896920554049206,0.0,0.0,0.0,0.0,-0.20484462385227448,-0.3268514315389732,-0.3607021763488397,-0.3779644730092272,-0.7508058875955863,-0.7995900589021115,0.7995900589021115,-0.408248290463863,-0.7225999215986191,-1.0834726777719228,-0.44721359549995787,1.0641602595597024,30,5,0.1
0.0005982920185357082,-0.20325403165068914,-0.20096299476818755,-0.5497154839363793,0.6625600022560872,0.9122357483337862,-1.118033988749895,0.45811076018627983,-0.331124340588225,1.4209964001470157,2.3190200864916437,-0.9220037436429077,1.058762483368768,1.5351485382472794,0.7396285491189254,-0.037382421164281185,-0.6398039101218962,-0.3933501106859656,-0.3780668474547674,0.0,0.0,0.0,0.0,-0.20485787328234917,-0.24044496265545218,-0.27589068287417007,-0.3779644730092272,-0.7508058875955863,-0.7995900589021115,0.7995900589021115,-0.408248290463863,-0.7225999215986191,-0.9390096540689999,-0.44721359549995787,1.0641602595597024,30,6,0.1
0.0013761506146086004,-0.2032514462272552,-0.20201190374386582,-0.5497154839363793,0.5223490399766757,0.9122357483337862,-1.118033988749895,0.45811076018627983,-0.331124340588225,1.4209964001470157,2.3190200864916437,-0.9220037436429077,1.058762483368768,1.5351485382472794,-0.2401957170147488,-0.03631135659369377,1.0520241616667108,-0.34573029133755745,-0.44308055838208765,0.0,0.0,0.0,0.0,-0.2048676359972598,-0.33295764828422947,-0.36669567855228385,-0.3779644730092272,-0.7508058875955863,-0.7995900589021115,0.7995900589021115,-0.408248290463863,-0.7225999215986191,-0.7945466303660769,-0.44721359549995787,1.0641602595597024,30,7,0.1
0.0017168515293051938,-0.20324761947525202,-0.20251305654386142,-0.9975923088699957,0.5305979775202938,0.9122357483337862,-1.118033988749895,0.45811076018627983,-0.331124340588225,1.4209964001470157,2.3190200864916437,-0.9220037436429077,1.058762483368768,1.5351485382472794,1.5057935474853548,0.16900487747415885,-0.33574782732893294,-0.3581730080702855,-0.5627459078677935,0.0,0.0,0.0,0.0,-0.20488208604375893,-0.393836949358207,-0.426451209735237,-0.3779644730092272,-0.7339403873132034,-0.7995900589021115,0.7995900589021115,-0.408248290463863,-0.7225999215986191,-0.6500836066631539,-0.44721359549995787,1.0641602595597024,30,8,0.1
0.001906712411818847,-0.2032542121313532,-0.20272932772296792,-0.9975923088699957,0.39274554371377557,0.9122357483337862,-1.118033988749895,0.45811076018627983,-0.331124340588225,1.4209964001470157,2.3190200864916437,-0.9220037436429077,0.3483577615716194,1.5351485382472794,1.602374314768852,-0.15525188350779257,-0.5050565421359484,0.18089312800816557,-0.47335557455665717,0.0,0.0,0.0,0.0,-0.20485719177647005,-0.44812869487444634,-0.4797407849264886,-0.3779644730092272,-0.31694620427688613,-0.7995900589021115,0.7995900589021115,-0.408248290463863,-0.7225999215986191,-0.5056205829602308,-0.44721359549995787,0.5133933969410024,30,9,0.1
0.0018798069744448763,-0.20324431304600318,-0.20269675997399353,-0.9975923088699957,0.6501924459535146,0.9122357483337862,-1.118033988749895,0.45811076018627983,-0.331124340588225,1.4209964001470157,2.3190200864916437,-0.9220037436429077,1.058762483368768,1.5351485382472794,1.1363748824578248,0.1321232658651247,-0.3619012801246247,-0.1465860538948043,-0.6790406102118569,0.0,0.0,0.0,0.0,-0.2048945713201375,-0.5945217675120281,-0.3804485948716189,2.6457513110645903,0.8074431323751352,-0.7995900589021115,0.7995900589021115,-0.408248290463863,-0.7225999215986191,-0.3611575592573077,-0.44721359549995787,1.0641602595597024,30,10,0.1
0.0019181852687427474,-0.20324737251813246,-0.20272977611746876,-0.9975923088699957,0.6082007759849537,0.9122357483337862,-1.118033988749895,0.45811076018627983,-0.331124340588225,1.4209964001470157,2.3190200864916437,-0.9220037436429077,1.058762483368768,1.5351485382472794,0.38618680072074746,0.17162579833708994,0.20286041430361101,0.24175545783468255,-0.7122054994344843,0.0,0.0,0.0,0.0,-0.20488301856874563,-0.6290045603973475,-0.42275643943421815,2.6457513110645903,1.0722923080886575,-0.7995900589021115,0.7995900589021115,-0.408248290463863,-0.7225999215986191,-0.21669453555438475,-0.44721359549995787,1.0641602595597024,30,11,0.1
0.0018629371203185783,-0.2032378154587976,-0.20266087334640898,-0.9975923088699957,0.4874098886556368,0.9122357483337862,-1.118033988749895,0.45811076018627983,-0.331124340588225,1.4209964001470157,2.3190200864916437,-0.9220037436429077,0.4229049625894633,1.5351485382472794,0.8763414437293333,0.17289618752954622,-0.024855435592033973,-0.09007696812468453,-0.7391947379128037,0.0,0.0,0.0,0.0,-0.2049191066015394,-0.6712014705659901,-0.47452893716588923,2.6457513110645903,1.396390675439305,-0.7995900589021115,0.7995900589021115,-0.408248290463863,-0.7225999215986191,-0.07223151185146165,-0.44721359549995787,0.5133933969410024,30,12,0.1
0.001931039021220353,-0.2032486531681482,-0.20267368035050415,-0.9975923088699957,0.5594060747783205,0.9122357483337862,-1.118033988749895,0.45811076018627983,-0.331124340588225,1.4209964001470157,2.3190200864916437,-0.9220037436429077,0.45363832378004754,1.5351485382472794,0.488805754414466,0.07028677434289222,-0.39268908974853767,0.8186088552255014,-0.5584787835700438,0.0,0.0,0.0,0.0,-0.2048781827570022,-0.4406297506832753,-0.47238026360726026,-0.3779644730092272,-0.37454273348954475,-0.5535623484706925,0.5535623484706925,-0.408248290463863,-0.7225999215986191,0.07223151185146126,-0.44721359549995787,0.5133933969410024,30,13,0.1
0.001960862705958358,-0.20324864056249028,-0.2026715800568672,-0.9975923088699957,0.6667469038121095,0.9122357483337862,-1.118033988749895,0.45811076018627983,-0.331124340588225,1.4209964001470157,2.3190200864916437,-0.9220037436429077,0.464840882867495,1.5351485382472794,1.4177736900113138,0.11802687555767664,-0.3715750185504018,1.1038807674834787,-0.5747255283598359,0.0,0.0,0.0,0.0,-0.20487823035672706,-0.4398318126438796,-0.47159705469135593,-0.3779644730092272,-0.3806713911277836,-0.30753463803927367,0.30753463803927367,-0.408248290463863,-0.7225999215986191,0.21669453555438456,2.2360679774997894,0.5133933969410024,30,14,0.1
0.001919272482090369,-0.20323188496038416,-0.2026150682317544,-1.445469133803612,0.4119672392592963,0.9122357483337862,-1.118033988749895,0.45811076018627983,3.020013564160076,1.4209964001470157,2.3190200864916437,-0.9220037436429077,-0.14808787640601467,1.5351485382472794,1.551355513250321,0.053076596975352934,-0.14263192913244727,0.27498867625399553,-0.6280553377976776,0.0,0.0,0.0,0.0,-0.2049415005214398,-0.5541915836820915,-0.5838458608339447,-0.3779644730092272,0.4976823778081523,-0.06150692760785473,0.06150692760785473,-0.408248290463863,-0.7225999215986191,0.36115755925730747,2.2360679774997894,-0.037373465677697615,30,15,0.1
0.0018749229083855207,-0.20323650623870856,-0.20259674851873044,-0.9975923088699957,0.4247593942248951,0.9122357483337862,-1.118033988749895,0.45811076018627983,-0.331124340588225,1.4209964001470157,2.3190200864916437,-0.9220037436429077,-0.9155958369638566,1.5351485382472794,1.121358381415705,-0.05411656539208344,-0.1068264477905067,0.8932823927439628,-0.6191865518209557,0.0,0.0,0.0,0.0,-0.20492405029560384,-0.5943824312049288,-0.6232948262467025,-0.3779644730092272,0.8063729433621704,0.18452078282356418,-0.18452078282356418,-0.408248290463863,-0.7225999215986191,0.5056205829602304,2.2360679774997894,-0.5881403282963976,30,16,0.1
0.0018659099375148373,-0.203233026266782,-0.20259019143752777,-1.445469133803612,0.665145662064844,0.9122357483337862,-1.118033988749895,0.45811076018627983,3.020013564160076,1.4209964001470157,2.3190200864916437,-0.9220037436429077,-0.023638842710058137,1.5351485382472794,1.8810764305275445,-0.4884518855430959,-0.4503132114962181,0.9662845159773508,-0.33793953098091845,0.0,0.0,0.0,0.0,-0.20493719087960643,-0.498789835085591,-0.5294667720887327,-0.3779644730092272,0.07216268461886176,0.4305484932549831,-0.4305484932549831,-0.408248290463863,-0.7225999215986191,0.6500836066631537,2.2360679774997894,-0.037373465677697615,30,17,0.1
0.0017826852831235493,-0.2032324224889212,-0.20256845883502006,-0.9975923088699957,0.4784148529074435,0.9122357483337862,-1.118033988749895,0.45811076018627983,-0.331124340588225,1.4209964001470157,2.3190200864916437,-0.9220037436429077,-0.8200808292399807,1.5351485382472794,0.25840508598589146,-0.10162478825844584,-0.2127345726999617,1.2761390162662283,-0.5971978782640824,0.0,0.0,0.0,0.0,-0.20493947078124525,-0.5875790698121334,-0.6166170479758567,-0.3779644730092272,0.7541189202337191,0.676576203686402,-0.676576203686402,-0.408248290463863,-0.7225999215986191,0.7945466303660766,-0.44721359549995787,-0.5881403282963976,30,18,0.1
0.001749646595081791,-0.2032206683326317,-0.20252774846479077,-0.9975923088699957,0.5710752494522643,0.9122357483337862,-1.118033988749895,0.45811076018627983,-0.331124340588225,1.4209964001470157,2.3190200864916437,-0.9220037436429077,-0.7269365332705464,1.5351485382472794,0.5593835224203597,-0.18546486538568027,-0.23014052143055785,0.6835043142852516,-0.5596912209873672,0.0,0.0,0.0,0.0,-0.20498385518472925,-0.5809445699334387,-0.6101050142075507,-0.3779644730092272,0.7031618579682716,0.922603914117821,-0.922603914117821,-0.408248290463863,-0.7225999215986191,0.9390096540689995,-0.44721359549995787,-0.5881403282963976,30,19,0.1
0.001717173611946135,-0.20320955489800863,-0.202478329564869,-0.9975923088699957,0.45866162012845013,0.9122357483337862,-1.118033988749895,0.45811076018627983,-0.331124340588225,1.4209964001470157,2.3190200864916437,-0.9220037436429077,-0.8093357815351748,1.5351485382472794,0.27681973708420554,-0.42569197409110315,-0.29125444790675814,0.07411577030212971,-0.4521751443781784,0.0,0.0,0.0,0.0,-0.20502582018453486,-0.5868137194817439,-0.6158658252330417,-0.3779644730092272,0.7482405563549619,1.1686316245492399,-1.1686316245492399,-0.408248290463863,-0.7225999215986191,1.0834726777719228,-0.44721359549995787,-0.5881403282963976,30,20,0.1
0.0015393150155712377,-0.20320122565875345,-0.2023120542478721,-0.9975923088699957,0.6469455073532471,0.9122357483337862,-1.118033988749895,0.45811076018627983,-0.331124340588225,1.4209964001470157,2.3190200864916437,-0.9220037436429077,-0.7379652303006204,1.5351485382472794,1.4562359752472722,-0.4011650599408672,-0.3341642728167427,-0.3508152282174234,-0.4607742785155491,0.0,0.0,0.0,0.0,-0.20505727189461176,-0.5817301240926779,-0.610876067837113,-0.3779644730092272,0.7091953997479286,1.4146593349806589,-1.4146593349806589,-0.408248290463863,-0.7225999215986191,1.2279357014748458,-0.44721359549995787,-0.5881403282963976,30,21,0.1
0.0014979979876977808,-0.20319766236260603,-0.20227154003444658,-0.9975923088699957,0.5037476479453346,0.9122357483337862,-1.118033988749895,0.45811076018627983,-0.331124340588225,1.4209964001470157,2.3190200864916437,-0.9220037436429077,-0.9954937159920925,1.5351485382472794,1.6792712591816752,-0.3707876018984062,-0.26854642038078497,-0.3491250735734258,-0.4917005241207425,0.0,0.0,0.0,0.0,-0.2050707271159006,-0.6000734127428077,-0.6288807580617721,-0.3779644730092272,0.8500832012383468,1.6606870454120777,-1.6606870454120777,-0.408248290463863,-0.7225999215986191,1.3723987251777687,-0.44721359549995787,-0.5881403282963976,30,22,0.1
0.0015882677391277718,-0.20320161649376076,-0.20234514238841073,-0.9975923088699957,0.5476101711421892,0.9122357483337862,-1.118033988749895,0.45811076018627983,-0.331124340588225,1.4209964001470157,2.3190200864916437,-0.9220037436429077,-0.9337517513730442,1.5351485382472794,1.3201668509949132,-0.3186560569847561,-0.23439982243565508,0.4806229208057813,-0.5131050543747684,0.0,0.0,0.0,0.0,-0.2050557960780382,-0.5956756441783229,-0.6245641678257713,-0.3779644730092272,0.816305618803064,1.9067147558434967,-1.9067147558434967,-0.408248290463863,-0.7225999215986191,1.516861748880692,-0.44721359549995787,-0.5881403282963976,30,23,0.1
0.0017077043446308662,-0.20319313840629394,-0.2024958870862641,-0.9975923088699957,0.480997324812519,0.9122357483337862,-1.118033988749895,0.45811076018627983,-0.331124340588225,1.4209964001470157,2.3190200864916437,-0.9220037436429077,-1.1271543790448286,1.5351485382472794,0.5500216001454301,-0.43551572518166565,-0.2978363120375175,-0.034421870521177234,-0.46598093984121614,0.0,0.0,0.0,0.0,-0.20508780984794486,-0.6087413469300144,-0.6373886910123494,-0.3779644730092272,0.9166582965983896,2.1527424662749155,-2.1527424662749155,-0.408248290463863,-0.7225999215986191,1.6613247725836149,-0.44721359549995787,-1.1389071909150976,30,24,0.0
0.002004775973618343,-0.20175670199827103,-0.20289249523628836,2.137545465665319,1.936086375323635,-1.1165199948722522,1.118033988749895,-0.4850584519619434,-0.331124340588225,0.47366546671567433,1.4415530267380496,1.5292955878130257,1.058762483368768,0.871812750115739,-0.579128988213133,2.5259938202755725,2.4119963984560537,4.229392965499982,-0.728697868869583,0.0,0.0,0.0,0.0,-0.20150974290545728,0.33484152742535683,0.2887766045406868,-0.3779644730092272,-0.7508058875955863,-0.7995900589021115,0.7995900589021115,-0.408248290463863,1.7140608072470047,-1.661324772583615,-0.44721359549995787,1.0641602595597024,31,1,0.1
-0.023016472014854884,-0.20135956737506372,-0.19408947690321499,1.689668640731703,1.8532897129313786,-1.1165199948722522,1.118033988749895,-0.4850584519619434,-0.331124340588225,0.47366546671567433,1.4415530267380496,1.5292955878130257,1.058762483368768,0.871812750115739,-0.6300861658840329,1.7465592410457338,2.4119963984560537,0.2510744663072685,-0.6413097849575083,0.0,0.0,0.0,0.0,-0.20300934720879835,0.24397461775936546,0.19958700547734226,-0.3779644730092272,-0.6724861373153779,-0.7995900589021115,0.7995900589021115,-0.408248290463863,1.7140608072470047,-1.5168617488806921,-0.44721359549995787,1.0641602595597024,31,2,0.1
-0.011039699028362644,-0.20134262092068164,-0.1944103042103341,2.5854222905989355,2.192971638979604,-1.1165199948722522,1.118033988749895,-0.4850584519619434,-0.331124340588225,0.47366546671567433,1.4415530267380496,1.5292955878130257,1.058762483368768,0.871812750115739,-2.3083669007854404,2.588396283622152,2.4119963984560537,-0.0035491315932879523,-0.7005629300103503,0.0,0.0,0.0,0.0,-0.2030733380432224,0.45429755817512457,0.40602759863120025,-0.3779644730092272,-0.7508058875955863,-0.7995900589021115,0.7995900589021115,-0.408248290463863,1.7140608072470047,-1.3723987251777692,-0.44721359549995787,1.0641602595597024,31,3,0.1
-0.006519748132855813,-0.20131134964190248,-0.1948154001339824,2.137545465665319,1.971929034969542,-1.1165199948722522,1.118033988749895,-0.4850584519619434,-0.331124340588225,0.47366546671567433,1.4415530267380496,1.5292955878130257,1.058762483368768,0.871812750115739,-1.552234711469607,1.7641793209866183,-0.8400930913272918,-0.38306364188974024,-0.614248546308445,0.0,0.0,0.0,0.0,-0.20319142027903825,0.3261767622846712,0.28027178213925913,-0.3779644730092272,-0.7508058875955863,-0.7995900589021115,0.7995900589021115,-0.408248290463863,1.7140608072470047,-1.2279357014748462,-0.44721359549995787,1.0641602595597024,31,4,0.1
-0.004599093043121848,-0.20125673128359298,-0.19495205079129008,1.689668640731703,1.883734560749735,-1.1165199948722522,1.118033988749895,-0.4850584519619434,-0.331124340588225,0.47366546671567433,1.4415530267380496,1.5292955878130257,1.058762483368768,0.871812750115739,-1.1942644433075995,2.0487563857974878,-0.7234171703356937,-0.9640114653525166,-0.6736770086272305,0.0,0.0,0.0,0.0,-0.20339766249610025,0.2952138332110603,0.24988039719997698,-0.3779644730092272,-0.7508058875955863,-0.7995900589021115,0.7995900589021115,-0.408248290463863,1.7140608072470047,-1.0834726777719228,-0.44721359549995787,1.0641602595597024,31,5,0.1
-0.003088111544076822,-0.2012588214740455,-0.1952500747554772,2.137545465665319,1.862178085079211,-1.1165199948722522,1.118033988749895,-0.4850584519619434,-0.331124340588225,0.47366546671567433,1.4415530267380496,1.5292955878130257,1.058762483368768,0.871812750115739,-1.0406812056988721,2.1663005736236283,-0.4673020673953436,-1.0161269463039098,-0.6826567420354616,0.0,0.0,0.0,0.0,-0.2033897698108135,0.32223041874026764,0.2763982840772545,-0.3779644730092272,-0.7508058875955863,-0.7995900589021115,0.7995900589021115,-0.408248290463863,1.7140608072470047,-0.9390096540689999,-0.44721359549995787,1.0641602595597024,31,6,0.1
0.0005958702779016567,-0.20126423669090376,-0.20105272734637986,1.2417918157980865,1.4644702024263319,-1.1165199948722522,1.118033988749895,-0.4850584519619434,-0.331124340588225,0.47366546671567433,1.4415530267380496,1.5292955878130257,1.058762483368768,0.871812750115739,0.07625407866257833,2.5664491631406166,1.552544810678374,-1.0371561742897077,-0.8051666639052946,0.0,0.0,0.0,0.0,-0.20336932162516166,0.09969523889237318,0.05797087699276535,-0.3779644730092272,0.04432078778359876,-0.7995900589021115,0.7995900589021115,-0.408248290463863,1.7140608072470047,-0.7945466303660769,-0.44721359549995787,1.0641602595597024,31,7,0.1
0.0016582378831146963,-0.20133196913965926,-0.2013127647109302,1.689668640731703,1.9678066782068335,-1.1165199948722522,1.118033988749895,-0.4850584519619434,-0.331124340588225,0.47366546671567433,1.4415530267380496,1.5292955878130257,1.058762483368768,0.871812750115739,-0.24799025903218147,2.3159314568993077,-0.33106601373350697,-0.5135896124807046,-0.73329454609572,0.0,0.0,0.0,0.0,-0.2031135598111721,0.2321825019297498,0.18801256009543224,-0.3779644730092272,-0.6139007015128708,-0.7995900589021115,0.7995900589021115,-0.408248290463863,1.7140608072470047,-0.6500836066631539,-0.44721359549995787,1.0641602595597024,31,8,0.1
0.0032913998147597375,-0.20140807199532013,-0.2004972160727891,2.5854222905989355,2.4381428515696326,-1.1165199948722522,1.118033988749895,-0.4850584519619434,-0.331124340588225,0.47366546671567433,1.4415530267380496,1.5292955878130257,1.058762483368768,0.871812750115739,-0.9685791964999271,1.482513056985435,-0.578322826140083,0.06622078651573335,-0.5100722865379185,0.0,0.0,0.0,0.0,-0.20282619083557407,0.44733886812467466,0.3991973589115147,-0.3779644730092272,-0.7508058875955863,-0.7995900589021115,0.7995900589021115,-0.408248290463863,1.7140608072470047,-0.5056205829602308,-0.44721359549995787,1.0641602595597024,31,9,0.1
0.003560360731999385,-0.20132646502774684,-0.20047161550269685,1.689668640731703,1.9653406756306708,-1.1165199948722522,1.118033988749895,-0.4850584519619434,-0.331124340588225,0.47366546671567433,1.4415530267380496,1.5292955878130257,1.058762483368768,0.871812750115739,-0.5858134387554272,1.7344352800118812,-0.3263071537059763,-0.7070121472801216,-0.7805805129287433,0.0,0.0,0.0,0.0,-0.20313434366991304,-0.1381663980029821,0.17946579787224884,2.6457513110645903,1.226061864581203,-0.7995900589021115,0.7995900589021115,-0.408248290463863,1.7140608072470047,-0.3611575592573077,-0.44721359549995787,1.0641602595597024,31,10,0.1
0.0038081503720795817,-0.20140662468568726,-0.2002491833524048,0.79391499086447,1.4760109414236227,-1.1165199948722522,1.118033988749895,-0.4850584519619434,-0.331124340588225,0.47366546671567433,1.4415530267380496,1.5292955878130257,1.058762483368768,0.871812750115739,-0.5094862016478884,2.6712678964481267,1.0169617326949933,-0.10742384196429842,-0.9451349186345999,0.0,0.0,0.0,0.0,-0.2028316559640893,-0.33402085527447434,-0.06083318146774055,2.6457513110645903,2.199103420388906,-0.7995900589021115,0.7995900589021115,-0.408248290463863,1.7140608072470047,-0.21669453555438475,-0.44721359549995787,1.0641602595597024,31,11,0.1
0.00401493676151788,-0.20145910018484237,-0.20002141110119204,1.2417918157980865,1.8408921325123164,-1.1165199948722522,1.118033988749895,-0.4850584519619434,-0.331124340588225,0.47366546671567433,1.4415530267380496,1.5292955878130257,1.058762483368768,0.871812750115739,-0.09634390400872633,2.0319526333960103,-0.09623920080861739,0.24717333016841397,-0.8449349291776873,0.0,0.0,0.0,0.0,-0.20263350531251073,-0.21170181849171213,0.08924325846747014,2.6457513110645903,1.5913995799242915,-0.7995900589021115,0.7995900589021115,-0.408248290463863,1.7140608072470047,-0.07223151185146165,-0.44721359549995787,1.0641602595597024,31,12,0.3
0.0032680181031225423,-0.2014256706202672,-0.20075094234677887,-0.10183865900276282,1.2455661566209781,-1.1165199948722522,1.118033988749895,-0.4850584519619434,-0.331124340588225,0.47366546671567433,1.4415530267380496,1.5292955878130257,1.058762483368768,0.871812750115739,0.7628700495462554,2.2914595815355034,-0.20012030880233717,-0.10501747399594553,-0.8553545355321364,0.0,0.0,0.0,0.0,-0.2027597373657396,-0.1564895707219925,-0.1934850219655356,-0.3779644730092272,1.3170948118943415,-0.5535623484706925,0.5535623484706925,-0.408248290463863,1.7140608072470047,0.07223151185146126,-0.44721359549995787,1.0641602595597024,31,13,0.1
0.0020416179921105035,-0.20134214680854493,-0.2008412274798072,-1.445469133803612,0.4713668999371818,-1.1165199948722522,1.118033988749895,-0.4850584519619434,3.020013564160076,0.47366546671567433,1.4415530267380496,1.5292955878130257,-0.011340771816047115,0.871812750115739,1.2995590515330058,1.7033719236276692,-0.10079604302490493,-0.8479910887187748,-0.9178010845648027,0.0,0.0,0.0,0.0,-0.20307512831926205,-0.5177675503113098,-0.5480941780205723,-0.3779644730092272,3.1119913500484495,-0.30753463803927367,0.30753463803927367,-0.408248290463863,1.7140608072470047,0.21669453555438456,2.2360679774997894,-0.037373465677697615,31,14,0.1
0.0021493104939435833,-0.20138789592415626,-0.2008573533140649,-1.445469133803612,0.5306984599088029,-1.1165199948722522,1.118033988749895,-0.4850584519619434,3.020013564160076,0.47366546671567433,1.4415530267380496,1.5292955878130257,0.012462263689034218,0.871812750115739,1.3686174179076178,2.085373482567345,0.40568585952550906,-0.5508982404813263,-0.9511707843604308,0.0,0.0,0.0,0.0,-0.20290237689786564,-0.5074084143332438,-0.5379262611416717,-0.3779644730092272,3.0605252260227482,-0.06150692760785473,0.06150692760785473,-0.408248290463863,1.7140608072470047,0.36115755925730747,2.2360679774997894,-0.037373465677697615,31,15,0.1
0.0008287554262402906,-0.2013353922811444,-0.20094717536080978,-0.9975923088699957,0.3350579236473054,-1.1165199948722522,1.118033988749895,-0.4850584519619434,-0.331124340588225,0.47366546671567433,1.4415530267380496,1.5292955878130257,-1.1271543790448286,0.871812750115739,0.5657423630328533,1.4623912810424395,0.12711980024576108,-1.0262867397198325,-0.9344406124945285,0.0,0.0,0.0,0.0,-0.2031006338223459,-0.6281833708955584,-0.6564718350175848,-0.3779644730092272,3.660557787309308,0.18452078282356418,-0.18452078282356418,-0.408248290463863,1.7140608072470047,0.5056205829602304,2.2360679774997894,-1.1389071909150976,31,16,0.1
0.001356484868125507,-0.20143209010627408,-0.2008450965717063,-0.9975923088699957,0.3655406595122122,-1.1165199948722522,1.118033988749895,-0.4850584519619434,-0.331124340588225,0.47366546671567433,1.4415530267380496,1.5292955878130257,-0.8529604327243129,0.871812750115739,-0.13064083134224808,0.7444302306538619,-0.21077799028720215,-0.3437004077966591,-0.8280189025790559,0.0,0.0,0.0,0.0,-0.20273549699917723,-0.6122091505892016,-0.6407924825480165,-0.3779644730092272,3.5811948746840105,0.4305484932549831,-0.4305484932549831,-0.408248290463863,1.7140608072470047,0.6500836066631537,2.2360679774997894,-0.5881403282963976,31,17,0.1
0.0017980500587295948,-0.20135923744599105,-0.201202966923249,-1.445469133803612,0.5181401537795416,-1.1165199948722522,1.118033988749895,-0.4850584519619434,3.020013564160076,0.47366546671567433,1.4415530267380496,1.5292955878130257,-0.13781322557129924,0.871812750115739,1.3455654349831643,1.1840317913945737,-0.0881283772324282,-0.963380666085333,-0.8774958971379988,0.0,0.0,0.0,0.0,-0.20301059304088712,-0.5728086540247693,-0.6021192790199598,-0.3779644730092272,3.3854458424140588,0.676576203686402,-0.676576203686402,-0.408248290463863,1.7140608072470047,0.7945466303660766,-0.44721359549995787,-0.037373465677697615,31,18,0.1
0.0022490646974770464,-0.20136714360540317,-0.20145933270056127,-1.445469133803612,0.6381866544081974,-1.1165199948722522,1.118033988749895,-0.4850584519619434,3.020013564160076,0.47366546671567433,1.4415530267380496,1.5292955878130257,-0.10071746825628504,0.871812750115739,2.0522144303051877,1.0477747265132342,0.007786170861991946,-0.963183506596253,-0.8508372862826628,0.0,0.0,0.0,0.0,-0.20298073890582938,-0.5566644948416457,-0.586273124572204,-0.3779644730092272,3.305238641681434,0.922603914117821,-0.922603914117821,-0.408248290463863,1.7140608072470047,0.9390096540689995,-0.44721359549995787,-0.037373465677697615,31,19,0.1
0.0018794418248550986,-0.20136949062843107,-0.20157058979996467,-0.9975923088699957,0.2703234390299012,-1.1165199948722522,1.118033988749895,-0.4850584519619434,-0.331124340588225,0.47366546671567433,1.4415530267380496,1.5292955878130257,-1.1271543790448286,0.871812750115739,0.9485933849259227,0.642099358981172,0.011670786571132987,-1.004012215757841,-0.8329436465546523,0.0,0.0,0.0,0.0,-0.2029718764052389,-0.6574142132464023,-0.6851631057908371,-0.3779644730092272,3.805782076380286,1.1686316245492399,-1.1686316245492399,-0.408248290463863,1.7140608072470047,1.0834726777719228,-0.44721359549995787,-1.1389071909150976,31,20,0.1
0.003126767537374443,-0.20149602766274596,-0.20047631608982447,-0.9975923088699957,0.4259781012336445,-1.1165199948722522,1.118033988749895,-0.4850584519619434,-0.331124340588225,0.47366546671567433,1.4415530267380496,1.5292955878130257,-1.1271543790448286,0.871812750115739,0.6156737392550949,0.897099629337022,0.029786507925311113,-0.13906470994931505,-0.8758768301498238,0.0,0.0,0.0,0.0,-0.20249406492746308,-0.659484608361851,-0.6871952835211936,-0.3779644730092272,3.816068186343463,1.4146593349806589,-1.4146593349806589,-0.408248290463863,1.7140608072470047,1.2279357014748458,-0.44721359549995787,-1.1389071909150976,31,21,0.1
0.0027869584434161137,-0.20143644959835344,-0.20070241386770643,-0.9975923088699957,0.463242892931059,-1.1165199948722522,1.118033988749895,-0.4850584519619434,-0.331124340588225,0.47366546671567433,1.4415530267380496,1.5292955878130257,-0.8902508962754184,0.871812750115739,-0.23029643618335885,1.1780234685033755,0.03638944740779337,-0.6346841372759789,-0.894909267346519,0.0,0.0,0.0,0.0,-0.20271903529400084,-0.6148057739150196,-0.6433411748519532,-0.3779644730092272,3.594095384766853,1.6606870454120777,-1.6606870454120777,-0.408248290463863,1.7140608072470047,1.3723987251777687,-0.44721359549995787,-0.5881403282963976,31,22,0.1
0.003975858399292508,-0.20151134013773875,-0.20012591612494532,-0.9975923088699957,0.5703688644317519,-1.1165199948722522,1.118033988749895,-0.4850584519619434,-0.331124340588225,0.47366546671567433,1.4415530267380496,1.5292955878130257,-0.4980151067700853,0.871812750115739,0.9405552660238823,1.2165766997253429,0.010029490005651951,-0.16269550766075094,-0.8881786121800729,0.0,0.0,0.0,0.0,-0.20243624409781968,-0.5874934666047524,-0.6165330249164954,-0.3779644730092272,3.458402736419101,1.9067147558434967,-1.9067147558434967,-0.408248290463863,1.7140608072470047,1.516861748880692,-0.44721359549995787,-0.5881403282963976,31,23,0.1
0.003252512051597151,-0.20143257706564446,-0.20043382330356665,-1.445469133803612,0.5758139791958983,-1.1165199948722522,1.118033988749895,-0.4850584519619434,3.020013564160076,0.47366546671567433,1.4415530267380496,1.5292955878130257,-0.14116783529906451,0.871812750115739,1.9114466327869488,0.6717280947201811,-0.17610466724345902,-0.7805041974251595,-0.7953855727567257,0.0,0.0,0.0,0.0,-0.20273365821120778,-0.5742685879191604,-0.6035522640216326,-0.3779644730092272,3.392699066914359,2.1527424662749155,-2.1527424662749155,-0.408248290463863,1.7140608072470047,1.6613247725836149,-0.44721359549995787,-0.037373465677697615,31,24,0.0
0.002004775973618343,-0.20338035481894617,-0.20289249523628836,-0.5497154839363793,0.5464328380694874,0.9122357483337862,-1.118033988749895,1.373539701388967,-0.331124340588225,0.9473309334313323,1.331869644268829,1.6500190191944584,1.058762483368768,-1.1181946142788823,0.41070307711424053,2.174595762759787,2.4119963984560537,2.969317012031833,-0.9461514100135855,0.0,0.0,0.0,0.0,-0.20213033499955627,-0.46896097064404924,-0.5001885181034792,-0.3779644730092272,-0.4396117619864049,-0.7995900589021115,0.7995900589021115,-0.408248290463863,-0.7250102411641544,-1.661324772583615,-0.44721359549995787,1.0641602595597024,32,1,0.1
-0.009847868942697206,-0.20319223088224167,-0.19872247739617896,-0.5497154839363793,0.5405401294001511,0.9122357483337862,-1.118033988749895,1.373539701388967,-0.331124340588225,0.9473309334313323,1.331869644268829,1.6500190191944584,1.058762483368768,-1.1181946142788823,1.2211629881039838,1.2723553791557094,2.4119963984560537,1.2193374057960293,-0.8594982429906415,0.0,0.0,0.0,0.0,-0.20284070233737522,-0.502408006198943,-0.5330181554485129,-0.3779644730092272,-0.1742443447451679,-0.7995900589021115,0.7995900589021115,-0.408248290463863,-0.7250102411641544,-1.5168617488806921,-0.44721359549995787,1.0641602595597024,32,2,0.1
-0.006215202364426979,-0.20311942155122462,-0.19801863468270142,-0.9975923088699957,0.3308111752384617,0.9122357483337862,-1.118033988749895,1.373539701388967,-0.331124340588225,0.9473309334313323,1.331869644268829,1.6500190191944584,1.058762483368768,-1.1181946142788823,0.7452920465424064,1.1893633317759091,2.4119963984560537,0.6141194205593773,-0.871070315277007,0.0,0.0,0.0,0.0,-0.203115634765162,-0.5562816775236467,-0.585897373671988,-0.3779644730092272,0.25318716837881494,-0.7995900589021115,0.7995900589021115,-0.408248290463863,-0.7250102411641544,-1.3723987251777692,-0.44721359549995787,1.0641602595597024,32,3,0.1
-0.004605417378731566,-0.20305490361114162,-0.19748875174023925,-0.5497154839363793,0.6141454494248811,0.9122357483337862,-1.118033988749895,1.373539701388967,-0.331124340588225,0.9473309334313323,1.331869644268829,1.6500190191944584,1.058762483368768,-1.1181946142788823,-0.26403190451725495,1.2736938688942403,-0.7466535382345977,0.06761522461343838,-0.8402929320072872,0.0,0.0,0.0,0.0,-0.20335925840041638,-0.4564165478630314,-0.4878756525902507,-0.3779644730092272,-0.5391387011890567,-0.7995900589021115,0.7995900589021115,-0.408248290463863,-0.7250102411641544,-1.2279357014748462,-0.44721359549995787,1.0641602595597024,32,4,0.1
-0.003773488002075808,-0.20299045845624253,-0.19693649592738896,-0.5497154839363793,0.47066562847396387,0.9122357483337862,-1.118033988749895,1.373539701388967,-0.331124340588225,0.9473309334313323,1.331869644268829,1.6500190191944584,1.058762483368768,-1.1181946142788823,-0.3084946603215807,1.4970925444896874,-0.5694536103134942,-0.5083066447874887,-0.8909111592418346,0.0,0.0,0.0,0.0,-0.20360260719442394,-0.5084920767994237,-0.5389899203024578,-0.3779644730092272,-0.12597357650583843,-0.7995900589021115,0.7995900589021115,-0.408248290463863,-0.7250102411641544,-1.0834726777719228,-0.44721359549995787,1.0641602595597024,32,5,0.1
-0.0024625616813437226,-0.20301798606028237,-0.19704967721890512,-0.9975923088699957,0.31639904361495835,0.9122357483337862,-1.118033988749895,1.373539701388967,-0.331124340588225,0.9473309334313323,1.331869644268829,1.6500190191944584,1.058762483368768,-1.1181946142788823,1.0319379424675834,2.146124347825967,-0.053245190335578195,-0.046588795913494664,-0.970863155407741,0.0,0.0,0.0,0.0,-0.20349866130034547,-0.5505504094097463,-0.5802718989300572,-0.3779644730092272,0.20771552069253005,-0.7995900589021115,0.7995900589021115,-0.408248290463863,-0.7250102411641544,-0.9390096540689999,-0.44721359549995787,1.0641602595597024,32,6,0.1
-0.0002619888662698722,-0.20301413623158807,-0.1997784033474859,-0.5497154839363793,0.5202558982178208,0.9122357483337862,-1.118033988749895,1.373539701388967,-0.331124340588225,0.9473309334313323,1.331869644268829,1.6500190191944584,1.058762483368768,-1.1181946142788823,0.6232707100329992,1.3354384283448584,0.7737055945589182,0.0662964332394747,-0.8630078439719768,0.0,0.0,0.0,0.0,-0.20351319848582297,-0.4902705294518974,-0.5211047241599521,-0.3779644730092272,-0.27054259069593056,-0.7995900589021115,0.7995900589021115,-0.408248290463863,-0.7250102411641544,-0.7945466303660769,-0.44721359549995787,1.0641602595597024,32,7,0.1
0.0006073833469353281,-0.20298312157391268,-0.20084697638345492,-0.10183865900276282,0.8007109616234619,0.9122357483337862,-1.118033988749895,1.373539701388967,-0.331124340588225,0.9473309334313323,1.331869644268829,1.6500190191944584,1.058762483368768,-1.1181946142788823,1.0729025649050992,2.0598586469604974,0.08534380891888098,-0.14923977190618898,-0.9258462616563659,0.0,0.0,0.0,0.0,-0.20363031170486456,-0.439749982596437,-0.4715167351432435,-0.3779644730092272,-0.67137055090919,-0.7995900589021115,0.7995900589021115,-0.408248290463863,-0.7250102411641544,-0.6500836066631539,-0.44721359549995787,1.0641602595597024,32,8,0.1
0.0007880147326365986,-0.20292488955887472,-0.20112657658070485,0.3460381659308536,0.9957939846761981,0.9122357483337862,-1.118033988749895,1.373539701388967,-0.331124340588225,0.9473309334313323,1.331869644268829,1.6500190191944584,1.058762483368768,-1.1181946142788823,-0.26879670686760554,2.1565614447376364,-0.14310656206211766,-0.7245184838569924,-0.9080218625746881,0.0,0.0,0.0,0.0,-0.2038501993078086,-0.35919323282557203,-0.3924469809244675,-0.3779644730092272,-0.7508058875955863,-0.7995900589021115,0.7995900589021115,-0.408248290463863,-0.7250102411641544,-0.5056205829602308,-0.44721359549995787,1.0641602595597024,32,9,0.1
0.0006640317761460497,-0.20290355822986603,-0.20097219616519596,-0.10183865900276282,0.9974217739342729,0.9122357483337862,-1.118033988749895,1.373539701388967,-0.331124340588225,0.9473309334313323,1.331869644268829,1.6500190191944584,1.058762483368768,-1.1181946142788823,-0.533283381449422,1.2712131503430184,-0.12674877600198323,-0.8521161200162466,-0.9059461234869388,0.0,0.0,0.0,0.0,-0.2039307476934393,-0.6128707910487158,-0.4029614939354345,2.6457513110645903,0.7021628892755983,-0.7995900589021115,0.7995900589021115,-0.408248290463863,-0.7250102411641544,-0.3611575592573077,-0.44721359549995787,1.0641602595597024,32,10,0.1
0.000643373833294214,-0.2029447230406543,-0.2009647498460021,0.3460381659308536,1.294944365595092,0.9122357483337862,-1.118033988749895,1.373539701388967,-0.331124340588225,0.9473309334313323,1.331869644268829,1.6500190191944584,1.058762483368768,-1.1181946142788823,0.3705221907666915,1.7845048224749773,0.2471415339684482,-0.1401735595606431,-0.9359099540507358,0.0,0.0,0.0,0.0,-0.20377530688370638,-0.5442139581792954,-0.3187246218566526,2.6457513110645903,0.15744237481865594,-0.7995900589021115,0.7995900589021115,-0.408248290463863,-0.7250102411641544,-0.21669453555438475,-0.44721359549995787,1.0641602595597024,32,11,0.1
0.0012589504542153652,-0.2029585779665253,-0.20127784211704328,0.3460381659308536,1.2295054575091477,0.9122357483337862,-1.118033988749895,1.373539701388967,-0.331124340588225,0.9473309334313323,1.331869644268829,1.6500190191944584,1.058762483368768,-1.1181946142788823,-0.9779344555992869,1.726774373477448,0.18585460085358688,0.23734609895507044,-0.9377732831857191,0.0,0.0,0.0,0.0,-0.2037229898475064,-0.5649476562691722,-0.34416334078268906,2.6457513110645903,0.32194269063708314,-0.7995900589021115,0.7995900589021115,-0.408248290463863,-0.7250102411641544,-0.07223151185146165,-0.44721359549995787,1.0641602595597024,32,12,0.1
0.001408401078684291,-0.2028884163687788,-0.20146516315900595,0.79391499086447,1.5497014157548452,0.9122357483337862,-1.118033988749895,1.373539701388967,-0.331124340588225,0.9473309334313323,1.331869644268829,1.6500190191944584,1.058762483368768,-1.1181946142788823,0.2830006095911116,1.4277477764214017,-0.2739886529874041,-0.5793369364940754,-0.7681285850688788,0.0,0.0,0.0,0.0,-0.20398792427467916,-0.22481976746098428,-0.2605539128684145,-0.3779644730092272,-0.7508058875955863,-0.5535623484706925,0.5535623484706925,-0.408248290463863,-0.7250102411641544,0.07223151185146126,-0.44721359549995787,1.0641602595597024,32,13,0.1
0.0019190143283798083,-0.20292167529149832,-0.20185051106888954,0.3460381659308536,1.4937688732886594,0.9122357483337862,-1.118033988749895,1.373539701388967,-0.331124340588225,0.9473309334313323,1.331869644268829,1.6500190191944584,1.058762483368768,-1.1181946142788823,0.39549678886374096,1.9172398462911018,-0.07813004370313072,0.10221259047751285,-0.8604319863288007,0.0,0.0,0.0,0.0,-0.20386233657539513,-0.29428764309980454,-0.3287394822773803,-0.3779644730092272,-0.7508058875955863,-0.30753463803927367,0.30753463803927367,-0.408248290463863,-0.7250102411641544,0.21669453555438456,2.2360679774997894,1.0641602595597024,32,14,0.1
0.0018505321473576398,-0.2029142822061032,-0.20183999268508476,0.79391499086447,1.7713116334218877,0.9122357483337862,-1.118033988749895,1.373539701388967,-0.331124340588225,0.9473309334313323,1.331869644268829,1.6500190191944584,1.058762483368768,-1.1181946142788823,-0.2214645640404612,1.2672703659565523,-0.19899037635715094,0.1998993178648661,-0.7371143158955349,0.0,0.0,0.0,0.0,-0.20389025331200183,-0.21434441994121756,-0.2502719295945089,-0.3779644730092272,-0.7508058875955863,-0.06150692760785473,0.06150692760785473,-0.408248290463863,-0.7250102411641544,0.36115755925730747,2.2360679774997894,1.0641602595597024,32,15,0.1
0.0010969337324688603,-0.2028637844746663,-0.20147235706462752,1.689668640731703,2.5097601348414735,0.9122357483337862,-1.118033988749895,1.373539701388967,-0.331124340588225,0.9473309334313323,1.331869644268829,1.6500190191944584,1.058762483368768,-1.1181946142788823,-0.7092378014831001,1.6257648396204212,-0.0947405447528388,-0.3958400213328034,-0.7237590578646957,0.0,0.0,0.0,0.0,-0.204080935793323,-0.030722392179597838,-0.07003937744261528,-0.3779644730092272,-0.7508058875955863,0.18452078282356418,-0.18452078282356418,-0.408248290463863,-0.7250102411641544,0.5056205829602304,2.2360679774997894,1.0641602595597024,32,16,0.1
0.0009068989601455598,-0.20285285799858008,-0.20129680010568798,1.689668640731703,2.394176218304925,0.9122357483337862,-1.118033988749895,1.373539701388967,-0.331124340588225,0.9473309334313323,1.331869644268829,1.6500190191944584,1.058762483368768,-1.1181946142788823,-1.2965080064115517,2.4224706626656363,0.05683633782248326,-0.3705498360522696,-0.8392393721357188,0.0,0.0,0.0,0.0,-0.20412219482641097,-0.06180425644265655,-0.1005475021488859,-0.3779644730092272,-0.7508058875955863,0.4305484932549831,-0.4305484932549831,-0.408248290463863,-0.7250102411641544,0.6500836066631537,2.2360679774997894,1.0641602595597024,32,17,0.1
0.0009926230862133203,-0.2028273527996775,-0.20140754415591655,0.79391499086447,1.854587526649866,0.9122357483337862,-1.118033988749895,1.373539701388967,-0.331124340588225,0.9473309334313323,1.331869644268829,1.6500190191944584,1.058762483368768,-1.1181946142788823,-0.35986188428902743,1.7061120810108417,-0.027541693602737692,-0.6007256838546766,-0.8236451503514262,0.0,0.0,0.0,0.0,-0.20421850399664385,-0.2645031749464211,-0.2995048050700242,-0.3779644730092272,-0.7508058875955863,0.676576203686402,-0.676576203686402,-0.408248290463863,-0.7250102411641544,0.7945466303660766,-0.44721359549995787,1.0641602595597024,32,18,0.1
0.0005789163148447222,-0.20281760056610593,-0.2011336334262914,1.689668640731703,2.569960919118955,0.9122357483337862,-1.118033988749895,1.373539701388967,-0.331124340588225,0.9473309334313323,1.331869644268829,1.6500190191944584,1.058762483368768,-1.1181946142788823,-0.6119651821422504,1.724775858523119,-0.20051191269387345,-0.5607143774978733,-0.7552635983599686,0.0,0.0,0.0,0.0,-0.20425532901913376,-0.07364243357616138,-0.11216715858992969,-0.3779644730092272,-0.7508058875955863,0.922603914117821,-0.922603914117821,-0.408248290463863,-0.7250102411641544,0.9390096540689995,-0.44721359549995787,1.0641602595597024,32,19,0.1
0.000787537486431841,-0.20281185442000438,-0.20134370406438068,1.689668640731703,2.6646248793508573,0.9122357483337862,-1.118033988749895,1.373539701388967,-0.331124340588225,0.9473309334313323,1.331869644268829,1.6500190191944584,1.058762483368768,-1.1181946142788823,-1.964584476853263,2.1077374514526435,-0.13347437191339637,-0.43942082371178265,-0.7781968268420402,0.0,0.0,0.0,0.0,-0.20427702681357915,0.012008399236861447,-0.028097352913527485,-0.3779644730092272,-0.7508058875955863,1.1686316245492399,-1.1686316245492399,-0.408248290463863,-0.7250102411641544,1.0834726777719228,-0.44721359549995787,1.0641602595597024,32,20,0.1
0.0009821483557151294,-0.20277671980062112,-0.20163279597089764,0.79391499086447,2.308525414209334,0.9122357483337862,-1.118033988749895,1.373539701388967,-0.331124340588225,0.9473309334313323,1.331869644268829,1.6500190191944584,1.058762483368768,-1.1181946142788823,-1.3498483539422297,2.666089017148413,0.22279132530276322,-0.9028255183941079,-0.9036116020601229,0.0,0.0,0.0,0.0,-0.20440969725665933,-0.19551010121343898,-0.23178527320731032,-0.3779644730092272,-0.7508058875955863,1.4146593349806589,-1.4146593349806589,-0.408248290463863,-0.7250102411641544,1.2279357014748458,-0.44721359549995787,1.0641602595597024,32,21,0.1
0.0008499738860247698,-0.20275608474410955,-0.20147173336999433,0.3460381659308536,1.6996045257702832,0.9122357483337862,-1.118033988749895,1.373539701388967,-0.331124340588225,0.9473309334313323,1.331869644268829,1.6500190191944584,1.058762483368768,-1.1181946142788823,0.0278855405646349,2.6525776587234273,0.2506158622177121,-1.104847708352201,-0.9462023425539544,0.0,0.0,0.0,0.0,-0.20448761647532243,-0.3425690400127464,-0.3761296537788898,-0.3779644730092272,-0.7508058875955863,1.6606870454120777,-1.6606870454120777,-0.408248290463863,-0.7250102411641544,1.3723987251777687,-0.44721359549995787,1.0641602595597024,32,22,0.1
0.001135391438412151,-0.20277469775577475,-0.20173404769077727,0.3460381659308536,1.8081243526264261,0.9122357483337862,-1.118033988749895,1.373539701388967,-0.331124340588225,0.9473309334313323,1.331869644268829,1.6500190191944584,1.058762483368768,-1.1181946142788823,-0.8461425531095074,1.7951499913837532,-0.13655561716314263,-0.44434446642383646,-0.8563042843977653,0.0,0.0,0.0,0.0,-0.20441733262002468,-0.3227764894196391,-0.3567024535106175,-0.3779644730092272,-0.7508058875955863,1.9067147558434967,-1.9067147558434967,-0.408248290463863,-0.7250102411641544,1.516861748880692,-0.44721359549995787,1.0641602595597024,32,23,0.1
0.0010833797540779322,-0.2027416514469867,-0.20167709967309363,0.79391499086447,2.0595670274150604,0.9122357483337862,-1.118033988749895,1.373539701388967,-0.331124340588225,0.9473309334313323,1.331869644268829,1.6500190191944584,1.058762483368768,-1.1181946142788823,-1.243300861649634,2.135709205149933,-0.12388442061708523,-0.9393077773104798,-0.8622799095002667,0.0,0.0,0.0,0.0,-0.2045421174762729,-0.2285557642383946,-0.2642209469505024,-0.3779644730092272,-0.7508058875955863,2.1527424662749155,-2.1527424662749155,-0.408248290463863,-0.7250102411641544,1.6613247725836149,-0.44721359549995787,1.0641602595597024,32,24,0.0
0.002004775973618343,-0.20175252990527406,-0.20289249523628836,-0.9975923088699957,0.23963064582539226,0.9122357483337862,1.118033988749895,0.45811076018627983,-0.331124340588225,0.9473309334313323,1.331869644268829,-0.9411021325816429,1.058762483368768,0.871812750115739,1.2987592384255848,1.6849497848370893,2.4119963984560537,3.4852298018727734,-0.9442140863699827,0.0,0.0,0.0,0.0,-0.20152549698038946,-0.5934468170953432,-0.6223764826206382,-0.3779644730092272,-0.7508058875955863,-0.7995900589021115,0.7995900589021115,-0.408248290463863,-0.6781470133579576,-1.661324772583615,-0.44721359549995787,1.0641602595597024,33,1,0.1
-0.00974593722768665,-0.20156602381805702,-0.19875833918678082,-0.5497154839363793,0.3396290839344089,0.9122357483337862,1.118033988749895,0.45811076018627983,-0.331124340588225,0.9473309334313323,1.331869644268829,-0.9411021325816429,1.058762483368768,0.871812750115739,-0.018704221103345114,1.5796839613203846,2.4119963984560537,1.7045480024699695,-0.928848963276361,0.0,0.0,0.0,0.0,-0.20222975522091052,-0.5816543409316474,-0.6108016835560481,-0.3779644730092272,-0.7508058875955863,-0.7995900589021115,0.7995900589021115,-0.408248290463863,-0.6781470133579576,-1.5168617488806921,-0.44721359549995787,1.0641602595597024,33,2,0.1
-0.005575516896335573,-0.2015119026788386,-0.1983230256309667,-0.9975923088699957,0.23577416721970837,0.9122357483337862,1.118033988749895,0.45811076018627983,-0.331124340588225,0.9473309334313323,1.331869644268829,-0.9411021325816429,1.058762483368768,0.871812750115739,1.2949700182337898,1.084570604609817,2.4119963984560537,1.1376615854155328,-0.8733895294006366,0.0,0.0,0.0,0.0,-0.20243411990867868,-0.5948495235784036,-0.6237532965707061,-0.3779644730092272,-0.7508058875955863,-0.7995900589021115,0.7995900589021115,-0.408248290463863,-0.6781470133579576,-1.3723987251777692,-0.44721359549995787,1.0641602595597024,33,3,0.1
-0.0054783413078805104,-0.20137466611010676,-0.19688456247873828,-0.9975923088699957,0.18603729741649622,0.9122357483337862,1.118033988749895,0.45811076018627983,-0.331124340588225,0.9473309334313323,1.331869644268829,-0.9411021325816429,1.058762483368768,0.871812750115739,1.4562783668384727,1.3355106830553056,-0.6883003676322983,-0.14089629614596996,-0.9199595201520165,0.0,0.0,0.0,0.0,-0.2029523334741037,-0.627854120588164,-0.6561486623355166,-0.3779644730092272,-0.48124209807943846,-0.7995900589021115,0.7995900589021115,-0.408248290463863,-0.6781470133579576,-1.2279357014748462,-0.44721359549995787,1.0641602595597024,33,4,0.1
-0.0041655170911026485,-0.20135853753812033,-0.19652394570614662,-0.9975923088699957,0.17385509508662145,0.9122357483337862,1.118033988749895,0.45811076018627983,-0.331124340588225,0.9473309334313323,1.331869644268829,-0.9411021325816429,1.058762483368768,0.871812750115739,1.2593881252680068,1.9716483708603791,-0.4453801865556448,-0.3442545458111115,-0.9828026124884947,0.0,0.0,0.0,0.0,-0.20301323593524467,-0.6279483251406897,-0.6562411279679521,-0.3779644730092272,-0.48036647342889255,-0.7995900589021115,0.7995900589021115,-0.408248290463863,-0.6781470133579576,-1.0834726777719228,-0.44721359549995787,1.0641602595597024,33,5,0.1
-0.002779969408047068,-0.20137286814971955,-0.19663641810130156,-0.5497154839363793,0.26550680955840333,0.9122357483337862,1.118033988749895,0.45811076018627983,-0.331124340588225,0.9473309334313323,1.331869644268829,-0.9411021325816429,1.058762483368768,0.871812750115739,1.3842602665529655,1.7906808690660745,-0.1563984925001069,-0.28322909883585223,-0.9464508117539518,0.0,0.0,0.0,0.0,-0.20295912268102836,-0.5714373330612342,-0.6007732712446936,-0.3779644730092272,-0.7508058875955863,-0.7995900589021115,0.7995900589021115,-0.408248290463863,-0.6781470133579576,-0.9390096540689999,-0.44721359549995787,1.0641602595597024,33,6,0.1
0.00038734848238276874,-0.2014729687736784,-0.19938758309329382,-0.5497154839363793,0.3160595119642207,0.9122357483337862,1.118033988749895,0.45811076018627983,-0.331124340588225,0.9473309334313323,1.331869644268829,-0.9411021325816429,1.058762483368768,0.871812750115739,-0.044455453455715256,2.02566477228075,1.218055268145106,0.49860611871148786,-0.9681168327087628,0.0,0.0,0.0,0.0,-0.20258113668413016,-0.5723224879862898,-0.6016420871113809,-0.3779644730092272,-0.7508058875955863,-0.7995900589021115,0.7995900589021115,-0.408248290463863,-0.6781470133579576,-0.7945466303660769,-0.44721359549995787,1.0641602595597024,33,7,0.1
0.002291753584688561,-0.20148193910813747,-0.20016706590911065,-0.9975923088699957,0.2806820499716221,0.9122357483337862,1.118033988749895,0.45811076018627983,-0.331124340588225,0.9473309334313323,1.331869644268829,-0.9411021325816429,1.058762483368768,0.871812750115739,0.39667804151297903,1.9459106152552188,0.11780259036099505,0.5037990993160311,-0.9841561597549437,0.0,0.0,0.0,0.0,-0.2025472641598748,-0.6379499288181069,-0.6660581122283199,-0.3779644730092272,-0.38740227488289436,-0.7995900589021115,0.7995900589021115,-0.408248290463863,-0.6781470133579576,-0.6500836066631539,-0.44721359549995787,1.0641602595597024,33,8,0.1
0.0034205540616530513,-0.2014379026123377,-0.20068011244782716,-0.9975923088699957,0.40297251576727405,0.9122357483337862,1.118033988749895,0.45811076018627983,-0.331124340588225,0.9473309334313323,1.331869644268829,-0.9411021325816429,1.058762483368768,0.871812750115739,-0.16327831930942532,1.5247665464601625,-0.18617697215716933,0.07277783085532065,-0.9246989640142902,0.0,0.0,0.0,0.0,-0.2027135486255104,-0.5862864458489012,-0.6153482845344223,-0.3779644730092272,-0.7508058875955863,-0.7995900589021115,0.7995900589021115,-0.408248290463863,-0.6781470133579576,-0.5056205829602308,-0.44721359549995787,1.0641602595597024,33,9,0.1
0.003614649828415913,-0.20149658503622908,-0.20052346275002675,-0.9975923088699957,0.3694756423127291,0.9122357483337862,1.118033988749895,0.45811076018627983,-0.331124340588225,0.9473309334313323,1.331869644268829,-0.9411021325816429,1.058762483368768,0.871812750115739,1.0730908041611151,1.645903030440902,0.09515860190008367,0.4870327099162113,-1.0198992601401822,0.0,0.0,0.0,0.0,-0.20249196025155472,-0.8035304898215972,-0.6368868875908071,2.6457513110645903,1.1516573244534234,-0.7995900589021115,0.7995900589021115,-0.408248290463863,-0.6781470133579576,-0.3611575592573077,-0.44721359549995787,1.0641602595597024,33,10,0.1
0.003330999895035161,-0.20151485350001722,-0.20082667657151138,-0.9975923088699957,0.36233497758828587,0.9122357483337862,1.118033988749895,0.45811076018627983,-0.331124340588225,0.9473309334313323,1.331869644268829,-0.9411021325816429,1.058762483368768,0.871812750115739,0.19378654425341732,1.474260364982196,0.4634283689254161,0.5669587063064468,-1.0126171515422495,0.0,0.0,0.0,0.0,-0.20242297742983328,-0.8215977809380611,-0.6590541217462519,2.6457513110645903,1.3195915170801251,-0.7995900589021115,0.7995900589021115,-0.408248290463863,-0.6781470133579576,-0.21669453555438475,-0.44721359549995787,1.0641602595597024,33,11,0.1
0.0022379388803149755,-0.20146738881413745,-0.20182749486030932,-0.9975923088699957,0.38763756236386365,0.9122357483337862,1.118033988749895,0.45811076018627983,-0.331124340588225,0.9473309334313323,1.331869644268829,-0.9411021325816429,1.058762483368768,0.871812750115739,1.1916210518243653,1.5091284332476396,0.31631413061779473,0.12233896425775258,-1.0130133149117524,0.0,0.0,0.0,0.0,-0.2026022069480938,-0.8150309180438527,-0.6509970651291719,2.6457513110645903,1.2585529910985405,-0.7995900589021115,0.7995900589021115,-0.408248290463863,-0.6781470133579576,-0.07223151185146165,-0.44721359549995787,1.0641602595597024,33,12,0.1
0.0017187024126736762,-0.20142880998745957,-0.2015398647475664,-1.445469133803612,0.30123713561924986,0.9122357483337862,1.118033988749895,0.45811076018627983,3.020013564160076,0.9473309334313323,1.331869644268829,-0.9411021325816429,0.08339544786097026,0.871812750115739,0.06303285797628719,2.045789512214548,0.1177795405225304,-0.24261708223484213,-1.0056849770912517,0.0,0.0,0.0,0.0,-0.20274788292576806,-0.6771872474305021,-0.7045711499031339,-0.3779644730092272,-0.022694174507806093,-0.5535623484706925,0.5535623484706925,-0.408248290463863,-0.6781470133579576,0.07223151185146126,-0.44721359549995787,-0.037373465677697615,33,13,0.1
0.001456970389181446,-0.20142719758939667,-0.2013877908782903,-1.445469133803612,0.16085380364994292,0.9122357483337862,1.118033988749895,0.45811076018627983,3.020013564160076,0.9473309334313323,1.331869644268829,-0.9411021325816429,-0.14760512817642968,0.871812750115739,0.25771575244025774,1.489545443211456,0.053882827860577305,-0.3120398435761376,-0.9893592221014044,0.0,0.0,0.0,0.0,-0.20275397143815774,-0.7595169526379186,-0.7853811326068935,-0.3779644730092272,0.7425546103862892,-0.30753463803927367,0.30753463803927367,-0.408248290463863,-0.6781470133579576,0.21669453555438456,2.2360679774997894,-0.037373465677697615,33,14,0.1
0.0010792218210003803,-0.20145406225903434,-0.20145061963802624,-1.445469133803612,0.2185064071912248,0.9122357483337862,1.118033988749895,0.45811076018627983,3.020013564160076,0.9473309334313323,1.331869644268829,-0.9411021325816429,-0.12008636712059162,0.871812750115739,0.3336268710604628,1.275184612282701,0.0908249327637416,-0.1607998403886927,-0.9641017686546892,0.0,0.0,0.0,0.0,-0.2026525288243884,-0.7497091351672226,-0.7757543574572457,-0.3779644730092272,0.6513916409209615,-0.06150692760785473,0.06150692760785473,-0.408248290463863,-0.6781470133579576,0.36115755925730747,2.2360679774997894,-0.037373465677697615,33,15,0.1
0.001592746395421526,-0.20147739408100476,-0.20155828266779977,-0.9975923088699957,0.16249781366010455,0.9122357483337862,1.118033988749895,0.45811076018627983,-0.331124340588225,0.9473309334313323,1.331869644268829,-0.9411021325816429,-1.1271543790448286,0.871812750115739,-0.2666971577774097,1.2656488128091496,0.24722421315244916,-0.039678525604755106,-0.9863045189865415,0.0,0.0,0.0,0.0,-0.2025644264566093,-0.8046474202731799,-0.8296785377759031,-0.3779644730092272,1.1620391139755835,0.18452078282356418,-0.18452078282356418,-0.408248290463863,-0.6781470133579576,0.5056205829602304,2.2360679774997894,-1.1389071909150976,33,16,0.1
0.002842067957599359,-0.20152589129781548,-0.20140981613944683,-0.9975923088699957,0.2786727437354387,0.9122357483337862,1.118033988749895,0.45811076018627983,-0.331124340588225,0.9473309334313323,1.331869644268829,-0.9411021325816429,-0.40149202206094187,0.871812750115739,1.6633690501577219,0.9283216085440097,0.01670913699252703,0.26849732264666387,-0.9290154492144128,0.0,0.0,0.0,0.0,-0.20238129803924276,-0.7625488526227621,-0.7883570668060684,-0.3779644730092272,0.7707359062317763,0.4305484932549831,-0.4305484932549831,-0.408248290463863,-0.6781470133579576,0.6500836066631537,2.2360679774997894,-0.5881403282963976,33,17,0.1
0.004016693114850062,-0.20158845796264585,-0.20034077205583659,-1.445469133803612,0.4260862719906929,0.9122357483337862,1.118033988749895,0.45811076018627983,3.020013564160076,0.9473309334313323,1.331869644268829,-0.9411021325816429,-0.06267546765389216,0.871812750115739,2.671308158876904,1.4593306863296145,0.16966865421096247,0.675152534938387,-0.9744541447800854,0.0,0.0,0.0,0.0,-0.20214504253709698,-0.7292476172356794,-0.7556705383062489,-0.3779644730092272,0.4612032794449435,0.676576203686402,-0.676576203686402,-0.408248290463863,-0.6781470133579576,0.7945466303660766,-0.44721359549995787,-0.037373465677697615,33,18,0.1
0.003865766544427811,-0.20154362285365027,-0.20044591389733374,-0.9975923088699957,0.3771108395208342,0.9122357483337862,1.118033988749895,0.45811076018627983,-0.331124340588225,0.9473309334313323,1.331869644268829,-0.9411021325816429,-0.49393133719606497,0.871812750115739,-0.07675595863945692,0.8339039652831219,-0.022296364699924336,0.28090696327260295,-0.9188614506042212,0.0,0.0,0.0,0.0,-0.20231434261435427,-0.7678201825528957,-0.793531093354648,-0.3779644730092272,0.8197325449741103,0.922603914117821,-0.922603914117821,-0.408248290463863,-0.6781470133579576,0.9390096540689995,-0.44721359549995787,-0.5881403282963976,33,19,0.1
0.0024379210689194804,-0.2014499354970743,-0.20065617488320645,-0.9975923088699957,0.19636588036659922,0.9122357483337862,1.118033988749895,0.45811076018627983,-0.331124340588225,0.9473309334313323,1.331869644268829,-0.9411021325816429,-1.1271543790448286,0.871812750115739,-0.11467583833009103,1.002602860964985,0.16962996103263184,-0.4620944432232648,-0.9545535534877516,0.0,0.0,0.0,0.0,-0.2026681117265896,-0.7975872184416697,-0.822748660079244,-0.3779644730092272,1.0964150374765993,1.1686316245492399,-1.1686316245492399,-0.408248290463863,-0.6781470133579576,1.0834726777719228,-0.44721359549995787,-1.1389071909150976,33,20,0.1
0.0015280028224869046,-0.20147896352917807,-0.20081548873320232,-0.9975923088699957,0.2922496037585707,0.9122357483337862,1.118033988749895,0.45811076018627983,-0.331124340588225,0.9473309334313323,1.331869644268829,-0.9411021325816429,-1.1271543790448286,0.871812750115739,0.5996097947746793,0.8539455513437488,0.0861944109760556,-0.3028638707072903,-0.9450237640723483,0.0,0.0,0.0,0.0,-0.20255850012559454,-0.8163151216086498,-0.8411308652285103,-0.3779644730092272,1.2704895723730851,1.4146593349806589,-1.4146593349806589,-0.408248290463863,-0.6781470133579576,1.2279357014748458,-0.44721359549995787,-1.1389071909150976,33,21,0.1
0.0016169251914282495,-0.20156723394072057,-0.20075796049687833,-0.9975923088699957,0.19488544207562455,0.9122357483337862,1.118033988749895,0.45811076018627983,-0.331124340588225,0.9473309334313323,1.331869644268829,-0.9411021325816429,-1.1271543790448286,0.871812750115739,0.3625639286870854,0.8432342037965187,0.11768454552491667,0.2772162940947895,-0.9461346052079374,0.0,0.0,0.0,0.0,-0.20222518572470502,-0.8214524913855347,-0.8461734043918291,-0.3779644730092272,1.3182410609689494,1.6606870454120777,-1.6606870454120777,-0.408248290463863,-0.6781470133579576,1.3723987251777687,-0.44721359549995787,-1.1389071909150976,33,22,0.1
0.002620630913264639,-0.2016369091989515,-0.20007546614844043,-0.9975923088699957,0.2955173436802764,0.9122357483337862,1.118033988749895,0.45811076018627983,-0.331124340588225,0.9473309334313323,1.331869644268829,-0.9411021325816429,-1.1271543790448286,0.871812750115739,-0.09039100206409696,1.2086416844108492,0.1754839901472022,0.7140305476012739,-0.977921997167613,0.0,0.0,0.0,0.0,-0.2019620877448923,-0.7986107833820743,-0.8237533310533703,-0.3779644730092272,1.1059290011781753,1.9067147558434967,-1.9067147558434967,-0.408248290463863,-0.6781470133579576,1.516861748880692,-0.44721359549995787,-1.1389071909150976,33,23,0.1
0.00292615479625931,-0.20151615274632237,-0.20019700258773226,-0.9975923088699957,0.3309109368281272,0.9122357483337862,1.118033988749895,0.45811076018627983,-0.331124340588225,0.9473309334313323,1.331869644268829,-0.9411021325816429,-0.68098016071997,0.871812750115739,0.6426617750803982,0.5531986320723704,-0.09488057689615974,-0.19403103042297443,-0.8816085966381456,0.0,0.0,0.0,0.0,-0.20241807139737858,-0.778486597166597,-0.8040006168185395,-0.3779644730092272,0.9188761141360244,2.1527424662749155,-2.1527424662749155,-0.408248290463863,-0.6781470133579576,1.6613247725836149,-0.44721359549995787,-0.5881403282963976,33,24,0.0
0.002004775973618343,-0.20158409075073094,-0.20289249523628836,-0.5497154839363793,1.117347480526763,0.9122357483337862,-1.118033988749895,0.45811076018627983,-0.331124340588225,0.9473309334313454,0.2350358195768589,-0.9179745321747499,1.058762483368768,1.5351485382472794,0.1377337885057686,-0.409697448134244,2.4119963984560537,2.75348980724494,-0.4910593895456758,0.0,0.0,0.0,0.0,-0.2018239532364146,-0.6222882635734224,-0.6506855453723294,-0.3779644730092272,-0.7508058875955863,-0.7995900589021115,0.7995900589021115,-0.408248290463863,1.2498004344354205,-1.661324772583615,-0.44721359549995787,1.0641602595597024,34,1,0.1
-0.006845046024202923,-0.20144362730437623,-0.19977893569972383,-0.9975923088699957,0.9050275558975109,0.9122357483337862,-1.118033988749895,0.45811076018627983,-0.331124340588225,0.9473309334313454,0.2350358195768589,-0.9179745321747499,0.867780023394165,1.5351485382472794,0.2159827161750696,-0.7184665777149415,2.4119963984560537,1.3836070444611388,-0.38985909912008887,0.0,0.0,0.0,0.0,-0.2023543516864779,-0.7089530298475321,-0.7357505683308382,-0.3779644730092272,-0.5686564433847386,-0.7995900589021115,0.7995900589021115,-0.408248290463863,1.2498004344354205,-1.5168617488806921,-0.44721359549995787,0.5133933969410024,34,2,0.1
-0.005792193360465738,-0.20133658539207921,-0.19839936856702833,-0.5497154839363793,1.1031142230118696,0.9122357483337862,-1.118033988749895,0.45811076018627983,-0.331124340588225,0.9473309334313454,0.2350358195768589,-0.9179745321747499,1.058762483368768,1.5351485382472794,0.9621918698768498,-0.6889575373579304,2.4119963984560537,0.3461071066056327,-0.3245588523571301,0.0,0.0,0.0,0.0,-0.20275854840703098,-0.6262564666779318,-0.6545804994892247,-0.3779644730092272,-0.7508058875955863,-0.7995900589021115,0.7995900589021115,-0.408248290463863,1.2498004344354205,-1.3723987251777692,-0.44721359549995787,1.0641602595597024,34,3,0.1
-0.0031095572540381453,-0.20134919085327047,-0.19850515749675693,-0.5497154839363793,1.1214832907542567,0.9122357483337862,-1.118033988749895,0.45811076018627983,-0.331124340588225,0.9473309334313454,0.2350358195768589,-0.9179745321747499,1.058762483368768,1.5351485382472794,-0.15769518509383415,-0.6433863239651152,-0.8917297529566025,0.37428810700580384,-0.364348294146654,0.0,0.0,0.0,0.0,-0.20271094942486378,-0.6336742481607404,-0.6618613562810209,-0.3779644730092272,-0.7508058875955863,-0.7995900589021115,0.7995900589021115,-0.408248290463863,1.2498004344354205,-1.2279357014748462,-0.44721359549995787,1.0641602595597024,34,4,0.1
-0.002663796690040444,-0.20126081349848984,-0.1979703076743243,-0.5497154839363793,1.1828519465135345,0.9122357483337862,-1.118033988749895,0.45811076018627983,-0.331124340588225,0.9473309334313454,0.2350358195768589,-0.9179745321747499,1.058762483368768,1.5351485382472794,1.1846395782737087,-0.6635340266499159,-0.8316185984215833,-0.4613450820592613,-0.3276477668603513,0.0,0.0,0.0,0.0,-0.20304466764987417,-0.6112527620453629,-0.6398537479625958,-0.3779644730092272,-0.7508058875955863,-0.7995900589021115,0.7995900589021115,-0.408248290463863,1.2498004344354205,-1.0834726777719228,-0.44721359549995787,1.0641602595597024,34,5,0.1
-0.0009562844657467468,-0.2013622744573893,-0.19836703235591902,-0.5497154839363793,1.0159994921821456,0.9122357483337862,-1.118033988749895,0.45811076018627983,-0.331124340588225,0.9473309334313454,0.2350358195768589,-0.9179745321747499,1.058762483368768,1.5351485382472794,0.21993033717579308,-0.772535464350524,-0.6756004651280416,0.3261186868048039,-0.27533617342891914,0.0,0.0,0.0,0.0,-0.2026615449461473,-0.6409406239706565,-0.6689936021944369,-0.3779644730092272,-0.7508058875955863,-0.7995900589021115,0.7995900589021115,-0.408248290463863,1.2498004344354205,-0.9390096540689999,-0.44721359549995787,1.0641602595597024,34,6,0.1
0.0010004687811602576,-0.20133430752733664,-0.20051412707151953,-0.9975923088699957,1.0160431582307312,0.9122357483337862,-1.118033988749895,0.45811076018627983,-0.331124340588225,0.9473309334313454,0.2350358195768589,-0.9179745321747499,1.058762483368768,1.5351485382472794,-0.29382421011243903,-0.6420207987978003,1.1362824911785758,0.0159568923748664,-0.3922668200156587,0.0,0.0,0.0,0.0,-0.2027671497617625,-0.6606727232221182,-0.6883614669912597,-0.3779644730092272,-0.7508058875955863,-0.7995900589021115,0.7995900589021115,-0.408248290463863,1.2498004344354205,-0.7945466303660769,-0.44721359549995787,1.0641602595597024,34,7,0.1
0.0019396720312318426,-0.20131798993525302,-0.20145097692382022,-0.9975923088699957,1.0855955056614408,0.9122357483337862,-1.118033988749895,0.45811076018627983,-0.331124340588225,0.9473309334313454,0.2350358195768589,-0.9179745321747499,1.058762483368768,1.5351485382472794,1.4540255736468908,-0.4755936108102226,-0.3850991698796351,-0.1904030565695849,-0.5161806916687361,0.0,0.0,0.0,0.0,-0.20282876597419733,-0.6893314417780811,-0.7164911747921644,-0.3779644730092272,-0.7508058875955863,-0.7995900589021115,0.7995900589021115,-0.408248290463863,1.2498004344354205,-0.6500836066631539,-0.44721359549995787,1.0641602595597024,34,8,0.1
0.0020693824150206145,-0.20132765636384567,-0.20146321231460892,-0.9975923088699957,0.9438094039503991,0.9122357483337862,-1.118033988749895,0.45811076018627983,-0.331124340588225,0.9473309334313454,0.2350358195768589,-0.9179745321747499,0.592755746929982,1.5351485382472794,1.7479340183653487,-0.687417684158869,-0.5330736501833206,-0.18088307194510708,-0.4262338107710644,0.0,0.0,0.0,0.0,-0.20279226495648592,-0.7235713365686672,-0.7500990359989427,-0.3779644730092272,-0.41873881138116975,-0.7995900589021115,0.7995900589021115,-0.408248290463863,1.2498004344354205,-0.5056205829602308,-0.44721359549995787,0.5133933969410024,34,9,0.1
0.0029425583521325888,-0.20138903855776571,-0.2011323589950418,-0.9975923088699957,1.1525835521604926,0.9122357483337862,-1.118033988749895,0.45811076018627983,-0.331124340588225,0.9473309334313454,0.2350358195768589,-0.9179745321747499,1.058762483368768,1.5351485382472794,-0.3478115007569847,-0.6710363199366645,-0.45942204786218294,0.24198063379732762,-0.5729870028231824,0.0,0.0,0.0,0.0,-0.20256048208797756,-0.8568947967096174,-0.7023609577601756,2.6457513110645903,0.9485561712829644,-0.7995900589021115,0.7995900589021115,-0.408248290463863,1.2498004344354205,-0.3611575592573077,-0.44721359549995787,1.0641602595597024,34,10,0.1
0.0025160518737373664,-0.2013843069755707,-0.20166746995266496,-0.9975923088699957,1.2337186274564917,0.9122357483337862,-1.118033988749895,0.45811076018627983,-0.331124340588225,0.9473309334313454,0.2350358195768589,-0.9179745321747499,1.058762483368768,1.5351485382472794,0.08499522906409868,-0.5214029704144694,0.18954306549777755,0.13208880964179778,-0.6440406301611897,0.0,0.0,0.0,0.0,-0.20257834882788542,-0.8545121393260752,-0.6994376128163919,2.6457513110645903,0.9241208957322041,-0.7995900589021115,0.7995900589021115,-0.408248290463863,1.2498004344354205,-0.21669453555438475,-0.44721359549995787,1.0641602595597024,34,11,0.1
0.003163223121844746,-0.2014109481256265,-0.20132532545105955,-0.9975923088699957,1.220702515185285,0.9122357483337862,-1.118033988749895,0.45811076018627983,-0.331124340588225,0.9473309334313454,0.2350358195768589,-0.9179745321747499,1.058762483368768,1.5351485382472794,1.0911786846024611,-0.37051910391536125,-0.01922088806195544,0.2695624350449047,-0.7078683160966055,0.0,0.0,0.0,0.0,-0.202477750237546,-0.8581824617410312,-0.7039408278182339,2.6457513110645903,0.9617617836706329,-0.7995900589021115,0.7995900589021115,-0.408248290463863,1.2498004344354205,-0.07223151185146165,-0.44721359549995787,1.0641602595597024,34,12,0.1
0.0029871006738961575,-0.20137810067676457,-0.20140182306434626,-0.9975923088699957,1.1098812800910272,0.9122357483337862,-1.118033988749895,0.45811076018627983,-0.331124340588225,0.9473309334313454,0.2350358195768589,-0.9179745321747499,0.524532507480973,1.5351485382472794,1.4658467166150388,-0.6531366026640495,-0.4510767454571807,-0.05445769060768671,-0.4518927643190142,0.0,0.0,0.0,0.0,-0.2026017841867124,-0.7271975918672788,-0.7536583543181562,-0.3779644730092272,-0.3815498525106966,-0.5535623484706925,0.5535623484706925,-0.408248290463863,1.2498004344354205,0.07223151185146126,-0.44721359549995787,0.5133933969410024,34,13,0.1
0.001800569758724223,-0.20130620288509204,-0.20126576227911006,-1.445469133803612,1.0950313399842055,0.9122357483337862,-1.118033988749895,0.45811076018627983,3.020013564160076,0.9473309334313454,0.2350358195768589,-0.9179745321747499,0.012399708467727944,1.5351485382472794,1.691470123715178,-0.6187508594864761,-0.41270597479297144,-0.6675903520049921,-0.5074171074443629,0.0,0.0,0.0,0.0,-0.202873274586925,-0.7623945719302432,-0.7882056339779954,-0.3779644730092272,-0.020588216845502317,-0.30753463803927367,0.30753463803927367,-0.408248290463863,1.2498004344354205,0.21669453555438456,2.2360679774997894,-0.037373465677697615,34,14,0.1
0.0011943932411930152,-0.20135243433381697,-0.2014123801281563,-1.445469133803612,1.141805166586998,0.9122357483337862,-1.118033988749895,0.45811076018627983,3.020013564160076,0.9473309334313454,0.2350358195768589,-0.9179745321747499,0.01686894251647999,1.5351485382472794,1.6574063249689477,-0.7603466427974059,-0.3242736101462515,-0.378228741571155,-0.4162745771769782,0.0,0.0,0.0,0.0,-0.2026987018465841,-0.760909870402865,-0.7867483385286139,-0.3779644730092272,-0.035814531456538734,-0.06150692760785473,0.06150692760785473,-0.408248290463863,1.2498004344354205,0.36115755925730747,2.2360679774997894,-0.037373465677697615,34,15,0.1
0.0009496220258775417,-0.20131656375962106,-0.2012406025208901,-0.9975923088699957,1.0304580298260362,0.9122357483337862,-1.118033988749895,0.45811076018627983,-0.331124340588225,0.9473309334313454,0.2350358195768589,-0.9179745321747499,-0.49067800258181327,1.5351485382472794,1.561166075555004,-0.36950015801052605,0.1291156309962741,-0.7053713541890421,-0.6789065459217001,0.0,0.0,0.0,0.0,-0.20283415129944984,-0.823115483161701,-0.8478056990335983,-0.3779644730092272,0.602133374551794,0.18452078282356418,-0.18452078282356418,-0.408248290463863,1.2498004344354205,0.5056205829602304,2.2360679774997894,-0.5881403282963976,34,16,0.1
0.0020230676478082627,-0.20144065625090454,-0.20075632607292718,-0.9975923088699957,0.9954086698082165,0.9122357483337862,-1.118033988749895,0.45811076018627983,-0.331124340588225,0.9473309334313454,0.2350358195768589,-0.9179745321747499,-0.5802661948145896,1.5351485382472794,0.6187386378675107,-0.3906678890331775,-0.14698867390409173,0.14890938439880055,-0.6747608939031312,0.0,0.0,0.0,0.0,-0.20236557056368285,-0.8278773452397977,-0.8524796619877861,-0.3779644730092272,0.6509685166988468,0.4305484932549831,-0.4305484932549831,-0.408248290463863,1.2498004344354205,0.6500836066631537,2.2360679774997894,-0.5881403282963976,34,17,0.1
0.0026122009096026353,-0.20137208966614847,-0.20092553608339134,-1.445469133803612,1.1786600806914684,0.9122357483337862,-1.118033988749895,0.45811076018627983,3.020013564160076,0.9473309334313454,0.2350358195768589,-0.9179745321747499,-0.09714509699080466,1.5351485382472794,0.7808696728404023,-0.8521117344206254,-0.4789710276344752,-0.41385966906485977,-0.39129064149290027,0.0,0.0,0.0,0.0,-0.20262448212554868,-0.7987858949637864,-0.8239252102536386,-0.3779644730092272,0.35262196944631174,0.676576203686402,-0.676576203686402,-0.408248290463863,1.2498004344354205,0.7945466303660766,-0.44721359549995787,-0.037373465677697615,34,18,0.1
0.003058559902812524,-0.20138667002327176,-0.20089626564236898,-0.9975923088699957,1.133892188476462,0.9122357483337862,-1.118033988749895,0.45811076018627983,-0.331124340588225,0.9473309334313454,0.2350358195768589,-0.9179745321747499,-0.6221246971498355,1.5351485382472794,1.2914564633781302,-0.6520880986274948,-0.31776704542139095,-0.367637665060474,-0.5561590318571186,0.0,0.0,0.0,0.0,-0.202569425817162,-0.8301022412885787,-0.8546634887216081,-0.3779644730092272,0.6737858753334881,0.922603914117821,-0.922603914117821,-0.408248290463863,1.2498004344354205,0.9390096540689995,-0.44721359549995787,-0.5881403282963976,34,19,0.1
0.0031826340857366697,-0.20145494777532028,-0.2007606777631914,-0.9975923088699957,1.0613379779103016,0.9122357483337862,-1.118033988749895,0.45811076018627983,-0.331124340588225,0.9473309334313454,0.2350358195768589,-0.9179745321747499,-0.42893103433590485,1.5351485382472794,0.9610496064777923,-0.7640216282059338,-0.2501491962031347,0.05807169309912833,-0.47821866551947095,0.0,0.0,0.0,0.0,-0.20231160490503036,-0.8198334597253576,-0.8445842584070823,-0.3779644730092272,0.5684746758294963,1.1686316245492399,-1.1686316245492399,-0.408248290463863,1.2498004344354205,1.0834726777719228,-0.44721359549995787,-0.5881403282963976,34,20,0.1
0.0038469850032640317,-0.20150974821277215,-0.20011503930947477,-0.9975923088699957,1.0199379709440735,0.9122357483337862,-1.118033988749895,0.45811076018627983,-0.331124340588225,0.9473309334313454,0.2350358195768589,-0.9179745321747499,-1.1271543790448286,1.5351485382472794,0.4223814262179877,-0.7600709358661567,-0.14282866380212364,0.37976073015192674,-0.5419421229361615,0.0,0.0,0.0,0.0,-0.20210467514613872,-0.8758249691807489,-0.8995422216264135,-0.3779644730092272,1.1426940207910785,1.4146593349806589,-1.4146593349806589,-0.408248290463863,1.2498004344354205,1.2279357014748458,-0.44721359549995787,-1.1389071909150976,34,21,0.1
0.00359060909900345,-0.2015205968115455,-0.20041704868222482,-0.9975923088699957,1.1529559023586091,0.9122357483337862,-1.118033988749895,0.45811076018627983,-0.331124340588225,0.9473309334313454,0.2350358195768589,-0.9179745321747499,-0.46478896859417806,1.5351485382472794,1.5816358168086435,-0.8153391629882686,-0.35340177949747703,0.38974673507361524,-0.4452672071353847,0.0,0.0,0.0,0.0,-0.20206371018248398,-0.8217394088586953,-0.8464550256606664,-0.3779644730092272,0.5880210833745053,1.6606870454120777,-1.6606870454120777,-0.408248290463863,1.2498004344354205,1.3723987251777687,-0.44721359549995787,-0.5881403282963976,34,22,0.1
0.003585641832254743,-0.2014564128651615,-0.20041752817374153,-0.9975923088699957,1.0444402129716281,0.9122357483337862,-1.118033988749895,0.45811076018627983,-0.331124340588225,0.9473309334313454,0.2350358195768589,-0.9179745321747499,-1.1271543790448286,1.5351485382472794,0.2850255507063434,-0.7185040045633164,-0.2541754343254989,-0.11466058202434792,-0.5442107506231965,0.0,0.0,0.0,0.0,-0.20230607263737518,-0.854934455649929,-0.8790373256979613,-0.3779644730092272,0.9284519488723793,1.9067147558434967,-1.9067147558434967,-0.408248290463863,1.2498004344354205,1.516861748880692,-0.44721359549995787,-1.1389071909150976,34,23,0.1
0.0032637100930220852,-0.20152349294153107,-0.200736750566565,-0.9975923088699957,0.9514812928770049,0.9122357483337862,-1.118033988749895,0.45811076018627983,-0.331124340588225,0.9473309334313454,0.2350358195768589,-0.9179745321747499,-1.1271543790448286,1.5351485382472794,1.3568090688382806,-0.8740508940453584,-0.3327213930570739,0.28163175951739233,-0.4566404204638589,0.0,0.0,0.0,0.0,-0.20205277422088397,-0.8678283592120736,-0.8916932209330505,-0.3779644730092272,1.0606850129470533,2.1527424662749155,-2.1527424662749155,-0.408248290463863,1.2498004344354205,1.6613247725836149,-0.44721359549995787,-1.1389071909150976,34,24,0.0
0.002004775973618343,-0.2016211915198778,-0.20289249523628836,1.2417918157980865,-0.8636729292746329,0.9122357483337862,1.118033988749895,-1.4004873931646307,-0.331124340588225,0.9473309334313454,0.2350358195768589,-0.3579411286977252,-1.1271543790448286,-1.1181946142788823,-1.215363174227919,-1.6833329766422653,2.4119963984560537,3.2062238168140875,0.20776518673855154,0.0,0.0,0.0,0.0,-0.2005585913050958,-1.1964343811362972,-1.2142335103844406,-0.3779644730092272,0.22628209114767733,-0.7995900589021115,0.7995900589021115,-0.408248290463863,-0.7250102411641544,-1.661324772583615,-0.44721359549995787,-1.1389071909150976,35,1,0.1
-0.023991794404061025,-0.20120857668202563,-0.19374633730934684,0.79391499086447,-0.6189837559382784,0.9122357483337862,1.118033988749895,-1.4004873931646307,-0.331124340588225,0.9473309334313454,0.2350358195768589,-0.3579411286977252,-1.1271543790448286,-1.1181946142788823,-0.5394905678157239,-0.8157867842448057,2.4119963984560537,0.292604024139253,-0.8063662191325915,0.0,0.0,0.0,0.0,-0.2021166498331291,-1.1383268151968708,-1.1571985509285234,-0.3779644730092272,-0.7508058875955863,-0.7995900589021115,0.7995900589021115,-0.408248290463863,-0.7250102411641544,-1.5168617488806921,-0.44721359549995787,-1.1389071909150976,35,2,0.1
-0.011382395472481774,-0.20119623195826777,-0.1941375696763579,0.3460381659308536,-0.3336957579493141,0.9122357483337862,1.118033988749895,-1.4004873931646307,-0.331124340588225,0.9473309334313454,0.2350358195768589,-0.3579411286977252,-1.1271543790448286,-1.1181946142788823,-0.32381919466791853,-0.9561077583303731,2.4119963984560537,0.17153529985237392,-0.6170944244288904,0.0,0.0,0.0,0.0,-0.20216326425501296,-1.0427458451007212,-1.063381908189195,-0.3779644730092272,-0.7508058875955863,-0.7995900589021115,0.7995900589021115,-0.408248290463863,-0.7250102411641544,-1.3723987251777692,-0.44721359549995787,-1.1389071909150976,35,3,0.1
-0.006455739095007115,-0.20117769173574734,-0.19468059649553524,0.3460381659308536,-0.393380210692397,0.9122357483337862,1.118033988749895,-1.4004873931646307,-0.331124340588225,0.9473309334313454,0.2350358195768589,-0.3579411286977252,-1.1271543790448286,-1.1181946142788823,-1.1109631274907006,-0.6821409291928714,-0.7777733747812234,0.0095764152045908,-0.7831269529487905,0.0,0.0,0.0,0.0,-0.2022332732541076,-1.0669835157230827,-1.087172176098426,-0.3779644730092272,-0.7508058875955863,-0.7995900589021115,0.7995900589021115,-0.408248290463863,-0.7250102411641544,-1.2279357014748462,-0.44721359549995787,-1.1389071909150976,35,4,0.1
-0.004981405580009261,-0.20108221428936432,-0.1945864719794499,0.79391499086447,-0.7536281648500082,0.9122357483337862,1.118033988749895,-1.4004873931646307,-0.331124340588225,0.9473309334313454,0.2350358195768589,-0.3579411286977252,-1.1271543790448286,-1.1181946142788823,-0.5512264645674828,-0.6886723278386218,-0.5739019083323726,-0.6736001796919754,-0.8849595086563402,0.0,0.0,0.0,0.0,-0.20259380185348194,-1.167944232264185,-1.1862692606427143,-0.3779644730092272,-0.3743837172105617,-0.7995900589021115,0.7995900589021115,-0.408248290463863,-0.7250102411641544,-1.0834726777719228,-0.44721359549995787,-1.1389071909150976,35,5,0.1
-0.003166794148729097,-0.20112613867078727,-0.19500711818238747,0.79391499086447,-0.726916626745305,0.9122357483337862,1.118033988749895,-1.4004873931646307,-0.331124340588225,0.9473309334313454,0.2350358195768589,-0.3579411286977252,-1.1271543790448286,-1.1181946142788823,-1.3206558619553828,-0.718668345136381,-0.2889926982031411,-0.40619504586278277,-0.8581814009105667,0.0,0.0,0.0,0.0,-0.20242794073849896,-1.151882400983099,-1.1705039144077765,-0.3779644730092272,-0.7130198160766856,-0.7995900589021115,0.7995900589021115,-0.408248290463863,-0.7250102411641544,-0.9390096540689999,-0.44721359549995787,-1.1389071909150976,35,6,0.1
0.0003842334370106042,-0.20108968057582968,-0.2006703274294634,0.79391499086447,-0.5545728317422542,0.9122357483337862,1.118033988749895,-1.4004873931646307,-0.331124340588225,0.9473309334313454,0.2350358195768589,-0.3579411286977252,-1.1271543790448286,-1.1181946142788823,-0.6847711440536733,-0.8646568644812885,0.6895929988726527,-0.6820308006960545,-0.7532297401343057,0.0,0.0,0.0,0.0,-0.20256560870521637,-1.1114716555886477,-1.1308391102141444,-0.3779644730092272,-0.7508058875955863,-0.7995900589021115,0.7995900589021115,-0.408248290463863,-0.7250102411641544,-0.7945466303660769,-0.44721359549995787,-1.1389071909150976,35,7,0.1
0.0004734088871531728,-0.2010701138937006,-0.20075624692530822,0.79391499086447,-0.7370576002164402,0.9122357483337862,1.118033988749895,-1.4004873931646307,-0.331124340588225,0.9473309334313454,0.2350358195768589,-0.3579411286977252,-1.1271543790448286,-1.1181946142788823,-0.22067279490714983,-0.9276138390945249,-0.06758463043396533,-0.8417395856026861,-0.8144039619608363,0.0,0.0,0.0,0.0,-0.20263949367773762,-1.185526034413144,-1.2035265206314247,-0.3779644730092272,-0.00370164574772966,-0.7995900589021115,0.7995900589021115,-0.408248290463863,-0.7250102411641544,-0.6500836066631539,-0.44721359549995787,-1.1389071909150976,35,8,0.1
0.0006854750325585375,-0.20104566494919474,-0.20099639854024773,0.79391499086447,-0.6266064183608223,0.9122357483337862,1.118033988749895,-1.4004873931646307,-0.331124340588225,0.9473309334313454,0.2350358195768589,-0.3579411286977252,-1.1271543790448286,-1.1181946142788823,-0.0752035835921078,-0.669616861153548,-0.09438162937024609,-1.0319250929619623,-0.8759947607075667,0.0,0.0,0.0,0.0,-0.2027318143676261,-1.1532728253390923,-1.1718686729463332,-0.3779644730092272,-0.6837051089650239,-0.7995900589021115,0.7995900589021115,-0.408248290463863,-0.7250102411641544,-0.5056205829602308,-0.44721359549995787,-1.1389071909150976,35,9,0.1
0.0010813915811485643,-0.2010318208372812,-0.20153467870116984,0.79391499086447,-0.49725409491156564,0.9122357483337862,1.118033988749895,-1.4004873931646307,-0.331124340588225,0.9473309334313454,0.2350358195768589,-0.3579411286977252,-1.1271543790448286,-1.1181946142788823,-1.456536752414718,-0.8626409437007344,-0.14328985341049116,-1.1498730600662792,-0.8767355588219237,0.0,0.0,0.0,0.0,-0.20278409056967026,-1.2147025004676237,-1.1413646302364573,2.6457513110645903,0.6114339804758904,-0.7995900589021115,0.7995900589021115,-0.408248290463863,-0.7250102411641544,-0.3611575592573077,-0.44721359549995787,-1.1389071909150976,35,10,0.1
0.0023555046196637648,-0.2012047114007543,-0.2003279105901431,0.79391499086447,-0.683552384401995,0.9122357483337862,1.118033988749895,-1.4004873931646307,-0.331124340588225,0.9473309334313454,0.2350358195768589,-0.3579411286977252,-1.1271543790448286,-1.1181946142788823,-0.6153914966360405,-0.7106452037024984,0.46266681910982277,-0.041885684653417694,-0.9765330100012332,0.0,0.0,0.0,0.0,-0.20213124536846996,-1.2618331535631073,-1.199190466790039,2.6457513110645903,1.60510277340247,-0.7995900589021115,0.7995900589021115,-0.408248290463863,-0.7250102411641544,-0.21669453555438475,-0.44721359549995787,-1.1389071909150976,35,11,0.1
0.0029889862919162485,-0.20112103987444102,-0.20034708062542078,0.79391499086447,-0.5202890787196817,0.9122357483337862,1.118033988749895,-1.4004873931646307,-0.331124340588225,0.9473309334313454,0.2350358195768589,-0.3579411286977252,-1.1271543790448286,-1.1181946142788823,-0.15209069257317448,-0.625890819379477,0.17611419925225275,-0.6194873421550872,-0.9630517724505021,0.0,0.0,0.0,0.0,-0.20244719410120246,-1.2275930299691271,-1.157180359556671,2.6457513110645903,0.8832086334600815,-0.7995900589021115,0.7995900589021115,-0.408248290463863,-0.7250102411641544,-0.07223151185146165,-0.44721359549995787,-1.1389071909150976,35,12,0.1
0.0033982042559978607,-0.20114512525849598,-0.20021532442297343,0.79391499086447,-0.5663284237461101,0.9122357483337862,1.118033988749895,-1.4004873931646307,-0.331124340588225,0.9473309334313454,0.2350358195768589,-0.3579411286977252,-1.1271543790448286,-1.1181946142788823,-0.9988949167398607,-0.9186211504008812,-0.286977121468008,-0.49198134122081927,-0.7878900112624907,0.0,0.0,0.0,0.0,-0.20235624623751652,-1.1610235855243496,-1.179476361992877,-0.3779644730092272,-0.5202936556599955,-0.5535623484706925,0.5535623484706925,-0.408248290463863,-0.7250102411641544,0.07223151185146126,-0.44721359549995787,-1.1389071909150976,35,13,0.1
0.004338507423167861,-0.20125370178695096,-0.19937074951095862,0.79391499086447,-0.4164102644685696,0.9122357483337862,1.118033988749895,-1.4004873931646307,-0.331124340588225,0.9473309334313454,0.2350358195768589,-0.3579411286977252,-1.1271543790448286,-1.1181946142788823,-0.7050448117336688,-0.7416043340920839,-0.176786001771337,0.1783667750394592,-0.8364492137559513,0.0,0.0,0.0,0.0,-0.2019462547137406,-1.13920934969685,-1.1580647947405123,-0.3779644730092272,-0.7508058875955863,-0.30753463803927367,0.30753463803927367,-0.408248290463863,-0.7250102411641544,0.21669453555438456,2.2360679774997894,-1.1389071909150976,35,14,0.1
0.004470149505913478,-0.20127152057926617,-0.19924497489606718,1.2417918157980865,-0.7278759459835428,0.9122357483337862,1.118033988749895,-1.4004873931646307,-0.331124340588225,0.9473309334313454,0.2350358195768589,-0.3579411286977252,-1.1271543790448286,-1.1181946142788823,-1.5398505774053528,-0.8066554535276129,0.19162995545670258,0.25961104249823763,-0.9042179567220637,0.0,0.0,0.0,0.0,-0.20187896987863746,-1.2213490436424104,-1.2386882735967792,-0.3779644730092272,0.7515649164984486,-0.06150692760785473,0.06150692760785473,-0.408248290463863,-0.7250102411641544,0.36115755925730747,2.2360679774997894,-1.1389071909150976,35,15,0.1
0.0030683049113599333,-0.20121086921027706,-0.20050666875019538,1.2417918157980865,-0.6748815269832015,0.9122357483337862,1.118033988749895,-1.4004873931646307,-0.331124340588225,0.9473309334313454,0.2350358195768589,-0.3579411286977252,-1.1271543790448286,-1.1181946142788823,-1.4332133712800028,-0.8496395643977603,0.1534182626275969,-0.15978121904206505,-0.8933209177700904,0.0,0.0,0.0,0.0,-0.2021079931081033,-1.2247398875652449,-1.2420165259944416,-0.3779644730092272,0.8230550310313257,0.18452078282356418,-0.18452078282356418,-0.408248290463863,-0.7250102411641544,0.5056205829602304,2.2360679774997894,-1.1389071909150976,35,16,0.1
0.0026907452524033157,-0.20115424317192596,-0.20038848671307016,1.2417918157980865,-0.5601808375481145,0.9122357483337862,1.118033988749895,-1.4004873931646307,-0.331124340588225,0.9473309334313454,0.2350358195768589,-0.3579411286977252,-1.1271543790448286,-1.1181946142788823,-0.3085481332845821,-1.6918815903869089,-0.7581712878381,-0.54886488223334,0.24728067598996475,0.0,0.0,0.0,0.0,-0.20232181644616098,-1.1959325671689605,-1.2137409593918331,-0.3779644730092272,0.21570220637105422,0.4305484932549831,-0.4305484932549831,-0.408248290463863,-0.7250102411641544,0.6500836066631537,2.2360679774997894,-1.1389071909150976,35,17,0.1
0.001774020624162828,-0.20119129302841537,-0.20081479012938994,1.2417918157980865,-0.7988640582086572,0.9122357483337862,1.118033988749895,-1.4004873931646307,-0.331124340588225,0.9473309334313454,0.2350358195768589,-0.3579411286977252,-1.1271543790448286,-1.1181946142788823,-1.6015325528736417,-1.705691005541462,-0.649428371133552,-0.3437936003130403,0.05072680937270669,0.0,0.0,0.0,0.0,-0.202181913952188,-1.2583301450996496,-1.2749867415871186,-0.3779644730092272,1.5312478623651948,0.676576203686402,-0.676576203686402,-0.408248290463863,-0.7250102411641544,0.7945466303660766,-0.44721359549995787,-1.1389071909150976,35,18,0.1
0.00028110263771519747,-0.2011216577885788,-0.20057314274731758,0.79391499086447,-0.24643674403010815,0.9122357483337862,1.118033988749895,-1.4004873931646307,-0.331124340588225,0.9473309334313454,0.2350358195768589,-0.3579411286977252,-1.1271543790448286,-1.1181946142788823,-1.0016510144296804,-1.688264096811266,-0.5999089463379191,-0.808837648963818,0.44491427072723305,0.0,0.0,0.0,0.0,-0.20244486082012864,-1.1422184359450636,-1.161018336321399,-0.3779644730092272,-0.7508058875955863,0.922603914117821,-0.922603914117821,-0.408248290463863,-0.7250102411641544,0.9390096540689995,-0.44721359549995787,-1.1389071909150976,35,19,0.1
0.00021264693110147162,-0.2011185260718764,-0.2005134121190351,0.79391499086447,-0.2738126113104328,0.9122357483337862,1.118033988749895,-1.4004873931646307,-0.331124340588225,0.9473309334313454,0.2350358195768589,-0.3579411286977252,-1.1271543790448286,-1.1181946142788823,0.16843684907608908,-1.6451558462430864,-0.22866769325168815,-0.8547058239115048,0.28623890901541504,0.0,0.0,0.0,0.0,-0.20245668637138825,-1.1326427447948402,-1.1516194026767734,-0.3779644730092272,-0.7508058875955863,1.1686316245492399,-1.1686316245492399,-0.408248290463863,-0.7250102411641544,1.0834726777719228,-0.44721359549995787,-1.1389071909150976,35,20,0.1
0.0002556835729186597,-0.20105189664061224,-0.20057443977749262,0.79391499086447,-0.15040659925306102,0.9122357483337862,1.118033988749895,-1.4004873931646307,-0.331124340588225,0.9473309334313454,0.2350358195768589,-0.3579411286977252,-1.1271543790448286,-1.1181946142788823,0.15385017930660413,-1.6759382810147185,-0.5328170886052249,-1.293047818384422,0.41978889938032743,0.0,0.0,0.0,0.0,-0.2027082831247662,-1.1332145658834465,-1.1521806685304954,-0.3779644730092272,-0.7508058875955863,1.4146593349806589,-1.4146593349806589,-0.408248290463863,-0.7250102411641544,1.2279357014748458,-0.44721359549995787,-1.1389071909150976,35,21,0.1
0.001416219777019851,-0.20117311683248076,-0.20088136974516294,0.79391499086447,-0.17875611335842845,0.9122357483337862,1.118033988749895,-1.4004873931646307,-0.331124340588225,0.9473309334313454,0.2350358195768589,-0.3579411286977252,-1.1271543790448286,-1.1181946142788823,-0.8280884632410802,-0.6275294982534501,0.755998876683819,-0.570380426310395,-0.8606156279957968,0.0,0.0,0.0,0.0,-0.20225054836492642,-1.1244702608599426,-1.1435977744714736,-0.3779644730092272,-0.7508058875955863,1.6606870454120777,-1.6606870454120777,-0.408248290463863,-0.7250102411641544,1.3723987251777687,-0.44721359549995787,-1.1389071909150976,35,22,0.1
0.0011692795300595367,-0.20108091710499887,-0.20074918532001987,0.79391499086447,-0.19830872900609883,0.9122357483337862,1.118033988749895,-1.4004873931646307,-0.331124340588225,0.9473309334313454,0.2350358195768589,-0.3579411286977252,-1.1271543790448286,-1.1181946142788823,-0.8254233642853528,-0.8392626835947389,-0.15988829149826572,-1.161926380448782,-0.7915688378168371,0.0,0.0,0.0,0.0,-0.20259870009992767,-1.1341791928492073,-1.1531274894649601,-0.3779644730092272,-0.7508058875955863,1.9067147558434967,-1.9067147558434967,-0.408248290463863,-0.7250102411641544,1.516861748880692,-0.44721359549995787,-1.1389071909150976,35,23,0.1
0.0021029141183912595,-0.20113088259870185,-0.20119448267875875,0.3460381659308536,0.015183787031472171,0.9122357483337862,1.118033988749895,-1.4004873931646307,-0.331124340588225,0.9473309334313454,0.2350358195768589,-0.3579411286977252,-1.1271543790448286,-1.1181946142788823,-0.163188118622204,-0.5877203871266877,-0.10938111259782823,-0.8816575717554784,-0.8308773968529256,0.0,0.0,0.0,0.0,-0.202410027380409,-1.0805860657259105,-1.1005236368826745,-0.3779644730092272,-0.7508058875955863,2.1527424662749155,-2.1527424662749155,-0.408248290463863,-0.7250102411641544,1.6613247725836149,-0.44721359549995787,-1.1389071909150976,35,24,0.0
