trailing_6_period_slope,variance_from_target,volatility_measure,time_to_green_estimate,allocation_percentage_of_parent,optimal_band_distance,sibling_rank_pct,scenario_encoded,allocation_fitness_score,l3_share_of_l2,l3_share_of_l1,alloc_drift_std,weighted_goal_status_score,status_band_unique,delivered_output_quality_score,delivered_output_quantity,allocation_efficiency_ratio,needle_move_ratio,output_cost_per_unit,n_dependencies,n_dependents,dependency_risk_encoded,dep_avg_attain,observed_value,allocated_amount,allocated_time_hours,budget_shock_exposure,shock_alloc_impact,recovery_period_estimate,recovery_window_remaining,market_shock_vulnerable,market_shock_forward_risk,period_id_scaled,market_shock_period,status_band_encoded,goal_id,period_id
0.0,51.23004872518269,0.0,5,0.1627116295274297,0.3910998454984194,0.0,0.0,0.0,0.3999999999999995,0.13999999999999974,0.03235296770766432,0.05,1,0.7410581923413007,229.6171477704953,1.0,0.5532278707137307,116.30910912858714,0.0,0.0,0.0,-1.0,33.76995127481731,26706.56589783346,53.41313179566692,0.0,0.05770985592691753,0.0,12.0,0.0,0.07953177793374237,0.041666666666666664,0.0,0,1,1
-10.940085446662508,62.1701341718452,5.470042723331254,6,0.1579238020404225,0.3910998454984194,0.0,0.0,0.0,0.3999999999999995,0.13999999999999974,0.03235296770766432,0.05,1,0.6780191739142164,242.54971267531644,1.0,0.36772938246692294,103.88674336601407,0.0,0.0,0.0,-1.0,22.8298658281548,25197.69975420105,50.3953995084021,0.0,0.11094731450955476,0.0,12.0,0.0,0.07953177793374237,0.08333333333333333,0.0,0,1,2
-7.651056556400762,66.5321618379842,6.436591753900431,5,0.1807969116775846,0.3910998454984194,0.0,0.0,0.0,0.3999999999999995,0.13999999999999974,0.03235296770766432,0.05,1,0.7085343880966031,261.43961638133334,1.0,0.29255981246757684,113.52465072575484,0.0,0.0,0.0,-1.0,18.467838162015788,29679.8411355662,59.3596822711324,0.0,0.0,0.0,12.0,0.0,0.07953177793374237,0.125,0.0,0,1,3
-5.609790375303798,68.475340754149,6.679254693487023,4,0.1970284947109354,0.3910998454984194,0.0,0.0,0.0,0.3999999999999995,0.13999999999999974,0.03235296770766432,0.05,1,0.7384807650158071,254.7438736960053,0.0079814953155136,0.2575271570781974,125.2898060412688,0.0,0.0,0.0,-1.0,16.524659245851,31916.810525573983,63.833621051147965,0.0,0.0,0.0,12.0,0.0,0.07953177793374237,0.16666666666666666,0.0,0,1,4
-3.820383244327692,67.17936165566925,6.309898460465069,5,0.1590833929407872,0.3910998454984194,0.0,0.0,0.0,0.3999999999999995,0.13999999999999974,0.03235296770766432,0.05,1,0.7663981290503942,954.1105873803166,0.0550386689163831,0.27328774457759625,27.14523628700107,0.0,0.0,0.0,-1.0,17.820638344330753,25899.557338368075,51.79911467673616,0.0,0.0861836108333295,0.0,12.0,0.0,0.07953177793374237,0.20833333333333334,0.0,0,1,5
-2.6616097420253118,66.4671446458325,5.8938484587203295,5,0.1842713023271912,0.3910998454984194,0.0,0.0,0.0,0.3999999999999995,0.13999999999999974,0.03235296770766432,0.05,1,0.7187104133520914,924.2304857099998,0.0852592363561631,0.27974121289309434,33.10078654030891,0.0,0.0,0.0,-1.0,18.5328553541675,30592.75602153273,61.18551204306546,0.0,0.0,0.0,12.0,0.0,0.07953177793374237,0.25,0.0,0,1,6
-0.7902830445210731,68.00032161847969,2.055852816546764,5,0.1623477633508193,0.3910998454984194,0.0,0.0,0.0,0.3999999999999995,0.13999999999999974,0.03235296770766432,0.05,1,0.6648754656165956,832.8983585389786,0.6385682110101882,0.2526267994777011,31.683499058873032,0.0,0.0,0.0,-1.0,16.999678381520305,26389.134358906624,52.77826871781324,0.0,0.0689098211973672,0.0,12.0,0.0,0.07953177793374237,0.2916666666666667,0.0,0,1,7
-0.1035414983643791,67.6844072099038,0.7381338179619781,4,0.2032239041944851,0.3910998454984194,0.0,0.0,0.0,0.3999999999999995,0.13999999999999974,0.03235296770766432,0.05,1,0.7986425411429668,1008.2615219827546,0.1239489550142449,0.2533989188794566,31.075317480179372,0.0,0.0,0.0,-1.0,17.3155927900962,31332.04689866296,62.664093797325904,0.0,0.0,0.0,12.0,0.0,0.07953177793374237,0.3333333333333333,0.0,0,1,8
0.033864166363617,67.62862886253352,0.6311622410563574,5,0.1762098482549807,0.3910998454984194,0.0,0.0,0.0,0.3999999999999995,0.13999999999999974,0.03235296770766432,0.05,1,0.7307901107342514,1040.7546695649155,0.1348776390505057,0.2503981425220394,26.2361421624944,0.0,0.0,0.0,-1.0,17.371371137466483,27305.38746698501,54.61077493397002,0.0,0.03658158114877933,0.0,12.0,0.0,0.07953177793374237,0.375,0.0,0,1,9
0.21169791350707,65.06376861281433,0.994085438108004,6,0.1639392523782804,0.3910998454984194,0.0,0.0,0.0,0.3999999999999995,0.13999999999999974,0.03235296770766432,0.05,1,0.7165694103524938,823.9897819389428,0.1368050508273818,0.2831180788712757,24.436306952845747,0.0,0.0,0.0,-1.0,19.936231387185668,20135.26723746844,50.33816809367109,1.0,0.2895655720497057,0.0,12.0,0.0,0.07953177793374237,0.4166666666666667,0.0,0,1,10
0.7577430299319536,62.93603090918212,1.800248146472694,4,0.2177254284417591,0.3910998454984194,0.0,0.0,0.0,0.3999999999999995,0.13999999999999974,0.03235296770766432,0.05,1,0.7357438585117276,820.7672540759536,0.2375865327353785,0.30876691439045434,31.915996840879156,0.0,0.0,0.0,-1.0,22.06396909081788,26195.60508818519,65.48901272046298,1.0,0.07573813169928953,0.0,12.0,0.0,0.07953177793374237,0.4583333333333333,0.0,0,1,11
1.186118882421082,63.05948727190898,2.158727098178132,5,0.1863574987742391,0.3910998454984194,0.0,0.0,0.0,0.3999999999999995,0.13999999999999974,0.03235296770766432,0.05,1,0.6795292708150704,994.804257602953,0.2616893055610806,0.30262776176677275,22.51064035042188,0.0,0.0,0.0,-1.0,21.940512728091026,22393.680861968514,55.98420215492128,1.0,0.2098817629164833,0.0,12.0,0.0,0.07953177793374237,0.5,0.0,0,1,12
1.388338656475367,61.1330691096774,2.451575431190112,5,0.1852112412668461,0.3910998454984194,0.0,0.0,0.0,0.3999999999999995,0.13999999999999974,0.03235296770766432,0.05,1,0.7605036306151237,944.7838791601586,0.1641424264850407,0.32453617074659624,28.733468756950565,0.0,0.0,0.0,-1.0,23.8669308903226,27146.91807391897,54.29383614783795,0.0,0.042172870863623806,1.0,11.0,0.0,0.07953177793374237,0.5416666666666666,0.0,0,1,13
0.9901583906662572,63.03124855720651,2.051558602569272,6,0.1651815568449202,0.3910998454984194,0.0,0.0,0.0,0.3999999999999995,0.13999999999999974,0.03235296770766432,0.05,1,0.6953030691270714,850.0761310702655,0.1648267037102032,0.29455309197041546,27.435081659927047,0.0,0.0,0.0,-1.0,21.968751442793486,23321.90807306758,46.643816146135165,0.0,0.17713103952414885,2.0,10.0,0.0,0.07953177793374237,0.5833333333333334,1.0,0,1,14
0.3910094833350058,62.65485527310098,1.145268670470208,6,0.1685601854492956,0.3910998454984194,0.0,0.0,0.0,0.3999999999999995,0.13999999999999974,0.03235296770766432,0.05,1,0.6427582469176626,234.7230196915328,0.0507124779889571,0.2954729881242845,100.15439493620546,0.0,0.0,0.0,-1.0,22.34514472689902,23508.54201480451,47.017084029609016,0.0,0.1705460175291464,3.0,9.0,0.0,0.07953177793374237,0.625,1.0,0,1,15
-0.1861037783448826,64.10190066737529,0.8786086797501589,6,0.1545862355743843,0.3910998454984194,0.0,0.0,0.0,0.3999999999999995,0.13999999999999974,0.03235296770766432,0.05,1,0.6309592487795442,217.2236552330668,0.0832458881842685,0.27258390433858315,94.91588533518608,0.0,0.0,0.0,-1.0,20.89809933262471,20617.975552191765,41.23595110438353,0.0,0.27253413157300943,4.0,8.0,0.0,0.07953177793374237,0.6666666666666666,1.0,0,1,16
0.0959381127886084,60.6819002045911,1.179004884946949,6,0.1865394389163645,0.3910998454984194,0.0,0.0,0.0,0.3999999999999995,0.13999999999999974,0.03235296770766432,0.05,1,0.7374943310050153,219.7644083271424,0.0882805653037314,0.3129406944181305,113.73581839928876,0.0,0.0,0.0,-1.0,24.318099795408894,24995.08483612301,49.99016967224601,0.0,0.11809619471667274,5.0,7.0,0.0,0.07953177793374237,0.7083333333333334,1.0,0,1,17
0.1819785762702569,60.9794190085,1.2506203125875497,5,0.2250302766238187,0.3910998454984194,0.0,0.0,0.0,0.3999999999999995,0.13999999999999974,0.03235296770766432,0.05,1,0.7676716518925416,256.69616664648095,0.1170059723953939,0.30502325068571434,115.37005088491188,0.0,0.0,0.0,-1.0,24.020580991500005,29615.049807966327,59.23009961593265,0.0,0.0,6.0,6.0,0.0,0.07953177793374237,0.75,0.0,0,1,18
0.2036892543677187,63.29468562794992,1.2322437345853414,5,0.2265145793448963,0.3910998454984194,0.0,0.0,0.0,0.3999999999999995,0.13999999999999974,0.03235296770766432,0.05,1,0.7222340174008102,222.96103933207124,0.0799207894511181,0.27202482763926994,130.09687431088457,0.0,0.0,0.0,-1.0,21.705314372050083,29006.534310208663,58.01306862041732,0.0,0.0,7.0,5.0,0.0,0.07953177793374237,0.7916666666666666,0.0,0,1,19
-0.202468353398006,64.49695900976047,1.4481704660950918,5,0.2309713354070777,0.3910998454984194,0.0,0.0,0.0,0.3999999999999995,0.13999999999999974,0.03235296770766432,0.05,1,0.7603764688554442,764.8776185624354,0.2625300913048652,0.2536458679204889,40.06650739056513,0.0,0.0,0.0,-1.0,20.50304099023952,30645.974757009677,61.29194951401934,0.0,0.0,8.0,4.0,0.0,0.07953177793374237,0.8333333333333334,0.0,0,1,20
-0.3068887536682096,63.49803333606116,1.4774291846019618,5,0.2335590673473974,0.3910998454984194,0.0,0.0,0.0,0.3999999999999995,0.13999999999999974,0.03235296770766432,0.05,1,0.7755864527848357,817.1925891948368,0.1834260412253521,0.2626194401702454,35.597174532746024,0.0,0.0,0.0,-1.0,21.50196666393884,29089.747224435232,58.179494448870464,0.0,0.0,9.0,3.0,0.0,0.07953177793374237,0.875,0.0,0,1,21
-0.8803789782308198,65.09292977930804,1.6538909057864646,4,0.2490833615030868,0.3910998454984194,0.0,0.0,0.0,0.3999999999999995,0.13999999999999974,0.03235296770766432,0.05,1,0.7870988379446058,997.980973133548,0.1775425080158777,0.24008526899326985,32.131780525291774,0.0,0.0,0.0,-1.0,19.90707022069196,32066.905597144265,64.13381119428853,0.0,0.0,10.0,2.0,0.0,0.07953177793374237,0.9166666666666666,0.0,0,1,22
-0.6614259917539461,64.73023959470262,1.3687882376796237,4,0.2506639940049562,0.3910998454984194,0.0,0.0,0.0,0.3999999999999995,0.13999999999999974,0.03235296770766432,0.05,1,0.7660067765975856,1016.4874473122444,0.1533303910417227,0.24142642666359163,31.380329579478644,0.0,0.0,0.0,-1.0,20.269760405297383,31897.71111006116,63.79542222012232,0.0,0.0,11.0,1.0,0.0,0.07953177793374237,0.9583333333333334,0.0,0,1,23
-0.0397403350116672,63.11392033341694,0.7638410719664769,4,0.2489993936871574,0.3910998454984194,0.0,0.0,0.0,0.3999999999999995,0.13999999999999974,0.03235296770766432,0.05,1,0.7940783257810635,1081.6452007735058,0.1969041001085484,0.2574832901950948,29.624488859689865,0.0,0.0,0.0,-1.0,21.886079666583058,32043.186200451728,64.08637240090344,0.0,0.0,12.0,0.0,0.0,0.07953177793374237,1.0,0.0,0,1,24
0.0,56.6210287880762,0.0,8,0.4535458639814403,1.0,1.0,0.33,0.0,0.24999999999999944,0.08749999999999974,0.03268392709367579,0.95,1,0.6529552959555482,690.0062520778234,1.0,0.4649114737789565,107.88663254939536,0.0,0.0,0.0,-1.0,28.378971211923798,74442.4509747056,148.8849019494112,0.0,0.0,0.0,12.0,0.0,0.0,0.041666666666666664,0.0,4,2,1
-7.981352515847831,64.60238130392403,3.990676257923914,9,0.4784609927934114,1.0,1.0,0.33,0.0,0.24999999999999944,0.08749999999999974,0.03268392709367579,0.95,1,0.5980308018552063,617.199356950127,1.0,0.3285522474535726,123.6899396912096,0.0,0.0,0.0,-1.0,20.397618696075966,76341.35123861456,152.68270247722913,0.0,0.0,0.0,12.0,0.0,0.0,0.08333333333333333,0.0,4,2,2
-4.075910671714079,64.77285013150437,3.803262325054024,7,0.4266367602890251,1.0,1.0,0.33,0.0,0.24999999999999944,0.08749999999999974,0.03268392709367579,0.95,1,0.649223377973175,800.810763148901,1.0,0.32043009692666347,87.45787795175892,0.0,0.0,0.0,-1.0,20.22714986849563,70037.20998593149,140.074419971863,0.0,0.02914686295185362,0.0,12.0,0.0,0.0,0.125,0.0,4,2,3
-3.428311696331332,67.99191149998718,4.193234756058682,8,0.453648222772623,1.0,1.0,0.33,0.0,0.24999999999999944,0.08749999999999974,0.03268392709367579,0.95,1,0.6153368941551599,782.3896982305604,0.0106466619226367,0.2650611194807192,93.92615331137884,0.0,0.0,0.0,-1.0,17.008088500012818,73486.85474524705,146.9737094904941,0.0,0.0,0.0,12.0,0.0,0.0,0.16666666666666666,0.0,4,2,4
-2.009515993477688,64.97384365743305,3.7967781917422783,7,0.4234579986248397,1.0,1.0,0.33,0.0,0.24999999999999944,0.08749999999999974,0.03268392709367579,0.95,1,0.6617828465519784,621.9638241708657,0.0134608593300439,0.30711038480613867,110.84413325136968,0.0,0.0,0.0,-1.0,20.026156342566956,68941.04100392689,137.8820820078538,0.0,0.04434191562639351,0.0,12.0,0.0,0.0,0.20833333333333334,0.0,4,2,5
-1.60299011614131,66.97526991526342,3.66332781958646,6,0.3894389799599686,1.0,1.0,0.33,0.0,0.24999999999999944,0.08749999999999974,0.03268392709367579,0.95,1,0.7014513349792573,658.2251975023829,0.0298229009077819,0.2720713975054579,98.22585403693354,0.0,0.0,0.0,-1.0,18.024730084736586,64654.732173300814,129.30946434660163,0.0,0.10375856536738692,0.0,12.0,0.0,0.0,0.25,0.0,4,2,6
-0.182017443680779,65.1586651079449,1.2748395244034354,7,0.433931648005008,1.0,1.0,0.33,0.0,0.24999999999999944,0.08749999999999974,0.03268392709367579,0.95,1,0.6865483948406925,663.0701121451841,0.5229338163277263,0.2948557507178468,106.37527792078392,0.0,0.0,0.0,-1.0,19.84133489205511,70534.26746040932,141.06853492081865,0.0,0.0222566711739835,0.0,12.0,0.0,0.0,0.2916666666666667,0.0,4,2,7
-0.1584395683300068,67.18158969347373,1.2514362901658462,8,0.4754379505712564,1.0,1.0,0.33,0.0,0.24999999999999944,0.08749999999999974,0.03268392709367579,0.95,1,0.7001267947828712,613.1733540138893,0.0443213886912453,0.2607572239979455,119.54310960726404,0.0,0.0,0.0,-1.0,17.818410306526275,73300.64946713607,146.60129893427217,0.0,0.0,0.0,12.0,0.0,0.0,0.3333333333333333,0.0,4,2,8
0.2511186013337181,65.27275463049045,1.169204874333964,8,0.4684105950557314,1.0,1.0,0.33,0.0,0.24999999999999944,0.08749999999999974,0.03268392709367579,0.95,1,0.7197610720801035,649.5165649186151,0.0449609483903556,0.2843566900109483,111.75183027337516,0.0,0.0,0.0,-1.0,19.72724536950954,72584.66492253073,145.16932984506147,0.0,0.0,0.0,12.0,0.0,0.0,0.375,0.0,4,2,9
0.0265252841204083,65.40509092234821,0.8956538558834676,7,0.4541318959639356,1.0,1.0,0.33,0.0,0.24999999999999944,0.08749999999999974,0.03268392709367579,0.95,1,0.6161411655131749,782.9711985579222,0.0687869104875181,0.27827089814416756,71.23782749196917,0.0,0.0,0.0,-1.0,19.5949090776518,55777.1671740496,139.442917935124,1.0,0.22681903323301353,0.0,12.0,0.0,0.0,0.4166666666666667,0.0,4,2,10
0.5798957064611737,63.14991149398988,1.335466041940166,8,0.4788465367816751,1.0,1.0,0.33,0.0,0.24999999999999944,0.08749999999999974,0.03268392709367579,0.95,1,0.6919274694944032,773.0054888672195,0.2546483197462973,0.30577383332025826,74.53033165554827,0.0,0.0,0.0,-1.0,21.85008850601012,57612.355456833095,144.03088864208274,1.0,0.2013797231609497,0.0,12.0,0.0,0.0,0.4583333333333333,0.0,4,2,11
0.3398650788676008,65.17214921719045,1.1673421499622136,5,0.4101559309194338,1.0,1.0,0.33,0.0,0.24999999999999944,0.08749999999999974,0.03268392709367579,0.95,1,0.702891559589184,601.8160297394287,0.0994356876961503,0.2734875970042696,81.89621990837274,0.0,0.0,0.0,-1.0,19.82785078280955,49286.457915924046,123.21614478981012,1.0,0.31679299773251945,0.0,12.0,0.0,0.0,0.5,0.0,4,2,12
0.4562168629062692,64.49947078678152,1.198855962275026,3,0.3590824182512685,1.0,1.0,0.33,0.0,0.24999999999999944,0.08749999999999974,0.03268392709367579,0.95,1,0.7993697221030385,711.5791707838056,0.0959156185862269,0.2787607371769085,73.96463257873121,0.0,0.0,0.0,-1.0,20.50052921321848,52631.69191770241,105.26338383540482,0.0,0.2704214914226732,1.0,11.0,0.0,0.0,0.5416666666666666,0.0,4,2,13
0.2602250147198941,63.59010406415111,0.8677018743699495,5,0.4144053461161155,1.0,1.0,0.33,0.0,0.24999999999999944,0.08749999999999974,0.03268392709367579,0.95,1,0.7692316642654551,734.7829425999031,0.0837221348932457,0.28706005724043204,79.62855003026249,0.0,0.0,0.0,-1.0,21.40989593584889,58509.70030619988,117.01940061239976,0.0,0.18894076303965512,2.0,10.0,0.0,0.0,0.5833333333333334,1.0,4,2,14
0.0834352318570585,64.69146444333384,0.8080810556737085,7,0.4799623285023097,1.0,1.0,0.33,0.0,0.24999999999999944,0.08749999999999974,0.03268392709367579,0.95,1,0.7320155550075069,716.4434240703791,0.1150553456530464,0.26854261893112263,93.43206459084072,0.0,0.0,0.0,-1.0,20.30853555666615,66938.78827342675,133.8775765468535,0.0,0.07209706670907874,3.0,9.0,0.0,0.0,0.625,1.0,4,2,15
-0.2746286037169309,65.54259592884844,0.8371755537840061,6,0.4881375749891516,1.0,1.0,0.33,0.0,0.24999999999999944,0.08749999999999974,0.03268392709367579,0.95,1,0.6543312370736563,678.5227426061836,0.10609581650458,0.25379222701502024,95.95177856403788,0.0,0.0,0.0,-1.0,19.457404071151554,65105.46394921219,130.2109278984244,0.0,0.0975105386584597,4.0,8.0,0.0,0.0,0.6666666666666666,1.0,4,2,16
0.2747121239054567,62.40301718877556,1.0486968874201414,4,0.4255656876213169,1.0,1.0,0.33,0.0,0.24999999999999944,0.08749999999999974,0.03268392709367579,0.95,1,0.8139126877029308,694.5814624631435,0.1198600631165193,0.29079227210154773,82.09701471496892,0.0,0.0,0.0,-1.0,22.596982811224443,57023.06454458132,114.04612908916263,0.0,0.20954845133999225,5.0,7.0,0.0,0.0,0.7083333333333334,1.0,4,2,17
0.2256822820748805,63.46172064037977,1.009075131139423,5,0.4540593441431259,1.0,1.0,0.33,0.0,0.24999999999999944,0.08749999999999974,0.03268392709367579,0.95,1,0.6948611274172886,596.0540880112578,0.0877514132594577,0.27350196012216166,100.25324988442632,0.0,0.0,0.0,-1.0,21.53827935962023,59756.35943002648,119.51271886005291,0.0,0.171659621751476,6.0,6.0,0.0,0.0,0.75,0.0,4,2,18
0.5967531529289978,60.778594023435154,1.5364207021360288,5,0.4582698352515901,1.0,1.0,0.33,0.0,0.24999999999999944,0.08749999999999974,0.03268392709367579,0.95,1,0.801214928845152,614.7472950764952,0.1001779896584752,0.30355809056791455,95.4606368872418,0.0,0.0,0.0,-1.0,24.22140597656485,58684.1683127114,117.3683366254228,0.0,0.186522294179027,7.0,5.0,0.0,0.0,0.7916666666666666,0.0,4,2,19
0.7910889870509278,61.800501986904486,1.642775616121659,4,0.4262635245504391,1.0,1.0,0.33,0.0,0.24999999999999944,0.08749999999999974,0.03268392709367579,0.95,1,0.7609921766558719,547.251451101055,0.0943106848514338,0.28700409913107855,103.34907738425046,0.0,0.0,0.0,-1.0,23.199498013095518,56557.932568486285,113.11586513697256,0.0,0.21599609307534948,8.0,4.0,0.0,0.0,0.8333333333333334,0.0,4,2,20
0.3632579278600172,63.8979248783399,1.5390391262463463,5,0.4894781224130413,1.0,1.0,0.33,0.0,0.24999999999999944,0.08749999999999974,0.03268392709367579,0.95,1,0.773570978533861,634.1954176324067,0.1105730159361234,0.25773526866149743,96.12877341971306,0.0,0.0,0.0,-1.0,21.1020751216601,60964.42760540592,121.92885521081182,0.0,0.15491342672070943,9.0,3.0,0.0,0.0,0.875,0.0,4,2,21
0.2902426665752742,59.905214387278704,1.4030182795448691,4,0.4306400895023914,1.0,1.0,0.33,0.0,0.24999999999999944,0.08749999999999974,0.03268392709367579,0.95,1,0.8340221180288615,604.3429470647083,0.1071988800367409,0.3026506807564377,91.73674662586424,0.0,0.0,0.0,-1.0,25.094785612721296,55440.45581000323,110.88091162000646,0.0,0.2314865133358024,10.0,2.0,0.0,0.0,0.9166666666666666,0.0,4,2,22
0.6201365759406045,59.22530781220234,1.7284813055894117,5,0.4633719260275188,1.0,1.0,0.33,0.0,0.24999999999999944,0.08749999999999974,0.03268392709367579,0.95,1,0.7542876294788085,594.3879702696133,0.0969001510527144,0.30699385236086546,99.20356329605347,0.0,0.0,0.0,-1.0,25.774692187797665,58965.404631054334,117.93080926210868,0.0,0.18262380704668757,11.0,1.0,0.0,0.0,0.9583333333333334,0.0,4,2,23
0.0925053371982323,62.47471526608106,1.575226562767715,4,0.4230202412157058,1.0,1.0,0.33,0.0,0.24999999999999944,0.08749999999999974,0.03268392709367579,0.95,1,0.7885348229376454,549.6024210870232,0.0962527561497688,0.265003349810811,99.04895893828576,0.0,0.0,0.0,-1.0,22.525284733918934,54437.54763863101,108.875095277262,0.0,0.2453887882057397,12.0,0.0,0.0,0.0,1.0,0.0,4,2,24
0.0,2.217566563012846,0.0,1,0.3685711046634083,0.6506946597265422,0.5,0.67,0.0,0.34999999999999953,0.12249999999999973,0.009718800236585457,0.95,5,0.7589824376575044,1515.7547302624523,1.0,0.6217859088422566,39.91092605064818,0.0,0.0,0.0,-1.0,1.2824334369871542,60495.17495042493,120.99034990084984,0.0,0.0,0.0,12.0,0.0,0.010363301871745502,0.041666666666666664,0.0,4,3,1
-0.4150123956919119,2.632578958704758,0.2075061978459559,2,0.385107908765726,0.6506946597265422,0.5,0.67,0.0,0.34999999999999953,0.12249999999999973,0.009718800236585457,0.95,5,0.8519251144332068,1348.5364884138285,1.0,0.40819813708011404,45.56517485366967,0.0,0.0,0.0,-1.0,0.8674210412952423,61446.30089112977,122.89260178225952,0.0,0.0,0.0,12.0,0.0,0.010363301871745502,0.08333333333333333,0.0,4,3,2
-0.2583422283584921,2.73425101972983,0.2234913183459138,2,0.3811636021724255,0.6506946597265422,0.5,0.67,0.0,0.34999999999999953,0.12249999999999973,0.009718800236585457,0.95,5,0.734580475804294,1279.5362266951,1.0,0.35005667669493484,48.902312948952485,0.0,0.0,0.0,-1.0,0.7657489802701699,62572.28098736559,125.14456197473118,0.0,0.0,0.0,12.0,0.0,0.010363301871745502,0.125,0.0,4,3,3
-0.1653154483822982,2.734727370612149,0.2132230566604605,1,0.3694724755912636,0.6506946597265422,0.5,0.67,0.0,0.34999999999999953,0.12249999999999973,0.009718800236585457,0.95,5,0.8610812767517332,1316.1753654481022,0.0219908097520993,0.3401211686168228,45.473541505425246,0.0,0.0,0.0,-1.0,0.7652726293878512,59851.15510912252,119.70231021824505,0.0,0.0,0.0,12.0,0.0,0.010363301871745502,0.16666666666666666,0.0,4,3,4
-0.0812309258444594,2.5726469862814474,0.190733847356447,1,0.3580688109482956,0.6506946597265422,0.5,0.67,0.0,0.34999999999999953,0.12249999999999973,0.009718800236585457,0.95,5,0.804948905978007,1380.9360578780866,0.0351464654915983,0.40101751944586067,42.21438053623216,0.0,0.0,0.0,-1.0,0.9273530137185528,58295.36024346987,116.59072048693972,0.0,0.005558629691018119,0.0,12.0,0.0,0.010363301871745502,0.20833333333333334,0.0,4,3,5
-0.0447830573209433,2.566911877536972,0.1741675954689816,1,0.359607759253729,0.6506946597265422,0.5,0.67,0.0,0.34999999999999953,0.12249999999999973,0.009718800236585457,0.95,5,0.7977864782013248,1292.155410931326,0.0614206865737955,0.39287920945811705,46.20353468024828,0.0,0.0,0.0,-1.0,0.933088122463028,59702.14734123599,119.40429468247196,0.0,0.0,0.0,12.0,0.0,0.010363301871745502,0.25,0.0,4,3,6
0.017650151793195,2.641847458334248,0.0676826791576287,2,0.3769313437852215,0.6506946597265422,0.5,0.67,0.0,0.34999999999999953,0.12249999999999973,0.009718800236585457,0.95,5,0.7611997446984168,1356.3950587851027,0.5601903739783876,0.3520625811962061,45.17049900581662,0.0,0.0,0.0,-1.0,0.8581525416657524,61269.04165434706,122.53808330869414,0.0,0.0,0.0,12.0,0.0,0.010363301871745502,0.2916666666666667,0.0,4,3,7
0.022791487620413,2.6315855755025748,0.0677193510356912,1,0.3826430656578209,0.6506946597265422,0.5,0.67,0.0,0.34999999999999953,0.12249999999999973,0.009718800236585457,0.95,5,0.8336275077496311,1486.2235443156665,0.1150780538410754,0.34736576979897005,39.69389237591892,0.0,0.0,0.0,-1.0,0.8684144244974251,58993.99741462283,117.98799482924564,0.0,0.0,0.0,12.0,0.0,0.010363301871745502,0.3333333333333333,0.0,4,3,8
0.0328378097166288,2.4545124329036154,0.0855464162959534,1,0.3588073505634708,0.6506946597265422,0.5,0.67,0.0,0.34999999999999953,0.12249999999999973,0.009718800236585457,0.7179465570591755,5,0.7627320572148909,1564.0391917563636,0.1145526487581431,0.40799514813517457,35.54936654670114,0.0,0.0,0.0,-1.0,1.0454875670963848,55600.60252115316,111.20120504230631,0.0,0.05152761505862331,0.0,12.0,0.0,0.010363301871745502,0.375,0.0,3,3,9
0.0296495964007491,2.4345918548225525,0.0799241749338068,1,0.3761600160746245,0.6506946597265422,0.5,0.67,0.0,0.34999999999999953,0.12249999999999973,0.009718800236585457,0.95,5,0.8866118197580365,1529.6394233645149,0.1257576826372864,0.4058697695914087,30.20355131028324,0.0,0.0,0.0,-1.0,1.0654081451774478,46200.54280982219,115.50135702455546,1.0,0.21188014090769972,0.0,12.0,0.0,0.010363301871745502,0.4166666666666667,0.0,4,3,10
0.029673650021277,2.5189643180148416,0.0799320282050788,1,0.3874483108428803,0.6506946597265422,0.5,0.67,0.0,0.34999999999999953,0.12249999999999973,0.009718800236585457,0.95,5,0.8235950962267891,1223.9146141152346,0.2216338509292906,0.36503653283168686,38.08745307036767,0.0,0.0,0.0,-1.0,0.9810356819851584,46615.79042725116,116.5394760681279,1.0,0.20479656842493318,0.0,12.0,0.0,0.010363301871745502,0.4583333333333333,0.0,4,3,11
0.0171777528745168,2.593160058321484,0.0819024586941414,1,0.3759688833249898,0.6506946597265422,0.5,0.67,0.0,0.34999999999999953,0.12249999999999973,0.009718800236585457,0.8219759810117556,5,0.9010856305161772,1341.3846619373894,0.1928211081763847,0.3297599787921878,33.68039515386575,0.0,0.0,0.0,-1.0,0.9068399416785164,45178.36546738591,112.94591366846478,1.0,0.22931712788000322,0.0,12.0,0.0,0.010363301871745502,0.5,0.0,3,3,12
0.0057571204360967,2.49122266456072,0.070961725685641,0,0.3717836011806249,0.6506946597265422,0.5,0.67,1.0,0.34999999999999953,0.12249999999999973,0.009718800236585457,0.5397446236740226,5,0.8285138725493324,1401.1675848515536,0.1427917688650004,0.35867638593396634,38.89137860374758,0.0,0.0,0.0,-1.0,1.0087773354392804,54493.339029760384,108.98667805952076,0.0,0.07041605865130329,1.0,11.0,0.0,0.010363301871745502,0.5416666666666666,0.0,2,3,13
-0.0137117328014093,2.501676928609252,0.0507607025166755,0,0.3714118557254814,0.6506946597265422,0.5,0.67,1.0,0.34999999999999953,0.12249999999999973,0.009718800236585457,0.5005563450763216,5,0.9709287774670908,1244.8798547968006,0.1278035389814419,0.3472428074402602,42.124120621768576,0.0,0.0,0.0,-1.0,0.998323071390748,52439.46916307018,104.87893832614034,0.0,0.10545234895189416,2.0,10.0,0.0,0.010363301871745502,0.5833333333333334,1.0,2,3,14
0.0009811330512926,2.45848383585901,0.0501987898091839,0,0.3709362140603464,0.6506946597265422,0.5,0.67,1.0,0.34999999999999953,0.12249999999999973,0.009718800236585457,0.4870819118623289,5,0.9266512587786696,1340.2728677361952,0.1677154750074295,0.3545586941756559,38.59905782909934,0.0,0.0,0.0,-1.0,1.0415161641409891,51733.26992852221,103.4665398570444,0.0,0.11749916934346558,3.0,9.0,0.0,0.010363301871745502,0.625,1.0,2,3,15
0.0322169394364592,2.372160622627405,0.0664517811362043,1,0.3710128148161685,0.6506946597265422,0.5,0.67,0.0,0.34999999999999953,0.12249999999999973,0.009718800236585457,0.3135241262048079,5,0.929694695402946,1341.3664825335024,0.1855335441840681,0.3759464591241984,36.89067986991919,0.0,0.0,0.0,-1.0,1.1278393773725952,49483.92149538299,98.96784299076596,0.0,0.15587006419360758,4.0,8.0,0.0,0.010363301871745502,0.6666666666666666,1.0,1,3,16
0.0531980425643991,2.300849604080727,0.0941541684212227,0,0.3762744524681498,0.6506946597265422,0.5,0.67,1.0,0.34999999999999953,0.12249999999999973,0.009718800236585457,0.4619930736536679,5,0.9270185723988424,1194.9501089515604,0.1478052355642744,0.39155931295323193,42.192854529302046,0.0,0.0,0.0,-1.0,1.1991503959192729,50418.356116766816,100.83671223353365,0.0,0.1399298514310116,5.0,7.0,0.0,0.010363301871745502,0.7083333333333334,1.0,2,3,17
0.0374943536728885,2.3665232262139364,0.0735175842386261,1,0.3752970335294172,0.6506946597265422,0.5,0.67,0.0,0.34999999999999953,0.12249999999999973,0.009718800236585457,0.3024271874473772,5,0.8082943074186827,1277.6542500464295,0.1548828028797919,0.3627125676115404,38.65745873882428,0.0,0.0,0.0,-1.0,1.1334767737860638,49390.86645365332,98.78173290730663,0.0,0.15745745953391133,6.0,6.0,0.0,0.010363301871745502,0.75,0.0,1,3,18
0.0163800532320762,2.4564551254811,0.0684918562925119,1,0.3727811005439976,0.6506946597265422,0.5,0.67,0.0,0.34999999999999953,0.12249999999999973,0.009718800236585457,0.1051810212939638,5,0.8217011512006834,1193.0862376884666,0.1535757157454309,0.32738662730004736,40.01121434610024,0.0,0.0,0.0,-1.0,1.0435448745189009,47736.829189535536,95.47365837907108,0.0,0.18567313701839275,7.0,5.0,0.0,0.010363301871745502,0.7916666666666666,0.0,1,3,19
-0.0008628344634776,2.4008122509644965,0.0547745117135549,0,0.3905489587710023,0.6506946597265422,0.5,0.67,1.0,0.34999999999999953,0.12249999999999973,0.009718800236585457,0.4887217824240843,5,0.9020705740430088,1270.8402718128998,0.161252113453777,0.33821161508784725,40.775553941685175,0.0,0.0,0.0,-1.0,1.0991877490355035,51819.216054572746,103.63843210914548,0.0,0.11603304265678786,8.0,4.0,0.0,0.010363301871745502,0.8333333333333334,0.0,2,3,20
-0.0211719007888231,2.442399960165473,0.0517945190596933,1,0.3934963467124187,0.6506946597265422,0.5,0.67,0.0,0.34999999999999953,0.12249999999999973,0.009718800236585457,0.2569978172170341,5,0.8386577055718176,1319.989029722342,0.1720193356641028,0.31927548372363085,37.12902953200752,0.0,0.0,0.0,-1.0,1.057600039834527,49009.911666486776,98.01982333297356,0.0,0.16395604190810806,9.0,3.0,0.0,0.010363301871745502,0.875,0.0,1,3,21
-0.0261269757038117,2.4493409685398086,0.0552673811838417,1,0.3598707598905699,0.6506946597265422,0.5,0.67,0.0,0.34999999999999953,0.12249999999999973,0.009718800236585457,0.05,5,0.8872234469710398,1336.993687768013,0.1778275603110939,0.3113063796919085,34.65209841822598,0.0,0.0,0.0,-1.0,1.0506590314601911,46329.636853084085,92.65927370616816,0.0,0.20967796809765232,10.0,2.0,0.0,0.010363301871745502,0.9166666666666666,0.0,0,3,22
0.0012984081534413,2.3533853214644265,0.0406656337586987,1,0.3646362852311168,0.6506946597265422,0.5,0.67,0.0,0.34999999999999953,0.12249999999999973,0.009718800236585457,0.05,5,0.8271626039288086,1128.9931768496083,0.1428170585597053,0.3335606337558032,41.09946147029888,0.0,0.0,0.0,-1.0,1.1466146785355735,46401.011572160816,92.80202314432164,0.0,0.20846041024832015,11.0,1.0,0.0,0.010363301871745502,0.9583333333333334,0.0,0,3,23
0.0468909434089113,2.1552864776438945,0.1049618498694943,1,0.3716626693208738,0.6506946597265422,0.5,0.67,0.0,0.34999999999999953,0.12249999999999973,0.009718800236585457,0.1161074364856383,5,0.9197410847282128,1119.4474454264953,0.1425239434579044,0.3842038635303159,42.72505554036656,0.0,0.0,0.0,-1.0,1.3447135223561055,47828.45428036847,95.65690856073694,0.0,0.18411013473996027,12.0,0.0,0.0,0.010363301871745502,1.0,0.0,1,3,24
0.0,35439.79399819943,0.0,1,0.3591286544267853,0.14373356558296116,0.0,0.67,0.0,0.349999999999999,0.08749999999999974,0.010987325551830514,0.8637027871886055,4,0.825857866527179,1104.234899955105,1.0,0.5591119104691421,38.12940306755119,0.0,0.0,0.0,-1.0,14560.206001800576,42103.81758164526,84.20763516329052,0.0,0.0,0.0,12.0,1.0,0.14493380477119128,0.041666666666666664,0.0,3,4,1
-5121.358146678554,40561.152144877975,2560.6790733392754,1,0.3622717639126505,0.14373356558296116,0.0,0.67,0.0,0.349999999999999,0.08749999999999974,0.010987325551830514,0.7929221440159193,4,0.8518794221104463,1046.0515736959994,1.0,0.34851130541989017,39.4699574700555,0.0,0.0,0.0,-1.0,9438.847855122023,41287.61112526572,82.57522225053144,0.0,0.01805329491831851,0.0,12.0,1.0,0.14493380477119128,0.08333333333333333,0.0,3,4,2
-3048.1766650739496,41536.14732834732,2673.833053883185,1,0.3562490429361673,0.14373356558296116,0.0,0.67,0.0,0.349999999999999,0.08749999999999974,0.010987325551830514,0.8350193483622907,4,0.9022170220213008,1235.5498119123497,1.0,0.3009369838809842,33.80928418992048,0.0,0.0,0.0,-1.0,8463.852671652681,41773.05472174742,83.54610944349486,0.0,0.006507949303093334,0.0,12.0,1.0,0.14493380477119128,0.125,0.0,3,4,3
-1761.8624852326616,40987.67055448517,2444.459651555554,1,0.3614828433519247,0.14373356558296116,0.0,0.67,0.0,0.349999999999999,0.08749999999999974,0.010987325551830514,0.8396421730074328,4,0.8336329841330088,1260.4481436266228,0.0301352558425886,0.30899415241765116,33.183723583549224,0.0,0.0,0.0,-1.0,9012.329445514826,41826.3627895036,83.6527255790072,0.0,0.0052401190736177106,0.0,12.0,1.0,0.14493380477119128,0.16666666666666666,0.0,3,4,4
-924.0731889316188,39846.90073805392,2188.0930740244958,1,0.3667873360930199,0.14373356558296116,0.0,0.67,0.0,0.349999999999999,0.08749999999999974,0.010987325551830514,0.95,4,0.8634639248654262,1093.9925068901466,0.0379015381797841,0.33610259625752553,38.98876204209402,0.0,0.0,0.0,-1.0,10153.099261946085,42653.41352697383,85.30682705394766,0.0,0.0,0.0,12.0,1.0,0.14493380477119128,0.20833333333333334,0.0,4,4,5
-530.7182868980244,39693.06820535247,1997.458760986217,1,0.3573997751110511,0.14373356558296116,0.0,0.67,0.0,0.349999999999999,0.08749999999999974,0.010987325551830514,0.8878746543621922,4,0.8143029090823535,1188.0060936591942,0.0787347714805944,0.329821817428721,35.675368597051715,0.0,0.0,0.0,-1.0,10306.931794647531,42382.5552868353,84.7651105736706,0.0,0.0,0.0,12.0,1.0,0.14493380477119128,0.25,0.0,3,4,6
116.38488464997396,41080.45938941132,664.184082079543,2,0.3852517578829026,0.14373356558296116,0.0,0.67,0.0,0.349999999999999,0.08749999999999974,0.010987325551830514,0.95,4,0.8367720507483575,1146.7807269349837,0.5240398162905291,0.27621803181177845,39.00452940499351,0.0,0.0,0.0,-1.0,8919.54061058868,44729.6425848154,89.4592851696308,0.0,0.0,0.0,12.0,1.0,0.14493380477119128,0.2916666666666667,0.0,4,4,7
74.34620517892009,40990.81709767948,677.2749107235085,1,0.3792876578154156,0.14373356558296116,0.0,0.67,0.0,0.349999999999999,0.08749999999999974,0.010987325551830514,0.8346725202438363,4,0.8515404545378554,1033.2207250528163,0.1158300303876504,0.27027548706961546,40.42607185774668,0.0,0.0,0.0,-1.0,9009.182902320515,41769.05527589828,83.53811055179656,0.0,0.006603068457887791,0.0,12.0,1.0,0.14493380477119128,0.3333333333333333,0.0,3,4,8
-138.74106898032102,40995.02998476032,588.7265984487144,1,0.3581447827054888,0.14373356558296116,0.0,0.67,0.0,0.349999999999999,0.08749999999999974,0.010987325551830514,0.6501625150274517,4,0.847798662923938,1180.764264458259,0.1243499720563952,0.2619627640796998,33.57264504569399,0.0,0.0,0.0,-1.0,9004.970015239682,39641.37953329708,79.28275906659415,0.0,0.057205758417127384,0.0,12.0,1.0,0.14493380477119128,0.375,0.0,3,4,9
-111.27082918900643,39862.54793307862,613.7164307434045,1,0.3691800381692903,0.14373356558296116,0.0,0.67,0.0,0.349999999999999,0.08749999999999974,0.010987325551830514,0.7233244511299354,4,0.9255847978977236,1179.518811674298,0.1429628534189373,0.2862339407130742,27.45868600012291,0.0,0.0,0.0,-1.0,10137.452066921378,32388.036681002657,80.97009170250664,1.0,0.22971261750929126,0.0,12.0,1.0,0.14493380477119128,0.4166666666666667,0.0,3,4,10
308.1968652830598,38265.5944447545,1010.7074604753049,0,0.3550254254244834,0.14373356558296116,0.0,0.67,1.0,0.349999999999999,0.08749999999999974,0.010987325551830514,0.5291699526995169,4,0.8965689944644323,1043.5408181326125,0.2678053583234557,0.3218579809438764,29.23756904570232,0.0,0.0,0.0,-1.0,11734.405555245496,30510.596722160943,76.27649180540234,1.0,0.27436392891551503,0.0,12.0,1.0,0.14493380477119128,0.4583333333333333,0.0,2,4,11
667.6209973170606,38268.74241028323,1232.5770399147448,0,0.3631310862434401,0.14373356558296116,0.0,0.67,1.0,0.349999999999999,0.08749999999999974,0.010987325551830514,0.5405781397464181,4,0.875536424454946,1226.2192762153118,0.2205594549406745,0.3128335357257806,25.41826282131571,0.0,0.0,0.0,-1.0,11731.257589716772,31168.36383940432,77.9209095985108,1.0,0.25872019860792744,0.0,12.0,1.0,0.14493380477119128,0.5,0.0,2,4,12
873.6743117170386,36830.26015801129,1539.7035165798195,0,0.3739054670907419,0.14373356558296116,0.0,0.67,1.0,0.349999999999999,0.08749999999999974,0.010987325551830514,0.5431520600569695,4,0.9084606799238146,1121.7643283295572,0.1361698906919995,0.34170135806240975,34.896779076483035,0.0,0.0,0.0,-1.0,13169.73984198871,39145.96194159594,78.29192388319188,0.0,0.06898831639401018,1.0,11.0,1.0,0.14493380477119128,0.5416666666666666,0.0,2,4,13
582.110342219645,38739.00066115746,1316.1974926157038,0,0.3608812800672962,0.14373356558296116,0.0,0.67,1.0,0.349999999999999,0.08749999999999974,0.010987325551830514,0.5049789843798719,4,0.8841457663042831,1225.8310495792296,0.1617917800386165,0.28448840434970624,29.689865176150875,0.0,0.0,0.0,-1.0,11260.99933884254,36394.758590746846,72.7895171814937,0.0,0.13442041555759582,2.0,10.0,1.0,0.14493380477119128,0.5833333333333334,1.0,2,4,14
245.7501472258027,38145.94962311062,894.8064240463544,0,0.35581441796826,0.14373356558296116,0.0,0.67,1.0,0.349999999999999,0.08749999999999974,0.010987325551830514,0.4918137459487702,4,0.9871731531311668,1318.9727680836547,0.2152902823038485,0.29179200927727705,26.87387992115073,0.0,0.0,0.0,-1.0,11854.05037688938,35445.91578874793,70.89183157749585,0.0,0.15698682319587035,3.0,9.0,1.0,0.14493380477119128,0.625,1.0,2,4,15
19.11096706404311,37823.74524698054,592.8248614664143,0,0.3547642165233929,0.14373356558296116,0.0,0.67,1.0,0.349999999999999,0.08749999999999974,0.010987325551830514,0.4689444849333251,4,0.8983757282680634,979.4342361996484,0.1693865621401324,0.292230114072467,34.50735648127899,0.0,0.0,0.0,-1.0,12176.25475301946,33797.68633851047,67.59537267702095,0.0,0.19618680192481275,4.0,8.0,1.0,0.14493380477119128,0.6666666666666666,1.0,2,4,16
-88.02667366285587,38407.448280151046,605.1586883998987,0,0.3461494224030372,0.14373356558296116,0.0,0.67,1.0,0.349999999999999,0.08749999999999974,0.010987325551830514,0.4596782826292256,4,0.8248184206543543,1090.3579259347878,0.1806781283403539,0.27143535734280483,30.38438425609211,0.0,0.0,0.0,-1.0,11592.551719848956,33129.85419827821,66.25970839655642,0.0,0.21206990951510438,5.0,7.0,1.0,0.14493380477119128,0.7083333333333334,1.0,2,4,17
169.77683235072303,35905.1946353861,979.0924791501152,0,0.3782887041530575,0.14373356558296116,0.0,0.67,1.0,0.349999999999999,0.08749999999999974,0.010987325551830514,0.4934024622890755,4,0.8484725892207502,1059.7776672640268,0.1581422635116123,0.32216697976260344,33.55460166625214,0.0,0.0,0.0,-1.0,14094.8053646139,35560.41747983432,71.12083495966866,0.0,0.1542636199098425,6.0,6.0,1.0,0.14493380477119128,0.75,0.0,2,4,18
632.3963075311527,35539.938894440005,1240.5516926853531,0,0.3591176735273894,0.14373356558296116,0.0,0.67,1.0,0.349999999999999,0.08749999999999974,0.010987325551830514,0.455767011024576,4,0.907802760704053,849.6469354903014,0.1526900442607036,0.3228292711938974,38.66071933080484,0.0,0.0,0.0,-1.0,14460.061105559991,32847.961703268986,65.69592340653797,0.0,0.2187741822767749,7.0,5.0,1.0,0.14493380477119128,0.7916666666666666,0.0,2,4,19
407.605144842683,37163.44814968915,1092.9941832662946,1,0.3404829388916553,0.14373356558296116,0.0,0.67,0.0,0.349999999999999,0.08749999999999974,0.010987325551830514,0.3358185558282978,4,0.8500781605442559,1109.0873214770068,0.2097836215257206,0.28007022218860034,29.09490428173463,0.0,0.0,0.0,-1.0,12836.551850310849,32268.78945845896,64.53757891691792,0.0,0.23254868416646993,8.0,4.0,1.0,0.14493380477119128,0.8333333333333334,0.0,1,4,20
411.1369937410574,35765.23751725949,1096.727420904983,1,0.3523206652002904,0.14373356558296116,0.0,0.67,0.0,0.349999999999999,0.08749999999999974,0.010987325551830514,0.2556146765918808,4,0.8067110090713341,914.8233091923796,0.1681851812534258,0.30367493296513076,34.262265413515365,0.0,0.0,0.0,-1.0,14234.762482740503,31343.91902601974,62.68783805203948,0.0,0.25454495493655116,9.0,3.0,1.0,0.14493380477119128,0.875,0.0,1,4,21
505.93967261568326,34625.1429916674,1223.7744376582764,0,0.3745298607149467,0.14373356558296116,0.0,0.67,1.0,0.349999999999999,0.08749999999999974,0.010987325551830514,0.4778649858869245,4,0.8247427883279491,853.88958484658,0.1401641066793117,0.32086658104346294,40.33378994381341,0.0,0.0,0.0,-1.0,15374.8570083326,34440.603150412,68.88120630082399,0.0,0.1808962576699529,10.0,2.0,1.0,0.14493380477119128,0.9166666666666666,0.0,2,4,22
129.1857907161709,35829.413768522405,743.8544814777799,0,0.3622044249831447,0.14373356558296116,0.0,0.67,1.0,0.349999999999999,0.08749999999999974,0.010987325551830514,0.4568017328045657,4,0.7899366881840097,1068.9545492852285,0.187994886225903,0.2894417613237976,30.798817419891574,0.0,0.0,0.0,-1.0,14170.586231477591,32922.53599359824,65.84507198719648,0.0,0.21700057569899434,11.0,1.0,1.0,0.14493380477119128,0.9583333333333334,0.0,2,4,23
469.7567916747351,33280.08088653533,1192.6955724067473,1,0.3456460330942568,0.14373356558296116,0.0,0.67,0.0,0.349999999999999,0.08749999999999974,0.010987325551830514,0.2927145546954448,4,0.8282720504033735,943.8008061255564,0.1795468229811442,0.3343983822692934,33.66360336436425,0.0,0.0,0.0,-1.0,16719.91911346467,31771.73599237797,63.54347198475593,0.0,0.2443701482804104,12.0,0.0,1.0,0.14493380477119128,1.0,0.0,1,4,24
0.0,52.26980040236696,0.0,4,0.1548135127232711,1.0,0.5,0.0,0.0,0.349999999999999,0.08749999999999974,0.01954698729573592,0.05,1,0.6802607338067264,787.078112832233,1.0,0.5361943961386985,23.060166906175343,0.0,0.0,0.0,-1.0,32.730199597633046,18150.152650108805,36.30030530021761,0.0,0.0,0.0,12.0,0.0,0.07736582204319836,0.041666666666666664,0.0,0,5,1
-10.805985857320394,63.07578625968735,5.402992928660195,4,0.1643316918779586,1.0,0.5,0.0,0.0,0.349999999999999,0.08749999999999974,0.01954698729573592,0.05,1,0.6837715928869726,761.2643042614527,1.0,0.3531416978305394,24.60204056753401,0.0,0.0,0.0,-1.0,21.924213740312656,18728.65529605581,37.457310592111625,0.0,0.0,0.0,12.0,0.0,0.07736582204319836,0.08333333333333333,0.0,0,5,2
-6.22743651280132,64.72467342796958,5.523807275242706,4,0.1620720882254948,1.0,0.5,0.0,0.0,0.349999999999999,0.08749999999999974,0.01954698729573592,0.05,1,0.6932167332293443,714.2580722370237,1.0,0.3211932922301848,26.606980980834702,0.0,0.0,0.0,-1.0,20.275326572030416,19004.250943418152,38.00850188683631,0.0,0.0,0.0,12.0,0.0,0.07736582204319836,0.125,0.0,0,5,3
-4.063541754947847,65.26531052943236,5.294936318031583,4,0.1572812100281608,1.0,0.5,0.0,0.0,0.349999999999999,0.08749999999999974,0.01954698729573592,0.05,1,0.6837306920484741,846.50771300075,0.0465148545713098,0.3075536021387166,21.49850857787688,0.0,0.0,0.0,-1.0,19.73468947056765,18198.653329185563,36.39730665837112,0.0,0.0,0.0,12.0,0.0,0.07736582204319836,0.16666666666666666,0.0,0,5,4
-2.939133857671555,65.87070755585222,5.071716750858669,4,0.1739403637186153,1.0,0.5,0.0,0.0,0.349999999999999,0.08749999999999974,0.01954698729573592,0.05,1,0.771220088815888,843.8900820214305,0.0611578770729012,0.29335656144379985,23.96922276940746,0.0,0.0,0.0,-1.0,19.12929244414778,20227.3893688652,40.4547787377304,0.0,0.0,0.0,12.0,0.0,0.07736582204319836,0.20833333333333334,0.0,0,5,5
-2.3428066545341424,66.8843667861145,4.942620003133086,5,0.150458471334616,1.0,0.5,0.0,0.0,0.349999999999999,0.08749999999999974,0.01954698729573592,0.05,1,0.7551723588845094,758.72333775044,0.1151711559198008,0.27344352020959245,23.51614148907178,0.0,0.0,0.0,-1.0,18.1156332138855,17842.245361600144,35.68449072320029,0.0,0.0,0.0,12.0,0.0,0.07736582204319836,0.25,0.0,0,5,6
-0.5838131176980265,65.74558266340262,1.1764853885305069,5,0.1330653296464644,1.0,0.5,0.0,0.0,0.349999999999999,0.08749999999999974,0.01954698729573592,0.05,1,0.6856486362856985,662.5384598435286,0.5773190778215105,0.28613375608565766,23.31871525394137,0.0,0.0,0.0,-1.0,19.25441733659738,15449.545689876117,30.899091379752228,0.0,0.008949384967768563,0.0,12.0,0.0,0.07736582204319836,0.2916666666666667,0.0,0,5,7
-0.1335389054249092,65.16855063950935,0.6840873717429086,5,0.1430800193856161,1.0,0.5,0.0,0.0,0.349999999999999,0.08749999999999974,0.01954698729573592,0.05,1,0.6746266529158549,732.9742387839835,0.1851724696976789,0.29021633210474124,21.49691904584924,0.0,0.0,0.0,-1.0,19.83144936049065,15756.687873832265,31.51337574766453,0.0,0.0,0.0,12.0,0.0,0.07736582204319836,0.3333333333333333,0.0,0,5,8
-0.1989660766550061,67.3071240403655,0.7951380820471725,5,0.1405871814368876,1.0,0.5,0.0,0.0,0.349999999999999,0.08749999999999974,0.01954698729573592,0.05,1,0.7321133111588702,644.9341243883738,0.1416684405551169,0.25503244626500177,24.127954105848985,0.0,0.0,0.0,-1.0,17.6928759596345,15560.940954538582,31.121881909077164,0.0,0.0018036508619587454,0.0,12.0,0.0,0.07736582204319836,0.375,0.0,0,5,9
-0.0112852129699545,65.81145609886997,0.7297881537518657,5,0.1543077679439774,1.0,0.5,0.0,0.0,0.349999999999999,0.08749999999999974,0.01954698729573592,0.05,1,0.7647218358521677,225.61323448608977,0.0552976074202549,0.2725000317320242,60.0025392286944,0.0,0.0,0.0,-1.0,19.18854390113004,13537.36695276423,33.84341738191058,1.0,0.13161097978140132,0.0,12.0,0.0,0.07736582204319836,0.4166666666666667,0.0,0,5,10
0.5522953444518248,62.55106063350009,1.5334634290809266,5,0.1509823598572298,1.0,0.5,0.0,0.0,0.349999999999999,0.08749999999999974,0.01954698729573592,0.05,1,0.7165359841209852,622.1276895684845,0.3764111825968792,0.31415425352536314,20.85633158799652,0.0,0.0,0.0,-1.0,22.448939366499907,12975.301383714475,32.438253459286194,1.0,0.1676661129922257,0.0,12.0,0.0,0.07736582204319836,0.4583333333333333,0.0,0,5,11
0.3572674006445568,65.11433845079539,1.4198218652421066,5,0.1404661580636188,1.0,0.5,0.0,0.0,0.349999999999999,0.08749999999999974,0.01954698729573592,0.05,1,0.7602008982257313,722.7742832449319,0.3136615061841087,0.2742849868855809,16.680904211991486,0.0,0.0,0.0,-1.0,19.885661549204613,12056.528585699512,30.14132146424878,1.0,0.22660314355774483,0.0,12.0,0.0,0.07736582204319836,0.5,0.0,0,5,12
0.3895469136695247,64.40947269063872,1.4345121404457644,5,0.1618018080698889,1.0,0.5,0.0,0.0,0.349999999999999,0.08749999999999974,0.01954698729573592,0.05,1,0.7827825619547187,727.2872573948868,0.1728011494030014,0.2799845073227595,23.291772855099207,0.0,0.0,0.0,-1.0,20.59052730936127,16939.809599649772,33.87961919929954,0.0,0.0,1.0,11.0,0.0,0.07736582204319836,0.5416666666666666,0.0,0,5,13
0.2333118228021145,66.00247576223039,1.4780034936009607,5,0.171661453658861,1.0,0.5,0.0,0.0,0.349999999999999,0.08749999999999974,0.01954698729573592,0.05,1,0.7321350880862658,621.544054288275,0.1248241435898321,0.2547154087745646,27.85321669942894,0.0,0.0,0.0,-1.0,18.99752423776961,17312.00123233295,34.6240024646659,0.0,0.0,2.0,10.0,0.0,0.07736582204319836,0.5833333333333334,1.0,0,5,14
0.2980487770153847,61.79523873455543,1.591039048240743,6,0.1481006836488292,1.0,0.5,0.0,0.0,0.349999999999999,0.08749999999999974,0.01954698729573592,0.05,1,0.6856669537120373,688.9924196269573,0.2291875166104672,0.3068398183860439,21.41338269595416,0.0,0.0,0.0,-1.0,23.20476126544457,14753.658356083472,29.507316712166947,0.0,0.05358885747991276,3.0,9.0,0.0,0.07736582204319836,0.625,1.0,0,5,15
0.1525068798809778,63.15637168975889,1.468234752087754,5,0.1608138934034946,1.0,0.5,0.0,0.0,0.349999999999999,0.08749999999999974,0.01954698729573592,0.05,1,0.6832154579106882,760.5212231880347,0.2826868045234664,0.2849168910031449,20.144634483084975,0.0,0.0,0.0,-1.0,21.843628310241108,15320.42205775165,30.640844115503292,0.0,0.0172323505384652,4.0,8.0,0.0,0.07736582204319836,0.6666666666666666,1.0,0,5,16
0.1926852968643891,65.35884937880758,1.4303966096779548,6,0.1453823898573782,1.0,0.5,0.0,0.0,0.349999999999999,0.08749999999999974,0.01954698729573592,0.05,1,0.6904222648954571,702.9560731142178,0.2380388932552924,0.25275475330220815,19.794271814673586,0.0,0.0,0.0,-1.0,19.641150621192427,13914.503584998383,27.82900716999677,0.0,0.10741858611303845,5.0,7.0,0.0,0.07736582204319836,0.7083333333333334,1.0,0,5,17
-0.1475236080184384,65.5560871857808,1.4805899768421087,6,0.1385396283014824,1.0,0.5,0.0,0.0,0.349999999999999,0.08749999999999974,0.01954698729573592,0.05,1,0.6301144680002219,220.13388249000707,0.0676206974402989,0.24690682938691047,59.160331992848526,0.0,0.0,0.0,-1.0,19.4439128142192,13023.193570983523,26.046387141967045,0.0,0.1645939461725029,6.0,6.0,0.0,0.07736582204319836,0.75,0.0,0,5,18
-0.4423883731318078,66.4021897656081,1.6623498452792655,5,0.1808849302666695,1.0,0.5,0.0,0.0,0.349999999999999,0.08749999999999974,0.01954698729573592,0.05,1,0.6884548529206218,200.33185856288696,0.0617396473395086,0.23307960607070793,82.58934339723059,0.0,0.0,0.0,-1.0,18.597810234391904,16545.276660255702,33.0905533205114,0.0,0.0,7.0,5.0,0.0,0.07736582204319836,0.7916666666666666,0.0,0,5,19
-0.7356589733064031,64.95791314079608,1.5702155686209,4,0.1948561672871914,1.0,0.5,0.0,0.0,0.349999999999999,0.08749999999999974,0.01954698729573592,0.05,1,0.7196241837484246,196.94368119383563,0.0870810346154963,0.2479433425880897,93.7690299410083,0.0,0.0,0.0,-1.0,20.04208685920392,18467.217938557165,36.934435877114325,0.0,0.0,8.0,4.0,0.0,0.07736582204319836,0.8333333333333334,0.0,0,5,20
-0.3003749051798375,65.3303372528592,0.9846565574433034,5,0.1888830205613707,1.0,0.5,0.0,0.0,0.349999999999999,0.08749999999999974,0.01954698729573592,0.05,1,0.71163371014493,216.19279187774703,0.1783257556335165,0.24024015569026932,77.7261020920252,0.0,0.0,0.0,-1.0,19.6696627471408,16803.82301304972,33.607646026099445,0.0,0.0,9.0,3.0,0.0,0.07736582204319836,0.875,0.0,0,5,21
0.0396397118272407,65.50567668073228,0.4392486012855599,5,0.1869723829851741,1.0,0.5,0.0,0.0,0.349999999999999,0.08749999999999974,0.01954698729573592,0.05,1,0.7117155227975764,684.1866658015841,0.3649151570181979,0.23510741691579168,25.129691481209104,0.0,0.0,0.0,-1.0,19.49432331926773,17193.39982715093,34.38679965430186,0.0,0.0,10.0,2.0,0.0,0.07736582204319836,0.9166666666666666,0.0,0,5,22
0.1729675187834899,64.80873758280924,0.5140497703765423,4,0.197072479796648,1.0,0.5,0.0,0.0,0.349999999999999,0.08749999999999974,0.01954698729573592,0.05,1,0.7453272164866722,761.2285050364649,0.2022592335900251,0.24049146303353755,23.53154640462421,0.0,0.0,0.0,-1.0,20.19126241719076,17912.883890788285,35.825767781576566,0.0,0.0,11.0,1.0,0.0,0.07736582204319836,0.9583333333333334,0.0,0,5,23
0.415831537769854,63.54580645043663,0.8595988735862888,5,0.193770181268391,1.0,0.5,0.0,0.0,0.349999999999999,0.08749999999999974,0.01954698729573592,0.05,1,0.7068696840499326,648.9863011344772,0.1466265910832877,0.25240227705368673,27.444845099953923,0.0,0.0,0.0,-1.0,21.45419354956337,17811.32850662778,35.622657013255555,0.0,0.0,12.0,0.0,0.0,0.07736582204319836,1.0,0.0,0,5,24
0.0,33.59113083122768,0.0,3,0.3019072620834682,1.0,1.0,1.0,0.0,0.3,0.075,0.07163900994967462,0.95,1,0.7320215119760689,779.5443503906176,1.0,0.4416336452427996,45.405048962352026,0.0,0.0,0.0,-1.0,11.40886916877232,35395.2493978109,70.7904987956218,0.0,0.0,0.0,12.0,0.0,0.0,0.041666666666666664,0.0,4,6,1
-2.9163253633988715,36.50745619462655,1.4581626816994353,1,0.2655475313951517,1.0,1.0,1.0,0.0,0.3,0.075,0.07163900994967462,0.95,1,0.8135947964081216,796.0596186030263,1.0,0.31847039270150435,38.01735902372326,0.0,0.0,0.0,-1.0,8.49254380537345,30264.084324719457,60.52816864943892,0.0,0.07556555884734525,0.0,12.0,0.0,0.0,0.08333333333333333,0.0,4,6,2
-1.9949144169320367,37.58095966509176,1.6857605421700632,2,0.2764938741611358,1.0,1.0,1.0,0.0,0.3,0.075,0.07163900994967462,0.95,1,0.7874368321179266,745.0916459332826,1.0,0.2697832849057544,43.51293203101297,0.0,0.0,0.0,-1.0,7.419040334908246,32421.12214637051,64.84224429274103,0.0,0.009677556692447192,0.0,12.0,0.0,0.0,0.125,0.0,4,6,3
-1.212431126144392,37.274733428220586,1.5777261011450625,3,0.296154887361754,1.0,1.0,1.0,0.0,0.3,0.075,0.07163900994967462,0.95,1,0.8552926249390895,744.3941393010219,0.0217230914631768,0.2726564672392736,46.03396352195623,0.0,0.0,0.0,-1.0,7.725266571779418,34267.41265454125,68.5348253090825,0.0,0.0,0.0,12.0,0.0,0.0,0.16666666666666666,0.0,4,6,4
-0.624058092974981,36.32778267930557,1.4116122497629604,2,0.2716208523960268,1.0,1.0,1.0,0.0,0.3,0.075,0.07163900994967462,0.95,1,0.8578535249402641,642.9713561131252,0.0302056816348082,0.29733316528095205,49.12594781677672,0.0,0.0,0.0,-1.0,8.672217320694434,31586.577288095552,63.17315457619112,0.0,0.03516922534491964,0.0,12.0,0.0,0.0,0.20833333333333334,0.0,4,6,5
-0.2577355660343076,35.56432915003466,1.3141787839227543,3,0.2861148986493966,1.0,1.0,1.0,0.0,0.3,0.075,0.07163900994967462,0.95,1,0.7774835840263767,759.0132983374496,0.0637985737502202,0.31452236166551134,44.70169081391832,0.0,0.0,0.0,-1.0,9.43567084996534,33929.17778593301,67.85835557186603,0.0,0.0,0.0,12.0,0.0,0.0,0.25,0.0,4,6,6
0.4160667099914392,34.994357683503736,0.8987948860760885,1,0.2436579888685599,1.0,1.0,1.0,0.0,0.3,0.075,0.07163900994967462,0.95,1,0.8928439230103002,826.6260778533269,0.757465585390612,0.3245073183728518,34.223336866123,0.0,0.0,0.0,-1.0,10.005642316496264,28289.902724696425,56.57980544939285,0.0,0.1358681090441308,0.0,12.0,0.0,0.0,0.2916666666666667,0.0,4,6,7
0.3736292447152665,36.48647110476918,0.8983131028912554,3,0.3031923943140766,1.0,1.0,1.0,0.0,0.3,0.075,0.07163900994967462,0.95,1,0.7906967657992922,646.0677347783613,0.0681751014684534,0.2688482809020259,51.68043874106285,0.0,0.0,0.0,-1.0,8.51352889523082,33389.06398979034,66.77812797958067,0.0,0.0,0.0,12.0,0.0,0.0,0.3333333333333333,0.0,4,6,8
0.2118774799585256,35.81037230653892,0.7269980984075267,4,0.3300786481687219,1.0,1.0,1.0,0.0,0.3,0.075,0.07163900994967462,0.95,1,0.8338297089040807,767.7755061569667,0.0708812959485429,0.2827577751834179,47.58535457496832,0.0,0.0,0.0,-1.0,9.18962769346108,36534.86969445503,73.06973938891005,0.0,0.0,0.0,12.0,0.0,0.0,0.375,0.0,4,6,9
0.0242351523557834,35.712088034659445,0.4934093354429378,4,0.3425584026007849,1.0,1.0,1.0,0.0,0.3,0.075,0.07163900994967462,0.95,1,0.8287816449823464,794.7925369229022,0.0884979183481964,0.2786373589602168,37.811791670696834,0.0,0.0,0.0,-1.0,9.28791196534056,30052.5298275534,75.13132456888349,1.0,0.08202761668668639,0.0,12.0,0.0,0.0,0.4166666666666667,0.0,4,6,10
0.1456232602326775,34.24954787735855,0.6990838144097713,4,0.3441466089743835,1.0,1.0,1.0,0.0,0.3,0.075,0.07163900994967462,0.95,1,0.8170153118997845,681.1300462134351,0.3036207695972414,0.3146473791992618,43.42148791737961,0.0,0.0,0.0,-1.0,10.750452122641446,29575.680071820887,73.93920017955222,1.0,0.09659327585960611,0.0,12.0,0.0,0.0,0.4583333333333333,0.0,4,6,11
0.2691721592531806,34.47196335955375,0.7873562503802949,5,0.3616782692035866,1.0,1.0,1.0,0.0,0.3,0.075,0.07163900994967462,0.95,1,0.7202629998432072,680.7916371930472,0.1420958843346819,0.300801046869893,45.599363396085934,0.0,0.0,0.0,-1.0,10.528036640446254,31043.66526138205,77.60916315345513,1.0,0.051752795844689,0.0,12.0,0.0,0.0,0.5,0.0,4,6,12
0.5326067955975421,33.85377693523768,0.9550141324273504,5,0.3716236911424443,1.0,1.0,1.0,0.0,0.3,0.075,0.07163900994967462,0.95,1,0.7047330802275086,769.3379386979775,0.111043751826668,0.3110573878538323,50.57214766689145,0.0,0.0,0.0,-1.0,11.146223064762324,38907.071841576006,77.814143683152,0.0,0.0,1.0,11.0,0.0,0.0,0.5416666666666666,0.0,4,6,13
0.4663612736566094,33.61634695415668,0.8527605698089803,4,0.3823906157003449,1.0,1.0,1.0,0.0,0.3,0.075,0.07163900994967462,0.95,1,0.824977465000689,706.9376817351833,0.0987762033714293,0.31046326488663584,54.55073201300726,0.0,0.0,0.0,-1.0,11.383653045843316,38563.96802623261,77.12793605246522,0.0,0.0,2.0,10.0,0.0,0.0,0.5833333333333334,1.0,4,6,14
0.3709046356500108,33.61931342389371,0.7237812017404098,5,0.4001291392075944,1.0,1.0,1.0,0.0,0.3,0.075,0.07163900994967462,0.95,1,0.7665055469695511,811.2950734612925,0.1735075749440134,0.30348497536283453,49.13194989164654,0.0,0.0,0.0,-1.0,11.380686576106294,39860.50889663993,79.72101779327986,0.0,0.0,3.0,9.0,0.0,0.0,0.625,1.0,4,6,15
0.0874953115141171,34.19615665437196,0.3258286074001749,4,0.3899402570871788,1.0,1.0,1.0,0.0,0.3,0.075,0.07163900994967462,0.95,1,0.8052889904907844,658.1120669163041,0.1386455263922428,0.2818393916250793,56.44758716140696,0.0,0.0,0.0,-1.0,10.80384334562804,37148.838259231765,74.29767651846353,0.0,0.0,4.0,8.0,0.0,0.0,0.6666666666666666,1.0,4,6,16
-0.0142990735443658,34.36603574893634,0.3430637098388933,6,0.4535938463293203,1.0,1.0,1.0,0.0,0.3,0.075,0.07163900994967462,0.95,1,0.7244278000693566,731.2965399889137,0.1229771977410137,0.27150547023992316,59.36487378163877,0.0,0.0,0.0,-1.0,10.63396425106366,43413.326793391,86.826653586782,0.0,0.0,5.0,7.0,0.0,0.0,0.7083333333333334,1.0,4,6,17
-0.2182096858951338,34.81606281354017,0.4311718878475613,6,0.4458372832790956,1.0,1.0,1.0,0.0,0.3,0.075,0.07163900994967462,0.95,1,0.6947364138043933,753.4049388395707,0.1239397257984164,0.2545984296614957,55.62773774315394,0.0,0.0,0.0,-1.0,10.183937186459827,41910.21235216458,83.82042470432914,0.0,0.0,6.0,6.0,0.0,0.0,0.75,0.0,4,6,18
-0.1984150583577378,34.25322690996009,0.422163322986174,5,0.4458284839638416,1.0,1.0,1.0,0.0,0.3,0.075,0.07163900994967462,0.95,1,0.6753467768113238,673.5514420776767,0.1285161879329587,0.26318627975607933,60.5436623808414,0.0,0.0,0.0,-1.0,10.746773090039907,40779.27110527971,81.55854221055941,0.0,0.0,7.0,5.0,0.0,0.0,0.7916666666666666,0.0,4,6,19
0.0506335258545313,33.14063117663835,0.5416707511803315,6,0.4413840227357745,1.0,1.0,1.0,0.0,0.3,0.075,0.07163900994967462,0.95,1,0.6797423080298353,901.5669537858846,0.1722196647919866,0.28462485176067964,46.39871386036515,0.0,0.0,0.0,-1.0,11.859368823361653,41831.54711467231,83.66309422934461,0.0,0.0,8.0,4.0,0.0,0.0,0.8333333333333334,0.0,4,6,20
0.2102508636476085,33.57221053293352,0.5483765086508466,6,0.474118632928996,1.0,1.0,1.0,0.0,0.3,0.075,0.07163900994967462,0.95,1,0.6726495618344026,779.178260035209,0.130496418169948,0.268889163930976,54.13340887010808,0.0,0.0,0.0,-1.0,11.42778946706648,42179.57533318536,84.35915066637071,0.0,0.0,9.0,3.0,0.0,0.0,0.875,0.0,4,6,21
0.4041841845957578,32.50557697179438,0.7870637284409294,6,0.4766980691984527,1.0,1.0,1.0,0.0,0.3,0.075,0.07163900994967462,0.95,1,0.7024976484336937,886.8088070605949,0.1407383018247535,0.2883328391124373,49.43080632659563,0.0,0.0,0.0,-1.0,12.494423028205617,43835.67439053157,87.67134878106314,0.0,0.0,10.0,2.0,0.0,0.0,0.9166666666666666,0.0,4,6,22
0.5885207428567701,31.658691705183173,1.0510323253495828,4,0.4143689294706402,1.0,1.0,1.0,0.0,0.3,0.075,0.07163900994967462,0.95,1,0.7113823157187928,755.4769943280503,0.1356959332582907,0.30206735761849407,49.85462673262022,0.0,0.0,0.0,-1.0,13.341308294816823,37664.02355730679,75.32804711461357,0.0,0.0,11.0,1.0,0.0,0.0,0.9583333333333334,0.0,4,6,23
0.6209362978470516,31.009163220131665,1.1066362805870134,3,0.38252606565434,1.0,1.0,1.0,0.0,0.3,0.075,0.07163900994967462,0.95,1,0.8265820842151694,843.1606269127188,0.1767831081749964,0.31090748399707413,41.702307257587485,0.0,0.0,0.0,-1.0,13.990836779868337,35161.74353101429,70.32348706202858,0.0,0.0,12.0,0.0,0.0,0.0,1.0,0.0,4,6,24
0.0,32.04268634673422,0.0,5,0.1716238754680446,0.7641865496419314,0.0,0.33,0.0,0.44999999999999996,0.11249999999999999,0.10083774560266093,0.05,3,0.6608449455740365,1005.8130197274968,1.0,0.49604033163215255,20.004691975082046,0.0,0.0,0.0,-1.0,7.957313653265781,20120.97964417569,40.24195928835139,0.0,0.05925626145206509,0.0,12.0,1.0,0.07997024876758045,0.041666666666666664,0.0,0,7,1
-2.1255800455823737,34.16826639231659,1.0627900227911864,4,0.1941628462161807,0.7641865496419314,0.0,0.33,0.0,0.44999999999999996,0.11249999999999999,0.10083774560266093,0.05,3,0.6846716912559485,957.78866764346,1.0,0.3413697721570776,23.10370897289655,0.0,0.0,0.0,-1.0,5.831733607683408,22128.470634772835,44.25694126954567,0.0,0.0,0.0,12.0,1.0,0.07997024876758045,0.08333333333333333,0.0,0,7,2
-1.3224442841844155,34.68757491510305,1.1442225604752456,4,0.1985759629760931,0.7641865496419314,0.0,0.33,0.0,0.44999999999999996,0.11249999999999999,0.10083774560266093,0.05,3,0.7464644088653946,802.9786868676297,1.0,0.2930993150287972,28.997809188730734,0.0,0.0,0.0,-1.0,5.312425084896949,23284.622744405093,46.56924548881018,0.0,0.0,0.0,12.0,1.0,0.07997024876758045,0.125,0.0,0,7,3
-0.8189830038106726,34.59952685184097,1.07570845333008,4,0.2096664157140201,0.7641865496419314,0.0,0.33,0.0,0.44999999999999996,0.11249999999999999,0.10083774560266093,0.05,3,0.8046839203808827,1047.1264375841338,0.0431626244340211,0.2817638164256884,23.168192692467343,0.0,0.0,0.0,-1.0,5.400473148159028,24260.02707932609,48.52005415865218,0.0,0.0,0.0,12.0,1.0,0.07997024876758045,0.16666666666666666,0.0,0,7,4
-0.5826242701904815,34.74017746792444,1.022555017135482,5,0.17449319679418,0.7641865496419314,0.0,0.33,0.0,0.44999999999999996,0.11249999999999999,0.10083774560266093,0.05,3,0.789107605308061,1128.7437725325358,0.0816762381320809,0.2602798778759042,17.97722245762414,0.0,0.0,0.0,-1.0,5.259822532075564,20291.677896475296,40.58335579295059,0.0,0.051275372108120484,0.0,12.0,1.0,0.07997024876758045,0.20833333333333334,0.0,0,7,5
-0.312706151525964,33.906092374703675,0.9349502451864704,3,0.2106576860926583,0.7641865496419314,0.0,0.33,0.0,0.44999999999999996,0.11249999999999999,0.10083774560266093,0.05,3,0.8193271424385207,1115.6140467707628,0.1191063028967093,0.28677212354335635,22.392170791288837,0.0,0.0,0.0,-1.0,6.093907625296322,24981.02027245181,49.96204054490362,0.0,0.0,0.0,12.0,1.0,0.07997024876758045,0.25,0.0,0,7,6
0.1200786156192036,33.7684754840051,0.3846866274439908,4,0.1991383349509977,0.7641865496419314,0.0,0.33,0.0,0.44999999999999996,0.11249999999999999,0.10083774560266093,0.05,3,0.6920742169551444,1099.6197897515804,0.5848788484976131,0.2795450250165937,21.026312910254592,0.0,0.0,0.0,-1.0,6.2315245159949,23120.94978162509,46.241899563250186,0.0,0.0,0.0,12.0,1.0,0.07997024876758045,0.2916666666666667,0.0,0,7,7
0.191406153512074,34.01317967986421,0.3984199771737882,4,0.1922579093634826,0.7641865496419314,0.0,0.33,0.0,0.44999999999999996,0.11249999999999999,0.10083774560266093,0.05,3,0.7917977689480399,865.7506476967762,0.1561379639710572,0.25657801372010536,24.4555442354786,0.0,0.0,0.0,-1.0,5.986820320135792,21172.40326164276,42.34480652328551,0.0,0.01009761201325012,0.0,12.0,1.0,0.07997024876758045,0.3333333333333333,0.0,0,7,8
0.1880414311562538,33.74695888472305,0.394539580576864,5,0.179533893317848,0.7641865496419314,0.0,0.33,0.0,0.44999999999999996,0.11249999999999999,0.10083774560266093,0.05,3,0.7018497517969612,1026.3413255147614,0.1801423698706083,0.25653502011392615,19.3617569299463,0.0,0.0,0.0,-1.0,6.25304111527695,19871.771271775702,39.743542543551406,0.0,0.07090784204480599,0.0,12.0,1.0,0.07997024876758045,0.375,0.0,0,7,9
0.3491857207015019,32.34241667783048,0.7136375488897464,5,0.191854086370737,0.7641865496419314,0.0,0.33,0.0,0.44999999999999996,0.11249999999999999,0.10083774560266093,0.05,3,0.7170998711210714,951.7889306021204,0.1841661260566532,0.3012819667738827,17.683849751201066,0.0,0.0,0.0,-1.0,7.657583322169519,16831.292443624236,42.07823110906058,1.0,0.213063515891383,0.0,12.0,1.0,0.07997024876758045,0.4166666666666667,0.0,0,7,10
0.2803203094814412,32.8527296510666,0.6187966007237555,4,0.1966939033745653,0.7641865496419314,0.0,0.33,0.0,0.44999999999999996,0.11249999999999999,0.10083774560266093,0.05,3,0.66711868840907,789.3604684796643,0.2691772951882318,0.2701330525581128,21.414442429436445,0.0,0.0,0.0,-1.0,7.147270348933403,16903.714308330753,42.25928577082688,1.0,0.20967747719140634,0.0,12.0,1.0,0.07997024876758045,0.4583333333333333,0.0,0,7,11
0.3782150740138504,32.09814842456523,0.7449705632784877,5,0.1743335731554976,0.7641865496419314,0.0,0.33,0.0,0.44999999999999996,0.11249999999999999,0.10083774560266093,0.05,3,0.7245322736184239,928.6959561897646,0.2939180944131725,0.28734005728853707,16.112319056707022,0.0,0.0,0.0,-1.0,7.90185157543477,14963.445552803096,37.40861388200774,1.0,0.3003935215958941,0.0,12.0,1.0,0.07997024876758045,0.5,0.0,0,7,12
0.4041400409000054,32.07142307501164,0.7731462059555696,1,0.3021909274748233,0.7641865496419314,0.0,0.33,0.0,0.44999999999999996,0.11249999999999999,0.10083774560266093,0.05,3,0.7879538053522109,839.9397653962162,0.1065835558282713,0.2777895564959426,37.66677460127846,0.0,0.0,0.0,-1.0,7.928576924988362,31637.821821829988,63.275643643659976,0.0,0.0,1.0,11.0,1.0,0.07997024876758045,0.5416666666666666,0.0,0,7,13
0.1935711353769683,32.705473344075855,0.5744925730268498,0,0.374836937189668,0.7641865496419314,0.0,0.33,1.0,0.44999999999999996,0.11249999999999999,0.10083774560266093,0.4842196204397464,3,0.9906582969388747,1001.2370482884209,0.1186518876560196,0.24657554893264713,37.75547668105588,0.0,0.0,0.0,-1.0,7.294526655924145,37802.18202886269,75.60436405772536,0.0,0.0,2.0,10.0,1.0,0.07997024876758045,0.5833333333333334,1.0,2,7,14
0.0488391173105143,32.09424171076205,0.3122260388836995,0,0.3865819049747858,0.7641865496419314,0.0,0.33,1.0,0.44999999999999996,0.11249999999999999,0.10083774560266093,0.493298386476523,3,0.8641581802545197,1261.5966837005085,0.1893048734035735,0.2581472094445046,30.52556016626728,0.0,0.0,0.0,-1.0,7.905758289237953,38510.94547386314,77.02189094772628,0.0,0.0,3.0,9.0,1.0,0.07997024876758045,0.625,1.0,2,7,15
0.1332651602001491,31.795407504134623,0.3773381652897942,0,0.3847373643844878,0.7641865496419314,0.0,0.33,1.0,0.44999999999999996,0.11249999999999999,0.10083774560266093,0.4695015631986459,3,0.821065387260217,1303.9973905208235,0.2574658739950647,0.25909239460627503,28.10831464256625,0.0,0.0,0.0,-1.0,8.204592495865377,36653.16894584464,73.30633789168928,0.0,0.0,4.0,8.0,1.0,0.07997024876758045,0.6666666666666666,1.0,2,7,16
0.2720939435723817,30.48134648874753,0.680040759647069,0,0.3885699518693483,0.7641865496419314,0.0,0.33,1.0,0.44999999999999996,0.11249999999999999,0.10083774560266093,0.4763768416969861,3,0.9245943398356172,1580.319193788347,0.2254590914141189,0.29101615830580796,23.53316349280155,0.0,0.0,0.0,-1.0,9.51865351125247,37189.90995823351,74.37981991646701,0.0,0.0,5.0,7.0,1.0,0.07997024876758045,0.7083333333333334,1.0,2,7,17
0.4004432888736904,30.66256300741829,0.800995411046833,0,0.4061887996724542,0.7641865496419314,0.0,0.33,1.0,0.44999999999999996,0.11249999999999999,0.10083774560266093,0.4890991808892775,3,0.8437083594198699,1385.5979104364242,0.1619456425228531,0.27666479978019876,27.557143759430296,0.0,0.0,0.0,-1.0,9.337436992581708,38183.12081066277,76.36624162132554,0.0,0.0,6.0,6.0,1.0,0.07997024876758045,0.75,0.0,2,7,18
0.4671976974793519,30.556908886804067,0.8601661469062064,0,0.3952213620987526,0.7641865496419314,0.0,0.33,1.0,0.44999999999999996,0.11249999999999999,0.10083774560266093,0.4630603239734129,3,0.7898257531710245,1336.8704657073372,0.1720386172390664,0.2714181876846736,27.04099877326492,0.0,0.0,0.0,-1.0,9.443091113195935,36150.312623206206,72.30062524641241,0.0,0.0,7.0,5.0,1.0,0.07997024876758045,0.7916666666666666,0.0,2,7,19
0.374033854987256,30.182860592515443,0.7151207825971002,0,0.4125396940217178,0.7641865496419314,0.0,0.33,1.0,0.44999999999999996,0.11249999999999999,0.10083774560266093,0.5008164374774121,3,0.8854419978905881,1611.7207325653185,0.2210557773853176,0.27396668113910383,24.25846229159228,0.0,0.0,0.0,-1.0,9.817139407484555,39097.86661551326,78.19573323102652,0.0,0.0,8.0,4.0,1.0,0.07997024876758045,0.8333333333333334,0.0,2,7,20
0.2035352419323209,30.57088317247048,0.5088044342852152,1,0.3653660837127432,0.7641865496419314,0.0,0.33,0.0,0.44999999999999996,0.11249999999999999,0.10083774560266093,0.139749542089871,3,0.7942860181779059,1594.7573724268543,0.2651845098561023,0.25570486311944457,20.382093569130067,0.0,0.0,0.0,-1.0,9.42911682752952,32504.493984864148,65.0089879697283,0.0,0.0,9.0,3.0,1.0,0.07997024876758045,0.875,0.0,1,7,21
0.3417339382798973,28.219026480614662,0.8598860084786137,0,0.4180255881152692,0.7641865496419314,0.0,0.33,1.0,0.44999999999999996,0.11249999999999999,0.10083774560266093,0.4923939180080362,3,0.8988841339099896,1338.2770004669974,0.1586609919818804,0.310706993917855,28.72375089994444,0.0,0.0,0.0,-1.0,11.780973519385336,38440.33519653887,76.88067039307774,0.0,0.0,10.0,2.0,1.0,0.07997024876758045,0.9166666666666666,0.0,2,7,22
0.3625090679619518,29.450124459407267,0.8719131918986945,0,0.4050569720520034,0.7641865496419314,0.0,0.33,1.0,0.44999999999999996,0.11249999999999999,0.10083774560266093,0.4716079909895829,3,0.8785330172886894,1422.6923937857994,0.179755995528087,0.2707989443574605,25.878829642942517,0.0,0.0,0.0,-1.0,10.549875540592732,36817.61409309279,73.63522818618557,0.0,0.0,11.0,1.0,1.0,0.07997024876758045,0.9583333333333334,0.0,2,7,23
0.5601523716512729,27.545855303481225,1.1658121676045523,1,0.3566541480887896,0.7641865496419314,0.0,0.33,0.0,0.44999999999999996,0.11249999999999999,0.10083774560266093,0.1620942854930611,3,0.7517804940857896,1456.6703427591729,0.2208389008139196,0.3113536174129693,22.50584737789893,0.0,0.0,0.0,-1.0,12.454144696518773,32783.600414049666,65.56720082809932,0.0,0.0,12.0,0.0,1.0,0.07997024876758045,1.0,0.0,1,7,24
0.0,2.607013333409251,0.0,2,0.3377064907780667,0.9897964793515951,0.5,0.67,0.0,0.3,0.075,0.01015253624936531,0.95,5,0.8942600609098796,937.5601660766046,1.0,0.543604552815902,42.2290856106495,0.0,0.0,0.0,-1.0,1.3929866665907489,39592.308518383696,79.18461703676739,0.0,0.0,0.0,12.0,0.0,0.05982830628666481,0.041666666666666664,0.0,4,8,1
-0.3487370204929587,2.95575035390221,0.1743685102464792,2,0.3440172140975915,0.9897964793515951,0.5,0.67,0.0,0.3,0.075,0.01015253624936531,0.95,5,0.8340878896786361,1226.6877703481125,1.0,0.3978093889896344,31.961813198289136,0.0,0.0,0.0,-1.0,1.0442496460977904,39207.16536849217,78.41433073698433,0.0,0.0,0.0,12.0,0.0,0.05982830628666481,0.08333333333333333,0.0,4,8,2
-0.197292497142128,3.001598327693507,0.1761996543940928,1,0.3202132570075348,0.9897964793515951,0.5,0.67,0.0,0.3,0.075,0.01015253624936531,0.95,5,0.8193388524167557,1103.3870284230425,1.0,0.37149829667218354,34.02937420729882,0.0,0.0,0.0,-1.0,0.9984016723064932,37547.57008568718,75.09514017137435,0.0,0.01384184933861922,0.0,12.0,0.0,0.05982830628666481,0.125,0.0,4,8,3
-0.1071989449423524,2.9490604919533263,0.1579592710524244,2,0.3452798962256827,0.9897964793515951,0.5,0.67,0.0,0.3,0.075,0.01015253624936531,0.95,5,0.8070972129130506,1217.7231791389588,0.0304799934945314,0.38215982110788144,32.80840595256082,0.0,0.0,0.0,-1.0,1.050939508046674,39951.5563990339,79.90311279806781,0.0,0.0,0.0,12.0,0.0,0.05982830628666481,0.16666666666666666,0.0,4,8,4
-0.0741872254577897,2.981294391672641,0.147160889305827,2,0.3383705223578362,0.9897964793515951,0.5,0.67,0.0,0.3,0.075,0.01015253624936531,0.95,5,0.8292868949197862,1012.4251064226293,0.0380148659964239,0.36220643851639434,38.86593106930111,0.0,0.0,0.0,-1.0,1.0187056083273591,39348.84439905175,78.69768879810348,0.0,0.0,0.0,12.0,0.0,0.05982830628666481,0.20833333333333334,0.0,4,8,5
-0.0540143646458976,2.9802950304163125,0.1377175325307099,2,0.3357065481701582,0.9897964793515951,0.5,0.67,0.0,0.3,0.075,0.01015253624936531,0.95,5,0.7874095756186962,1150.1068851860502,0.0811137250193292,0.35467998942041307,34.6142137693747,0.0,0.0,0.0,-1.0,1.0197049695836875,39810.04558145963,79.62009116291927,0.0,0.0,0.0,12.0,0.0,0.05982830628666481,0.25,0.0,4,8,6
0.0164286993768774,2.847084656686521,0.0502445933356238,1,0.3251429170679155,0.9897964793515951,0.5,0.67,0.0,0.3,0.075,0.01015253624936531,0.95,5,0.895205893507479,1053.750243344214,0.559728385775475,0.39248181900033324,35.8250997823862,0.0,0.0,0.0,-1.0,1.152915343313479,37750.70761352021,75.50141522704041,0.0,0.008506597861077967,0.0,12.0,0.0,0.05982830628666481,0.2916666666666667,0.0,4,8,7
0.0171766192417744,2.9427473664124344,0.0503385956088232,1,0.3479308554636993,0.9897964793515951,0.5,0.67,0.0,0.3,0.075,0.01015253624936531,0.95,5,0.9030024442347668,1214.2479319855731,0.1400462405028067,0.3524175445291886,31.555241928480065,0.0,0.0,0.0,-1.0,1.0572526335875658,38315.887254961366,76.63177450992275,0.0,0.0,0.0,12.0,0.0,0.05982830628666481,0.3333333333333333,0.0,4,8,8
-0.0043120688616082,3.029015263886667,0.055738342367224,1,0.3447356382123605,0.9897964793515951,0.5,0.67,0.0,0.3,0.075,0.01015253624936531,0.95,5,0.8764890523352956,1004.2745150941709,0.1011133360033052,0.3170562403635373,37.99477448568858,0.0,0.0,0.0,-1.0,0.970984736113333,38157.18372272727,76.31436744545454,0.0,0.0,0.0,12.0,0.0,0.05982830628666481,0.375,0.0,4,8,9
0.0105979452717159,2.858744092743235,0.0664528067208269,1,0.3224527078740389,0.9897964793515951,0.5,0.67,0.0,0.3,0.075,0.01015253624936531,0.7251724427973406,5,0.9097841688487368,1059.1111797366411,0.1402421627282657,0.3652018903221647,26.709815499089643,0.0,0.0,0.0,-1.0,1.1412559072567647,28288.664203788856,70.72166050947213,1.0,0.2570199160098682,0.0,12.0,0.0,0.05982830628666481,0.4166666666666667,0.0,3,8,10
0.0276107499254024,2.7627705398096207,0.0896125525829895,1,0.3314278934377257,0.9897964793515951,0.5,0.67,0.0,0.3,0.075,0.01015253624936531,0.7706879984528372,5,0.8064030390829969,1252.3865123705466,0.3458570762954136,0.3881504188832563,22.742694612998484,0.0,0.0,0.0,-1.0,1.2372294601903795,28482.64398828159,71.20660997070398,1.0,0.25192518564237715,0.0,12.0,0.0,0.05982830628666481,0.4583333333333333,0.0,3,8,11
0.028940452407981,2.786541820021029,0.0909993802277829,0,0.318787656292436,0.9897964793515951,0.5,0.67,1.0,0.3,0.075,0.01015253624936531,0.5272483020714053,5,0.8208720042550791,1119.645873668719,0.2090520921924409,0.37337174768583714,24.43832235356892,0.0,0.0,0.0,-1.0,1.2134581799789708,27362.26678255946,68.40566695639866,1.0,0.28135103425832436,0.0,12.0,0.0,0.05982830628666481,0.5,0.0,2,8,12
0.0610831465206062,2.679844117674297,0.1162201683791465,1,0.3347531201855239,0.9897964793515951,0.5,0.67,0.0,0.3,0.075,0.01015253624936531,0.6662464917940447,5,0.8146195514794713,1222.313138838574,0.1505131996070475,0.39853762485304234,28.67261530334369,0.0,0.0,0.0,-1.0,1.3201558823257027,35046.914410140955,70.0938288202819,0.0,0.07951965407564489,1.0,11.0,0.0,0.05982830628666481,0.5416666666666666,0.0,3,8,13
0.0532534549625038,2.758826808148221,0.1100322109261497,0,0.3192867708933424,0.9897964793515951,0.5,0.67,1.0,0.3,0.075,0.01015253624936531,0.4670941566998013,5,0.8022795028852231,1052.100462490179,0.1389548873937515,0.3677550198079343,30.60540998423023,0.0,0.0,0.0,-1.0,1.2411731918517783,32199.96599911018,64.39993199822035,0.0,0.15429257210052333,2.0,10.0,0.0,0.05982830628666481,0.5833333333333334,1.0,2,8,14
0.01198524277407,2.798553172790932,0.0534837984817123,0,0.3347741484701542,0.9897964793515951,0.5,0.67,1.0,0.3,0.075,0.01015253624936531,0.5016313738321304,5,0.9615028175956388,1093.6563346324897,0.1973444021793547,0.3495118042790016,30.49395116408728,0.0,0.0,0.0,-1.0,1.201446827209068,33349.90285857783,66.69980571715566,0.0,0.12409036183439877,3.0,9.0,0.0,0.05982830628666481,0.625,1.0,2,8,15
-0.0267823948807425,2.927243954218093,0.073772138770967,1,0.3293871334284648,0.9897964793515951,0.5,0.67,0.0,0.3,0.075,0.01015253624936531,0.3029321420085324,5,0.7767143308081265,1163.739553978827,0.2285396432232477,0.3065017273662592,26.964849341155524,0.0,0.0,0.0,-1.0,1.0727560457819072,31380.061745382594,62.76012349076519,0.0,0.17582672892425905,4.0,8.0,0.0,0.05982830628666481,0.6666666666666666,1.0,1,8,16
-0.0074535527344416,2.682331514307302,0.0833902451396315,0,0.3464055615877908,0.9897964793515951,0.5,0.67,1.0,0.3,0.075,0.01015253624936531,0.495758713649528,5,0.9177588927173164,989.2579276187896,0.1584766932837208,0.369871855633038,33.51438312985224,0.0,0.0,0.0,-1.0,1.317668485692698,33154.369200459754,66.30873840091952,0.0,0.12922590350172172,5.0,7.0,0.0,0.05982830628666481,0.7083333333333334,1.0,2,8,17
0.016153156587735,2.5869310415792715,0.1074020179161767,1,0.3248157270812639,0.9897964793515951,0.5,0.67,0.0,0.3,0.075,0.01015253624936531,0.1440738173518436,5,0.8297072605259057,1056.3853049538427,0.1776159855368046,0.3898121264608906,28.90401509564436,0.0,0.0,0.0,-1.0,1.4130689584207283,30533.776801202737,61.06755360240548,0.0,0.1980537543637324,6.0,6.0,0.0,0.05982830628666481,0.75,0.0,1,8,18
0.0308260121106248,2.719000490083003,0.104769351362679,1,0.3193728962431561,0.9897964793515951,0.5,0.67,0.0,0.3,0.075,0.01015253624936531,0.05,5,0.8680169015638509,986.9119222566312,0.1794999000965227,0.3473896976046093,29.59997253335177,0.0,0.0,0.0,-1.0,1.2809995099169968,29212.56579163369,58.42513158326738,0.0,0.2327543489123722,7.0,5.0,0.0,0.05982830628666481,0.7916666666666666,0.0,0,8,19
0.0436213057668181,2.637230205449866,0.111755370219917,1,0.3269383811838715,0.9897964793515951,0.5,0.67,0.0,0.3,0.075,0.01015253624936531,0.2287971999043313,5,0.879781102552252,992.125817340624,0.1863065490936777,0.36340527854670235,31.231042068967707,0.0,0.0,0.0,-1.0,1.3627697945501338,30985.123139074,61.970246278148,0.0,0.1861994887255792,8.0,4.0,0.0,0.05982830628666481,0.8333333333333334,0.0,1,8,20
0.0239649071750769,2.7601364996062703,0.108420963199984,1,0.3349105675276375,0.9897964793515951,0.5,0.67,0.0,0.3,0.075,0.01015253624936531,0.05,5,0.8608976646191614,900.7961214860331,0.1669037781497531,0.3252100984639292,33.07634575091097,0.0,0.0,0.0,-1.0,1.23986350039373,29795.04396535164,59.59008793070328,0.0,0.21745600610927096,9.0,3.0,0.0,0.05982830628666481,0.875,0.0,0,8,21
0.003402697087101,2.5709434168080234,0.0680609126158496,0,0.3447590845057771,0.9897964793515951,0.5,0.67,1.0,0.3,0.075,0.01015253624936531,0.452167523277346,5,0.8617819297758224,836.5514805946261,0.1486013907255607,0.36878879566244566,37.8972194036852,0.0,0.0,0.0,-1.0,1.4290565831919768,31702.97500257225,63.4059500051445,0.0,0.1673456597150539,10.0,2.0,0.0,0.05982830628666481,0.9166666666666666,0.0,2,8,22
-0.0207489136403888,2.796426422195701,0.0855062562339923,1,0.3385384272251704,0.9897964793515951,0.5,0.67,0.0,0.3,0.075,0.01015253624936531,0.1886819509976288,5,0.8179828302041641,826.8908459528444,0.1606501512301141,0.30566948007728234,37.213397123594895,0.0,0.0,0.0,-1.0,1.2035735778042993,30771.417428308527,61.54283485661706,0.0,0.1918123054280531,11.0,1.0,0.0,0.05982830628666481,0.9583333333333334,0.0,1,8,23
-0.0248186290068899,2.8350517796433823,0.0910661911440066,1,0.315851001032053,0.9897964793515951,0.5,0.67,0.0,0.3,0.075,0.01015253624936531,0.05,5,0.8674956419345955,1025.6985229536783,0.2225874724345767,0.2912370550891544,28.3055694034981,0.0,0.0,0.0,-1.0,1.1649482203566175,29032.98072853084,58.06596145706168,0.0,0.2374710129551253,12.0,0.0,0.0,0.05982830628666481,1.0,0.0,0,8,24
0.0,203616.85180958465,0.0,8,0.4236746925247798,0.14720706440111916,1.0,0.33,0.0,0.25,0.0625,0.0816171683361877,0.95,3,0.7138843185665747,724.9943228480117,1.0,0.43654727708626223,68.51242414270725,0.0,0.0,0.0,-1.0,46383.14819041536,49671.11854801781,99.34223709603562,0.0,0.0,0.0,12.0,1.0,0.17035966545333517,0.041666666666666664,0.0,4,9,1
-9190.02890422352,212806.88071380815,4595.014452111762,7,0.4128370786478742,0.14720706440111916,1.0,0.33,0.0,0.25,0.0625,0.0816171683361877,0.95,3,0.6202280651602765,873.0006150486239,1.0,0.33060550476614964,53.89511667351842,0.0,0.0,0.0,-1.0,37193.11928619183,47050.47000409893,94.10094000819788,0.0,0.012131370815449414,0.0,12.0,1.0,0.17035966545333517,0.08333333333333333,0.0,4,9,2
-4115.396318899222,211847.6444473831,4124.758752833997,7,0.4102569208463644,0.14720706440111916,1.0,0.33,0.0,0.25,0.0625,0.0816171683361877,0.95,3,0.6225700866126698,912.8188497818552,1.0,0.32128299412730027,52.70039192894309,0.0,0.0,0.0,-1.0,38152.35555261691,48105.9111436308,96.2118222872616,0.0,0.0,0.0,12.0,1.0,0.17035966545333517,0.125,0.0,4,9,3
-3789.764501539286,216569.1455701906,4725.805726837759,5,0.3526391621660658,0.14720706440111916,1.0,0.33,0.0,0.25,0.0625,0.0816171683361877,0.95,3,0.7001242763039895,917.5402829385772,0.0224870346385491,0.2674468354384752,44.47006980127637,0.0,0.0,0.0,-1.0,33430.8544298094,40803.08042776139,81.60616085552279,0.0,0.14330115883713662,0.0,12.0,1.0,0.17035966545333517,0.16666666666666666,0.0,4,9,4
-2509.294868987848,214282.19372633265,4401.886331557535,7,0.3999316264019213,0.14720706440111916,1.0,0.33,0.0,0.25,0.0625,0.0816171683361877,0.95,3,0.6251597325936574,858.1364280493522,0.027369485709372,0.2721356668469893,54.19620435866399,0.0,0.0,0.0,-1.0,35717.806273667346,46507.73722217665,93.0154744443533,0.0,0.023526553249214044,0.0,12.0,1.0,0.17035966545333517,0.20833333333333334,0.0,4,9,5
-784.9446524875268,207281.9763449212,4360.40476227502,7,0.3981537943163921,0.14720706440111916,1.0,0.33,0.0,0.25,0.0625,0.0816171683361877,0.95,3,0.7023704098000285,773.5752391258397,0.0468177074986711,0.3106765356733006,61.03531086829025,0.0,0.0,0.0,-1.0,42718.02365507883,47215.4052000576,94.4308104001152,0.0,0.00866840209437642,0.0,12.0,1.0,0.17035966545333517,0.25,0.0,4,9,6
911.7977333476362,209621.08781062343,3018.0255169662737,10,0.4701497639583066,0.14720706440111916,1.0,0.33,0.0,0.25,0.0625,0.0816171683361877,0.95,3,0.573649584691438,898.1579459535222,0.5105946240560661,0.2808967804478367,60.77630667666583,0.0,0.0,0.0,-1.0,40378.912189376526,54586.72276735552,109.17344553471104,0.0,0.0,0.0,12.0,1.0,0.17035966545333517,0.2916666666666667,0.0,4,9,7
1905.0388608018468,204081.25055379275,4187.408787013287,7,0.4158337813641211,0.14720706440111916,1.0,0.33,0.0,0.25,0.0625,0.0816171683361877,0.95,3,0.6309086410756072,830.3954043899702,0.0930264872322143,0.3061249963080483,55.1468578443026,0.0,0.0,0.0,-1.0,45918.74944620724,45793.69732045586,91.58739464091173,0.0,0.03851848890542612,0.0,12.0,1.0,0.17035966545333517,0.3333333333333333,0.0,4,9,8
2751.3016467037846,202962.7776536476,4984.422258305306,6,0.3840108882409077,0.14720706440111916,1.0,0.33,0.0,0.25,0.0625,0.0816171683361877,0.95,3,0.7906128541206885,707.2881524152109,0.0767498466490149,0.30103822301665534,60.09485420288139,0.0,0.0,0.0,-1.0,47037.2223463524,42504.378398817455,85.00875679763493,0.0,0.10758081652482405,0.0,12.0,1.0,0.17035966545333517,0.375,0.0,4,9,9
2301.88817631874,201868.46315823172,4292.004143607168,8,0.4440887729500192,0.14720706440111916,1.0,0.33,0.0,0.25,0.0625,0.0816171683361877,0.95,3,0.6460762497782266,861.8924747142032,0.0975466525144857,0.29619407287241994,45.202568929019456,0.0,0.0,0.0,-1.0,48131.53684176824,38959.75399767193,97.39938499417984,1.0,0.18200352150160085,0.0,12.0,1.0,0.17035966545333517,0.4166666666666667,0.0,4,9,10
1742.1520342238457,199962.18147681837,3260.141399793715,8,0.4674516850260737,0.14720706440111916,1.0,0.33,0.0,0.25,0.0625,0.0816171683361877,0.95,3,0.607521784802963,893.7687830890378,0.2496790813075355,0.2965204060632989,44.94721557060119,0.0,0.0,0.0,-1.0,50037.81852318168,40172.41816377688,100.4310454094422,1.0,0.1565425029968556,0.0,12.0,1.0,0.17035966545333517,0.4583333333333333,0.0,4,9,11
2533.8088671156493,194574.73008608175,4517.616848273844,6,0.4211490116723958,0.14720706440111916,1.0,0.33,0.0,0.25,0.0625,0.0816171683361877,0.95,3,0.6765839531275898,785.597766958866,0.1537780287943859,0.31671582807953275,46.01359034393909,0.0,0.0,0.0,-1.0,55425.26991391823,36148.17382395859,90.37043455989648,1.0,0.2410352772270312,0.0,12.0,1.0,0.17035966545333517,0.5,0.0,4,9,12
2476.4022414752785,192160.519740288,4408.44108641847,4,0.3528765905722965,0.14720706440111916,1.0,0.33,0.0,0.25,0.0625,0.0816171683361877,0.95,3,0.7042306020711321,942.8720369261478,0.1528216977660344,0.31911437384668684,39.18278011980536,0.0,0.0,0.0,-1.0,57839.48025971199,36944.34770399024,73.88869540798049,0.0,0.22431886186729313,1.0,11.0,1.0,0.17035966545333517,0.5416666666666666,0.0,4,9,13
1121.571390747691,202014.03424732733,4087.960664825505,0,0.2690901136075387,0.14720706440111916,1.0,0.33,1.0,0.25,0.0625,0.0816171683361877,0.5267735769757355,3,0.9388584011820718,819.7070356619876,0.1628977822356949,0.2559251506809209,33.106522714178446,0.0,0.0,0.0,-1.0,47985.96575267267,27137.649595115472,54.27529919023095,0.0,0.43021966193999955,2.0,10.0,1.0,0.17035966545333517,0.5833333333333334,1.0,2,9,14
311.0286073786402,198942.99331343465,3680.179474524824,0,0.2519607240070576,0.14720706440111916,1.0,0.33,1.0,0.25,0.0625,0.0816171683361877,0.4872224136492644,3,0.886883330241181,879.9199880353667,0.2240039305311573,0.2635200345113051,28.525438136336398,0.0,0.0,0.0,-1.0,51057.00668656537,25100.103183628715,50.20020636725743,0.0,0.4729998547890821,3.0,9.0,1.0,0.17035966545333517,0.625,1.0,2,9,15
-544.8347238106074,199184.36370567305,3363.080492126729,0,0.2621755190937066,0.14720706440111916,1.0,0.33,1.0,0.25,0.0625,0.0816171683361877,0.4848317490729634,3,0.9895125264338398,762.4615347424296,0.1696792117455644,0.2540781814716349,32.75830036737609,0.0,0.0,0.0,-1.0,50815.63629432698,24976.94397366307,49.95388794732614,0.0,0.47558569760658453,4.0,8.0,1.0,0.17035966545333517,0.6666666666666666,1.0,2,9,16
-582.0832020952537,195049.21430829613,3336.5241186404305,0,0.2620429446034378,0.14720706440111916,1.0,0.33,1.0,0.25,0.0625,0.0816171683361877,0.4868331425520958,3,1.0,772.9834736779835,0.1661249110426731,0.2664280518385642,32.445776741075505,0.0,0.0,0.0,-1.0,54950.78569170387,25080.049211496866,50.16009842299373,0.0,0.47342090669266285,5.0,7.0,1.0,0.17035966545333517,0.7083333333333334,1.0,2,9,17
1494.4518398826622,185829.97474608044,5365.33067322552,0,0.2478463935038482,0.14720706440111916,1.0,0.33,1.0,0.25,0.0625,0.0816171683361877,0.4522492272529815,3,0.8821579000243744,645.02564996368,0.1483655314250768,0.3019765894302097,36.12011266967304,0.0,0.0,0.0,-1.0,64170.025253919564,23298.39915151721,46.59679830303442,0.0,0.5108283162740197,6.0,6.0,1.0,0.17035966545333517,0.75,0.0,2,9,18
4033.592052435348,182473.7309001678,7259.45334641497,1,0.2461126665154965,0.14720706440111916,1.0,0.33,0.0,0.25,0.0625,0.0816171683361877,0.2685986150902743,3,0.8653377809468871,677.0817478346081,0.1863627810079874,0.30869151588494714,33.247921919628006,0.0,0.0,0.0,-1.0,67526.26909983219,22511.56108521031,45.02312217042062,0.0,0.5273487174917993,7.0,5.0,1.0,0.17035966545333517,0.7916666666666666,0.0,1,9,19
3518.9969139738578,186180.2425113639,6691.636851780966,0,0.2708312466015706,0.14720706440111916,1.0,0.33,1.0,0.25,0.0625,0.0816171683361877,0.4982391377972761,3,0.970746409162376,629.5691185538983,0.1469156670151302,0.2836433666161604,40.77018388840466,0.0,0.0,0.0,-1.0,63819.75748863609,25667.64873390327,51.33529746780654,0.0,0.46108370507366647,8.0,4.0,1.0,0.17035966545333517,0.8333333333333334,0.0,2,9,20
2499.577165903072,187679.9553916934,5797.859807233016,1,0.2486776977688642,0.14720706440111916,1.0,0.33,0.0,0.25,0.0625,0.0816171683361877,0.2215078822641779,3,0.8830344673546804,660.8649426936428,0.1860611990749051,0.2694920847926772,33.47644276668915,0.0,0.0,0.0,-1.0,62320.044608306605,22123.40743059504,44.24681486119008,0.0,0.5354983665529959,9.0,3.0,1.0,0.17035966545333517,0.875,0.0,1,9,21
630.1293242172844,188787.0183291682,3836.379586088028,0,0.2692382230721338,0.14720706440111916,1.0,0.33,1.0,0.25,0.0625,0.0816171683361877,0.4805878280844902,3,0.9345552882208706,665.6814019014693,0.1553156379094426,0.25773887019297603,37.19243318456899,0.0,0.0,0.0,-1.0,61212.98167083181,24758.31106243061,49.51662212486122,0.0,0.48017610008917444,10.0,2.0,1.0,0.17035966545333517,0.9166666666666666,0.0,2,9,22
-488.0980648467817,185158.7461665418,1991.2891343073136,0,0.2771134468220051,0.14720706440111916,1.0,0.33,1.0,0.25,0.0625,0.0816171683361877,0.4889324723275471,3,1.0,693.0880896160489,0.1690567452490719,0.2660154003423927,36.34198911215808,0.0,0.0,0.0,-1.0,64841.25383345821,25188.199806592893,50.37639961318579,0.0,0.47115018378354634,11.0,1.0,1.0,0.17035966545333517,0.9583333333333334,0.0,2,9,23
-399.0381379530472,185658.4830852375,1995.01408521892,0,0.2611372632923557,0.14720706440111916,1.0,0.33,1.0,0.25,0.0625,0.0816171683361877,0.4659399713735739,3,0.8638152728967461,689.7032386634534,0.1688752729149925,0.25736606765905,34.802941480092926,0.0,0.0,0.0,-1.0,64341.516914762506,24003.70145383473,48.00740290766946,0.0,0.4960198346905113,12.0,0.0,1.0,0.17035966545333517,1.0,0.0,2,9,24
0.0,393.7645344849511,0.0,1,0.4121504122969487,0.2937711505226452,0.0,1.0,0.0,0.4,0.06,0.1444858283635109,0.7657046638376743,2,0.9029051129742768,1589.231556828083,1.0,0.4999316024237597,18.242788620299663,0.0,0.0,0.0,-1.0,106.23546551504894,28992.01535992447,57.98403071984894,0.0,0.16338064725591298,0.0,12.0,1.0,0.12191826189017577,0.041666666666666664,0.0,3,10,1
-23.531710678314987,417.29624516326606,11.765855339157495,1,0.4392665387209469,0.2937711505226452,0.0,1.0,0.0,0.4,0.06,0.1444858283635109,0.8938444922228571,2,0.8095893495360605,2065.377449792621,1.0,0.3675722437188176,14.543375293760633,0.0,0.0,0.0,-1.0,82.70375483673395,30037.559375604345,60.07511875120869,0.0,0.13320950024166725,0.0,12.0,1.0,0.12191826189017577,0.08333333333333333,0.0,3,10,2
-13.151007083557657,420.0665486520664,11.800244527198569,2,0.4447021408398924,0.2937711505226452,0.0,1.0,0.0,0.4,0.06,0.1444858283635109,0.95,2,0.7952156403272983,1605.7937479240447,1.0,0.3365619004123521,19.48378087042817,0.0,0.0,0.0,-1.0,79.93345134793363,31286.93350765566,62.57386701531132,0.0,0.09715645029961938,0.0,12.0,1.0,0.12191826189017577,0.125,0.0,4,10,3
-8.943996287460587,422.65442094688615,11.519669615057024,2,0.451913164119528,0.2937711505226452,0.0,1.0,0.0,0.4,0.06,0.1444858283635109,0.95,2,0.8048374538137103,2090.7444767181223,0.0666395882453641,0.30938231621245527,15.006095120486677,0.0,0.0,0.0,-1.0,77.34557905311382,31373.910490264287,62.74782098052857,0.0,0.09464656521607848,0.0,12.0,1.0,0.12191826189017577,0.16666666666666666,0.0,4,10,4
-6.9612341465797565,425.89161732603975,11.443225679133592,1,0.421673627285157,0.2937711505226452,0.0,1.0,0.0,0.4,0.06,0.1444858283635109,0.8183608909838878,2,0.8270982957158888,1961.241644822878,0.096765482372671,0.2823176482817533,15.001546910985882,0.0,0.0,0.0,-1.0,74.10838267396025,29421.65853858952,58.84331707717903,0.0,0.15098248198236222,0.0,12.0,1.0,0.12191826189017577,0.20833333333333334,0.0,3,10,5
-4.146929701095532,417.1182446359917,10.455496459426763,3,0.4767598616042627,0.2937711505226452,0.0,1.0,0.0,0.4,0.06,0.1444858283635109,0.95,2,0.7964758866963516,1616.3935570332771,0.1228721946395908,0.3013882013236666,20.98633915298645,0.0,0.0,0.0,-1.0,82.88175536400831,33922.18339260249,67.84436678520498,0.0,0.02111133837164018,0.0,12.0,1.0,0.12191826189017577,0.25,0.0,4,10,6
1.049232631928794,411.0731598735786,4.677314248472054,2,0.4734123898268642,0.2937711505226452,0.0,1.0,0.0,0.4,0.06,0.1444858283635109,0.95,2,0.8180918649482546,1836.6221465157616,0.5835963173029449,0.3093107482658135,17.956506712064268,0.0,0.0,0.0,-1.0,88.92684012642138,32979.31790143616,65.95863580287232,0.0,0.04831950265933901,0.0,12.0,1.0,0.12191826189017577,0.2916666666666667,0.0,4,10,7
3.123858104784795,406.90297310056695,6.545262945037441,3,0.5227676757810963,0.2937711505226452,0.0,1.0,0.0,0.4,0.06,0.1444858283635109,0.95,2,0.8189485762917236,1877.570402327972,0.2030156353779418,0.31032342299811017,18.397113500738875,0.0,0.0,0.0,-1.0,93.09702689943305,34541.87579725565,69.0837515945113,0.0,0.003228943786612565,0.0,12.0,1.0,0.12191826189017577,0.3333333333333333,0.0,4,10,8
3.2188433794410445,412.7247207785652,6.5968523775968855,3,0.5487043517283672,0.2937711505226452,0.0,1.0,0.0,0.4,0.06,0.1444858283635109,0.95,2,0.8492192473479374,2026.8661770924048,0.1834726826461655,0.27928089350859137,17.9785519830431,0.0,0.0,0.0,-1.0,87.2752792214348,36440.11892752765,72.8802378550553,0.0,0.0,0.0,12.0,1.0,0.12191826189017577,0.375,0.0,4,10,9
4.51068710777156,397.78695924069706,8.645864798444585,3,0.5508999593971525,0.2937711505226452,0.0,1.0,0.0,0.4,0.06,0.1444858283635109,0.95,2,0.8160254220616328,1666.4606759918186,0.1777199963868175,0.3145016638747782,17.40104511139216,0.0,0.0,0.0,-1.0,102.21304075930291,28998.157399294712,72.49539349823678,1.0,0.16320340711104317,0.0,12.0,1.0,0.12191826189017577,0.4166666666666667,0.0,4,10,10
1.7832977633671263,411.4425311365511,6.036337378815012,4,0.5715333424693919,0.2937711505226452,0.0,1.0,0.0,0.4,0.06,0.1444858283635109,0.95,2,0.7878264983290924,1627.9887447385931,0.2937305400965029,0.2623925003361449,18.102254612693383,0.0,0.0,0.0,-1.0,88.5574688634489,29470.26676385711,73.67566690964277,1.0,0.1495797998487971,0.0,12.0,1.0,0.12191826189017577,0.4583333333333333,0.0,4,10,11
0.8355650446950903,405.4880220466961,5.071607502299403,4,0.5951725437945568,0.2937711505226452,0.0,1.0,0.0,0.4,0.06,0.1444858283635109,0.95,2,0.8230992123498817,1835.896687348784,0.2743685892643501,0.2700342227237254,16.695386468466968,0.0,0.0,0.0,-1.0,94.51197795330388,30651.00471146622,76.62751177866555,1.0,0.1155073766237948,0.0,12.0,1.0,0.12191826189017577,0.5,0.0,4,10,12
0.9096372593073948,402.1464171453659,5.134594330443516,4,0.6001624263601589,0.2937711505226452,0.0,1.0,0.0,0.4,0.06,0.1444858283635109,0.95,2,0.7645667220388537,1945.8160460573797,0.2076081085472315,0.26994091821968025,19.375076537770365,0.0,0.0,0.0,-1.0,97.8535828546341,37700.33482078343,75.40066964156686,0.0,0.0,1.0,11.0,1.0,0.12191826189017577,0.5416666666666666,0.0,4,10,13
-0.3966582904277496,414.0765558867292,5.956053867468538,4,0.6357201093300612,0.2937711505226452,0.0,1.0,0.0,0.4,0.06,0.1444858283635109,0.95,2,0.7311913183228612,1749.9513519895822,0.1759372090581372,0.22912918430205548,21.981924537183808,0.0,0.0,0.0,-1.0,85.9234441132708,38467.29856317778,76.93459712635556,0.0,0.0,2.0,10.0,1.0,0.12191826189017577,0.5833333333333334,1.0,4,10,14
-0.189044986777245,398.19818027829706,6.197314390197804,4,0.6392171298477035,0.2937711505226452,0.0,1.0,0.0,0.4,0.06,0.1444858283635109,0.95,2,0.7216174862002267,2073.8434312557188,0.2475060614106682,0.2627143734753624,18.423254390567465,0.0,0.0,0.0,-1.0,101.80181972170294,38206.945100231416,76.41389020046283,0.0,0.0,3.0,9.0,1.0,0.12191826189017577,0.625,1.0,4,10,15
3.0783472091711888,391.8819779851196,7.560731045532515,5,0.7184588353169656,0.2937711505226452,0.0,1.0,0.0,0.4,0.06,0.1444858283635109,0.95,2,0.7668447096724239,1843.6566592697525,0.2134205710300008,0.2702950550372011,22.27513049847056,0.0,0.0,0.0,-1.0,108.11802201488042,41067.692679608,82.135385359216,0.0,0.0,4.0,8.0,1.0,0.12191826189017577,0.6666666666666666,1.0,4,10,16
4.934482463663512,380.2809834188858,10.648851265067762,5,0.7013204049324474,0.2937711505226452,0.0,1.0,0.0,0.4,0.06,0.1444858283635109,0.95,2,0.7845063672190347,1925.2554902949023,0.2251849671135365,0.29022791898451933,20.918727763269715,0.0,0.0,0.0,-1.0,119.71901658111422,40273.89547621943,80.54779095243886,0.0,0.0,5.0,7.0,1.0,0.12191826189017577,0.7083333333333334,1.0,4,10,17
5.3763715504459055,386.05240023158615,11.033941094391066,7,0.8368188091798224,0.2937711505226452,0.0,1.0,0.0,0.4,0.06,0.1444858283635109,0.95,2,0.6795234377467374,1919.4802181041584,0.177821378412121,0.2681119994550914,24.589093628164004,0.0,0.0,0.0,-1.0,113.94759976841384,47198.27880037181,94.39655760074362,0.0,0.0,6.0,6.0,1.0,0.12191826189017577,0.75,0.0,4,10,18
8.267308938347481,365.8130602595702,14.96220601066497,6,0.7844466977434659,0.2937711505226452,0.0,1.0,0.0,0.4,0.06,0.1444858283635109,0.95,2,0.6867782016640402,2146.223943518151,0.2426209840851488,0.3067130051209825,20.05909340565172,0.0,0.0,0.0,-1.0,134.18693974042984,43051.306552476766,86.10261310495353,0.0,0.0,7.0,5.0,1.0,0.12191826189017577,0.7916666666666666,0.0,4,10,19
4.020750290211387,384.539995519607,10.095692368239916,7,0.8049563202977783,0.2937711505226452,0.0,1.0,0.0,0.4,0.06,0.1444858283635109,0.95,2,0.7213752055737542,2179.2174017294465,0.2212223611954283,0.2565777877342067,21.004402183232614,0.0,0.0,0.0,-1.0,115.46000448039302,45773.15875062449,91.54631750124898,0.0,0.0,8.0,4.0,1.0,0.12191826189017577,0.8333333333333334,0.0,4,10,20
3.364184568210008,369.8251467416201,9.154873496396355,7,0.8629158312622437,0.2937711505226452,0.0,1.0,0.0,0.4,0.06,0.1444858283635109,0.95,2,0.6912632049765649,2016.582572972453,0.204688872546244,0.2814591421802809,22.841196857184272,0.0,0.0,0.0,-1.0,130.17485325837993,46061.15952803097,92.12231905606195,0.0,0.0,9.0,3.0,1.0,0.12191826189017577,0.875,0.0,4,10,21
2.6132592420985303,367.9791337661684,8.14622906337474,6,0.7923617150886598,0.2937711505226452,0.0,1.0,0.0,0.4,0.06,0.1444858283635109,0.95,2,0.6595986796557095,1830.752348536464,0.1879184752050761,0.2779386657554349,23.87973116686054,0.0,0.0,0.0,-1.0,132.02086623383158,43717.87391614932,87.43574783229865,0.0,0.0,10.0,2.0,1.0,0.12191826189017577,0.9166666666666666,0.0,4,10,22
4.698616849774172,354.80540793480543,10.8632876985904,5,0.7511042976901462,0.2937711505226452,0.0,1.0,0.0,0.4,0.06,0.1444858283635109,0.95,2,0.6725433599027629,2233.4202223324587,0.2664727279223415,0.29783506064655296,18.34089745313539,0.0,0.0,0.0,-1.0,145.19459206519457,40962.93126755847,81.92586253511695,0.0,0.0,11.0,1.0,1.0,0.12191826189017577,0.9583333333333334,0.0,4,10,23
2.688359997544092,365.20449542273286,8.790081506419789,5,0.7239179537011324,0.2937711505226452,0.0,1.0,0.0,0.4,0.06,0.1444858283635109,0.95,2,0.7271994726821054,1915.02201616146,0.2183267132857697,0.2695910091545343,20.848566292838527,0.0,0.0,0.0,-1.0,134.79550457726717,39925.4634561875,79.85092691237502,0.0,0.0,12.0,0.0,1.0,0.12191826189017577,1.0,0.0,4,10,24
0.0,122.74176103709743,0.0,4,0.1488997661422321,0.839925209238502,0.5,0.0,0.0,0.34999999999999837,0.05249999999999975,0.017613259693856614,0.05,1,0.6715048585057383,301.8125408748828,1.0,0.503229027007432,34.70398936307968,0.0,0.0,0.0,-1.0,27.25823896290256,10474.099208165982,20.94819841633196,0.0,0.0,0.0,12.0,1.0,0.08173069729124868,0.041666666666666664,0.0,0,11,1
-8.518911664637853,131.2606727017353,4.259455832318926,4,0.1516455260060331,0.839925209238502,0.5,0.0,0.0,0.34999999999999837,0.05249999999999975,0.017613259693856614,0.05,1,0.8159835194697842,357.2785188497895,1.0,0.321245610827395,29.02413041752032,0.0,0.0,0.0,-1.0,18.73932729826471,10369.698326474783,20.73939665294957,0.0,0.0,0.0,12.0,1.0,0.08173069729124868,0.08333333333333333,0.0,0,11,2
-3.520330931400683,129.7824228998988,3.716748846518031,4,0.1446624515441025,0.839925209238502,0.5,0.0,0.0,0.34999999999999837,0.05249999999999975,0.017613259693856614,0.05,1,0.7647466452249806,312.47328775836854,1.0,0.3234812336016191,32.57142075066177,0.0,0.0,0.0,-1.0,20.217577100101195,10177.698928920432,20.355397857840863,0.0,0.0,0.0,12.0,1.0,0.08173069729124868,0.125,0.0,0,11,3
-1.9635883797743463,129.77980557029073,3.317143378114078,4,0.1574820172499096,0.839925209238502,0.5,0.0,0.0,0.34999999999999837,0.05249999999999975,0.017613259693856614,0.05,1,0.7700413125140968,359.2597247754311,0.032859723360866,0.3033029164456389,30.432392537757664,0.0,0.0,0.0,-1.0,20.22019442970926,10933.1329673727,21.866265934745407,0.0,0.0,0.0,12.0,1.0,0.08173069729124868,0.16666666666666666,0.0,0,11,4
-0.9113197492224876,128.03879334893216,2.970289336061533,4,0.1540549100053912,0.839925209238502,0.5,0.0,0.0,0.34999999999999837,0.05249999999999975,0.017613259693856614,0.05,1,0.7428132361410362,383.2149978707613,0.0526126389106436,0.31004056448566375,28.049411766417425,0.0,0.0,0.0,-1.0,21.96120665106785,10748.955270343758,21.497910540687517,0.0,0.0,0.0,12.0,1.0,0.08173069729124868,0.20833333333333334,0.0,0,11,5
-0.5109410506733489,128.2519994694144,2.7116116307985467,4,0.1575848687081443,0.839925209238502,0.5,0.0,0.0,0.34999999999999837,0.05249999999999975,0.017613259693856614,0.05,1,0.7314702536944692,376.3858458530928,0.0927763197385175,0.28997334040780803,29.78964608923956,0.0,0.0,0.0,-1.0,21.748000530585603,11212.401140962707,22.42480228192541,0.0,0.0,0.0,12.0,1.0,0.08173069729124868,0.25,0.0,0,11,6
0.6135875209245277,128.23201655782597,1.1620615416986653,5,0.1209213110168919,0.839925209238502,0.5,0.0,0.0,0.34999999999999837,0.05249999999999975,0.017613259693856614,0.05,1,0.755074359867224,394.5738117818586,0.7883485776501028,0.2749640013748298,21.348955845565754,0.0,0.0,0.0,-1.0,21.767983442174028,8423.738885547473,16.847477771094944,0.0,0.10765144616221796,0.0,12.0,1.0,0.08173069729124868,0.2916666666666667,0.0,0,11,7
0.5574218991157925,126.76650178947068,1.0511806368707313,5,0.1401006251551003,0.839925209238502,0.5,0.0,0.0,0.34999999999999837,0.05249999999999975,0.017613259693856614,0.05,1,0.6700352731254399,361.66853287035616,0.1255249034378402,0.2788019785263519,25.5956722798536,0.0,0.0,0.0,-1.0,23.233498210529326,9257.149241285097,18.51429848257019,0.0,0.01936612110639908,0.0,12.0,1.0,0.08173069729124868,0.3333333333333333,0.0,0,11,8
0.9190192040476574,124.11404265995172,1.760033080191303,4,0.1601989542299735,0.839925209238502,0.5,0.0,0.0,0.34999999999999837,0.05249999999999975,0.017613259693856614,0.05,1,0.8031489650369068,360.9712725189996,0.1011147297383487,0.2958395124576946,29.47327643018244,0.0,0.0,0.0,-1.0,25.885957340048275,10639.006098307193,21.278012196614384,0.0,0.0,0.0,12.0,1.0,0.08173069729124868,0.375,0.0,0,11,9
1.2252323187012686,122.23804415737192,2.311482874146951,4,0.1507280296799533,0.839925209238502,0.5,0.0,0.0,0.34999999999999837,0.05249999999999975,0.017613259693856614,0.05,1,0.743161193371164,324.8507405132623,0.121018686063046,0.30285770010139706,24.423495669002573,0.0,0.0,0.0,-1.0,27.76195584262807,7933.99065399794,19.83497663499485,1.0,0.15953174920884233,0.0,12.0,1.0,0.08173069729124868,0.4166666666666667,0.0,0,11,10
1.3209044898314335,123.1325433067706,2.4081748308079267,4,0.1514953040219546,0.839925209238502,0.5,0.0,0.0,0.34999999999999837,0.05249999999999975,0.017613259693856614,0.05,1,0.7638963543669025,336.32122587651713,0.3715191798697517,0.2803560698423939,23.226693506552056,0.0,0.0,0.0,-1.0,26.867456693229418,7811.630033181727,19.52907508295432,1.0,0.1724937277928858,0.0,12.0,1.0,0.08173069729124868,0.4583333333333333,0.0,0,11,11
1.105664477863667,123.0479400029163,2.17032225462906,5,0.1487341719142347,0.839925209238502,0.5,0.0,0.0,0.34999999999999837,0.05249999999999975,0.017613259693856614,0.05,1,0.7191563060305756,380.46977693045136,0.2510131426818805,0.2695205999708369,20.13225499714232,0.0,0.0,0.0,-1.0,26.952059997083687,7659.7145678697025,19.149286419674254,1.0,0.18858652786879518,0.0,12.0,1.0,0.08173069729124868,0.5,0.0,0,11,12
1.149991591050601,119.177322416458,2.2584326461833664,5,0.1425963230655576,0.839925209238502,0.5,0.0,0.0,0.34999999999999837,0.05249999999999975,0.017613259693856614,0.05,1,0.7599048390095047,308.24180095211494,0.1388408581612381,0.2958977048020031,29.059838629106867,0.0,0.0,0.0,-1.0,30.822677583542,8957.45699441374,17.91491398882748,0.0,0.0511132997316622,1.0,11.0,1.0,0.08173069729124868,0.5416666666666666,0.0,0,11,13
0.6101307167895302,121.69648134774422,1.5618716535491022,6,0.1295296744694124,0.839925209238502,0.5,0.0,0.0,0.34999999999999837,0.05249999999999975,0.017613259693856614,0.05,1,0.6717836156102654,368.5641416468867,0.1852856334448295,0.26126324909774556,21.265810196871325,0.0,0.0,0.0,-1.0,28.30351865225577,7837.815081635491,15.67563016327098,0.0,0.1697198775540118,2.0,10.0,1.0,0.08173069729124868,0.5833333333333334,1.0,0,11,14
-0.2431606743992532,125.5759295708742,1.9110751285971008,4,0.1631001858809632,0.839925209238502,0.5,0.0,0.0,0.34999999999999837,0.05249999999999975,0.017613259693856614,0.05,1,0.6700866130880105,269.84793772552,0.1443838757603091,0.2171028482588961,36.12678064982406,0.0,0.0,0.0,-1.0,24.42407042912581,9748.737255017246,19.49747451003449,0.0,0.0,3.0,9.0,1.0,0.08173069729124868,0.625,1.0,0,11,15
-0.3087197175359559,123.27295580249032,1.9282560262420931,6,0.1177582088939098,0.839925209238502,0.5,0.0,0.0,0.34999999999999837,0.05249999999999975,0.017613259693856614,0.05,1,0.6944324021684163,103.80473523872602,0.0987482958098084,0.22908895026436857,64.84439458076447,0.0,0.0,0.0,-1.0,26.72704419750967,6731.155211171737,13.462310422343473,0.0,0.2869512338930511,4.0,8.0,1.0,0.08173069729124868,0.6666666666666666,1.0,0,11,16
0.2143232251114981,118.31440775089044,2.483598307291748,5,0.143236970043166,0.839925209238502,0.5,0.0,0.0,0.34999999999999837,0.05249999999999975,0.017613259693856614,0.05,1,0.6547834020361784,83.31598351876282,0.0709283372616065,0.26222559102711346,98.72655069694648,0.0,0.0,0.0,-1.0,31.685592249109543,8225.499670731095,16.45099934146219,0.0,0.12865144142071716,5.0,7.0,1.0,0.08173069729124868,0.7083333333333334,1.0,0,11,17
1.0311768026506076,114.4489237096928,3.6051744550817113,5,0.1481337586037186,0.839925209238502,0.5,0.0,0.0,0.34999999999999837,0.05249999999999975,0.017613259693856614,0.05,1,0.7348819958256277,88.40878733832118,0.1010775223840188,0.2844086103224577,94.50468454917538,0.0,0.0,0.0,-1.0,35.55107629030721,8355.044558783173,16.710089117566344,0.0,0.11492841473613159,6.0,6.0,1.0,0.08173069729124868,0.75,0.0,0,11,18
1.692132174845271,117.51946925085616,3.750014911528352,5,0.1541771245360116,0.839925209238502,0.5,0.0,0.0,0.34999999999999837,0.05249999999999975,0.017613259693856614,0.05,1,0.7406332944220544,89.26238247519315,0.1168884929852015,0.2514621735417587,94.79258453336656,0.0,0.0,0.0,-1.0,32.48053074914384,8461.411936429444,16.922823872858885,0.0,0.10366064196826778,7.0,5.0,1.0,0.08173069729124868,0.7916666666666666,0.0,0,11,19
2.0572763260568654,115.40018402769618,4.037054038134076,5,0.1679435667602149,0.839925209238502,0.5,0.0,0.0,0.34999999999999837,0.05249999999999975,0.017613259693856614,0.05,1,0.7252316010623422,96.11752702652224,0.1045160167016087,0.2594986197922786,99.35720200891257,0.0,0.0,0.0,-1.0,34.599815972303816,9549.968549371284,19.09993709874257,0.0,0.0,8.0,4.0,1.0,0.08173069729124868,0.8333333333333334,0.0,0,11,20
1.2205382187276557,115.86361339708064,2.8977372119793103,4,0.1828576420992033,0.839925209238502,0.5,0.0,0.0,0.34999999999999837,0.05249999999999975,0.017613259693856614,0.05,1,0.6978301011774516,102.67788872063832,0.0978617815708087,0.2482646298394136,95.06105177580557,0.0,0.0,0.0,-1.0,34.13638660291937,9760.668095903,19.521336191806,0.0,0.0,9.0,3.0,1.0,0.08173069729124868,0.875,0.0,0,11,21
0.0919135103646637,117.24605641053712,1.3355601123026168,4,0.1845653377846972,0.839925209238502,0.5,0.0,0.0,0.34999999999999837,0.05249999999999975,0.017613259693856614,0.05,1,0.7327353301011955,320.02582593076727,0.2953027713745259,0.23120430769032616,31.820035850952845,0.0,0.0,0.0,-1.0,32.75394358946288,10183.23325434781,20.36646650869562,0.0,0.0,10.0,2.0,1.0,0.08173069729124868,0.9166666666666666,0.0,0,11,22
0.5802742764921092,110.45836560456256,2.3481336911501134,4,0.1785310719297873,0.839925209238502,0.5,0.0,0.0,0.34999999999999837,0.05249999999999975,0.017613259693856614,0.05,1,0.6881456240937371,306.12652029308083,0.1895251861357507,0.27114263585442816,31.80560327124527,0.0,0.0,0.0,-1.0,39.54163439543744,9736.538655248543,19.47307731049709,0.0,0.0,11.0,1.0,1.0,0.08173069729124868,0.9583333333333334,0.0,0,11,23
1.4402907511849972,110.12603644375008,3.0212936213822954,4,0.1821361242095779,0.839925209238502,0.5,0.0,0.0,0.34999999999999837,0.05249999999999975,0.017613259693856614,0.05,1,0.6749601285464059,330.3631763288496,0.1693241125497041,0.26582642370833287,30.406405027766493,0.0,0.0,0.0,-1.0,39.87396355624993,10045.15654571444,20.09031309142888,0.0,0.0,12.0,0.0,1.0,0.08173069729124868,1.0,0.0,0,11,24
0.0,54.29882922011622,0.0,4,0.1469727671558662,1.0,1.0,0.33,0.0,0.25,0.0375,0.0673997552856183,0.05,3,0.7922427126809438,305.2870031509061,1.0,0.45860825183435744,33.86501113972261,0.0,0.0,0.0,-1.0,25.70117077988378,10338.547762517966,20.67709552503593,0.0,0.0,0.0,12.0,0.0,0.0,0.041666666666666664,0.0,0,12,1
-4.469027670829789,58.76785689094601,2.234513835414893,4,0.1531674617939413,1.0,1.0,0.33,0.0,0.25,0.0375,0.0673997552856183,0.05,3,0.6903905612017107,331.0398668739677,1.0,0.37194995227539845,31.638999174161352,0.0,0.0,0.0,-1.0,21.232143109053997,10473.77007463995,20.9475401492799,0.0,0.0,0.0,12.0,0.0,0.0,0.08333333333333333,0.0,0,12,2
-3.348679240248541,60.996187700613305,2.784725742255838,4,0.1452761988873132,1.0,1.0,0.33,0.0,0.25,0.0375,0.0673997552856183,0.05,3,0.6726858897588479,265.4797145450836,1.0,0.32694730837654534,38.49966097263414,0.0,0.0,0.0,-1.0,19.0038122993867,10220.879005097408,20.44175801019481,0.0,0.0,0.0,12.0,0.0,0.0,0.125,0.0,0,12,3
-2.9588571492849494,63.41890944784361,3.3584781807385564,5,0.1318389315812061,1.0,1.0,0.33,0.0,0.25,0.0375,0.0673997552856183,0.05,3,0.7320935838403358,285.28113828298245,0.0311684871482813,0.280243783980108,32.08368745145015,0.0,0.0,0.0,-1.0,16.58109055215639,9152.87087646514,18.30574175293028,0.0,0.07241020100969972,0.0,12.0,0.0,0.0,0.16666666666666666,0.0,0,12,4
-2.233172861329359,63.1391672483142,3.3609555711508663,4,0.1414940403994351,1.0,1.0,0.33,0.0,0.25,0.0375,0.0673997552856183,0.05,3,0.7906425863011467,308.2866747781304,0.0461212637742018,0.28004151283076756,32.023891508593906,0.0,0.0,0.0,-1.0,16.8608327516858,9872.53902664002,19.74507805328004,0.0,0.0,0.0,12.0,0.0,0.0,0.20833333333333334,0.0,0,12,5
-1.5554953030933367,62.07996577790261,3.1535075842369458,4,0.1542701135412624,1.0,1.0,0.33,0.0,0.25,0.0375,0.0673997552856183,0.05,3,0.793485910761259,315.39153764809794,0.0800152656164057,0.29257198729954925,34.80293539914154,0.0,0.0,0.0,-1.0,17.920034222097392,10976.551310202669,21.953102620405332,0.0,0.0,0.0,12.0,0.0,0.0,0.25,0.0,0,12,6
-0.3751053223005323,60.79927574058205,1.5762895514284696,4,0.1575214116333095,1.0,1.0,0.33,0.0,0.25,0.0375,0.0673997552856183,0.05,3,0.7277602336945722,305.99620053796474,0.5318058026019428,0.308239051656208,35.86126542720184,0.0,0.0,0.0,-1.0,19.200724259417957,10973.410967207235,21.94682193441447,0.0,0.0,0.0,12.0,0.0,0.0,0.2916666666666667,0.0,0,12,7
0.0399903927307199,62.49987546993752,0.9892298179568516,5,0.1459569299612871,1.0,1.0,0.33,0.0,0.25,0.0375,0.0673997552856183,0.05,3,0.7862548706900119,340.79068730368255,0.1611236276268055,0.27631775573782874,28.29920229277914,0.0,0.0,0.0,-1.0,17.500124530062486,9644.104599502152,19.288209199004307,0.0,0.022626543339972254,0.0,12.0,0.0,0.0,0.3333333333333333,0.0,0,12,8
0.2705309521586341,62.16490585722331,0.8465359144627961,5,0.1352872781521202,1.0,1.0,0.33,0.0,0.25,0.0375,0.0673997552856183,0.05,3,0.7820238869532551,339.38745502835405,0.1466122565793192,0.27705000610138547,26.47296315544796,0.0,0.0,0.0,-1.0,17.83509414277669,8984.591592386867,17.969183184773737,0.0,0.08946431981014771,0.0,12.0,0.0,0.0,0.375,0.0,0,12,9
0.3874608035384931,60.03585763008124,1.0493876664282111,4,0.1518212515866789,1.0,1.0,0.33,0.0,0.25,0.0375,0.0673997552856183,0.05,3,0.7532783741337685,315.8182763139356,0.1412166868909414,0.30518434196054156,25.30422094140864,0.0,0.0,0.0,-1.0,19.96414236991876,7991.535441182669,19.978838602956674,1.0,0.19010473833174416,0.0,12.0,0.0,0.0,0.4166666666666667,0.0,0,12,10
0.0549600175141679,62.22029044414677,0.8967575386524121,5,0.138076192556784,1.0,1.0,0.33,0.0,0.25,0.0375,0.0673997552856183,0.05,3,0.6700231261212961,301.0918276972742,0.2825910878408187,0.26753167983729,23.646252916105063,0.0,0.0,0.0,-1.0,17.779709555853227,7119.693508702074,17.79923377175518,1.0,0.2784608064786726,0.0,12.0,0.0,0.0,0.4583333333333333,0.0,0,12,11
0.0564494804040786,60.99769003865637,0.8976309456770795,5,0.1426127472943833,1.0,1.0,0.33,0.0,0.25,0.0375,0.0673997552856183,0.05,3,0.6767925988797372,243.62259102138725,0.1744551809596109,0.28151570313101676,30.146896848982944,0.0,0.0,0.0,-1.0,19.00230996134363,7344.46512160372,18.3611628040093,1.0,0.2556815213730266,0.0,12.0,0.0,0.0,0.5,0.0,0,12,12
0.1502199425880709,61.71177880014809,0.8500307698604389,2,0.2202306235535056,1.0,1.0,0.33,0.0,0.25,0.0375,0.0673997552856183,0.05,3,0.7746097065249999,261.6165801841654,0.0948288084798725,0.2668190327030066,52.87968370121102,0.0,0.0,0.0,-1.0,18.28822119985191,13834.202011131178,27.668404022262354,0.0,0.0,1.0,11.0,0.0,0.0,0.5416666666666666,0.0,0,12,13
0.3276332219367371,59.11044068272413,1.1433194736207113,0,0.2892367580054933,1.0,1.0,0.33,1.0,0.25,0.0375,0.0673997552856183,0.5226160724531017,3,0.9521475921434877,283.1495553615845,0.0879462109445689,0.3002092356973778,61.810654153628704,0.0,0.0,0.0,-1.0,20.889559317275868,17501.659240208643,35.003318480417285,0.0,0.0,2.0,10.0,0.0,0.0,0.5833333333333334,1.0,2,12,14
-0.0224096529591276,61.9158173053504,1.105626400223079,0,0.2812954066777148,1.0,1.0,0.33,1.0,0.25,0.0375,0.0673997552856183,0.4824035893816501,3,0.9977189319335484,331.4714080331407,0.1655627420198985,0.25605922399503855,50.72364764434698,0.0,0.0,0.0,-1.0,18.0841826946496,16813.438905248593,33.626877810497184,0.0,0.0,3.0,9.0,0.0,0.0,0.625,1.0,2,12,15
0.357306722105794,59.688534652874594,1.1621662996938442,1,0.2834548646643833,1.0,1.0,0.33,0.0,0.25,0.0375,0.0673997552856183,0.3294205262846793,3,0.9311573462339672,468.05890837245767,0.2487934172443549,0.2834157955412846,34.6163930075609,0.0,0.0,0.0,-1.0,20.3114653471254,16202.511122910932,32.40502224582187,0.0,0.0,4.0,8.0,0.0,0.0,0.6666666666666666,1.0,1,12,16
0.1965349908246448,60.2748162667227,1.0230061160460393,0,0.2849728180089483,1.0,1.0,0.33,1.0,0.25,0.0375,0.0673997552856183,0.4561895458019918,3,0.922326489503428,427.21902053037326,0.1559179106706374,0.27129192527143553,38.30540167241073,0.0,0.0,0.0,-1.0,19.725183733277294,16364.796183509836,32.72959236701967,0.0,0.0,5.0,7.0,0.0,0.0,0.7083333333333334,1.0,2,12,17
0.5527000167476964,57.58970986301024,1.4921890300548972,1,0.2713556833494184,1.0,1.0,0.33,0.0,0.25,0.0375,0.0673997552856183,0.05,3,0.8630084040423689,481.5767859500792,0.1655272590592987,0.30386834084053915,31.781040088890265,0.0,0.0,0.0,-1.0,22.41029013698976,15305.011140158394,30.610022280316787,0.0,0.0,6.0,6.0,0.0,0.0,0.75,0.0,0,12,18
0.4571402911595321,58.38886678724189,1.384886999474042,1,0.2888179206248488,1.0,1.0,0.33,0.0,0.25,0.0375,0.0673997552856183,0.2009254171952672,3,0.8315159204198569,425.32467517484,0.1411686292689614,0.28895108473882714,37.26717348299911,0.0,0.0,0.0,-1.0,21.611133212758112,15850.648456341009,31.70129691268201,0.0,0.0,7.0,5.0,0.0,0.0,0.7916666666666666,0.0,1,12,19
0.4030278007728329,60.41144470006269,1.4093817784324294,1,0.2713096085496314,1.0,1.0,0.33,0.0,0.25,0.0375,0.0673997552856183,0.05,3,0.8165637465894736,440.981636985188,0.1853614565478479,0.2583106193398326,34.985109567055446,0.0,0.0,0.0,-1.0,19.588555299937312,15427.790886986271,30.855581773972546,0.0,0.0,8.0,4.0,0.0,0.0,0.8333333333333334,0.0,0,12,20
0.0608479442526885,59.02079059825547,1.0115603745868478,1,0.2763275483029035,1.0,1.0,0.33,0.0,0.25,0.0375,0.0673997552856183,0.05,3,0.862489480855706,352.30298719940794,0.1456234272187433,0.27290028490074186,41.86723575964674,0.0,0.0,0.0,-1.0,20.97920940174453,14749.95222390542,29.49990444781084,0.0,0.0,9.0,3.0,0.0,0.0,0.875,0.0,0,12,21
0.4041037953487752,56.18292567556999,1.4809286299354676,1,0.2675739854612292,1.0,1.0,0.33,0.0,0.25,0.0375,0.0673997552856183,0.05,3,0.9043756862507144,362.6684040220361,0.15608756773373,0.3056736811691552,40.70705801660816,0.0,0.0,0.0,-1.0,23.817074324430013,14763.163763315712,29.526327526631423,0.0,0.0,10.0,2.0,0.0,0.0,0.9166666666666666,0.0,0,12,22
0.3618027509741188,56.658786093556,1.4298379958943943,2,0.265372520109069,1.0,1.0,0.33,0.0,0.25,0.0375,0.0673997552856183,0.05,3,0.8853771016850682,411.6613903437444,0.1751947532780113,0.2956143186040401,35.1565776830148,0.0,0.0,0.0,-1.0,23.341213906444,14472.60564871773,28.94521129743546,0.0,0.0,11.0,1.0,0.0,0.0,0.9583333333333334,0.0,0,12,23
0.7521831383544575,55.9427529672018,1.6338656401866691,1,0.2915410995947331,1.0,1.0,0.33,0.0,0.25,0.0375,0.0673997552856183,0.2843346011913517,3,0.9076635954061696,414.981343042242,0.1623517085914388,0.30071558790997754,38.74644251263528,0.0,0.0,0.0,-1.0,24.0572470327982,16079.05075200241,32.15810150400482,0.0,0.0,12.0,0.0,0.0,0.0,1.0,0.0,1,12,24
0.0,-11.5651885386077,0.0,1,0.4088990782149401,0.9068820439279145,0.0,1.0,0.0,0.3999999999999995,0.15999999999999973,0.13605195837174353,0.8986492892115147,2,0.7677908932300778,1488.9158611894543,1.0,0.457703337594288,45.07600598265974,0.0,0.0,0.0,-1.0,111.5651885386077,67114.38026665282,134.22876053330566,0.0,0.16749375390462162,0.0,12.0,0.0,0.0,0.041666666666666664,0.0,3,13,1
-36.93841991983447,25.373231381226773,18.46920995991724,2,0.4719942344168445,0.9068820439279145,0.0,1.0,0.0,0.3999999999999995,0.15999999999999973,0.13605195837174353,0.95,2,0.759232212410074,1352.052495014044,1.0,0.31421797313167676,55.70016032947348,0.0,0.0,0.0,-1.0,74.62676861877323,75309.54074614689,150.61908149229376,0.0,0.06583860548745421,0.0,12.0,0.0,0.0,0.08333333333333333,0.0,4,13,2
-17.650965863164163,23.73674318772065,17.040316061857073,3,0.4826826371205057,0.9068820439279145,0.0,1.0,0.0,0.3999999999999995,0.15999999999999973,0.13605195837174353,0.95,2,0.8063284357322852,1760.2233970840423,1.0,0.3297870564855323,45.0157460081203,0.0,0.0,0.0,-1.0,76.26325681227935,79237.76936068594,158.4755387213719,0.0,0.017111717975400988,0.0,12.0,0.0,0.0,0.125,0.0,4,13,3
-11.127537226547767,26.072098281053528,15.882102743522603,1,0.4258044637503914,0.9068820439279145,0.0,1.0,0.0,0.3999999999999995,0.15999999999999973,0.13605195837174353,0.95,2,0.7834796963991689,1604.3900197617572,0.0232599777960123,0.32856845208420654,42.99230243338573,0.0,0.0,0.0,-1.0,73.92790171894647,68976.42095070318,137.95284190140637,0.0,0.14439646098771358,0.0,12.0,0.0,0.0,0.16666666666666666,0.0,4,13,4
-9.502711943626966,35.59893772961372,16.243584834745644,3,0.5062511583234479,0.9068820439279145,0.0,1.0,0.0,0.3999999999999995,0.15999999999999973,0.13605195837174353,0.95,2,0.7845653806299032,1347.0974886346023,0.0242345558162144,0.2944048560931944,61.18352572403181,0.0,0.0,0.0,-1.0,64.40106227038628,82420.17384865385,164.84034769730772,0.0,0.0,0.0,12.0,0.0,0.0,0.20833333333333334,0.0,4,13,5
-9.044549991323713,45.14416657295961,17.57233068176348,1,0.4243401760075209,0.9068820439279145,0.0,1.0,0.0,0.3999999999999995,0.15999999999999973,0.13605195837174353,0.95,2,0.8866421990204663,1721.474631188512,0.0699834045671568,0.25814509848019007,40.92365579016051,0.0,0.0,0.0,-1.0,54.85583342704039,70449.03525825219,140.8980705165044,0.0,0.1261297258371677,0.0,12.0,0.0,0.0,0.25,0.0,4,13,6
-3.9129563806335295,38.014104124806096,7.837937743081013,2,0.4698782963830321,0.9068820439279145,0.0,1.0,0.0,0.3999999999999995,0.15999999999999973,0.13605195837174353,0.95,2,0.8018995349084214,1470.7203068102488,0.4917346454997119,0.3005376769706371,51.93189030794127,0.0,0.0,0.0,-1.0,61.985895875193904,76377.28564693157,152.75457129386314,0.0,0.05259398793145461,0.0,12.0,0.0,0.0,0.2916666666666667,0.0,4,13,7
-3.5654905077875667,39.62092746731295,7.524639276769432,3,0.5283630459104461,0.9068820439279145,0.0,1.0,0.0,0.3999999999999995,0.15999999999999973,0.13605195837174353,0.95,2,0.7265780291127414,1338.6255863906904,0.0841339877484387,0.30189536266343525,60.85374226514541,0.0,0.0,0.0,-1.0,60.379072532687054,81460.37642374821,162.92075284749643,0.0,0.0,0.0,12.0,0.0,0.0,0.3333333333333333,0.0,4,13,8
-2.4608928350954478,42.311166773732886,6.055811688813455,3,0.5421684612825615,0.9068820439279145,0.0,1.0,0.0,0.3999999999999995,0.15999999999999973,0.13605195837174353,0.95,2,0.845412272031697,1490.9699782341224,0.0824336827175678,0.2977488166517013,56.34865032053527,0.0,0.0,0.0,-1.0,57.68883322626712,84014.14594193065,168.0282918838613,0.0,0.0,0.0,12.0,0.0,0.0,0.375,0.0,4,13,9
-0.9787457260399832,43.82859302292834,3.3295894824175427,4,0.5563080253118383,0.9068820439279145,0.0,1.0,0.0,0.3999999999999995,0.15999999999999973,0.13605195837174353,0.95,2,0.8089439102419903,1415.4125266635658,0.094403725566278,0.2995808372110489,48.27327215436877,0.0,0.0,0.0,-1.0,56.17140697707166,68326.59411033306,170.8164852758326,1.0,0.1524571016632165,0.0,12.0,0.0,0.0,0.4166666666666667,0.0,4,13,10
-0.3871077523135482,43.82717963899714,2.520565784150941,4,0.5816203936820102,0.9068820439279145,0.0,1.0,0.0,0.3999999999999995,0.15999999999999973,0.13605195837174353,0.95,2,0.7553242961135118,1766.388138583225,0.2901720506428812,0.30991900888829166,39.61619557912344,0.0,0.0,0.0,-1.0,56.17282036100286,69977.57796675684,174.94394491689212,1.0,0.1319778188744225,0.0,12.0,0.0,0.0,0.4583333333333333,0.0,4,13,11
-1.367376519625744,44.75850320933674,2.446568947574028,5,0.6064957320771447,0.9068820439279145,0.0,1.0,0.0,0.3999999999999995,0.15999999999999973,0.13605195837174353,0.95,2,0.7841979920658688,1774.862835302395,0.156442235228627,0.31566569594664723,41.06213866754494,0.0,0.0,0.0,-1.0,55.24149679066326,72879.66385905893,182.19915964764732,1.0,0.09597950342477202,0.0,12.0,0.0,0.0,0.5,0.0,4,13,12
-1.9264656768453965,51.63806802065471,3.659388812761257,5,0.628485827847706,0.9068820439279145,0.0,1.0,0.0,0.3999999999999995,0.15999999999999973,0.13605195837174353,0.95,2,0.6971647940551807,1557.3538162683665,0.0937450064973412,0.2865892265442684,59.15090415317567,0.0,0.0,0.0,-1.0,48.36193197934529,92118.88631867248,184.23777263734496,0.0,0.0,1.0,11.0,0.0,0.0,0.5416666666666666,0.0,4,13,13
-1.954004246611022,51.11724678730632,3.7012058098757663,4,0.6387620886562848,0.9068820439279145,0.0,1.0,0.0,0.3999999999999995,0.15999999999999973,0.13605195837174353,0.95,2,0.783285850036246,1490.6621172200914,0.0917648140112249,0.3008169428473458,60.50098449642972,0.0,0.0,0.0,-1.0,48.882753212693686,90186.52564334784,180.37305128669573,0.0,0.0,2.0,10.0,0.0,0.0,0.5833333333333334,1.0,4,13,14
-2.2989922501177844,54.17158552250378,4.204398677329023,4,0.6262560830142517,0.9068820439279145,0.0,1.0,0.0,0.3999999999999995,0.15999999999999973,0.13605195837174353,0.95,2,0.8315062562694286,1400.4900368506387,0.1406738608927994,0.2933018526559758,62.365244401088056,0.0,0.0,0.0,-1.0,45.82841447749622,87341.9034294789,174.6838068589578,0.0,0.0,3.0,9.0,0.0,0.0,0.625,1.0,4,13,15
-1.963906111935192,52.03083728131296,3.873610195968861,7,0.7878922511479166,0.9068820439279145,0.0,1.0,0.0,0.3999999999999995,0.15999999999999973,0.13605195837174353,0.95,2,0.6986847408276398,1685.123569200558,0.1474853046584874,0.31979441812458026,62.36059856437935,0.0,0.0,0.0,-1.0,47.96916271868704,105085.31443029012,210.17062886058025,0.0,0.0,4.0,8.0,0.0,0.0,0.6666666666666666,1.0,4,13,16
-2.4411180334468847,60.99980014003053,4.7929319695934245,5,0.6831269893274902,0.9068820439279145,0.0,1.0,0.0,0.3999999999999995,0.15999999999999973,0.13605195837174353,0.95,2,0.8205434093393064,1723.341424485406,0.1486655984552818,0.2713057381563094,53.1146183928556,0.0,0.0,0.0,-1.0,39.00019985996947,91534.62212214252,183.06924424428504,0.0,0.0,5.0,7.0,0.0,0.0,0.7083333333333334,1.0,4,13,17
-1.6276467626827162,57.53021299603742,3.587669556561352,6,0.754965393754032,0.9068820439279145,0.0,1.0,0.0,0.3999999999999995,0.15999999999999973,0.13605195837174353,0.95,2,0.6941950664534752,1980.3497174682848,0.1368854652348576,0.3088711782106369,50.17145169865762,0.0,0.0,0.0,-1.0,42.46978700396258,99357.02019641032,198.71404039282064,0.0,0.0,6.0,6.0,0.0,0.0,0.75,0.0,4,13,18
-2.552356289095723,65.1747717551127,5.004116594189416,6,0.8043786820591531,0.9068820439279145,0.0,1.0,0.0,0.3999999999999995,0.15999999999999973,0.13605195837174353,0.95,2,0.7407059504737521,1680.9716585950914,0.1130568912399779,0.2653350723419985,61.27733136552131,0.0,0.0,0.0,-1.0,34.8252282448873,103005.45733978138,206.0109146795628,0.0,0.0,7.0,5.0,0.0,0.0,0.7916666666666666,0.0,4,13,19
-2.8747051366092307,67.10207822328721,5.481855939938801,4,0.6456505236734894,0.9068820439279145,0.0,1.0,0.0,0.3999999999999995,0.15999999999999973,0.13605195837174353,0.95,2,0.8388548588573657,1687.0051615575928,0.148210455734437,0.26318337421370236,50.78043892964954,0.0,0.0,0.0,-1.0,32.89792177671279,85666.8625804789,171.3337251609578,0.0,0.0,8.0,4.0,0.0,0.0,0.8333333333333334,0.0,4,13,20
-2.7469165240412954,66.06897434783298,5.345336818391255,6,0.7809014112765489,0.9068820439279145,0.0,1.0,0.0,0.3999999999999995,0.15999999999999973,0.13605195837174353,0.95,2,0.6705442080418067,1855.5304198398671,0.1437474412932035,0.2857349528603539,52.41690139067183,0.0,0.0,0.0,-1.0,33.93102565216702,97261.1550441382,194.52231008827644,0.0,0.0,9.0,3.0,0.0,0.0,0.875,0.0,4,13,21
-1.6874496919083743,67.30322987867694,3.5835029267079825,7,0.8347773911865322,0.9068820439279145,0.0,1.0,0.0,0.3999999999999995,0.15999999999999973,0.13605195837174353,0.95,2,0.6290210544419708,1804.1275509994737,0.1243467959175096,0.29063795663398273,59.568377992928575,0.0,0.0,0.0,-1.0,32.696770121323055,107468.95190539316,214.9379038107864,0.0,0.0,10.0,2.0,0.0,0.0,0.9166666666666666,0.0,4,13,22
-2.2241899842914203,72.02908878702968,4.312414194273399,6,0.7995381021407523,0.9068820439279145,0.0,1.0,0.0,0.3999999999999995,0.15999999999999973,0.13605195837174353,0.95,2,0.763221811026728,1808.0765453069755,0.1280619263858723,0.26325563494560295,56.27168470655824,0.0,0.0,0.0,-1.0,27.970911212970314,101743.51328283716,203.4870265656744,0.0,0.0,11.0,1.0,0.0,0.0,0.9583333333333334,0.0,4,13,23
-1.3838431997510356,71.65861670895569,2.65592853875778,6,0.7604194784074911,0.9068820439279145,0.0,1.0,0.0,0.3999999999999995,0.15999999999999973,0.13605195837174353,0.95,2,0.7449706201029483,1667.431685913689,0.1290364037375503,0.28341383291044303,58.68709151074798,0.0,0.0,0.0,-1.0,28.341383291044306,97856.71593913746,195.7134318782749,0.0,0.0,12.0,0.0,0.0,0.0,1.0,0.0,4,13,24
0.0,-0.3510900692189929,0.0,2,0.3280659481015721,0.9444905668937672,0.5,0.67,0.0,0.34999999999999953,0.1399999999999997,0.008792725683029058,0.95,5,0.7622072206567517,1849.138533614608,1.0,0.5417824592836077,29.119985787387893,0.0,0.0,0.0,-1.0,1.8510900692189929,53846.88781776868,107.69377563553736,0.0,0.0,0.0,12.0,0.0,0.0,0.041666666666666664,0.0,4,14,1
-0.4968451202878006,0.1457550510688077,0.2484225601439003,2,0.3306602202746199,0.9444905668937672,0.5,0.67,0.0,0.34999999999999953,0.1399999999999997,0.008792725683029058,0.95,5,0.8124344890397274,1497.4001085025047,1.0,0.4062734846793577,35.23363054289431,0.0,0.0,0.0,-1.0,1.3542449489311923,52758.84219786711,105.5176843957342,0.0,0.0,0.0,12.0,0.0,0.0,0.08333333333333333,0.0,4,14,2
-0.3104713606691975,0.2698526521194024,0.2682919536051566,2,0.3226183034312082,0.9444905668937672,0.5,0.67,0.0,0.34999999999999953,0.1399999999999997,0.008792725683029058,0.95,5,0.7920728632319415,1467.3969682407196,1.0,0.3785068762709531,36.09208320256856,0.0,0.0,0.0,-1.0,1.2301473478805975,52961.41346894091,105.92282693788182,0.0,0.0,0.0,12.0,0.0,0.0,0.125,0.0,4,14,3
-0.1797173061899059,0.2066017510638274,0.2457829727521868,1,0.3125824260198476,0.9444905668937672,0.5,0.67,0.0,0.34999999999999953,0.1399999999999997,0.008792725683029058,0.95,5,0.9014984063977102,1557.8063288335345,0.0307651091565143,0.4084415522956335,32.50435403666541,0.0,0.0,0.0,-1.0,1.2933982489361726,50635.48843296322,101.27097686592644,0.0,0.0,0.0,12.0,0.0,0.0,0.16666666666666666,0.0,4,14,4
-0.1429729401685294,0.3333512816261443,0.2441555359217951,2,0.3321928201589129,0.9444905668937672,0.5,0.67,0.0,0.34999999999999953,0.1399999999999997,0.008792725683029058,0.95,5,0.7532592480372514,1661.7142932891577,0.0453899996226094,0.3783725573104397,32.546281952140085,0.0,0.0,0.0,-1.0,1.1666487183738556,54082.62191329012,108.16524382658022,0.0,0.0,0.0,12.0,0.0,0.0,0.20833333333333334,0.0,4,14,5
-0.1223670327243496,0.4055716017281694,0.2468447598469584,1,0.3037047542988447,0.9444905668937672,0.5,0.67,0.0,0.34999999999999953,0.1399999999999997,0.008792725683029058,0.95,5,0.9046714537434674,1598.9054714045458,0.0884008992965705,0.3648094660906102,31.53477233116704,0.0,0.0,0.0,-1.0,1.0944283982718306,50421.12001979966,100.84224003959932,0.0,0.003698010897393561,0.0,12.0,0.0,0.0,0.25,0.0,4,14,6
-0.0503302338657593,0.3912854122514009,0.0945488870362215,2,0.3245050671055567,0.9444905668937672,0.5,0.67,0.0,0.34999999999999953,0.1399999999999997,0.008792725683029058,0.95,5,0.8114043002511699,1715.6510484985567,0.5929746865177881,0.3801307157995197,30.744777696399787,0.0,0.0,0.0,-1.0,1.108714587748599,52747.310090683335,105.49462018136668,0.0,0.0,0.0,12.0,0.0,0.0,0.2916666666666667,0.0,4,14,7
-0.047136819807991,0.4745561300423915,0.0889868566854502,1,0.3225699285079801,0.9444905668937672,0.5,0.67,0.0,0.34999999999999953,0.1399999999999997,0.008792725683029058,0.95,5,0.854755495295853,1681.3296428764068,0.1395538798810085,0.36192136586739126,29.57910203443849,0.0,0.0,0.0,-1.0,1.0254438699576085,49732.22106016726,99.46444212033452,0.0,0.017310390065150075,0.0,12.0,0.0,0.0,0.3333333333333333,0.0,4,14,8
-0.0276057003955308,0.3179759826781494,0.0836950808010941,1,0.3184398714021522,0.9444905668937672,0.5,0.67,0.0,0.34999999999999953,0.1399999999999997,0.008792725683029058,0.95,5,0.8807212361916332,1817.972059010728,0.1346347004611607,0.42982691538976386,27.143034715704044,0.0,0.0,0.0,-1.0,1.1820240173218506,49345.27870990816,98.69055741981632,0.0,0.02495622246791692,0.0,12.0,0.0,0.0,0.375,0.0,4,14,9
-0.0252828434587013,0.5462344137088682,0.0789801421573272,1,0.3290505640162106,0.9444905668937672,0.5,0.67,0.0,0.34999999999999953,0.1399999999999997,0.008792725683029058,0.95,5,0.8975106562697363,1543.0518591181567,0.1320881375746163,0.3576620948591744,26.19127045490497,0.0,0.0,0.0,-1.0,0.9537655862911318,40414.48856810756,101.0362214202689,1.0,0.2014252096510628,0.0,12.0,0.0,0.0,0.4166666666666667,0.0,4,14,10
-0.014960340534653,0.4486406140691095,0.0712800533679586,0,0.3103253702071147,0.9444905668937672,0.5,0.67,1.0,0.34999999999999953,0.1399999999999997,0.008792725683029058,0.5424279496175863,5,0.8710066718584356,1846.2894790710875,0.3651426401011848,0.40697782681195765,20.222589586306047,0.0,0.0,0.0,-1.0,1.0513593859308905,37336.75439276938,93.34188598192348,1.0,0.26224005627911057,0.0,12.0,0.0,0.0,0.4583333333333333,0.0,2,14,11
-0.0200448912198945,0.5014972741684889,0.0745321182289255,1,0.3135447130623597,0.9444905668937672,0.5,0.67,0.0,0.34999999999999953,0.1399999999999997,0.008792725683029058,0.6620736616467311,5,0.7768023766908124,1712.7949365902482,0.2158360094144665,0.3994010903326045,21.997469467333566,0.0,0.0,0.0,-1.0,0.9985027258315112,37677.15432144752,94.1928858036188,1.0,0.2555138842722364,0.0,12.0,0.0,0.0,0.5,0.0,3,14,12
-0.0211444554417391,0.5319733031683138,0.0755343294492136,0,0.314271400747759,0.9444905668937672,0.5,0.67,1.0,0.34999999999999953,0.1399999999999997,0.008792725683029058,0.528862936139851,5,0.8859247117468143,1933.4304933282756,0.1765881508387497,0.40056277110276667,23.82481227536396,0.0,0.0,0.0,-1.0,0.9680266968316862,46063.61855101049,92.12723710202098,0.0,0.08980056830126272,1.0,11.0,0.0,0.0,0.5416666666666666,0.0,2,14,13
-0.016393899039389,0.4307186102583298,0.0768628827255773,0,0.3156347497125404,0.9444905668937672,0.5,0.67,1.0,0.34999999999999953,0.1399999999999997,0.008792725683029058,0.4953751772443244,5,0.8494875006358594,1958.081119214192,0.1739977633860819,0.45826345274643016,22.75918232899444,0.0,0.0,0.0,-1.0,1.0692813897416702,44564.325207157286,89.12865041431456,0.0,0.11942602961871605,2.0,10.0,0.0,0.0,0.5833333333333334,1.0,2,14,14
0.0245983696349407,0.3787038227507859,0.0590565832491901,0,0.3119173530749284,0.9444905668937672,0.5,0.67,1.0,0.34999999999999953,0.1399999999999997,0.008792725683029058,0.471649659693596,5,0.8953194353142182,1722.758554610511,0.2097468192593289,0.49835385655520625,25.251420642712866,0.0,0.0,0.0,-1.0,1.121296177249214,43502.10092830203,87.00420185660407,0.0,0.1404151738797121,3.0,9.0,0.0,0.0,0.625,1.0,2,14,15
0.026791068492681,0.3550301440529608,0.0624122382342914,0,0.3334266198992514,0.9444905668937672,0.5,0.67,1.0,0.34999999999999953,0.1399999999999997,0.008792725683029058,0.4932874306842286,5,0.9251893091663228,1902.5433375206328,0.2290521383580245,0.5284476258217103,23.37442360721153,0.0,0.0,0.0,-1.0,1.1449698559470392,44470.853902285286,88.94170780457056,0.0,0.12127298674563868,4.0,8.0,0.0,0.0,0.6666666666666666,1.0,2,14,16
0.0017214414401669,0.6060160370580414,0.087926320162845,1,0.3173615979953053,0.9444905668937672,0.5,0.67,0.0,0.34999999999999953,0.1399999999999997,0.008792725683029058,0.3488269451895885,5,0.8909730693123173,1507.7360031783942,0.1735768505751376,0.4291123022121402,28.20415013293112,0.0,0.0,0.0,-1.0,0.8939839629419586,42524.412594468944,85.04882518893788,0.0,0.1597339202966464,5.0,7.0,0.0,0.0,0.7083333333333334,1.0,1,14,17
-0.037559300944702,0.6944446894409669,0.1228805291449232,1,0.3080611977135736,0.9444905668937672,0.5,0.67,0.0,0.34999999999999953,0.1399999999999997,0.008792725683029058,0.05,5,0.8409595801757922,1594.9834415117498,0.192730698284692,0.40277765527951653,25.418641396218494,0.0,0.0,0.0,-1.0,0.8055553105590331,40542.3121326936,81.08462426538719,0.0,0.19889946505036277,6.0,6.0,0.0,0.0,0.75,0.0,0,14,18
-0.0725190769202474,0.6987104500849374,0.1441068995139588,1,0.329689101220874,0.9444905668937672,0.5,0.67,0.0,0.34999999999999953,0.1399999999999997,0.008792725683029058,0.3061421336586697,5,0.8128698362264241,1559.1698823996987,0.1860934101321816,0.4180641129991631,27.07764161598414,0.0,0.0,0.0,-1.0,0.8012895499150626,42218.64329405518,84.43728658811037,0.0,0.16577580437397582,7.0,5.0,0.0,0.0,0.7916666666666666,0.0,1,14,19
-0.0750472259850758,0.6801404905505469,0.1462185288855389,1,0.3107924132972867,0.9444905668937672,0.5,0.67,0.0,0.34999999999999953,0.1399999999999997,0.008792725683029058,0.1690893721892692,5,0.7650160409982216,1438.0244416481876,0.1893857663083743,0.44719609606333804,28.676060983041094,0.0,0.0,0.0,-1.0,0.8198595094494531,41236.87658380705,82.47375316761409,0.0,0.18517513794432966,8.0,4.0,0.0,0.0,0.8333333333333334,0.0,1,14,20
-0.0732316157176447,0.8223236298521772,0.1435158209570293,1,0.3229383619171434,0.9444905668937672,0.5,0.67,0.0,0.34999999999999953,0.1399999999999997,0.008792725683029058,0.05,5,0.8316753017556786,1520.0079437738625,0.1995241559679727,0.38724364008447015,26.461654547104025,0.0,0.0,0.0,-1.0,0.6776763701478228,40221.92511699787,80.44385023399575,0.0,0.20523018957403386,9.0,3.0,0.0,0.0,0.875,0.0,0,14,21
-0.0334126806323179,0.766891429144419,0.0682089821810639,1,0.3042425390744971,0.9444905668937672,0.5,0.67,0.0,0.34999999999999953,0.1399999999999997,0.008792725683029058,0.05,5,0.8160362043028344,1365.198884443757,0.1818505193975098,0.4398651425133486,28.690383092957163,0.0,0.0,0.0,-1.0,0.733108570855581,39168.07899276914,78.33615798553828,0.0,0.22605378471362728,10.0,2.0,0.0,0.0,0.9166666666666666,0.0,0,14,22
-0.0237249531081056,0.7911741459016919,0.0539307949671023,1,0.3144742370581432,0.9444905668937672,0.5,0.67,0.0,0.34999999999999953,0.1399999999999997,0.008792725683029058,0.05,5,0.7709576380305879,1207.1788555752164,0.1585573475351524,0.4476794867989313,33.14980799984992,0.0,0.0,0.0,-1.0,0.7088258540983081,40017.747283796976,80.03549456759396,0.0,0.20926466523163184,11.0,1.0,0.0,0.0,0.9583333333333334,0.0,0,14,23
-0.0212718869385774,0.7920799055858445,0.0517269555909322,1,0.319174624817265,0.9444905668937672,0.5,0.67,0.0,0.34999999999999953,0.1399999999999997,0.008792725683029058,0.1463357617991324,5,0.8183665594369296,1230.7255162330412,0.1664859594320095,0.471946729609437,33.37371520958112,0.0,0.0,0.0,-1.0,0.7079200944141555,41073.88287992623,82.14776575985245,0.0,0.18839583100556856,12.0,0.0,0.0,0.0,1.0,0.0,1,14,24
0.0,57.39214393454986,0.0,4,0.1206211678207485,1.0,1.0,0.33,0.0,0.24999999999999944,0.09999999999999971,0.05670821420242145,0.05,3,0.8047630267760526,1185.5739368796992,1.0,0.4522788706967942,16.69914894036823,0.0,0.0,0.0,-1.0,27.60785606545014,19798.07575177282,39.59615150354563,0.0,0.0,0.0,12.0,0.0,0.0,0.041666666666666664,0.0,0,15,1
-8.279267284552523,65.67141121910237,4.139633642276257,4,0.1191317446217084,1.0,1.0,0.33,0.0,0.24999999999999944,0.09999999999999971,0.05670821420242145,0.05,3,0.6980248666228651,1083.1754689336742,1.0,0.31133297365204227,17.54858047358864,0.0,0.0,0.0,-1.0,19.328588780897626,19008.19188359969,38.01638376719939,0.0,0.0,0.0,12.0,0.0,0.0,0.08333333333333333,0.0,0,15,2
-5.039030566145842,67.47020506684154,4.388738647720172,4,0.1128748737228625,1.0,1.0,0.33,0.0,0.24999999999999944,0.09999999999999971,0.05670821420242145,0.05,3,0.7867184734148097,1087.6021302673946,1.0,0.2776997217134013,17.0371831539267,0.0,0.0,0.0,-1.0,17.529794933158456,18529.676691966448,37.0593533839329,0.0,0.015315343573316069,0.0,12.0,0.0,0.0,0.125,0.0,0,15,3
-3.22464967319019,67.54137822927076,4.182239541122386,4,0.1252878428401661,1.0,1.0,0.33,0.0,0.24999999999999944,0.09999999999999971,0.05670821420242145,0.05,3,0.7689327717105172,910.5904163414692,0.0448666555282524,0.2720824172061699,22.288267048795344,0.0,0.0,0.0,-1.0,17.458621770729234,20295.4823714924,40.59096474298481,0.0,0.0,0.0,12.0,0.0,0.0,0.16666666666666666,0.0,0,15,4
-1.685932052070696,64.88682068981915,3.7436044331823246,4,0.1255998733643085,1.0,1.0,0.33,0.0,0.24999999999999944,0.09999999999999971,0.05670821420242145,0.05,3,0.7262182827450115,953.6072711810958,0.0684178019469686,0.30844492232865206,21.44307892038376,0.0,0.0,0.0,-1.0,20.11317931018085,20448.275974988035,40.89655194997607,0.0,0.0,0.0,12.0,0.0,0.0,0.20833333333333334,0.0,0,15,5
-1.2899107575739577,66.87803892265167,3.521987040848697,4,0.1261493935742333,1.0,1.0,0.33,0.0,0.24999999999999944,0.09999999999999971,0.05670821420242145,0.05,3,0.7533244433133833,1002.0917596262992,0.1289366951986966,0.2735390351297861,20.89962887731184,0.0,0.0,0.0,-1.0,18.12196107734833,20943.345877202035,41.88669175440406,0.0,0.0,0.0,12.0,0.0,0.0,0.25,0.0,0,15,6
-0.1683442094318009,67.73603187952924,1.0607987475892482,4,0.1123628826200276,1.0,1.0,0.33,0.0,0.24999999999999944,0.09999999999999971,0.05670821420242145,0.05,3,0.7856050243922946,1164.95033877623,0.789977811780878,0.2565543250100919,15.67813121414855,0.0,0.0,0.0,-1.0,17.263968120470768,18264.24426930054,36.52848853860108,0.0,0.02942067515908508,0.0,12.0,0.0,0.0,0.2916666666666667,0.0,0,15,7
-0.128962271911183,67.85790513349825,1.0205770501224734,4,0.126862091339605,1.0,1.0,0.33,0.0,0.24999999999999944,0.09999999999999971,0.05670821420242145,0.05,3,0.8161215998756307,1166.1913502508985,0.181168161767205,0.25085992487563546,16.77165916673475,0.0,0.0,0.0,-1.0,17.142094866501754,19558.963849602256,39.11792769920452,0.0,0.0,0.0,12.0,0.0,0.0,0.3333333333333333,0.0,0,15,8
-0.1693917531693284,66.7728712438731,1.0070589878880227,4,0.1202277402643398,1.0,1.0,0.33,0.0,0.24999999999999944,0.09999999999999971,0.05670821420242145,0.05,3,0.7810152848698315,997.4104005974616,0.1459980226218804,0.26273338747570313,18.678799410202483,0.0,0.0,0.0,-1.0,18.227128756126906,18630.42880240969,37.260857604819385,0.0,0.00996128052595168,0.0,12.0,0.0,0.0,0.375,0.0,0,15,9
-0.2759984070688763,66.85753549577463,0.9712315275905824,5,0.1150488127030972,1.0,1.0,0.33,0.0,0.24999999999999944,0.09999999999999971,0.05670821420242145,0.05,3,0.6544707511535772,1132.4619567100774,0.2152182677164859,0.25764446633219457,12.477654826203109,0.0,0.0,0.0,-1.0,18.14246450422537,14130.469399634914,35.32617349908728,1.0,0.2490934063647358,0.0,12.0,0.0,0.0,0.4166666666666667,0.0,0,15,10
0.2113377275553884,66.14277943794174,0.590100547745367,5,0.1037827681129965,1.0,1.0,0.33,0.0,0.24999999999999944,0.09999999999999971,0.05670821420242145,0.05,3,0.6554670655982738,960.9572328753012,0.4256704986441113,0.26389113322996977,12.993928446600234,0.0,0.0,0.0,-1.0,18.857220562058256,12486.609524224625,31.21652381056156,1.0,0.33644968481150295,0.0,12.0,0.0,0.0,0.4583333333333333,0.0,0,15,11
0.7848835652923117,63.25398948943666,1.5391684083932011,5,0.1182531916661281,1.0,1.0,0.33,0.0,0.24999999999999944,0.09999999999999971,0.05670821420242145,0.05,3,0.6649787062237945,1052.028535850974,0.2822572056601948,0.2999449725594943,13.5071574693382,0.0,0.0,0.0,-1.0,21.746010510563337,14209.915095976416,35.52478773994105,1.0,0.24487158644272247,0.0,12.0,0.0,0.0,0.5,0.0,0,15,12
0.8300811360045651,64.30161744569475,1.5874365222762854,2,0.1647305302138111,1.0,1.0,0.33,0.0,0.24999999999999944,0.09999999999999971,0.05670821420242145,0.05,3,0.7987087088988853,992.6680447523278,0.1336065134806078,0.28145109422284775,24.323341906773628,0.0,0.0,0.0,-1.0,20.69838255430526,24145.00425243933,48.29000850487867,0.0,0.0,1.0,11.0,0.0,0.0,0.5416666666666666,0.0,0,15,13
0.7520730980062927,63.61966837757801,1.4827413702205456,0,0.2263685035625054,1.0,1.0,0.33,1.0,0.24999999999999944,0.09999999999999971,0.05670821420242145,0.5095297150909883,3,1.0,1108.0371487466482,0.1235905520545397,0.28666366421124456,28.84457889087016,0.0,0.0,0.0,-1.0,21.380331622421988,31960.864951037525,63.92172990207506,0.0,0.0,2.0,10.0,0.0,0.0,0.5833333333333334,1.0,2,15,14
0.4312267324597006,65.14328941352335,1.3000769388310291,0,0.2303980461776856,1.0,1.0,0.33,1.0,0.24999999999999944,0.09999999999999971,0.05670821420242145,0.5149626702789769,3,1.0,1025.5227300055997,0.1774853137422676,0.26256807387076553,31.333159977978365,0.0,0.0,0.0,-1.0,19.856710586476645,32132.867760318568,64.26573552063714,0.0,0.0,3.0,9.0,0.0,0.0,0.625,1.0,2,15,15
-0.1139474657512442,65.94322155737179,1.0979917121452063,1,0.2128361436391989,1.0,1.0,0.33,0.0,0.24999999999999944,0.09999999999999971,0.05670821420242145,0.05,3,0.8626868438665498,1406.5616505047046,0.3419695298756488,0.24856667533862883,20.181888749410906,0.0,0.0,0.0,-1.0,19.05677844262821,28387.07074967373,56.77414149934746,0.0,0.0,4.0,8.0,0.0,0.0,0.6666666666666666,1.0,0,15,16
-0.2755861598749444,63.89340593436599,0.9230924166418196,1,0.2229269977786757,1.0,1.0,0.33,0.0,0.24999999999999944,0.09999999999999971,0.05670821420242145,0.3094468896137045,3,0.7710662016950263,1610.060172976936,0.2514635907634954,0.2716130067427433,18.552588375028915,0.0,0.0,0.0,-1.0,21.106594065634013,29870.783648268945,59.741567296537895,0.0,0.0,5.0,7.0,0.0,0.0,0.7083333333333334,1.0,1,15,17
0.0219046419663175,63.82405598908806,0.8289878709217595,0,0.2303854512397432,1.0,1.0,0.33,1.0,0.24999999999999944,0.09999999999999971,0.05670821420242145,0.4576948370386452,3,0.7821351058761346,1685.536311450238,0.2163337972999565,0.26890087632904053,17.988230769927206,0.0,0.0,0.0,-1.0,21.17594401091194,30319.81614145877,60.639632282917546,0.0,0.0,6.0,6.0,0.0,0.0,0.75,0.0,2,15,18
0.2508646864003286,63.06511875203806,0.9810532874211186,1,0.232608712828476,1.0,1.0,0.33,0.0,0.24999999999999944,0.09999999999999971,0.05670821420242145,0.2928917632180906,3,0.8204316491415359,1349.255946204984,0.1678146628191398,0.2749019059796797,22.07655582551198,0.0,0.0,0.0,-1.0,21.934881247961943,29786.92421929832,59.57384843859664,0.0,0.0,7.0,5.0,0.0,0.0,0.7916666666666666,0.0,1,15,19
0.9645796759933284,60.131963353825896,1.8391703844919876,0,0.2469584279845337,1.0,1.0,0.33,1.0,0.24999999999999944,0.09999999999999971,0.05670821420242145,0.534998663283026,3,0.8593291911102734,1649.7768851955182,0.2376375905785019,0.30764581417947345,19.86158904626696,0.0,0.0,0.0,-1.0,24.868036646174108,32767.19051178372,65.53438102356743,0.0,0.0,8.0,4.0,0.0,0.0,0.8333333333333334,0.0,2,15,20
0.6449110151574015,63.83749744700404,1.7253179287578877,1,0.239011413432024,1.0,1.0,0.33,0.0,0.24999999999999944,0.09999999999999971,0.05670821420242145,0.2893208976229776,3,0.90189970066324,1591.2206874321312,0.2578985148021087,0.2584733136243782,18.708175651783773,0.0,0.0,0.0,-1.0,21.162502552995964,29768.83612123243,59.53767224246486,0.0,0.0,9.0,3.0,0.0,0.0,0.875,0.0,1,15,21
0.2493443678849485,62.7265615640642,1.318962882519176,1,0.2195938828291409,1.0,1.0,0.33,0.0,0.24999999999999944,0.09999999999999971,0.05670821420242145,0.05,3,0.7580313933903156,1306.1770083086742,0.2089524560042759,0.26862438314696446,21.64365178493508,0.0,0.0,0.0,-1.0,22.273438435935805,28270.440337321197,56.5408806746424,0.0,0.0,10.0,2.0,0.0,0.0,0.9166666666666666,0.0,0,15,22
0.4127851087682088,60.39658772185928,1.5150280585520035,0,0.242885968792256,1.0,1.0,0.33,1.0,0.24999999999999944,0.09999999999999971,0.05670821420242145,0.4762714178724089,3,0.9400650646307216,1716.92897606083,0.2365536463589511,0.2930431239083758,18.001871689116303,0.0,0.0,0.0,-1.0,24.60341227814072,30907.9351263729,61.8158702527458,0.0,0.0,11.0,1.0,0.0,0.0,0.9583333333333334,0.0,2,15,23
0.6138134450151286,58.83183719270011,1.8085934606594207,0,0.2381445620818663,1.0,1.0,0.33,1.0,0.24999999999999944,0.09999999999999971,0.05670821420242145,0.468007351641279,3,0.9242437265214608,1413.647926553614,0.1967339118932035,0.3078607389094105,21.67887855090631,0.0,0.0,0.0,-1.0,26.168162807299893,30646.301713496323,61.29260342699265,0.0,0.0,12.0,0.0,0.0,0.0,1.0,0.0,2,15,24
0.0,49.33979077163242,0.0,2,0.4462202903260047,1.0,0.0,1.0,0.0,0.5,0.15,0.1215625033745317,0.95,2,0.8941201595084354,714.1868428477958,1.0,0.49780797547128725,76.91272267779196,0.0,0.0,0.0,-1.0,15.660209228367576,54930.05458408031,109.86010916816062,0.0,0.1013184588578445,0.0,12.0,0.0,0.0,0.041666666666666664,0.0,4,16,1
-4.224757622117053,53.56454839374948,2.1123788110585258,3,0.4921705725088787,1.0,0.0,1.0,0.0,0.5,0.15,0.1215625033745317,0.95,2,0.7415684869441019,679.1099003053059,1.0,0.3474061247468514,86.72616656459378,0.0,0.0,0.0,-1.0,11.435451606250524,58896.59832954264,117.79319665908528,0.0,0.036423936666472666,0.0,12.0,0.0,0.0,0.08333333333333333,0.0,4,16,2
-2.837023793582601,55.01383835879763,2.4070229281519038,1,0.3971640839037997,1.0,0.0,1.0,0.0,0.5,0.15,0.1215625033745317,0.7020227413531497,2,0.8206623588822332,695.1579961259774,1.0,0.29050652047134173,70.34257670035231,0.0,0.0,0.0,-1.0,9.986161641202372,48899.20466135479,97.79840932270956,0.0,0.19998600149893228,0.0,12.0,0.0,0.0,0.125,0.0,3,16,3
-1.49990391026485,53.8563738174992,2.150119808324088,3,0.4896979398729607,1.0,0.0,1.0,0.0,0.5,0.15,0.1215625033745317,0.95,2,0.7595649136958738,742.2513234550066,0.0124758744093148,0.3109849167209524,80.15470236325625,0.0,0.0,0.0,-1.0,11.143626182500796,59494.93391026909,118.9898678205382,0.0,0.026634885010163787,0.0,12.0,0.0,0.0,0.16666666666666666,0.0,4,16,4
-0.7635065238204991,53.011410678860045,1.9233166815289071,2,0.4587448968758314,1.0,0.0,1.0,0.0,0.5,0.15,0.1215625033745317,0.95,2,0.8309546592032974,711.8525427563992,0.0189443891718661,0.32148172481269166,78.6882641938216,0.0,0.0,0.0,-1.0,11.988589321139957,56014.440951459226,112.02888190291846,0.0,0.08357738761354137,0.0,12.0,0.0,0.0,0.20833333333333334,0.0,4,16,5
-0.4493980471151651,53.04895263863193,1.7560728868907456,2,0.4495392569469896,1.0,0.0,1.0,0.0,0.5,0.15,0.1215625033745317,0.95,2,0.8793723309562632,793.0267026419527,0.041208197805334,0.3084141254546599,70.58330236482243,0.0,0.0,0.0,-1.0,11.951047361368072,55974.44353595508,111.94888707191016,0.0,0.08423176415256249,0.0,12.0,0.0,0.0,0.25,0.0,4,16,6
0.3837293246197676,52.22636718123836,0.8635441797868365,2,0.4751768237534869,1.0,0.0,1.0,0.0,0.5,0.15,0.1215625033745317,0.95,2,0.8412731717331776,790.2984206590578,0.5635210931174429,0.3176862048189425,73.30004379728496,0.0,0.0,0.0,-1.0,12.773632818761644,57928.90884723407,115.85781769446812,0.0,0.052255791957586034,0.0,12.0,0.0,0.0,0.2916666666666667,0.0,4,16,7
0.4969184597668079,52.50590473023211,0.9285510133858916,3,0.537174745427897,1.0,0.0,1.0,0.0,0.5,0.15,0.1215625033745317,0.95,2,0.8554205190735981,791.3415015308931,0.0612825676440734,0.2998582864744294,78.4922692355476,0.0,0.0,0.0,-1.0,12.49409526976789,62114.19019542536,124.2283803908507,0.0,0.0,0.0,12.0,0.0,0.0,0.3333333333333333,0.0,4,16,8
0.4187860046125412,51.3926924458669,0.7662487215475963,4,0.5448797107758989,1.0,0.0,1.0,0.0,0.5,0.15,0.1215625033745317,0.95,2,0.8146948880756678,681.9630951542181,0.0485087517550687,0.3155317693712024,92.857971753614,0.0,0.0,0.0,-1.0,13.607307554133104,63325.70982683756,126.65141965367512,0.0,0.0,0.0,12.0,0.0,0.0,0.375,0.0,4,16,9
0.340568996726645,51.56527630763381,0.6425824200910425,3,0.5453066264261547,1.0,0.0,1.0,0.0,0.5,0.15,0.1215625033745317,0.95,2,0.7258236438002653,645.5806362857688,0.0572635994468926,0.30133959683812017,77.8083114736357,0.0,0.0,0.0,-1.0,13.43472369236619,50231.53922947102,125.57884807367756,1.0,0.17818838101488718,0.0,12.0,0.0,0.0,0.4166666666666667,0.0,4,16,10
0.4718034891317563,50.36562519574541,0.866305678330722,3,0.5588576731629326,1.0,0.0,1.0,0.0,0.5,0.15,0.1215625033745317,0.95,2,0.8133740244910597,655.1230611050679,0.2332937542457564,0.3178506744815477,76.97662663551347,0.0,0.0,0.0,-1.0,14.634374804254588,50429.16327499949,126.07290818749873,1.0,0.1749551586351347,0.0,12.0,0.0,0.0,0.4583333333333333,0.0,4,16,11
0.2890287215717734,51.45281707857458,0.6832685601345498,5,0.6266395881217347,1.0,0.0,1.0,0.0,0.5,0.15,0.1215625033745317,0.95,2,0.6909308793549441,785.7213713043146,0.123097076691653,0.28520385097737727,71.87686678641317,0.0,0.0,0.0,-1.0,13.54718292142542,56475.1903364781,141.18797584119528,1.0,0.0760393108622201,0.0,12.0,0.0,0.0,0.5,0.0,4,16,12
0.0042102002770173,52.68028877104607,0.769772657084331,5,0.6274657774920631,1.0,0.0,1.0,0.0,0.5,0.15,0.1215625033745317,0.95,2,0.8140393838856501,856.2827092169335,0.0900318660587866,0.2516366548892719,80.55403936007896,0.0,0.0,0.0,-1.0,12.319711228953937,68977.03106161591,137.95406212323184,0.0,0.0,1.0,11.0,0.0,0.0,0.5416666666666666,0.0,4,16,13
0.0579760374207251,50.10041432930864,0.8475202414748705,4,0.6260566080108784,1.0,0.0,1.0,0.0,0.5,0.15,0.1215625033745317,0.95,2,0.728184974153255,815.2027569321637,0.0826348486877285,0.2955289719806553,81.32269296231195,0.0,0.0,0.0,-1.0,14.89958567069137,66294.48350402457,132.58896700804914,0.0,0.0,2.0,10.0,0.0,0.0,0.5833333333333334,1.0,4,16,14
0.2336422640122462,49.843412640915865,0.9914064778272662,4,0.6183558923463697,1.0,0.0,1.0,0.0,0.5,0.15,0.1215625033745317,0.95,2,0.7851033587655705,693.0615779737016,0.1086870024072006,0.2921751780064411,93.3251375678577,0.0,0.0,0.0,-1.0,15.156587359084131,64680.06710739224,129.36013421478444,0.0,0.0,3.0,9.0,0.0,0.0,0.625,1.0,4,16,15
0.063591036304675,51.40210549255541,0.9777065857850524,5,0.6995775768912044,1.0,0.0,1.0,0.0,0.5,0.15,0.1215625033745317,0.95,2,0.789839627249287,769.0552315326615,0.1171800786590515,0.25496052201458613,90.99443070573284,0.0,0.0,0.0,-1.0,13.597894507444591,69979.74297458009,139.95948594916018,0.0,0.0,4.0,8.0,0.0,0.0,0.6666666666666666,1.0,4,16,16
0.5577484312606951,48.366888364522666,1.384256083246096,5,0.6946369086380852,1.0,0.0,1.0,0.0,0.5,0.15,0.1215625033745317,0.95,2,0.7423369617915128,731.8627257285174,0.1019506340007073,0.3035700982900807,95.38354051535688,0.0,0.0,0.0,-1.0,16.633111635477334,69807.65795120555,139.61531590241108,0.0,0.0,5.0,7.0,0.0,0.0,0.7083333333333334,1.0,4,16,17
0.6360353820746023,48.95641810506753,1.4512655183581904,4,0.6808345047727828,1.0,0.0,1.0,0.0,0.5,0.15,0.1215625033745317,0.95,2,0.7184310658227511,689.3111558097264,0.0938706464198161,0.2852192336876884,97.48976584716176,0.0,0.0,0.0,-1.0,16.043581894932473,67200.78317572667,134.40156635145334,0.0,0.0,6.0,6.0,0.0,0.0,0.75,0.0,4,16,18
0.3429750506820482,48.83882912164985,1.005815001849047,5,0.7354079135456957,1.0,0.0,1.0,0.0,0.5,0.15,0.1215625033745317,0.95,2,0.7110177021919034,700.3690184406265,0.0950413754934887,0.280049170455165,100.84684559239166,0.0,0.0,0.0,-1.0,16.161170878350145,70630.00626037677,141.26001252075355,0.0,0.0,7.0,5.0,0.0,0.0,0.7916666666666666,0.0,4,16,19
0.7051235020334456,46.32760800111611,1.529714537286961,4,0.6366811797764033,1.0,0.0,1.0,0.0,0.5,0.15,0.1215625033745317,0.95,2,0.75077148659016,793.2189980953241,0.1291301830414018,0.31558972392479817,79.87401631562528,0.0,0.0,0.0,-1.0,18.67239199888389,63357.58719572985,126.71517439145973,0.0,0.0,8.0,4.0,0.0,0.0,0.8333333333333334,0.0,4,16,20
0.8121770352711115,46.9639522603851,1.62472160543065,7,0.8349889042793874,1.0,0.0,1.0,0.0,0.5,0.15,0.1215625033745317,0.95,2,0.6945255375283054,727.7189816826776,0.0880065546478144,0.29750181838540035,107.18190699246848,0.0,0.0,0.0,-1.0,18.036047739614897,77998.30821136663,155.99661642273327,0.0,0.0,9.0,3.0,0.0,0.0,0.875,0.0,4,16,21
0.5030020787751116,46.543597544013096,1.0859636810813862,4,0.6586288072932861,1.0,0.0,1.0,0.0,0.5,0.15,0.1215625033745317,0.95,2,0.7334385495170042,703.1790274708205,0.1062601420122813,0.2972843348615341,90.437471444435,0.0,0.0,0.0,-1.0,18.456402455986908,63593.73321721791,127.18746643443582,0.0,0.0,10.0,2.0,0.0,0.0,0.9166666666666666,0.0,4,16,22
0.3626781819153219,47.66754092638856,1.0411089930717556,5,0.7604191704729761,1.0,0.0,1.0,0.0,0.5,0.15,0.1215625033745317,0.95,2,0.6631245673735645,713.4486915797123,0.091194005099397,0.27277312640437695,101.72299529527638,0.0,0.0,0.0,-1.0,17.33245907361145,72574.13789698416,145.1482757939683,0.0,0.0,11.0,1.0,0.0,0.0,0.9583333333333334,0.0,4,16,23
-0.1301195230613435,49.0297769711902,1.0578538744217625,7,0.8225067666630129,1.0,0.0,1.0,0.0,0.5,0.15,0.1215625033745317,0.95,2,0.7044348907978576,722.2711134878606,0.0956174208209256,0.2456957389047662,109.9101753494906,0.0,0.0,0.0,-1.0,15.970223028809803,79384.94473332257,158.76988946664514,0.0,0.0,12.0,0.0,0.0,0.0,1.0,0.0,4,16,24
0.0,51.91294620603745,0.0,2,0.2945974356586847,0.6239140772244158,0.5,0.67,0.0,0.3,0.09000000000000001,0.007493079283740057,0.95,5,0.7784922298234878,1289.7053056797429,1.0,0.5420404717099668,28.118955979342516,0.0,0.0,0.0,-1.0,33.08705379396255,36265.16671673317,72.53033343346634,0.0,0.0,0.0,12.0,0.0,0.0,0.041666666666666664,0.0,4,17,1
-9.373977884276387,61.28692409031383,4.686988942138193,1,0.2823933962455945,0.6239140772244158,0.5,0.67,0.0,0.3,0.09000000000000001,0.007493079283740057,0.95,5,0.7525169360178978,1249.0455676389572,1.0,0.38195558512246175,27.055204624431017,0.0,0.0,0.0,-1.0,23.713075909686168,33793.18341771058,67.58636683542115,0.0,0.015927287348512564,0.0,12.0,0.0,0.0,0.08333333333333333,0.0,4,17,2
-7.189540890636524,66.29202798731049,5.95987061070561,1,0.2779545546657672,0.6239140772244158,0.5,0.67,0.0,0.3,0.09000000000000001,0.007493079283740057,0.95,5,0.8013836056984737,1140.0461019632091,1.0,0.2963639130723092,30.01810059456104,0.0,0.0,0.0,-1.0,18.707972012689517,34222.0185711688,68.4440371423376,0.0,0.003439414645676728,0.0,12.0,0.0,0.0,0.125,0.0,4,17,3
-3.9934346436804415,63.55602705264002,5.407612575318307,1,0.2715199023565736,0.6239140772244158,0.5,0.67,0.0,0.3,0.09000000000000001,0.007493079283740057,0.95,5,0.7959543074852939,1420.7890923888012,0.0430701353005106,0.334191786192623,23.217944244260217,0.0,0.0,0.0,-1.0,21.443972947359978,32987.801929936264,65.97560385987254,0.0,0.03938035880368633,0.0,12.0,0.0,0.0,0.16666666666666666,0.0,4,17,4
-2.443977044625336,62.99827994800103,4.918738054653432,2,0.2824264847880722,0.6239140772244158,0.5,0.67,0.0,0.3,0.09000000000000001,0.007493079283740057,0.95,5,0.7471655950903231,1223.4941125435696,0.052096156402498,0.33740656948752423,28.18592529301229,0.0,0.0,0.0,-1.0,22.001720051998973,34485.313652593424,68.97062730518684,0.0,0.0,0.0,12.0,0.0,0.0,0.20833333333333334,0.0,4,17,5
-1.4873277040118678,61.84462680644231,4.496412448839175,2,0.2773598450943836,0.6239140772244158,0.5,0.67,0.0,0.3,0.09000000000000001,0.007493079283740057,0.95,5,0.7933804112609013,1141.5055140377722,0.0905427024430822,0.349515067072569,30.254343523525225,0.0,0.0,0.0,-1.0,23.155373193557697,34535.49995569701,69.07099991139401,0.0,0.0,0.0,12.0,0.0,0.0,0.25,0.0,4,17,6
0.0138586723635469,63.96990351321773,1.6188747378792212,2,0.2943462879483506,0.6239140772244158,0.5,0.67,0.0,0.3,0.09000000000000001,0.007493079283740057,0.95,5,0.8224933903587619,1358.549322253931,0.6115966050030583,0.31252155769831225,26.413335697604307,0.0,0.0,0.0,-1.0,21.030096486782263,35883.81931044589,71.76763862089179,0.0,0.0,0.0,12.0,0.0,0.0,0.2916666666666667,0.0,4,17,7
0.5560351187073955,62.382186908323845,1.4294841282310735,2,0.2971970596157687,0.6239140772244158,0.5,0.67,0.0,0.3,0.09000000000000001,0.007493079283740057,0.95,5,0.7421453953622564,1314.4757513604138,0.1521413044526295,0.33099238670745595,26.143707159197447,0.0,0.0,0.0,-1.0,22.617813091676155,34365.269111432695,68.73053822286538,0.0,0.0,0.0,12.0,0.0,0.0,0.3333333333333333,0.0,4,17,8
0.1985159749681432,62.111015710314256,0.7682154265984652,1,0.2819773349923367,0.6239140772244158,0.5,0.67,0.0,0.3,0.09000000000000001,0.007493079283740057,0.95,5,0.8137753291559628,1400.120855347022,0.1500350052637425,0.3299313050765513,23.40604883449315,0.0,0.0,0.0,-1.0,22.888984289685744,32771.297114444715,65.54259422888943,0.0,0.045685076487407675,0.0,12.0,0.0,0.0,0.375,0.0,4,17,9
-0.0687749186752311,63.63741435738326,0.7818598000469528,1,0.2860885646527394,0.6239140772244158,0.5,0.67,0.0,0.3,0.09000000000000001,0.007493079283740057,0.95,5,0.7874619537949383,1417.81605773237,0.1766308889029643,0.3033739972915987,18.58730045873512,0.0,0.0,0.0,-1.0,21.362585642616743,26353.3730602909,65.88343265072726,1.0,0.23257791388290425,0.0,12.0,0.0,0.0,0.4166666666666667,0.0,4,17,10
-0.4230381151306704,65.0596213454596,1.1494682300137806,0,0.2753089140278253,0.6239140772244158,0.5,0.67,1.0,0.3,0.09000000000000001,0.007493079283740057,0.5473330929625094,5,0.8525842042200651,1453.4355263489745,0.3665688334998875,0.2790490307340931,17.092478647323784,0.0,0.0,0.0,-1.0,19.9403786545404,24842.81569938165,62.10703924845413,1.0,0.2765660241888006,0.0,12.0,0.0,0.0,0.4583333333333333,0.0,2,17,11
-0.1585308205555031,63.167878865411005,0.9904493347527424,1,0.2788631705926467,0.6239140772244158,0.5,0.67,0.0,0.3,0.09000000000000001,0.007493079283740057,0.7095897458596032,5,0.9307027055542704,1291.6366074216344,0.2224079224427345,0.3011327053046758,19.457663606027143,0.0,0.0,0.0,-1.0,21.832121134588995,25132.230608440303,62.83057652110076,1.0,0.26813813176094875,0.0,12.0,0.0,0.0,0.5,0.0,3,17,12
0.1685000381857971,60.28412735034997,1.4672662115319273,1,0.2847658113215451,0.6239140772244158,0.5,0.67,0.0,0.3,0.09000000000000001,0.007493079283740057,0.686168539128685,5,0.7865893381222964,1166.7424713062717,0.1460453386300257,0.3360798547261194,26.830409016069115,0.0,0.0,0.0,-1.0,24.71587264965003,31304.177721566557,62.60835544313311,0.0,0.0884082536112462,1.0,11.0,0.0,0.0,0.5416666666666666,0.0,3,17,13
0.79811676338876,58.91451906682264,2.0677341553829067,0,0.2793850955926646,0.6239140772244158,0.5,0.67,1.0,0.3,0.09000000000000001,0.007493079283740057,0.497794296993876,5,1.0,1273.219895427118,0.1756536810573589,0.3497494650258418,23.236119708270564,0.0,0.0,0.0,-1.0,26.08548093317737,29584.68990509624,59.16937981019248,0.0,0.13848051283019627,2.0,10.0,0.0,0.0,0.5833333333333334,1.0,2,17,14
1.4052940958462523,58.06416735665388,2.581554731446712,0,0.2866661423889731,0.6239140772244158,0.5,0.67,1.0,0.3,0.09000000000000001,0.007493079283740057,0.5113054701282692,5,0.908034814545374,1399.54362813051,0.2573446052590141,0.356176299416147,21.42505370391853,0.0,0.0,0.0,-1.0,26.935832643346117,29985.29739367316,59.97059478734632,0.0,0.12681464243499158,3.0,9.0,0.0,0.0,0.625,1.0,2,17,15
1.4081101595174648,58.538998790797095,2.584256851766092,0,0.2882444772792493,0.6239140772244158,0.5,0.67,1.0,0.3,0.09000000000000001,0.007493079283740057,0.4724593425957186,5,0.8612262761193552,1426.211478689886,0.2562692161047824,0.3451434940330813,20.21685190326857,0.0,0.0,0.0,-1.0,26.4610012092029,28833.506247415105,57.6670124948302,0.0,0.16035531907666323,4.0,8.0,0.0,0.0,0.6666666666666666,1.0,2,17,16
0.8278513804084133,58.59006668031759,1.7403004923662668,1,0.2792286885698694,0.6239140772244158,0.5,0.67,0.0,0.3,0.09000000000000001,0.007493079283740057,0.3275614691989964,5,0.7820672818775625,1259.7619890799356,0.1953964652707049,0.33985973172781647,22.274950561348057,0.0,0.0,0.0,-1.0,26.40993331968241,28061.13602582105,56.122272051642106,0.0,0.18284708760110918,5.0,7.0,0.0,0.0,0.7083333333333334,1.0,1,17,17
-0.1349066074903652,61.32817874785693,1.1430920482926588,1,0.2838973751657466,0.6239140772244158,0.5,0.67,0.0,0.3,0.09000000000000001,0.007493079283740057,0.3192442483600242,5,0.886681624787004,1164.5473918020652,0.1758456914226792,0.30059455558276926,24.06229167548187,0.0,0.0,0.0,-1.0,23.67182125214308,28021.67901146296,56.04335802292592,0.0,0.1839960936202387,6.0,6.0,0.0,0.0,0.75,0.0,1,17,18
-0.5864076488694395,61.05075219628281,1.281864490382378,1,0.2774889521108709,0.6239140772244158,0.5,0.67,0.0,0.3,0.09000000000000001,0.007493079283740057,0.05,5,0.8741642042077405,1252.7042356642444,0.2247199122575769,0.30014723096042434,21.27443802843366,0.0,0.0,0.0,-1.0,23.949247803717192,26650.57862959532,53.30115725919064,0.0,0.22392315392183926,7.0,5.0,0.0,0.0,0.7916666666666666,0.0,0,17,19
-0.2701412967921573,57.90048197739971,1.3982038077805974,0,0.2919943685416888,0.6239140772244158,0.5,0.67,1.0,0.3,0.09000000000000001,0.007493079283740057,0.4799977736202096,5,0.917331569441384,1166.2303341533068,0.2020393095635044,0.3352517693517562,24.91533666099035,0.0,0.0,0.0,-1.0,27.099518022600297,29057.02139968891,58.11404279937782,0.0,0.1538464572302378,8.0,4.0,0.0,0.0,0.8333333333333334,0.0,2,17,20
-0.2119921874965896,60.49218023533879,1.3482243719100244,1,0.2961872806185839,0.6239140772244158,0.5,0.67,0.0,0.3,0.09000000000000001,0.007493079283740057,0.244599114121689,5,0.874914131125235,922.3448589387896,0.1659629076228835,0.2993321497973888,29.996981238863533,0.0,0.0,0.0,-1.0,24.50781976466121,27667.561429349105,55.335122858698206,0.0,0.19430815701245918,9.0,3.0,0.0,0.0,0.875,0.0,1,17,21
-0.2597982228307333,61.54030739142023,1.399001089347031,1,0.2713328531875049,0.6239140772244158,0.5,0.67,0.0,0.3,0.09000000000000001,0.007493079283740057,0.05,5,0.8327908815875324,1033.0192992533798,0.1995733593562227,0.28293096613362534,25.36106837557207,0.0,0.0,0.0,-1.0,23.45969260857977,26198.47308165051,52.396946163301024,0.0,0.23708867098696623,10.0,2.0,0.0,0.0,0.9166666666666666,0.0,0,17,22
-0.1597739889252605,61.6345239016635,1.288853530004498,1,0.2759124006471831,0.6239140772244158,0.5,0.67,0.0,0.3,0.09000000000000001,0.007493079283740057,0.05,5,0.843721066200657,1123.7101917510556,0.2255546719496525,0.27829847462038515,23.433962391882293,0.0,0.0,0.0,-1.0,23.365476098336504,26332.98237286908,52.66596474573815,0.0,0.23317169987920983,11.0,1.0,0.0,0.0,0.9583333333333334,0.0,0,17,23
-0.2334438097837163,60.234808278994265,1.2581067009479605,1,0.2861391892006431,0.6239140772244158,0.5,0.67,0.0,0.3,0.09000000000000001,0.007493079283740057,0.2339345973817833,5,0.7773103083317984,1112.6728121495337,0.2044835704372567,0.2913551967177146,24.820386108280687,0.0,0.0,0.0,-1.0,24.76519172100574,27616.96880973789,55.23393761947577,0.0,0.19578143686909621,12.0,0.0,0.0,0.0,1.0,0.0,1,17,24
0.0,59.10688155431898,0.0,2,0.1975800677017564,0.14744353704008556,1.0,0.67,0.0,0.2,0.060000000000000005,0.003390634417150277,0.95,4,0.8481242736612731,1158.4930060407748,1.0,0.4733158476353541,20.99473657369265,0.0,0.0,0.0,-1.0,35.89311844568102,24322.255484291392,48.64451096858279,0.0,0.0,0.0,12.0,0.0,0.0,0.041666666666666664,0.0,4,18,1
-9.032240125517486,68.13912167983646,4.51612006275874,2,0.2016560515445468,0.14744353704008556,1.0,0.67,0.0,0.2,0.060000000000000005,0.003390634417150277,0.95,4,0.8184950485597451,1446.601909757282,1.0,0.3503592824369157,16.681565085220434,0.0,0.0,0.0,-1.0,26.86087832016354,24131.58391002028,48.26316782004055,0.0,0.0,0.0,12.0,0.0,0.0,0.08333333333333333,0.0,4,18,2
-6.559981983889327,72.22684552209763,5.4815275893110975,2,0.2024986406682875,0.14744353704008556,1.0,0.67,0.0,0.2,0.060000000000000005,0.003390634417150277,0.95,4,0.7842932035033467,1161.5085390587994,1.0,0.2938471545535789,21.46503163988281,0.0,0.0,0.0,-1.0,22.773154477902366,24931.81754089119,49.86363508178238,0.0,0.0,0.0,12.0,0.0,0.0,0.125,0.0,4,18,3
-4.145254882508461,71.56182321526012,5.230362168734343,2,0.2040770155893831,0.14744353704008556,1.0,0.67,0.0,0.2,0.060000000000000005,0.003390634417150277,0.95,4,0.7592383361764956,1369.1533631479444,0.0552212576724667,0.29921076746476444,18.1089682153074,0.0,0.0,0.0,-1.0,23.43817678473988,24793.954735127358,49.58790947025471,0.0,0.0,0.0,12.0,0.0,0.0,0.16666666666666666,0.0,4,18,4
-2.9634363307405427,72.21271244030986,5.005947726779944,2,0.1993492256458404,0.14744353704008556,1.0,0.67,0.0,0.2,0.060000000000000005,0.003390634417150277,0.95,4,0.8067170796491631,1433.0759397300046,0.0859386571496997,0.2878394218066123,16.98533466101463,0.0,0.0,0.0,-1.0,22.787287559690142,24341.27443096216,48.68254886192432,0.0,0.0,0.0,12.0,0.0,0.0,0.20833333333333334,0.0,4,18,5
-1.69866894359992,68.6864141646019,4.569804886157291,2,0.1961135310923885,0.14744353704008556,1.0,0.67,0.0,0.2,0.060000000000000005,0.003390634417150277,0.95,4,0.8475922460911908,1246.568425760328,0.1342026675838623,0.3289198229424763,19.58906008263267,0.0,0.0,0.0,-1.0,26.313585835398104,24419.10378933189,48.83820757866378,0.0,0.0,0.0,12.0,0.0,0.0,0.25,0.0,4,18,6
-0.2681634784880641,72.01034699874043,1.7138769955559712,2,0.1976563954099618,0.14744353704008556,1.0,0.67,0.0,0.2,0.060000000000000005,0.003390634417150277,0.95,4,0.881251083454959,1315.3309270556222,0.5947033590807485,0.28440807836609777,18.31959791006228,0.0,0.0,0.0,-1.0,22.98965300125957,24096.33370232845,48.1926674046569,0.0,0.0,0.0,12.0,0.0,0.0,0.2916666666666667,0.0,4,18,7
0.6583594510852324,68.05447474955442,1.735979015138987,1,0.2038761017281277,0.14744353704008556,1.0,0.67,0.0,0.2,0.060000000000000005,0.003390634417150277,0.95,4,0.781572182853206,1142.8935410430902,0.1784886623364493,0.32994520714831327,20.626986457619115,0.0,0.0,0.0,-1.0,26.945525250445584,23574.44959359617,47.14889918719236,0.0,0.008529116778042217,0.0,12.0,0.0,0.0,0.3333333333333333,0.0,4,18,8
0.2042147725281509,71.96247585518864,1.7020270624493063,1,0.2035883737448377,0.14744353704008556,1.0,0.67,0.0,0.2,0.060000000000000005,0.003390634417150277,0.95,4,0.7652734783346321,1271.1409109431393,0.1776177298968364,0.2792427169068044,18.613957012244693,0.0,0.0,0.0,-1.0,23.037524144811364,23660.96227280116,47.32192454560232,0.0,0.0048906520868212565,0.0,12.0,0.0,0.0,0.375,0.0,4,18,9
0.3622441216160101,68.50254102448295,1.8349177504433447,1,0.2005089453684246,0.14744353704008556,1.0,0.67,0.0,0.2,0.060000000000000005,0.003390634417150277,0.95,4,0.8261270508270653,1246.4673362532728,0.2129310844844974,0.3179695077062046,14.817964895670247,0.0,0.0,0.0,-1.0,26.49745897551705,18470.1092322006,46.1752730805015,1.0,0.22320241493016896,0.0,12.0,0.0,0.0,0.4166666666666667,0.0,4,18,10
-0.2729257063503297,71.91997747248186,1.7849794486965704,1,0.2066544661033623,0.14744353704008556,1.0,0.67,0.0,0.2,0.060000000000000005,0.003390634417150277,0.95,4,0.7643836763878649,1270.5667799785692,0.3592134101404743,0.27421808943585896,14.67668061408844,0.0,0.0,0.0,-1.0,23.08002252751813,18647.70282861624,46.6192570715406,1.0,0.2157333591121868,0.0,12.0,0.0,0.0,0.4583333333333333,0.0,4,18,11
-0.1148150925256966,71.186737978805,1.673859380343058,1,0.2013893126746672,0.14744353704008556,1.0,0.67,0.0,0.2,0.060000000000000005,0.003390634417150277,0.95,4,0.8041789744609924,1137.4500474270203,0.250757388074194,0.28015602377876475,15.956732396931224,0.0,0.0,0.0,-1.0,23.813262021195005,18149.98602166969,45.37496505417423,1.0,0.23666584028077173,0.0,12.0,0.0,0.0,0.5,0.0,4,18,12
-0.0703437203514486,68.32883622824497,1.7207496134048468,1,0.2051922025780583,0.14744353704008556,1.0,0.67,0.0,0.2,0.060000000000000005,0.003390634417150277,0.95,4,0.8079063179715524,1404.338477553237,0.2269706426914395,0.3107320051078256,16.06214386165549,0.0,0.0,0.0,-1.0,26.67116377175503,22556.68665691834,45.11337331383669,0.0,0.051333183686677594,1.0,11.0,0.0,0.0,0.5416666666666666,0.0,4,18,13
0.8996887820630244,65.91552515722564,2.231186930317232,0,0.1983552137258265,0.14744353704008556,1.0,0.67,1.0,0.2,0.060000000000000005,0.003390634417150277,0.4856584714965142,4,0.8522216335426666,1276.8664860268811,0.2179035284493713,0.33559009433970405,16.44984914858524,0.0,0.0,0.0,-1.0,29.084474842774352,21004.26107802632,42.00852215605264,0.0,0.11662356315999257,2.0,10.0,0.0,0.0,0.5833333333333334,1.0,2,18,14
0.3955293164936621,69.90808754829308,1.9927936028488384,0,0.2005341886707486,0.14744353704008556,1.0,0.67,1.0,0.2,0.060000000000000005,0.003390634417150277,0.4829763228704372,4,0.916571651831904,1135.6532057156735,0.2334894841229856,0.28676471373379336,18.47032989519204,0.0,0.0,0.0,-1.0,25.09191245170692,20975.88935610088,41.951778712201765,0.0,0.11781679297790461,3.0,9.0,0.0,0.0,0.625,1.0,2,18,15
0.6658523606492047,68.50886342044845,1.9923766533803149,1,0.1984706395327051,0.14744353704008556,1.0,0.67,0.0,0.2,0.060000000000000005,0.003390634417150277,0.05,4,0.8914969932652562,1174.579834927105,0.26164262184059,0.29989965939114965,16.902470656754208,0.0,0.0,0.0,-1.0,26.49113657955155,19853.30119387059,39.70660238774118,0.0,0.1650294955388723,4.0,8.0,0.0,0.0,0.6666666666666666,1.0,0,18,16
0.0417848561140558,69.98771519247106,1.6724828247737669,1,0.1958035705390734,0.14744353704008556,1.0,0.67,0.0,0.2,0.060000000000000005,0.003390634417150277,0.05,4,0.8597570746960111,1090.2665034114098,0.2331185698416769,0.28051160531808156,18.048169046362577,0.0,0.0,0.0,-1.0,25.012284807528943,19677.314159155765,39.35462831831153,0.0,0.1724309841739121,5.0,7.0,0.0,0.0,0.7083333333333334,1.0,0,18,17
-0.2003553213274842,67.56785428195906,1.3947267439714048,1,0.198926674068853,0.14744353704008556,1.0,0.67,0.0,0.2,0.060000000000000005,0.003390634417150277,0.05,4,0.8340463654062404,1139.083142216076,0.2389846376861686,0.3048016190893438,17.237344988801677,0.0,0.0,0.0,-1.0,27.432145718040942,19634.76909330675,39.269538186613495,0.0,0.1742203024715286,6.0,6.0,0.0,0.0,0.75,0.0,0,18,18
-0.109895336297737,67.79316211670573,1.4115146944608432,1,0.197643406766987,0.14744353704008556,1.0,0.67,0.0,0.2,0.060000000000000005,0.003390634417150277,0.05,4,0.8892445340577037,1044.103944269105,0.2248930675819506,0.29952482073351505,18.18023700890852,0.0,0.0,0.0,-1.0,27.20683788329428,18982.057168748543,37.96411433749709,0.0,0.2016714149889984,7.0,5.0,0.0,0.0,0.7916666666666666,0.0,0,18,19
0.1784955669309652,69.57201154412438,0.9834469562151544,1,0.2063433912314889,0.14744353704008556,1.0,0.67,0.0,0.2,0.060000000000000005,0.003390634417150277,0.2948336120647534,4,0.8355158674576613,1063.0910348478803,0.2228404731177179,0.27739623770046123,19.31508953808525,0.0,0.0,0.0,-1.0,25.42798845587562,20533.69852522251,41.067397050445024,0.0,0.13641401756645763,8.0,4.0,0.0,0.0,0.8333333333333334,0.0,1,18,20
0.2114860259093046,67.232821861142,1.0261454773756074,2,0.1983860155255444,0.14744353704008556,1.0,0.67,0.0,0.2,0.060000000000000005,0.003390634417150277,0.05,4,0.7723228774575626,1090.078981183014,0.2569716085422516,0.3001857096092757,17.000338456591976,0.0,0.0,0.0,-1.0,27.767178138858004,18531.71162452819,37.06342324905638,0.0,0.2206116024453586,9.0,3.0,0.0,0.0,0.875,0.0,0,18,21
0.4451310318230058,66.71704753671654,1.2083022135401968,1,0.1957450549515054,0.14744353704008556,1.0,0.67,0.0,0.2,0.060000000000000005,0.003390634417150277,0.05,4,0.8188144708001125,1197.5035938806532,0.2697281274423204,0.3030316335351799,15.782927897283871,0.0,0.0,0.0,-1.0,28.282952463283465,18900.112878956657,37.80022575791331,0.0,0.20511774687693468,10.0,2.0,0.0,0.0,0.9166666666666666,0.0,0,18,22
0.1808764127740471,67.41522607713073,0.8939156687402577,1,0.1980546233561554,0.14744353704008556,1.0,0.67,0.0,0.2,0.060000000000000005,0.003390634417150277,0.05,4,0.7946896168206352,917.8720089023968,0.1943545139265507,0.29293565227825774,20.593572238303288,0.0,0.0,0.0,-1.0,27.584773922869275,18902.263520848068,37.80452704169614,0.0,0.20502729730749275,11.0,1.0,0.0,0.0,0.9583333333333334,0.0,0,18,23
0.3958628810368033,66.4193480945294,1.0193820723164473,1,0.2048523615762956,0.14744353704008556,1.0,0.67,0.0,0.2,0.060000000000000005,0.003390634417150277,0.05,4,0.7599118534706036,982.8953320905766,0.2068335300376555,0.3008489674260064,20.115571217322557,0.0,0.0,0.0,-1.0,28.58065190547061,19771.501051841897,39.5430021036838,0.0,0.1684697650027626,12.0,0.0,0.0,0.0,1.0,0.0,0,18,24
0.0,54.394149195288456,0.0,4,0.2666642859235983,0.20842015296097463,0.0,0.0,0.0,0.5500000000000008,0.11,0.04438281073128139,0.05,1,0.7044733134840584,495.3213553174557,1.0,0.5095012124529862,44.18219208684954,0.0,0.0,0.0,-1.0,33.605850804711544,21884.38326535448,43.768766530708966,0.0,0.0,0.0,12.0,0.0,0.0,0.041666666666666664,0.0,0,19,1
-8.574523543829837,62.96867273911829,4.287261771914915,4,0.3046328303213207,0.20842015296097463,0.0,0.0,0.0,0.5500000000000008,0.11,0.04438281073128139,0.05,1,0.7810549908410489,592.2819915242267,1.0,0.37406715707419746,41.03283155706243,0.0,0.0,0.0,-1.0,25.031327260881717,24303.00719249507,48.60601438499014,0.0,0.0,0.0,12.0,0.0,0.0,0.08333333333333333,0.0,0,19,2
-5.673026772959703,65.74020274120787,4.829731573206447,6,0.2159498969861498,0.20842015296097463,0.0,0.0,0.0,0.5500000000000008,0.11,0.04438281073128139,0.05,1,0.700515460643436,619.6638069241568,1.0,0.327952814125851,28.604702747966968,0.0,0.0,0.0,-1.0,22.259797258792137,17725.2990007391,35.4505980014782,0.0,0.05943110476890805,0.0,12.0,0.0,0.0,0.125,0.0,0,19,3
-3.6221144498500815,65.54402069409218,4.616054203454502,5,0.258439623282778,0.20842015296097463,0.0,0.0,0.0,0.5500000000000008,0.11,0.04438281073128139,0.05,1,0.7844635840537464,557.0075772807282,0.0266097965109108,0.3262369874950287,37.58014457532466,0.0,0.0,0.0,-1.0,22.45597930590781,20932.42528376109,41.86485056752218,0.0,0.0,0.0,12.0,0.0,0.0,0.16666666666666666,0.0,0,19,4
-2.704454887906921,66.62874965733612,4.498777907862305,5,0.2431464123794669,0.20842015296097463,0.0,0.0,0.0,0.5500000000000008,0.11,0.04438281073128139,0.05,1,0.7798699023126664,620.4778922595203,0.0464057784768302,0.3062149302829452,31.899145865281326,0.0,0.0,0.0,-1.0,21.37125034266389,19792.71479136875,39.585429582737504,0.0,0.0,0.0,12.0,0.0,0.0,0.20833333333333334,0.0,0,19,5
-2.339637830656454,68.6148042683761,4.599874265124249,4,0.2962562467050996,0.20842015296097463,0.0,0.0,0.0,0.5500000000000008,0.11,0.04438281073128139,0.05,1,0.765174483058698,515.5335986692769,0.0586102784610947,0.27399569938691015,47.702533380148495,0.0,0.0,0.0,-1.0,19.38519573162389,24592.258699109258,49.18451739821853,0.0,0.0,0.0,12.0,0.0,0.0,0.25,0.0,0,19,6
-1.1847341720876778,69.32010523478232,2.097531047714836,5,0.253126634348453,0.20842015296097463,0.0,0.0,0.0,0.5500000000000008,0.11,0.04438281073128139,0.05,1,0.7524576862098111,510.8745821044909,0.5659885774522488,0.26049824193214655,40.26914308664688,0.0,0.0,0.0,-1.0,18.679894765217675,20572.481646096672,41.14496329219335,0.0,0.0,0.0,12.0,0.0,0.0,0.2916666666666667,0.0,0,19,7
-0.7983418241991628,68.66573386397994,1.5031576487986529,6,0.2229463654668158,0.20842015296097463,0.0,0.0,0.0,0.5500000000000008,0.11,0.04438281073128139,0.05,1,0.7372027575827607,523.392871144792,0.1361567446904536,0.2660678826057807,32.83647848771085,0.0,0.0,0.0,-1.0,19.334266136020062,17186.37875396718,34.37275750793436,0.0,0.08802817504133607,0.0,12.0,0.0,0.0,0.3333333333333333,0.0,0,19,8
-0.6655002374360698,68.83927163887716,1.3635370871804875,5,0.2423475626662924,0.20842015296097463,0.0,0.0,0.0,0.5500000000000008,0.11,0.04438281073128139,0.05,1,0.6873742914458961,489.0008685805117,0.1026972702408434,0.2602475838522627,38.39875968814216,0.0,0.0,0.0,-1.0,19.160728361122843,18777.02683991586,37.55405367983172,0.0,0.0036225967298042557,0.0,12.0,0.0,0.0,0.375,0.0,0,19,9
-0.3560631692145585,69.11738569369788,0.8855600292012672,5,0.2335454216009392,0.20842015296097463,0.0,0.0,0.0,0.5500000000000008,0.11,0.04438281073128139,0.05,1,0.7550372180511521,448.9083279662011,0.1166681082312773,0.25317471695600596,31.949064610822248,0.0,0.0,0.0,-1.0,18.88261430630211,14342.201174528343,35.85550293632086,1.0,0.2389505918435734,0.0,12.0,0.0,0.0,0.4166666666666667,0.0,0,19,10
0.3802401032468189,66.0400477153196,1.098015978125387,5,0.2683203916333705,0.20842015296097463,0.0,0.0,0.0,0.5500000000000008,0.11,0.04438281073128139,0.05,1,0.695978977725361,130.8825854791992,0.0684216471794034,0.29069986477238247,123.32783247438616,0.0,0.0,0.0,-1.0,21.959952284680394,16141.465575793209,40.35366393948302,1.0,0.1434750723583585,0.0,12.0,0.0,0.0,0.4583333333333333,0.0,0,19,11
0.7279983773197474,65.74390547177616,1.475223764052415,5,0.2588501645703926,0.20842015296097463,0.0,0.0,0.0,0.5500000000000008,0.11,0.04438281073128139,0.05,1,0.6989881346276742,162.31964220073868,0.1087987884412038,0.2909293402382202,95.81334113986313,0.0,0.0,0.0,-1.0,22.256094528223844,15552.3872518799,38.88096812969975,1.0,0.17473371280806943,0.0,12.0,0.0,0.0,0.5,0.0,0,19,12
0.6036880210000327,66.91260501291598,1.3730699907324382,6,0.2073793729638652,0.20842015296097463,0.0,0.0,0.0,0.5500000000000008,0.11,0.04438281073128139,0.05,1,0.704821297432867,480.26091645046176,0.3225723154734642,0.2722417857396539,31.645466778685982,0.0,0.0,0.0,-1.0,21.087394987084025,15198.080876634374,30.396161753268743,0.0,0.1935344989569587,1.0,11.0,0.0,0.0,0.5416666666666666,0.0,0,19,13
0.7955237525262779,64.65270222837106,1.6228923362414465,6,0.2479261393927797,0.20842015296097463,0.0,0.0,0.0,0.5500000000000008,0.11,0.04438281073128139,0.05,1,0.6875000240706257,541.2643059017345,0.1856290079502437,0.2977338716892106,32.33593760172514,0.0,0.0,0.0,-1.0,23.347297771628934,17502.288821679555,35.00457764335912,0.0,0.07126483675473125,2.0,10.0,0.0,0.0,0.5833333333333334,1.0,0,19,14
1.005706390603358,62.67610834341555,1.9731159119596595,6,0.2538245007828533,0.20842015296097463,0.0,0.0,0.0,0.5500000000000008,0.11,0.04438281073128139,0.05,1,0.6364446796322886,160.39958849320445,0.0440620827539947,0.31904115472862293,110.34965765123636,0.0,0.0,0.0,-1.0,25.323891656584447,17700.039677624303,35.40007935524861,0.0,0.06077145641179884,3.0,9.0,0.0,0.0,0.625,1.0,0,19,15
0.6639195434855099,63.68526974484638,1.4450375625283525,6,0.2222114685546028,0.20842015296097463,0.0,0.0,0.0,0.5500000000000008,0.11,0.04438281073128139,0.05,1,0.673745215512265,137.4863883502706,0.0503991275425802,0.30267299072805337,107.78342231696917,0.0,0.0,0.0,-1.0,24.31473025515362,14818.753458392044,29.637506916784087,0.0,0.21366299273820175,4.0,8.0,0.0,0.0,0.6666666666666666,1.0,0,19,16
0.4990468036211227,64.58229778426116,1.3617879910787658,6,0.2604726367948932,0.20842015296097463,0.0,0.0,0.0,0.5500000000000008,0.11,0.04438281073128139,0.05,1,0.6676621503602974,149.08266632789037,0.09150280435163,0.28807014514491647,117.05471404210684,0.0,0.0,0.0,-1.0,23.417702215738835,17450.82887564604,34.90165775129208,0.0,0.07399548883497978,5.0,7.0,0.0,0.0,0.7083333333333334,1.0,0,19,17
0.3046673733119705,64.62034378591196,1.281458482883281,6,0.267063262835972,0.20842015296097463,0.0,0.0,0.0,0.5500000000000008,0.11,0.04438281073128139,0.05,1,0.707844706618926,119.84697364629928,0.1100179997815713,0.28425113938100965,146.63194542605962,0.0,0.0,0.0,-1.0,23.379656214088044,17573.39489918256,35.14678979836512,0.0,0.06749168941552813,6.0,6.0,0.0,0.0,0.75,0.0,0,19,18
0.0273498821476142,63.115306179956974,0.7863396542457037,5,0.2961922752208569,0.20842015296097463,0.0,0.0,0.0,0.5500000000000008,0.11,0.04438281073128139,0.05,1,0.6851190145069559,120.15786256348176,0.0754514350957905,0.29906492322535433,157.83060466717353,0.0,0.0,0.0,-1.0,24.88469382004303,18964.58810390946,37.92917620781892,0.0,0.0,7.0,5.0,0.0,0.0,0.7916666666666666,0.0,0,19,19
-0.6064433967990545,67.25558105961241,1.4907020222269958,5,0.3082786035335201,0.20842015296097463,0.0,0.0,0.0,0.5500000000000008,0.11,0.04438281073128139,0.05,1,0.6974211578945346,123.15276461160867,0.0652229498178735,0.2464683438461891,166.06747252826725,0.0,0.0,0.0,-1.0,20.744418940387582,20451.66835391849,40.90333670783698,0.0,0.0,8.0,4.0,0.0,0.0,0.8333333333333334,0.0,0,19,20
-0.5129694972532951,65.9730937815997,1.3865680823202855,4,0.3507090614873608,0.20842015296097463,0.0,0.0,0.0,0.5500000000000008,0.11,0.04438281073128139,0.05,1,0.7400536022646397,132.8443899120271,0.0727885595863793,0.2587595444158626,164.40574442680645,0.0,0.0,0.0,-1.0,22.026906218400303,21840.380816411754,43.68076163282351,0.0,0.0,9.0,3.0,0.0,0.0,0.875,0.0,0,19,21
-0.4582649248730721,66.15044728502895,1.338454548034382,4,0.3585179172715138,0.20842015296097463,0.0,0.0,0.0,0.5500000000000008,0.11,0.04438281073128139,0.05,1,0.7944677992432915,583.1705654955517,0.3551412755926337,0.25381861817972184,39.57287549667972,0.0,0.0,0.0,-1.0,21.849552714971058,23077.736181683777,46.15547236336755,0.0,0.0,10.0,2.0,0.0,0.0,0.9166666666666666,0.0,0,19,22
-0.3836083160846255,65.7410147910637,1.3066589593519824,4,0.3420455059575354,0.20842015296097463,0.0,0.0,0.0,0.5500000000000008,0.11,0.04438281073128139,0.05,1,0.6777088747379026,551.2286335660515,0.1540813501651955,0.2557279296383298,39.48114045764739,0.0,0.0,0.0,-1.0,22.25898520893629,21763.135106098325,43.52627021219666,0.0,0.0,11.0,1.0,0.0,0.0,0.9583333333333334,0.0,0,19,23
-0.5080793805564744,67.54513090429569,1.43572158306885,4,0.3491320681749714,0.20842015296097463,0.0,0.0,0.0,0.5500000000000008,0.11,0.04438281073128139,0.05,1,0.6961286768668997,591.7336602311035,0.1357747615284797,0.23244169426936728,37.96390472818426,0.0,0.0,0.0,-1.0,20.45486909570432,22464.520301473367,44.929040602946735,0.0,0.0,12.0,0.0,0.0,0.0,1.0,0.0,0,19,24
0.0,46.659119021074446,0.0,5,0.2090302937423735,1.0,1.0,0.33,0.0,0.4500000000000007,0.09000000000000001,0.1021467223750744,0.05,3,0.7875634340938009,848.7201328883473,1.0,0.5455008297021062,20.21222776615729,0.0,0.0,0.0,-1.0,53.24088097892556,17154.524635662558,34.309049271325115,0.0,0.04071474700323554,0.0,12.0,0.0,0.0,0.041666666666666664,0.0,0,20,1
-14.066854785675895,60.72597380675034,7.033427392837947,4,0.2497029635529851,1.0,1.0,0.33,0.0,0.4500000000000007,0.09000000000000001,0.1021467223750744,0.05,3,0.8238272196149632,924.6898670718432,1.0,0.4009623970649915,21.54323446378376,0.0,0.0,0.0,-1.0,39.17402619324967,19920.81061261376,39.84162122522751,0.0,0.0,0.0,12.0,0.0,0.0,0.08333333333333333,0.0,0,20,2
-12.115291457990454,70.88970193705535,9.93478133470861,4,0.2309726435469161,1.0,1.0,0.33,0.0,0.4500000000000007,0.09000000000000001,0.1021467223750744,0.05,3,0.7397341686867813,803.3558038126212,1.0,0.29662881454953643,23.59897705765541,0.0,0.0,0.0,-1.0,29.010298062944663,18958.37518330837,37.916750366616746,0.0,0.0,0.0,12.0,0.0,0.0,0.125,0.0,0,20,3
-7.980572087831063,69.87311660374297,9.720764734490066,4,0.2388038853274073,1.0,1.0,0.33,0.0,0.4500000000000007,0.09000000000000001,0.1021467223750744,0.05,3,0.7853007762607424,847.2893538358657,0.0438056279896834,0.30670973847044986,22.828116977012797,0.0,0.0,0.0,-1.0,30.02688339625704,19342.02048274273,38.68404096548544,0.0,0.0,0.0,12.0,0.0,0.0,0.16666666666666666,0.0,0,20,4
-6.305235977578293,73.61172751046959,9.850410468610203,4,0.2447331345432093,1.0,1.0,0.33,0.0,0.4500000000000007,0.09000000000000001,0.1021467223750744,0.05,3,0.6913022104384184,847.8475729896791,0.0624696642731191,0.2682476784645961,23.497004066419915,0.0,0.0,0.0,-1.0,26.288272489530417,19921.877870242744,39.84375574048549,0.0,0.0,0.0,12.0,0.0,0.0,0.20833333333333334,0.0,0,20,5
-4.3950852558689615,69.89658065658811,9.2265219609382,5,0.2061352314072709,1.0,1.0,0.33,0.0,0.4500000000000007,0.09000000000000001,0.1021467223750744,0.05,3,0.7922002041498748,1022.7798349510482,0.1620903168704425,0.3058452532457889,16.730193752656348,0.0,0.0,0.0,-1.0,30.00341934341189,17111.304805040916,34.22260961008183,0.0,0.043131610602368274,0.0,12.0,0.0,0.0,0.25,0.0,0,20,6
-1.846051567847513,73.49648536861795,4.315045344573587,4,0.2357849999558346,1.0,1.0,0.33,0.0,0.4500000000000007,0.09000000000000001,0.1021467223750744,0.05,3,0.6907263896425977,924.054171532209,0.5390472246060481,0.2688748944132591,20.738033890056336,0.0,0.0,0.0,-1.0,26.403514631382045,19163.06672548288,38.32613345096577,0.0,0.0,0.0,12.0,0.0,0.0,0.2916666666666667,0.0,0,20,7
-0.4744174747200436,72.77963237194695,1.5955134274930771,4,0.2288738129866319,1.0,1.0,0.33,0.0,0.4500000000000007,0.09000000000000001,0.1021467223750744,0.05,3,0.7521762381806788,773.3748316105986,0.1722111173318704,0.2758938721063383,22.81340194293363,0.0,0.0,0.0,-1.0,27.120367628053053,17643.3108860812,35.2866217721624,0.0,0.013381699200825442,0.0,12.0,0.0,0.0,0.3333333333333333,0.0,0,20,8
-0.3238976301074071,71.91967615520245,1.5475587130193618,5,0.2173659019947777,1.0,1.0,0.33,0.0,0.4500000000000007,0.09000000000000001,0.1021467223750744,0.05,3,0.6801965678335861,925.402589569203,0.1887490259463777,0.2843528846016012,18.199056696531777,0.0,0.0,0.0,-1.0,27.980323844797557,16841.454194687252,33.682908389374504,0.0,0.05822172335817695,0.0,12.0,0.0,0.0,0.375,0.0,0,20,9
-0.2556975007036376,74.33112331556067,1.448912280880497,5,0.2114134297704516,1.0,1.0,0.33,0.0,0.4500000000000007,0.09000000000000001,0.1021467223750744,0.05,3,0.7599722296161038,863.9350356378044,0.2218090452763993,0.2595825044105516,15.027818369366743,0.0,0.0,0.0,-1.0,25.56887668443933,12983.058798497308,32.45764699624327,1.0,0.27398414653258435,0.0,12.0,0.0,0.0,0.4166666666666667,0.0,0,20,10
0.0163661387455744,69.45322616055239,1.7886577845914111,5,0.2231277006277064,1.0,1.0,0.33,0.0,0.4500000000000007,0.09000000000000001,0.1021467223750744,0.05,3,0.7677848487943941,720.4099222482004,0.2762877204159396,0.30879080973070605,18.6321550390295,0.0,0.0,0.0,-1.0,30.446773839447616,13422.789362983656,33.55697340745914,1.0,0.24939430479912356,0.0,12.0,0.0,0.0,0.4583333333333333,0.0,0,20,11
0.5164065841695541,71.39519357419618,1.5718604745677431,5,0.2004868857815945,1.0,1.0,0.33,0.0,0.4500000000000007,0.09000000000000001,0.1021467223750744,0.05,3,0.6981978376616008,912.6822375354257,0.330938295328898,0.2888024967153376,13.198208581670396,0.0,0.0,0.0,-1.0,28.50480642580382,12045.770539778192,30.11442634944548,1.0,0.326397537372169,0.0,12.0,0.0,0.0,0.5,0.0,0,20,12
0.2852552551022909,72.07311456583633,1.4665846644277925,2,0.3153003425501338,1.0,1.0,0.33,0.0,0.4500000000000007,0.09000000000000001,0.1021467223750744,0.05,3,0.7734702309252237,733.8499721273552,0.1149232772202418,0.281648637997608,31.487657641078297,0.0,0.0,0.0,-1.0,27.826885434163668,23107.21668226101,46.21443336452202,0.0,0.0,1.0,11.0,0.0,0.0,0.5416666666666666,0.0,0,20,13
0.5012789634479458,69.37713517817268,1.6927709282241463,0,0.4279117493099738,1.0,1.0,0.33,1.0,0.4500000000000007,0.09000000000000001,0.1021467223750744,0.5461417377514755,3,0.8078587736914601,817.3230889709256,0.1123987010689194,0.3086235067929962,36.96008590678456,0.0,0.0,0.0,-1.0,30.522864821827326,30208.331581963936,60.416663163927865,0.0,0.0,2.0,10.0,0.0,0.0,0.5833333333333334,1.0,2,20,14
0.0735848989483107,73.7260994140223,1.9017383908316547,0,0.4265026312940234,1.0,1.0,0.33,1.0,0.4500000000000007,0.09000000000000001,0.1021467223750744,0.5145190970454137,3,0.9153203406356852,898.408710011632,0.1623289839249808,0.264382834201795,33.10460881583156,0.0,0.0,0.0,-1.0,26.173900585977705,29741.46890167093,59.48293780334188,0.0,0.0,3.0,9.0,0.0,0.0,0.625,1.0,2,20,15
-0.3726171370102785,71.20219849326143,1.5030827465335994,1,0.3961168795271708,1.0,1.0,0.33,0.0,0.4500000000000007,0.09000000000000001,0.1021467223750744,0.05,3,0.8749089269713073,1300.7180637805611,0.3791055312658859,0.28958427352914806,20.30885228155911,0.0,0.0,0.0,-1.0,28.69780150673857,26416.091017274997,52.83218203454998,0.0,0.0,4.0,8.0,0.0,0.0,0.6666666666666666,1.0,0,20,16
0.343365111388396,68.64439459085244,1.6799644122396982,1,0.4209718715706549,1.0,1.0,0.33,0.0,0.4500000000000007,0.09000000000000001,0.1021467223750744,0.1022717210399158,3,0.7791716628947575,1269.4940124019224,0.2065275057531669,0.315076667430923,22.21653753150004,0.0,0.0,0.0,-1.0,31.25560540914756,28203.761372541885,56.40752274508378,0.0,0.0,5.0,7.0,0.0,0.0,0.7083333333333334,1.0,1,20,17
0.8256765147969266,67.23780349880218,2.184430880702537,0,0.4470888348036866,1.0,1.0,0.33,1.0,0.4500000000000007,0.09000000000000001,0.1021467223750744,0.4927109930014485,3,0.949138353779298,1225.5561708581106,0.1670858173100088,0.32892443606442934,24.00502269836012,0.0,0.0,0.0,-1.0,32.66219650119783,29419.50369956426,58.83900739912852,0.0,0.0,6.0,6.0,0.0,0.0,0.75,0.0,2,20,18
0.3057804147692138,71.64121060440206,2.1338768600096043,1,0.4391890876106019,1.0,1.0,0.33,0.0,0.4500000000000007,0.09000000000000001,0.1021467223750744,0.05,3,0.8110468746411089,1154.852833881988,0.1636793444599956,0.2842936558913273,24.34975429177556,0.0,0.0,0.0,-1.0,28.258789395597937,28120.3827481871,56.2407654963742,0.0,0.0,7.0,5.0,0.0,0.0,0.7916666666666666,0.0,0,20,19
-0.0192406799998406,73.87869512574687,2.4445634938355125,0,0.4534896317083666,1.0,1.0,0.33,1.0,0.4500000000000007,0.09000000000000001,0.1021467223750744,0.5378006444992733,3,0.8311275153715434,1147.6611618864736,0.2129959301762787,0.2615206520025441,26.21434650720958,0.0,0.0,0.0,-1.0,26.021304874253136,30085.187370558768,60.170374741117534,0.0,0.0,8.0,4.0,0.0,0.0,0.8333333333333334,0.0,2,20,20
-0.8216706066240741,72.93263099757334,2.314492182138663,1,0.4180990246787124,1.0,1.0,0.33,0.0,0.4500000000000007,0.09000000000000001,0.1021467223750744,0.05,3,0.8757585424937397,1413.3727309953802,0.2994866443662201,0.27075671689183406,18.421952829234908,0.0,0.0,0.0,-1.0,26.967369002426672,26037.08578052381,52.07417156104762,0.0,0.0,9.0,3.0,0.0,0.0,0.875,0.0,0,20,21
-1.112314272340336,72.56620109370316,2.3963097859977966,1,0.427413314974376,1.0,1.0,0.33,0.0,0.4500000000000007,0.09000000000000001,0.1021467223750744,0.05,3,0.902722814083972,1390.0941402075448,0.2241735516530164,0.2741604704743917,19.791840129563425,0.0,0.0,0.0,-1.0,27.33379890629685,27512.52098803065,55.0250419760613,0.0,0.0,10.0,2.0,0.0,0.0,0.9166666666666666,0.0,0,20,22
-0.929028781083966,73.37522349844399,2.213434929543617,2,0.4020769048540853,1.0,1.0,0.33,0.0,0.4500000000000007,0.09000000000000001,0.1021467223750744,0.05,3,0.7689298052861199,1061.9694838124708,0.1690525747011856,0.2657793236628859,24.089881312380182,0.0,0.0,0.0,-1.0,26.524776501556016,25582.71882241207,51.16543764482414,0.0,0.0,11.0,1.0,0.0,0.0,0.9583333333333334,0.0,0,20,23
-0.2058779978530358,73.45772554652909,0.7254622707843815,1,0.4346308904846263,1.0,1.0,0.33,0.0,0.4500000000000007,0.09000000000000001,0.1021467223750744,0.05,3,0.7718615470837528,1107.5212371887585,0.1715110577530077,0.26468743196667577,25.25084610839642,0.0,0.0,0.0,-1.0,26.44227445347091,27965.84832203415,55.9316966440683,0.0,0.0,12.0,0.0,0.0,0.0,1.0,0.0,0,20,24
0.0,49.366130763417374,0.0,2,0.6355792946904044,0.6493285838166021,0.0,0.67,0.0,0.5999999999999989,0.05999999999999972,0.009643255106128028,0.95,4,0.7368038241525667,1573.1955111561413,1.0,0.5002150117959424,16.57778502645398,0.0,0.0,0.0,-1.0,20.633869236582623,26080.09698852889,52.16019397705778,0.0,0.0,0.0,12.0,0.0,0.0,0.041666666666666664,0.0,4,21,1
-6.38977363140776,55.75590439482514,3.194886815703878,1,0.606788261639987,0.6493285838166021,0.0,0.67,0.0,0.5999999999999989,0.05999999999999972,0.009643255106128028,0.95,4,0.8409100977106667,1658.8333715479312,1.0,0.33515519070999683,14.591089497710652,0.0,0.0,0.0,-1.0,14.244095605174866,24204.18618604497,48.40837237208994,0.0,0.0,0.0,12.0,0.0,0.0,0.08333333333333333,0.0,4,21,2
-4.173133223141316,57.712397209700015,3.5639746037821043,2,0.6283794249803771,0.6493285838166021,0.0,0.67,0.0,0.5999999999999989,0.05999999999999972,0.009643255106128028,0.95,4,0.8649744801388868,1631.7782645741288,1.0,0.280859492349714,15.804158824231823,0.0,0.0,0.0,-1.0,12.287602790299989,25788.88285925891,51.57776571851781,0.0,0.0,0.0,12.0,0.0,0.0,0.125,0.0,4,21,3
-2.5309221130290944,57.15037353522273,3.3276501197563597,2,0.627180848117473,0.6493285838166021,0.0,0.67,0.0,0.5999999999999989,0.05999999999999972,0.009643255106128028,0.95,4,0.8265140352703954,1627.2947006015486,0.0640682656035955,0.2855472547728284,15.608351351154417,0.0,0.0,0.0,-1.0,12.849626464777277,25399.3874388606,50.7987748777212,0.0,0.0,0.0,12.0,0.0,0.0,0.16666666666666666,0.0,4,21,4
-1.610443180759907,56.721112097018114,3.0552667510066898,2,0.6259739927004292,0.6493285838166021,0.0,0.67,0.0,0.5999999999999989,0.05999999999999972,0.009643255106128028,0.95,4,0.8138340459780318,1753.0280398226273,0.1000051269974093,0.2871110897942029,14.533657863713644,0.0,0.0,0.0,-1.0,13.278887902981886,25477.90975627864,50.95581951255728,0.0,0.0,0.0,12.0,0.0,0.0,0.20833333333333334,0.0,4,21,5
-0.7802984578232031,54.36150008175948,2.8128600834882214,2,0.6211299915992095,0.6493285838166021,0.0,0.67,0.0,0.5999999999999989,0.05999999999999972,0.009643255106128028,0.95,4,0.757220372117775,1927.689081184338,0.1927056610569728,0.3292315772261162,13.373541173740092,0.0,0.0,0.0,-1.0,15.63849991824052,25780.02929738795,51.560058594775896,0.0,0.0,0.0,12.0,0.0,0.0,0.25,0.0,4,21,6
0.673085348588999,53.14069751910738,1.605824897151077,2,0.6052173352568987,0.6493285838166021,0.0,0.67,0.0,0.5999999999999989,0.05999999999999972,0.009643255106128028,0.95,4,0.8079519015580521,1626.6301619941246,0.556135379380326,0.3458318457618999,15.119637582595482,0.0,0.0,0.0,-1.0,16.85930248089262,24594.058530269744,49.18811706053949,0.0,0.0,0.0,12.0,0.0,0.0,0.2916666666666667,0.0,4,21,7
0.7800424582551091,55.12982801463519,1.625969504062682,1,0.6240500908566937,0.6493285838166021,0.0,0.67,0.0,0.5999999999999989,0.05999999999999972,0.009643255106128028,0.95,4,0.8055367049572877,1862.788261671613,0.2737047398076895,0.29740343970729627,12.912488398425689,0.0,0.0,0.0,-1.0,14.870171985364813,24053.23181755826,48.10646363511652,0.0,0.005831965918642333,0.0,12.0,0.0,0.0,0.3333333333333333,0.0,4,21,8
0.6249222244272241,53.97484892619234,1.442259397267984,1,0.6178571529516358,0.6493285838166021,0.0,0.67,0.0,0.5999999999999989,0.05999999999999972,0.009643255106128028,0.95,4,0.8420319043553512,1914.883083336704,0.2347115721084757,0.31268587461088115,12.499826688122306,0.0,0.0,0.0,-1.0,16.02515107380766,23935.706669726063,47.87141333945213,0.0,0.010689514628174345,0.0,12.0,0.0,0.0,0.375,0.0,4,21,9
0.143253014784015,55.55250558776474,1.1540569188069216,1,0.6144953087937282,0.6493285838166021,0.0,0.67,0.0,0.5999999999999989,0.05999999999999972,0.009643255106128028,0.95,4,0.7722262928169021,1939.6550912524087,0.2896983242162083,0.27519036975686206,9.727663016416844,0.0,0.0,0.0,-1.0,14.447494412235258,18868.311095780697,47.17077773945175,1.0,0.22013507827938977,0.0,12.0,0.0,0.0,0.4166666666666667,0.0,4,21,10
-0.0815884377735944,53.7165301226688,0.8216192556643143,1,0.6130860403525146,0.6493285838166021,0.0,0.67,0.0,0.5999999999999989,0.05999999999999972,0.009643255106128028,0.95,4,0.8346397048740877,1819.9567986950035,0.3709679085533959,0.3029482767875572,10.13257059001232,0.0,0.0,0.0,-1.0,16.2834698773312,18440.840733549965,46.10210183387491,1.0,0.23780328074259263,0.0,12.0,0.0,0.0,0.4583333333333333,0.0,4,21,11
0.1546997255970584,52.59024684279333,1.04017241306575,1,0.6221904149452419,0.6493285838166021,0.0,0.67,0.0,0.5999999999999989,0.05999999999999972,0.009643255106128028,0.95,4,0.8823649212225798,1789.9879773216535,0.3208655618281938,0.3165409664946668,10.44219557197648,0.0,0.0,0.0,-1.0,17.409753157206673,18691.40453067931,46.72851132669828,1.0,0.22744697937346847,0.0,12.0,0.0,0.0,0.5,0.0,4,21,12
0.2865766938401817,54.32174750081251,0.9646407819887106,1,0.6203303204328332,0.6493285838166021,0.0,0.67,0.0,0.5999999999999989,0.05999999999999972,0.009643255106128028,0.95,4,0.9177435916194608,1721.127236654114,0.231426800995468,0.2787244888744442,13.206971187269565,0.0,0.0,0.0,-1.0,15.678252499187485,22730.877824115767,45.46175564823154,0.0,0.060487493291920234,1.0,11.0,0.0,0.0,0.5416666666666666,0.0,4,21,13
0.3828962322667341,52.25828680847164,1.0951869386623236,0,0.6096527891517388,0.6493285838166021,0.0,0.67,1.0,0.5999999999999989,0.05999999999999972,0.009643255106128028,0.4829046972885717,4,0.8907626533911159,1656.4915947282493,0.2501273866033995,0.30855153376571065,12.990798942546885,0.0,0.0,0.0,-1.0,17.741713191528362,21519.14925713354,43.03829851426708,0.0,0.1105706511982756,2.0,10.0,0.0,0.0,0.5833333333333334,1.0,2,21,14
0.3083058124375604,53.92301075761628,1.0934693440006504,0,0.6178351192013479,0.6493285838166021,0.0,0.67,1.0,0.5999999999999989,0.05999999999999972,0.009643255106128028,0.4849978388575059,4,0.8485860365419569,1780.206329222455,0.3089631553651281,0.2736508807214249,12.100768534756542,0.0,0.0,0.0,-1.0,16.076989242383714,21541.86473402953,43.083729468059055,0.0,0.10963177524263706,3.0,9.0,0.0,0.0,0.625,1.0,2,21,15
0.2131413784977079,51.83757426275925,0.9230201129723948,1,0.606303609152474,0.6493285838166021,0.0,0.67,0.0,0.5999999999999989,0.05999999999999972,0.009643255106128028,0.05,4,0.7638760483365575,1708.999343727066,0.3208088847401817,0.30270709562067916,11.829420365694023,0.0,0.0,0.0,-1.0,18.16242573724075,20216.47164164268,40.43294328328536,0.0,0.16441291463536437,4.0,8.0,0.0,0.0,0.6666666666666666,1.0,0,21,16
0.1573930589906364,52.64605458286191,0.8910368212811677,1,0.6163593460233062,0.6493285838166021,0.0,0.67,0.0,0.5999999999999989,0.05999999999999972,0.009643255106128028,0.05,4,0.7721752064307579,1739.8956870376812,0.2873118166592657,0.2833297210961321,11.866830299130047,0.0,0.0,0.0,-1.0,17.35394541713809,20647.04685626445,41.2940937125289,0.0,0.1466163824316459,5.0,7.0,0.0,0.0,0.7083333333333334,1.0,0,21,17
0.3244631268675952,52.234932247076586,0.9228543189547092,1,0.6339342244693913,0.6493285838166021,0.0,0.67,0.0,0.5999999999999989,0.05999999999999972,0.009643255106128028,0.1744214056029037,4,0.8235465082673776,1551.3895166583748,0.2433197365492727,0.28424108404677456,13.444197024907789,0.0,0.0,0.0,-1.0,17.76506775292341,20857.18632433165,41.71437264866331,0.0,0.13793089919031407,6.0,6.0,0.0,0.0,0.75,0.0,1,21,18
0.6323635099136322,48.68289328137951,1.5936240275105944,1,0.6299422362264271,0.6493285838166021,0.0,0.67,0.0,0.5999999999999989,0.05999999999999972,0.009643255106128028,0.05,4,0.8750770217165059,1411.0959187348294,0.2465375631795891,0.33438598774306655,14.29169973364968,0.0,0.0,0.0,-1.0,21.317106718620494,20166.95916593671,40.33391833187343,0.0,0.1664593639860572,7.0,5.0,0.0,0.0,0.7916666666666666,0.0,0,21,19
1.1200674520608984,48.0575716491749,2.1287166092120264,1,0.6139823047369561,0.6493285838166021,0.0,0.67,0.0,0.5999999999999989,0.05999999999999972,0.009643255106128028,0.05,4,0.7550590411322439,1464.3844311871503,0.2775553519733033,0.3375758207819245,13.907725638571948,0.0,0.0,0.0,-1.0,21.942428350825093,20366.25689834713,40.732513796694256,0.0,0.15822199129825468,8.0,4.0,0.0,0.0,0.8333333333333334,0.0,0,21,20
1.0225365468300769,48.14331598830034,1.9958441425298243,1,0.6306015134135259,0.6493285838166021,0.0,0.67,0.0,0.5999999999999989,0.05999999999999972,0.009643255106128028,0.05,4,0.8979637817148497,1763.7046184780156,0.3511396885756977,0.32991221149735334,11.133004389883068,0.0,0.0,0.0,-1.0,21.85668401169966,19635.33125997279,39.27066251994558,0.0,0.1884326054258677,9.0,3.0,0.0,0.0,0.875,0.0,0,21,21
0.9562910487513652,48.53205132330904,1.94177766358014,1,0.6246348951563475,0.6493285838166021,0.0,0.67,0.0,0.5999999999999989,0.05999999999999972,0.009643255106128028,0.05,4,0.8133666172164605,1577.15565922909,0.2689018188202869,0.3180436840991255,12.746883821675151,0.0,0.0,0.0,-1.0,21.46794867669097,20103.819956890693,40.207639913781385,0.0,0.16906903339792018,10.0,2.0,0.0,0.0,0.9166666666666666,0.0,0,21,22
0.2929205377417603,50.25784478990148,1.4933988037697603,1,0.606000233417765,0.6493285838166021,0.0,0.67,0.0,0.5999999999999989,0.05999999999999972,0.009643255106128028,0.05,4,0.8465907974768417,1315.700440844175,0.2280954306682062,0.2871586212377967,14.65289187865956,0.0,0.0,0.0,-1.0,19.74215521009852,19278.81630439441,38.55763260878883,0.0,0.20316807944434162,11.0,1.0,0.0,0.0,0.9583333333333334,0.0,0,21,23
-0.2578637354895167,49.090028478368446,0.7390481068685728,1,0.6027918282731635,0.6493285838166021,0.0,0.67,0.0,0.5999999999999989,0.05999999999999972,0.009643255106128028,0.05,4,0.8121831283188288,1334.8765931061316,0.2434734590321352,0.29871387888045076,14.52792706504729,0.0,0.0,0.0,-1.0,20.909971521631554,19392.98978548469,38.78597957096938,0.0,0.19844906180460437,12.0,0.0,0.0,0.0,1.0,0.0,0,21,24
0.0,6.314040880860892,0.0,1,0.3423208591566928,0.6063355113228889,1.0,1.0,0.0,0.3999999999999983,0.039999999999999716,0.11976515113780968,0.7281359040127169,3,0.9167293056014152,688.3473739951085,1.0,0.5254937514199818,20.406342188562927,0.0,0.0,0.0,-1.0,1.685959119139108,14046.652058342885,28.09330411668577,0.0,0.14484899302537152,0.0,12.0,0.0,0.0,0.041666666666666664,0.0,3,22,1
-0.3587382136252179,6.67277909448611,0.1793691068126088,2,0.3812312845650565,0.6063355113228889,1.0,1.0,0.0,0.3999999999999983,0.039999999999999716,0.11976515113780968,0.95,3,0.7599907824767473,668.4755319413941,1.0,0.3884548991747972,22.74868678736745,0.0,0.0,0.0,-1.0,1.3272209055138904,15206.940501153624,30.41388100230725,0.0,0.07421139011975204,0.0,12.0,0.0,0.0,0.08333333333333333,0.0,4,22,2
-0.2972417207456821,6.908524322352256,0.2444221031521971,2,0.3784876978460433,0.6063355113228889,1.0,1.0,0.0,0.3999999999999983,0.039999999999999716,0.11976515113780968,0.95,3,0.8766634359732806,616.3880272594698,1.0,0.3010967386614466,25.20044133221054,0.0,0.0,0.0,-1.0,1.091475677647744,15533.25031882926,31.06650063765852,0.0,0.05434586145057058,0.0,12.0,0.0,0.0,0.125,0.0,4,22,3
-0.2007773407687187,6.904716940801238,0.2424339277357747,2,0.4000343602992394,0.6063355113228889,1.0,1.0,0.0,0.3999999999999983,0.039999999999999716,0.11976515113780968,0.95,3,0.7386278013951153,572.8424100905402,0.0353596056258069,0.28572601544315507,28.28085840612876,0.0,0.0,0.0,-1.0,1.0952830591987612,16200.475088796107,32.40095017759222,0.0,0.013725653051753228,0.0,12.0,0.0,0.0,0.16666666666666666,0.0,4,22,4
-0.112160503270981,6.758874474058232,0.2181138960542359,0,0.3254535733896216,0.6063355113228889,1.0,1.0,1.0,0.3999999999999983,0.039999999999999716,0.11976515113780968,0.5304538407149377,3,0.9604536810006415,664.7886965916366,0.073971969303957,0.3070826043567261,19.92566951227855,0.0,0.0,0.0,-1.0,1.241125525941768,13246.359863783367,26.492719727566733,0.0,0.19357025936050726,0.0,12.0,0.0,0.0,0.20833333333333334,0.0,2,22,5
-0.0854796550497585,6.861502714776132,0.2067798018593024,2,0.395545286046127,0.6063355113228889,1.0,1.0,0.0,0.3999999999999983,0.039999999999999716,0.11976515113780968,0.95,3,0.83878677460893,708.8248955723268,0.1167620531389374,0.26788171417032186,23.16104536542096,0.0,0.0,0.0,-1.0,1.138497285223868,16417.125562490437,32.834251124980874,0.0,0.0005361136532032686,0.0,12.0,0.0,0.0,0.25,0.0,4,22,6
-0.0179150168892741,6.855565670605305,0.0847719958117275,1,0.3537628034974571,0.6063355113228889,1.0,1.0,0.0,0.3999999999999983,0.039999999999999716,0.11976515113780968,0.810507600297302,3,0.834305144938179,546.2653409198072,0.5042031657886218,0.2566955505184362,26.31645360935639,0.0,0.0,0.0,-1.0,1.1444343293946948,14375.766502715358,28.75153300543072,0.0,0.12481272051388323,0.0,12.0,0.0,0.0,0.2916666666666667,0.0,3,22,7
0.0205381272900856,6.773722545295636,0.0584167804284668,3,0.437704083877423,0.6063355113228889,1.0,1.0,0.0,0.3999999999999983,0.039999999999999716,0.11976515113780968,0.95,3,0.7668729487377147,620.449819491209,0.1587624454067243,0.2627737402937921,27.19117170188941,0.0,0.0,0.0,-1.0,1.2262774547043631,16870.757574191754,33.741515148383506,0.0,0.0,0.0,12.0,0.0,0.0,0.3333333333333333,0.0,4,22,8
0.0549923704310621,6.512048913875527,0.1292026651761386,4,0.4654447844575711,0.6063355113228889,1.0,1.0,0.0,0.3999999999999983,0.039999999999999716,0.11976515113780968,0.95,3,0.8443471921159867,582.5223715317146,0.1242981249552999,0.3052207356152764,30.953783048625148,0.0,0.0,0.0,-1.0,1.4879510861244725,18031.271109363308,36.06254221872661,0.0,0.0,0.0,12.0,0.0,0.0,0.375,0.0,4,22,9
0.0505653482982046,6.630957941573096,0.1245594495040878,4,0.4736362838297207,0.6063355113228889,1.0,1.0,0.0,0.3999999999999983,0.039999999999999716,0.11976515113780968,0.95,3,0.7691118269934832,678.0239848235648,0.1776587669399659,0.2693197491987351,21.449361280047192,0.0,0.0,0.0,-1.0,1.3690420584269034,14543.181407017875,36.357953517544686,1.0,0.11462061043653372,0.0,12.0,0.0,0.0,0.4166666666666667,0.0,4,22,10
0.0930474310920085,6.397270060835421,0.1744994296653511,4,0.4874754506237725,0.6063355113228889,1.0,1.0,0.0,0.3999999999999983,0.039999999999999716,0.11976515113780968,0.95,3,0.7947062555454859,579.5835086898172,0.257388295998652,0.302878098739763,25.29857266639331,0.0,0.0,0.0,-1.0,1.6027299391645795,14662.63551083254,36.65658877708135,1.0,0.10734832258174266,0.0,12.0,0.0,0.0,0.4583333333333333,0.0,4,22,11
0.1214392728425939,6.207580445843763,0.2202280288897606,5,0.5224144108989147,0.6063355113228889,1.0,1.0,0.0,0.3999999999999983,0.039999999999999716,0.11976515113780968,0.95,3,0.7553600483035402,705.0917569512113,0.2409645843443523,0.32589446439204306,22.25810216653421,0.0,0.0,0.0,-1.0,1.7924195541562369,15694.004363001171,39.23501090750293,1.0,0.044559260189439044,0.0,12.0,0.0,0.0,0.5,0.0,4,22,12
0.083343937735779,6.4197336381117776,0.1798844531164156,5,0.5340704610369658,0.6063355113228889,1.0,1.0,0.0,0.3999999999999983,0.039999999999999716,0.11976515113780968,0.95,3,0.6986549890739904,700.1024610483579,0.1587584768541184,0.276834983104506,27.953111219862016,0.0,0.0,0.0,-1.0,1.580266361888222,19570.041958983864,39.14008391796772,0.0,0.0,1.0,11.0,0.0,0.0,0.5416666666666666,0.0,4,22,13
0.0389723109458873,6.40391524232944,0.1280830552945335,5,0.5580855207134979,0.6063355113228889,1.0,1.0,0.0,0.3999999999999983,0.039999999999999716,0.11976515113780968,0.95,3,0.7743327364597281,646.8785669904391,0.1499207531697369,0.2697608041133342,30.452329898262,0.0,0.0,0.0,-1.0,1.5960847576705608,19698.95952610783,39.397919052215656,0.0,0.0,2.0,10.0,0.0,0.0,0.5833333333333334,1.0,4,22,14
0.0258918162999147,6.403297480123681,0.1225653336871491,4,0.5235618751232337,0.6063355113228889,1.0,1.0,0.0,0.3999999999999983,0.039999999999999716,0.11976515113780968,0.95,3,0.7523515106329265,660.4951746151385,0.197483511552924,0.260686125694093,27.638156321142112,0.0,0.0,0.0,-1.0,1.5967025198763196,18254.868885373253,36.5097377707465,0.0,0.0,3.0,9.0,0.0,0.0,0.625,1.0,4,22,15
0.0363783032305466,6.028355396810111,0.145485091507793,5,0.6114613173928425,0.6063355113228889,1.0,1.0,0.0,0.3999999999999983,0.039999999999999716,0.11976515113780968,0.95,3,0.7522858608114742,783.8825457615372,0.2278756288814647,0.31131230576682445,26.00957170113638,0.0,0.0,0.0,-1.0,1.9716446031898884,20388.449279254022,40.77689855850805,0.0,0.0,4.0,8.0,0.0,0.0,0.6666666666666666,1.0,4,22,16
0.0765798329346876,5.906472112523101,0.200869762744451,5,0.5802097832039498,0.6063355113228889,1.0,1.0,0.0,0.3999999999999983,0.039999999999999716,0.11976515113780968,0.95,3,0.7129198863540587,792.427687697942,0.2126144100775886,0.32002974076079976,24.527278563905877,0.0,0.0,0.0,-1.0,2.0935278874768986,19436.094637919232,38.87218927583847,0.0,0.0,5.0,7.0,0.0,0.0,0.7083333333333334,1.0,4,22,17
0.0909094562301289,6.156821739047394,0.2026223345988159,4,0.5799616267295833,0.6063355113228889,1.0,1.0,0.0,0.3999999999999983,0.039999999999999716,0.11976515113780968,0.95,3,0.7921353681406705,624.312620159388,0.1538543973974257,0.2730634460670528,30.56389276673402,0.0,0.0,0.0,-1.0,1.8431782609526064,19081.423975470283,38.16284795094057,0.0,0.0,6.0,6.0,0.0,0.0,0.75,0.0,4,22,18
0.1113613454706783,5.796647925537867,0.2311819855865389,6,0.6441225217217736,0.6063355113228889,1.0,1.0,0.0,0.3999999999999983,0.039999999999999716,0.11976515113780968,0.95,3,0.7890907480628495,649.7994348006741,0.1590575199906163,0.31664939992270175,31.73429440014093,0.0,0.0,0.0,-1.0,2.203352074462133,20620.926565009773,41.24185313001955,0.0,0.0,7.0,5.0,0.0,0.0,0.7916666666666666,0.0,4,22,19
0.0877032237835677,5.878329471097197,0.2033620848457752,4,0.5533616310602504,0.6063355113228889,1.0,1.0,0.0,0.3999999999999983,0.039999999999999716,0.11976515113780968,0.95,3,0.7072144853672058,660.3236440903919,0.2053615905889079,0.29604705054457725,27.797616394882667,0.0,0.0,0.0,-1.0,2.1216705289028037,18355.423354895745,36.71084670979149,0.0,0.0,8.0,4.0,0.0,0.0,0.8333333333333334,0.0,4,22,20
0.0336981988042929,5.881388352737509,0.1181243354775518,5,0.6608542354849142,0.6063355113228889,1.0,1.0,0.0,0.3999999999999983,0.039999999999999716,0.11976515113780968,0.95,3,0.6667873894560336,627.6907647393562,0.1765708802140387,0.2872693758999988,32.78258248891783,0.0,0.0,0.0,-1.0,2.118611647262491,20577.32427259986,41.15464854519972,0.0,0.0,9.0,3.0,0.0,0.0,0.875,0.0,4,22,21
0.0446417715331004,5.742903434465465,0.1303474162915692,7,0.6911512259982375,0.6063355113228889,1.0,1.0,0.0,0.3999999999999983,0.039999999999999716,0.11976515113780968,0.95,3,0.6478571027943829,785.7240461531936,0.1958739324816767,0.2976391075430157,28.311011236412607,0.0,0.0,0.0,-1.0,2.257096565534536,22244.642299362644,44.48928459872528,0.0,0.0,10.0,2.0,0.0,0.0,0.9166666666666666,0.0,4,22,22
0.072417637182798,5.681533197083187,0.1518708991154281,7,0.715167280499543,0.6063355113228889,1.0,1.0,0.0,0.3999999999999983,0.039999999999999716,0.11976515113780968,0.95,3,0.6353440120831427,613.3566059138069,0.1399705730501241,0.2975572367379867,37.09387154355743,0.0,0.0,0.0,-1.0,2.318466802916813,22751.77115015913,45.50354230031825,0.0,0.0,11.0,1.0,0.0,0.0,0.9583333333333334,0.0,4,22,23
0.0453223829977137,5.625165992616686,0.0951817784754665,7,0.6958469499778674,0.6063355113228889,1.0,1.0,0.0,0.3999999999999983,0.039999999999999716,0.11976515113780968,0.95,3,0.7425079757653015,823.7583592819716,0.2154307967144897,0.2968542509229143,27.176361180684044,0.0,0.0,0.0,-1.0,2.3748340073833143,22386.75469745455,44.7735093949091,0.0,0.0,12.0,0.0,0.0,0.0,1.0,0.0,4,22,24
0.0,-4.604218429208137,0.0,2,0.3839589558530156,0.6650354047303908,0.0,1.0,0.0,0.4,0.16,0.1024584737006312,0.95,2,0.857803547012353,1602.9727766748997,1.0,0.5007160604299932,16.84927903886186,0.0,0.0,0.0,-1.0,14.604218429208135,27008.935605894578,54.01787121178916,0.0,0.08104801876733345,0.0,12.0,0.0,0.059029843216624606,0.041666666666666664,0.0,4,23,1
-4.868771765232102,0.2645533360239636,2.4343858826160503,1,0.3574913290093644,0.6650354047303908,0.0,1.0,0.0,0.4,0.16,0.1024584737006312,0.8769267921791597,2,0.8070039915991416,1222.3315988539218,1.0,0.34360399990503665,19.99921704679127,0.0,0.0,0.0,-1.0,9.735446663976036,24445.67494863098,48.89134989726197,0.0,0.16826039521115185,0.0,12.0,0.0,0.059029843216624606,0.08333333333333333,0.0,3,23,2
-3.4694072982346595,2.3345961672611804,2.9085537419681726,1,0.3620814074022472,0.6650354047303908,0.0,1.0,0.0,0.4,0.16,0.1024584737006312,0.95,2,0.7564898157772064,1512.600028257724,1.0,0.2787419575541389,16.841311143959995,0.0,0.0,0.0,-1.0,7.66540383273882,25474.16771225101,50.94833542450202,0.0,0.13326695909048472,0.0,12.0,0.0,0.059029843216624606,0.125,0.0,4,23,3
-2.48061595554061,2.974487145514817,2.972027335564294,2,0.3827832966812907,0.6650354047303908,0.0,1.0,0.0,0.4,0.16,0.1024584737006312,0.95,2,0.8739246347933352,1428.0197047610498,0.0537362753872835,0.26345673204319436,18.609402918101125,0.0,0.0,0.0,-1.0,7.025512854485183,26574.594060886186,53.14918812177237,0.0,0.09582605478997511,0.0,12.0,0.0,0.059029843216624606,0.16666666666666666,0.0,4,23,4
-1.6452577735394345,2.2671035337436107,2.7789016778301026,2,0.3787771625623017,0.6650354047303908,0.0,1.0,0.0,0.4,0.16,0.1024584737006312,0.95,2,0.8355081826241473,1495.5499397952233,0.0826614468841026,0.29933792772605383,17.671506620935705,0.0,0.0,0.0,-1.0,7.732896466256389,26428.620663031284,52.85724132606257,0.0,0.10079265344174684,0.0,12.0,0.0,0.059029843216624606,0.20833333333333334,0.0,4,23,5
-1.246834238904703,2.794112928842272,2.659953902107044,2,0.383571498943713,0.6650354047303908,0.0,1.0,0.0,0.4,0.16,0.1024584737006312,0.95,2,0.8210816234836996,1312.7878488431402,0.1269857551599584,0.2882354828463091,20.78910985463648,0.0,0.0,0.0,-1.0,7.205887071157728,27291.69080543195,54.5833816108639,0.0,0.07142755631704725,0.0,12.0,0.0,0.059029843216624606,0.25,0.0,4,23,6
-0.3537297554338287,2.606428289466355,0.9024294285580796,3,0.4186615192944457,0.6650354047303908,0.0,1.0,0.0,0.4,0.16,0.1024584737006312,0.95,2,0.7978810158351571,1567.6818552034265,0.6122454478099357,0.30594089836690946,18.60403563333758,0.0,0.0,0.0,-1.0,7.393571710533645,29165.209095941314,58.33041819188263,0.0,0.007682973040560362,0.0,12.0,0.0,0.059029843216624606,0.2916666666666667,0.0,4,23,7
-0.1976658619851398,3.8336906357665095,0.522338976602657,3,0.4395311626214626,0.6650354047303908,0.0,1.0,0.0,0.4,0.16,0.1024584737006312,0.95,2,0.7758876479258515,1396.3676649233275,0.1755007907527294,0.2642704013242925,20.79826371078529,0.0,0.0,0.0,-1.0,6.1663093642334905,29042.02293228884,58.08404586457768,0.0,0.011874258872801241,0.0,12.0,0.0,0.059029843216624606,0.3333333333333333,0.0,4,23,8
-0.2731862437620094,3.984375518510333,0.627669566711012,3,0.4512164033137579,0.6650354047303908,0.0,1.0,0.0,0.4,0.16,0.1024584737006312,0.95,2,0.7712501614805104,1239.2366221815023,0.1356298758549008,0.2673610880662075,24.180875512176947,0.0,0.0,0.0,-1.0,6.015624481489668,29965.82649110157,59.93165298220313,0.0,0.0,0.0,12.0,0.0,0.059029843216624606,0.375,0.0,4,23,9
-0.3147491305531515,3.5107374245548115,0.6446999925996555,4,0.4793250330897968,0.6650354047303908,0.0,1.0,0.0,0.4,0.16,0.1024584737006312,0.95,2,0.8309439854886471,1517.367248376289,0.1953914478129452,0.2995044265590087,16.62788712015486,0.0,0.0,0.0,-1.0,6.4892625754451885,25230.611325820908,63.07652831455227,1.0,0.14155372118720957,0.0,12.0,0.0,0.059029843216624606,0.4166666666666667,0.0,4,23,10
-0.2433973277348724,3.925171765384543,0.5482866085252522,3,0.468528091431787,0.6650354047303908,0.0,1.0,0.0,0.4,0.16,0.1024584737006312,0.95,2,0.8464098063549905,1637.845175793369,0.4015295934526502,0.291591755261542,14.7504505008764,0.0,0.0,0.0,-1.0,6.074828234615457,24158.954193639296,60.39738548409824,1.0,0.17801578171378143,0.0,12.0,0.0,0.059029843216624606,0.4583333333333333,0.0,4,23,11
-0.2187099307056635,4.177236745426288,0.5171276154864347,4,0.5078213170172318,0.6650354047303908,0.0,1.0,0.0,0.4,0.16,0.1024584737006312,0.95,2,0.8029807496568672,1297.0257251249457,0.2031043730232067,0.29113816272868565,20.163418494254124,0.0,0.0,0.0,-1.0,5.8227632545737125,26152.472493507696,65.38118123376924,1.0,0.11018831831356404,0.0,12.0,0.0,0.059029843216624606,0.5,0.0,4,23,12
-0.0867490034346363,4.242330055493444,0.2398799442909502,4,0.4965856804026759,0.6650354047303908,0.0,1.0,0.0,0.4,0.16,0.1024584737006312,0.95,2,0.7040376038386447,1396.4077560884011,0.1678646027384953,0.3004001710177334,22.33872307282845,0.0,0.0,0.0,-1.0,5.7576699445065564,31193.96616000857,62.38793232001715,0.0,0.0,1.0,11.0,0.0,0.059029843216624606,0.5416666666666666,0.0,4,23,13
-0.1553139236674179,4.582204409610737,0.3277782324528092,4,0.5426099358978884,0.6650354047303908,0.0,1.0,0.0,0.4,0.16,0.1024584737006312,0.95,2,0.8232037454216529,1227.5270496901696,0.1451914896691755,0.2955161231121417,26.74745157107688,0.0,0.0,0.0,-1.0,5.417795590389263,32833.22031377469,65.66644062754938,0.0,0.0,2.0,10.0,0.0,0.059029843216624606,0.5833333333333334,1.0,4,23,14
-0.1886832817866503,4.424282148512216,0.3488699046668183,5,0.5603571386879522,0.6650354047303908,0.0,1.0,0.0,0.4,0.16,0.1024584737006312,0.95,2,0.7975733515918281,1340.7921075693137,0.2326693323731439,0.31861244865644484,24.980284125647103,0.0,0.0,0.0,-1.0,5.575717851487784,33493.367800506654,66.9867356010133,0.0,0.0,3.0,9.0,0.0,0.059029843216624606,0.625,1.0,4,23,15
-0.1548660999890488,4.79303235263287,0.2820481415382709,5,0.6017838924675003,0.6650354047303908,0.0,1.0,0.0,0.4,0.16,0.1024584737006312,0.95,2,0.6674255418832189,1613.2404209865265,0.2578144111372976,0.31241805884202783,21.322586138479902,0.0,0.0,0.0,-1.0,5.20696764736713,34398.4578385628,68.79691567712558,0.0,0.0,4.0,8.0,0.0,0.059029843216624606,0.6666666666666666,1.0,4,23,16
-0.1671199403453608,5.048239401779868,0.3048454869377579,8,0.7059765014660014,0.6650354047303908,0.0,1.0,0.0,0.4,0.16,0.1024584737006312,0.95,2,0.7230217150885062,1556.13173288466,0.181148571346429,0.31274277462442945,26.052598732679236,0.0,0.0,0.0,-1.0,4.951760598220132,40541.27561203283,81.08255122406565,0.0,0.0,5.0,7.0,0.0,0.059029843216624606,0.7083333333333334,1.0,4,23,17
-0.2763701541013761,5.823550098077472,0.5174888821042922,6,0.6548747548745053,0.6650354047303908,0.0,1.0,0.0,0.4,0.16,0.1024584737006312,0.95,2,0.667778660431444,1698.7419566851906,0.2054301142192881,0.2784299934615019,21.743305282627905,0.0,0.0,0.0,-1.0,4.1764499019225285,36936.26496061477,73.87252992122954,0.0,0.0,6.0,6.0,0.0,0.059029843216624606,0.75,0.0,4,23,18
-0.3254925868230697,5.970050337803675,0.591867444060533,5,0.606525687766874,0.6650354047303908,0.0,1.0,0.0,0.4,0.16,0.1024584737006312,0.95,2,0.7138644585733294,1394.7235314246618,0.1950681690560659,0.2844670349785641,23.86623803625041,0.0,0.0,0.0,-1.0,4.029949662196325,33286.80379574076,66.5736075914815,0.0,0.0,7.0,5.0,0.0,0.059029843216624606,0.7916666666666666,0.0,4,23,19
-0.4126058898414512,6.451250447040375,0.713164147609517,5,0.5970590963471548,0.6650354047303908,0.0,1.0,0.0,0.4,0.16,0.1024584737006312,0.95,2,0.7217159707254664,1617.1085575130144,0.2456660584641802,0.26615621647197185,20.995040313259345,0.0,0.0,0.0,-1.0,3.5487495529596247,33951.2593559024,67.9025187118048,0.0,0.0,8.0,4.0,0.0,0.059029843216624606,0.8333333333333334,0.0,4,23,20
-0.3139916512574212,6.119867236333276,0.5882507618646214,4,0.5838895384724414,0.6650354047303908,0.0,1.0,0.0,0.4,0.16,0.1024584737006312,0.95,2,0.8033504235508706,1454.067629404016,0.216603639216674,0.31041062109333795,21.43445856294093,0.0,0.0,0.0,-1.0,3.8801327636667247,31167.15235017413,62.334304700348255,0.0,0.0,9.0,3.0,0.0,0.059029843216624606,0.875,0.0,4,23,21
-0.1962104578752059,6.1476823021054905,0.4369424208759463,4,0.5740616072156791,0.6650354047303908,0.0,1.0,0.0,0.4,0.16,0.1024584737006312,0.95,2,0.7294684379798121,1356.5857914634205,0.1954725665610426,0.33019865981952945,23.34784429453949,0.0,0.0,0.0,-1.0,3.8523176978945095,31673.35383127256,63.34670766254511,0.0,0.0,10.0,2.0,0.0,0.059029843216624606,0.9166666666666666,0.0,4,23,22
-0.1324269714900131,6.710236362067897,0.2964040894476682,3,0.5398766084276072,0.6650354047303908,0.0,1.0,0.0,0.4,0.16,0.1024584737006312,0.95,2,0.8089420628795121,1256.4908297093607,0.1946433355003621,0.30367048965527116,23.432896129450448,0.0,0.0,0.0,-1.0,3.289763637932104,29443.21910018646,58.88643820037292,0.0,0.0,11.0,1.0,0.0,0.059029843216624606,0.9583333333333334,0.0,4,23,23
-0.1747134869800918,7.032090184493367,0.3708648694698536,5,0.6259009734094299,0.6650354047303908,0.0,1.0,0.0,0.4,0.16,0.1024584737006312,0.95,2,0.6807855003812043,1307.8550004506142,0.1873383209272951,0.2967909815506633,26.39408727036853,0.0,0.0,0.0,-1.0,2.967909815506633,34519.63901888138,69.03927803776277,0.0,0.0,12.0,0.0,0.0,0.059029843216624606,1.0,0.0,4,23,24
0.0,-8.852559960883967,0.0,5,0.1629835340236349,0.417659024779913,0.5,0.0,0.0,0.34999999999999837,0.13999999999999935,0.024852372081513793,0.05,1,0.6954400462618181,455.2709993739015,1.0,0.5547867609014662,25.182359015313217,0.0,0.0,0.0,-1.0,12.852559960883967,11464.797755494026,22.92959551098805,0.0,0.0,0.0,12.0,0.0,0.07141556813335868,0.041666666666666664,0.0,0,24,1
-5.2248079279786,-3.627752032905368,2.6124039639893,5,0.1589983297800261,0.417659024779913,0.5,0.0,0.0,0.34999999999999837,0.13999999999999935,0.024852372081513793,0.05,1,0.6616227660482433,428.4287403105524,1.0,0.34154113580173295,25.377596366057144,0.0,0.0,0.0,-1.0,7.627752032905367,10872.491643219511,21.74498328643903,0.0,0.04346610920994265,0.0,12.0,0.0,0.07141556813335868,0.08333333333333333,0.0,0,24,2
-3.3779210912169124,-2.0967177784501407,2.8922134423796817,4,0.169776609468432,0.417659024779913,0.5,0.0,0.0,0.34999999999999837,0.13999999999999935,0.024852372081513793,0.05,1,0.6850622035578926,485.44217709063474,1.0,0.2835682687651228,24.605609562936262,0.0,0.0,0.0,-1.0,6.096717778450141,11944.60067487392,23.88920134974784,0.0,0.0,0.0,12.0,0.0,0.07141556813335868,0.125,0.0,0,24,3
-2.18275201409069,-2.087064665400081,2.777474400272801,4,0.177359619836981,0.417659024779913,0.5,0.0,0.0,0.34999999999999837,0.13999999999999935,0.024852372081513793,0.05,1,0.7928392225606703,431.5894051897565,0.0350511575507694,0.2945353870354878,28.529728256522212,0.0,0.0,0.0,-1.0,6.0870646654000815,12313.128448457812,24.626256896915624,0.0,0.0,0.0,12.0,0.0,0.07141556813335868,0.16666666666666666,0.0,0,24,4
-1.5785954479899698,-1.729926404686763,2.668524380603291,4,0.1677472842256635,0.417659024779913,0.5,0.0,0.0,0.34999999999999837,0.13999999999999935,0.024852372081513793,0.05,1,0.7530482913172127,545.6189607248812,0.0687209522521181,0.28890385233714777,21.45145500896968,0.0,0.0,0.0,-1.0,5.729926404686763,11704.32058803058,23.408641176061163,0.0,0.0,0.0,12.0,0.0,0.07141556813335868,0.20833333333333334,0.0,0,24,5
-1.136801156686662,-2.0355778636185056,2.5118144976453385,5,0.1364157764501638,0.417659024779913,0.5,0.0,0.0,0.34999999999999837,0.13999999999999935,0.024852372081513793,0.05,1,0.6760690583506376,513.5817804507266,0.1438145197024622,0.3176619928220266,18.899012115689363,0.0,0.0,0.0,-1.0,6.035577863618506,9706.188291135595,19.412376582271182,0.0,0.1460744826922115,0.0,12.0,0.0,0.07141556813335868,0.25,0.0,0,24,6
-0.3522028652975773,-1.2704435768639648,0.7249442495881306,5,0.1402378846164248,0.417659024779913,0.5,0.0,0.0,0.34999999999999837,0.13999999999999935,0.024852372081513793,0.05,1,0.76868758739508,553.072294961561,0.685975444224833,0.2901161601943467,17.663855263066736,0.0,0.0,0.0,-1.0,5.270443576863965,9769.388968213168,19.53877793642634,0.0,0.14051424944215624,0.0,12.0,0.0,0.07141556813335868,0.2916666666666667,0.0,0,24,7
-0.258580425762521,-0.7154971594478141,0.5103581459611067,4,0.1836246623728053,0.417659024779913,0.5,0.0,0.0,0.34999999999999837,0.13999999999999935,0.024852372081513793,0.05,1,0.7614557260880691,480.30224186081045,0.1321734749874917,0.2720479130450662,25.261177395959205,0.0,0.0,0.0,-1.0,4.715497159447814,12133.000135322836,24.266000270645677,0.0,0.0,0.0,12.0,0.0,0.07141556813335868,0.3333333333333333,0.0,0,24,8
-0.2756734562703687,-0.9190348760017716,0.5291846894480213,4,0.1836627499541662,0.417659024779913,0.5,0.0,0.0,0.34999999999999837,0.13999999999999935,0.024852372081513793,0.05,1,0.6857708943601364,463.0105495017012,0.1183834823749333,0.2981233258182892,26.34338490511557,0.0,0.0,0.0,-1.0,4.919034876001772,12197.265120652382,24.394530241304764,0.0,0.0,0.0,12.0,0.0,0.07141556813335868,0.375,0.0,0,24,9
-0.2112926606051566,-1.031792856503933,0.4625844765244411,6,0.1374105028559774,0.417659024779913,0.5,0.0,0.0,0.34999999999999837,0.13999999999999935,0.024852372081513793,0.05,1,0.6537792956748539,526.5952533328878,0.2332157066441292,0.32117826743642125,13.735379123051608,0.0,0.0,0.0,-1.0,5.031792856503933,7232.985448926619,18.08246362231655,1.0,0.36366051678647726,0.0,12.0,0.0,0.07141556813335868,0.4166666666666667,0.0,0,24,10
-0.2231990530546647,-0.575667381141078,0.4768078304220831,6,0.1484971023636511,0.417659024779913,0.5,0.0,0.0,0.34999999999999837,0.13999999999999935,0.024852372081513793,0.05,1,0.7435924213636181,440.81206877380765,0.3570038763751182,0.30847195827917384,17.37028717292359,0.0,0.0,0.0,-1.0,4.575667381141078,7657.032223891581,19.142580559728952,1.0,0.32635397061063653,0.0,12.0,0.0,0.07141556813335868,0.4583333333333333,0.0,0,24,11
-0.1785908437798539,-0.0816539412885939,0.3776318314422349,5,0.1701816135002252,0.417659024779913,0.5,0.0,0.0,0.34999999999999837,0.13999999999999935,0.024852372081513793,0.05,1,0.6707748404105752,542.8604545974915,0.2622357939748312,0.2915467100920424,16.144561636679402,0.0,0.0,0.0,-1.0,4.081653941288594,8764.244069365002,21.910610173412508,1.0,0.22894431611437244,0.0,12.0,0.0,0.07141556813335868,0.5,0.0,0,24,12
-0.1956326434455524,0.0602776887705784,0.4057754848215191,5,0.158472042552934,0.417659024779913,0.5,0.0,0.0,0.34999999999999837,0.13999999999999935,0.024852372081513793,0.05,1,0.7642052310075288,123.51265794447116,0.0436648535255749,0.2992194160427409,80.59676169231658,0.0,0.0,0.0,-1.0,3.9397223112294215,9954.720258335154,19.909440516670305,0.0,0.12420927852630557,1.0,11.0,0.0,0.07141556813335868,0.5416666666666666,0.0,0,24,13
-0.2878164410073814,0.3416351959146975,0.5093105746839136,6,0.1477774152826415,0.417659024779913,0.5,0.0,0.0,0.34999999999999837,0.13999999999999935,0.024852372081513793,0.05,1,0.7347408495808849,147.21141138076507,0.0745037175266673,0.2966241733042138,60.7424533133839,0.0,0.0,0.0,-1.0,3.6583648040853034,8941.982282993473,17.883964565986947,0.0,0.21330736456701102,2.0,10.0,0.0,0.07141556813335868,0.5833333333333334,1.0,0,24,14
-0.2805669846015305,0.3534081634614834,0.5004287939532954,5,0.1611907777682518,0.417659024779913,0.5,0.0,0.0,0.34999999999999837,0.13999999999999935,0.024852372081513793,0.05,1,0.7483702231163181,490.51238602468845,0.4015056313851083,0.3170949423076971,19.641928332416303,0.0,0.0,0.0,-1.0,3.6465918365385166,9634.60913245945,19.2692182649189,0.0,0.15237183323473139,3.0,9.0,0.0,0.07141556813335868,0.625,1.0,0,24,15
-0.2586029070147046,0.917244203682988,0.456956573401606,5,0.176757911912404,0.417659024779913,0.5,0.0,0.0,0.34999999999999837,0.13999999999999935,0.024852372081513793,0.05,1,0.7096805359845364,113.454024542355,0.0648235374090923,0.2890083559047199,89.05480762069395,0.0,0.0,0.0,-1.0,3.082755796317012,10103.626329412911,20.207252658825823,0.0,0.1111089048305396,4.0,8.0,0.0,0.07141556813335868,0.6666666666666666,1.0,0,24,16
-0.278319391483029,1.35004729663581,0.4957045065923901,6,0.1643417700686108,0.417659024779913,0.5,0.0,0.0,0.34999999999999837,0.13999999999999935,0.024852372081513793,0.05,1,0.7227268835267472,128.5888310989299,0.0755798955546137,0.26948671559635834,73.39253278316255,0.0,0.0,0.0,-1.0,2.64995270336419,9437.460001976764,18.874920003953527,0.0,0.16971650739358313,5.0,7.0,0.0,0.07141556813335868,0.7083333333333334,1.0,0,24,17
-0.2947783487086265,1.405911661253998,0.5191595434129924,5,0.1766004669587735,0.417659024779913,0.5,0.0,0.0,0.34999999999999837,0.13999999999999935,0.024852372081513793,0.05,1,0.66327824789562,120.45890206937216,0.0669494732128596,0.2882320376384447,82.68898769450236,0.0,0.0,0.0,-1.0,2.594088338746002,9960.62467090758,19.92124934181516,0.0,0.12368982347257323,6.0,6.0,0.0,0.07141556813335868,0.75,0.0,0,24,18
-0.3361112211730866,1.976351026860236,0.5886624966032407,5,0.193004858882883,0.417659024779913,0.5,0.0,0.0,0.34999999999999837,0.13999999999999935,0.024852372081513793,0.05,1,0.7321643695693947,136.6798030847317,0.1866914087608077,0.2477937518130324,77.49733983230155,0.0,0.0,0.0,-1.0,2.0236489731397644,10592.32114786951,21.18464229573902,0.0,0.06811478982482676,7.0,5.0,0.0,0.07141556813335868,0.7916666666666666,0.0,0,24,19
-0.3369862760637425,2.0656751290777,0.5899069910632282,5,0.1937897720207017,0.417659024779913,0.5,0.0,0.0,0.34999999999999837,0.13999999999999935,0.024852372081513793,0.05,1,0.7853948431274733,122.96568784089996,0.1016830445528979,0.26377157330758655,89.61598388813705,0.0,0.0,0.0,-1.0,1.9343248709223009,11019.691100343782,22.03938220068757,0.0,0.030515879026682735,8.0,4.0,0.0,0.07141556813335868,0.8333333333333334,0.0,0,24,20
-0.2841032148940462,2.362502135354931,0.4946660745839311,5,0.2144671015137389,0.417659024779913,0.5,0.0,0.0,0.34999999999999837,0.13999999999999935,0.024852372081513793,0.05,1,0.6993124010915895,484.74882609190206,0.3575085691222913,0.25192274840693374,23.61621784153511,0.0,0.0,0.0,-1.0,1.6374978646450693,11447.933875414778,22.895867750829552,0.0,0.0,9.0,3.0,0.0,0.07141556813335868,0.875,0.0,0,24,21
-0.2521552559893047,2.523314983656892,0.4413718826853945,5,0.2042481135507003,0.417659024779913,0.5,0.0,0.0,0.34999999999999837,0.13999999999999935,0.024852372081513793,0.05,1,0.6637635712976095,453.1702460467389,0.1867820636694603,0.26059147347231326,24.86750514106249,0.0,0.0,0.0,-1.0,1.4766850163431078,11269.213423343834,22.53842684668767,0.0,0.008563545900994781,10.0,2.0,0.0,0.07141556813335868,0.9166666666666666,0.0,0,24,22
-0.2421614985428448,2.713498375720474,0.4261005039112115,4,0.2191029038248758,0.417659024779913,0.5,0.0,0.0,0.34999999999999837,0.13999999999999935,0.024852372081513793,0.05,1,0.6883052550848148,527.1430559019634,0.2048783227077696,0.2661727498509365,22.667854865531723,0.0,0.0,0.0,-1.0,1.286501624279526,11949.202284558582,23.898404569117165,0.0,0.0,11.0,1.0,0.0,0.07141556813335868,0.9583333333333334,0.0,0,24,23
-0.1817356617126603,2.8276441412028017,0.313111220028007,4,0.22409915326882,0.417659024779913,0.5,0.0,0.0,0.34999999999999837,0.13999999999999935,0.024852372081513793,0.05,1,0.8163292025470735,570.0528635426092,0.1846952726441052,0.2930889646992995,21.681319162304835,0.0,0.0,0.0,-1.0,1.172355858797198,12359.498073853116,24.71899614770623,0.0,0.0,12.0,0.0,0.0,0.07141556813335868,1.0,0.0,0,24,24
0.0,52.85399117533113,0.0,1,0.2425456226916405,0.1335501048126084,1.0,1.0,0.0,0.25,0.1,0.07871788286872836,0.95,2,0.8902742561840861,1132.254406945919,1.0,0.4702905277623461,15.068571699181838,0.0,0.0,0.0,-1.0,17.14600882466887,17061.456712779192,34.12291342555838,0.0,0.08797575306309384,0.0,12.0,0.0,0.0,0.041666666666666664,0.0,4,25,1
-3.3758118767299354,56.229803052061065,1.687905938364966,2,0.2520510110638974,0.1335501048126084,1.0,1.0,0.0,0.25,0.1,0.07871788286872836,0.95,2,0.7805362578202492,1256.690333365401,1.0,0.3631700293961918,13.715027720763656,0.0,0.0,0.0,-1.0,13.770196947938937,17235.5427585222,34.47108551704439,0.0,0.07866994187452937,0.0,12.0,0.0,0.0,0.08333333333333333,0.0,4,25,2
-2.8294976664191305,58.51298650816939,2.3245850453695747,1,0.2371353014459126,0.1335501048126084,1.0,1.0,0.0,0.25,0.1,0.07871788286872836,0.95,2,0.8857435053442761,1029.3395383665631,1.0,0.2917336759829997,16.208071155968142,0.0,0.0,0.0,-1.0,11.487013491830613,16683.608481496656,33.36721696299332,0.0,0.10817372058680379,0.0,12.0,0.0,0.0,0.125,0.0,4,25,3
-1.6609821917279295,57.629537329054784,2.153178468320395,1,0.2365298394907343,0.1335501048126084,1.0,1.0,0.0,0.25,0.1,0.07871788286872836,0.95,2,0.7988275489732002,966.379456431372,0.0588502200636425,0.30295010622722973,16.992289899996408,0.0,0.0,0.0,-1.0,12.370462670945216,16420.99987708282,32.84199975416565,0.0,0.12221152630947038,0.0,12.0,0.0,0.0,0.16666666666666666,0.0,4,25,4
-1.151800106068849,57.91312456717851,2.030246274053031,3,0.2696184170555794,0.1335501048126084,1.0,1.0,0.0,0.25,0.1,0.07871788286872836,0.95,2,0.7698430718579052,1065.1135060848378,0.0824996541038837,0.28579803979085316,17.66218274209845,0.0,0.0,0.0,-1.0,12.086875432821495,18812.2293855476,37.62445877109519,0.0,0.0,0.0,12.0,0.0,0.0,0.20833333333333334,0.0,4,25,5
-0.731767127560335,57.14305799500594,1.8632706899600888,1,0.2298932434237549,0.1335501048126084,1.0,1.0,0.0,0.25,0.1,0.07871788286872836,0.95,2,0.8223512598782388,995.8198151112464,0.160019497751482,0.29387296011414993,16.42591444567127,0.0,0.0,0.0,-1.0,12.85694200499406,16357.251086321516,32.71450217264303,0.0,0.12561923315806964,0.0,12.0,0.0,0.0,0.25,0.0,4,25,6
-0.1225055095186992,57.85258127896529,0.7147897437547134,1,0.2277023404492129,0.1335501048126084,1.0,1.0,0.0,0.25,0.1,0.07871788286872836,0.7851110207578706,2,0.9127087981363792,1121.331781912487,0.7036986687732041,0.2686986629537633,14.146057279418857,0.0,0.0,0.0,-1.0,12.147418721034716,15862.423616166856,31.72484723233371,0.0,0.15207035385830117,0.0,12.0,0.0,0.0,0.2916666666666667,0.0,3,25,7
0.2251315503577112,56.95725260015363,0.5148403966876298,3,0.3022558533687459,0.1335501048126084,1.0,1.0,0.0,0.25,0.1,0.07871788286872836,0.95,2,0.8151292246828212,1062.2051310602676,0.1686268061662795,0.2794874442824223,18.801977004266654,0.0,0.0,0.0,-1.0,13.04274739984637,19971.5564480092,39.9431128960184,0.0,0.0,0.0,12.0,0.0,0.0,0.3333333333333333,0.0,4,25,8
0.4463945000584413,54.93639435206875,1.017076958029308,4,0.3054866984367767,0.1335501048126084,1.0,1.0,0.0,0.25,0.1,0.07871788286872836,0.95,2,0.7893900406535118,1063.956224446325,0.152400531356114,0.3130099874894804,19.06821000481148,0.0,0.0,0.0,-1.0,15.063605647931244,20287.740723668863,40.57548144733773,0.0,0.0,0.0,12.0,0.0,0.0,0.375,0.0,4,25,9
0.3325867194918165,57.08808145226044,0.9871855783756642,4,0.3195020515596001,0.1335501048126084,1.0,1.0,0.0,0.25,0.1,0.07871788286872836,0.95,2,0.7741182570337857,1230.6966474914195,0.2142363696734784,0.26040844129894913,13.66533542089308,0.0,0.0,0.0,-1.0,12.91191854773956,16817.88248933886,42.04470622334715,1.0,0.10099607140086055,0.0,12.0,0.0,0.0,0.4166666666666667,0.0,4,25,10
0.384538900483338,55.314157237262464,1.051573476068178,4,0.3196597681386279,0.1335501048126084,1.0,1.0,0.0,0.25,0.1,0.07871788286872836,0.95,2,0.7435223499648417,1194.3208301518923,0.4061102849728084,0.2877226337189395,13.80096545124951,0.0,0.0,0.0,-1.0,14.685842762737536,16482.7805146339,41.206951286584754,1.0,0.11890902756118922,0.0,12.0,0.0,0.0,0.4583333333333333,0.0,4,25,11
0.2599509591780874,56.58844436241504,1.0191310016364232,4,0.3295430297956496,0.1335501048126084,1.0,1.0,0.0,0.25,0.1,0.07871788286872836,0.95,2,0.7038197056974204,1166.242183386423,0.266783282413132,0.25545820262066593,14.552084598159473,0.0,0.0,0.0,-1.0,13.41155563758496,16971.25491458144,42.428137286453605,1.0,0.0927975117475115,0.0,12.0,0.0,0.0,0.5,0.0,4,25,12
0.3194323020920425,54.08478132230116,1.120944430550341,5,0.351746001816695,0.1335501048126084,1.0,1.0,0.0,0.25,0.1,0.07871788286872836,0.95,2,0.7370849607995038,1199.697718969308,0.1836116690284869,0.29495385966391674,18.41762988114223,0.0,0.0,0.0,-1.0,15.91521867769884,22095.5885572273,44.1911771144546,0.0,0.0,1.0,11.0,0.0,0.0,0.5416666666666666,0.0,4,25,13
0.4561764395635899,53.29028192806868,1.320615144426767,4,0.346091088430265,0.1335501048126084,1.0,1.0,0.0,0.25,0.1,0.07871788286872836,0.95,2,0.7076095288367372,1036.4935747384452,0.1733571230187983,0.3015287471626704,20.20456670732845,0.0,0.0,0.0,-1.0,16.709718071931317,20941.90357252024,41.88380714504048,0.0,0.0,2.0,10.0,0.0,0.0,0.5833333333333334,1.0,4,25,14
0.7681228565473914,53.42627924996775,1.4839184406448438,4,0.3623474628560653,0.1335501048126084,1.0,1.0,0.0,0.25,0.1,0.07871788286872836,0.95,2,0.7965613289788865,1208.9382404503128,0.2684690540342923,0.29140607912144617,17.914926023990407,0.0,0.0,0.0,-1.0,16.57372075003225,21658.03914524048,43.31607829048096,0.0,0.0,3.0,9.0,0.0,0.0,0.625,1.0,4,25,15
0.3545146053537465,54.88875394610112,1.1478772879951948,6,0.4282224387994602,0.1335501048126084,1.0,1.0,0.0,0.25,0.1,0.07871788286872836,0.95,2,0.6660064915052115,1169.216889786916,0.2291207084767045,0.25904993235255236,20.93498980540452,0.0,0.0,0.0,-1.0,15.111246053898885,24477.543667995866,48.95508733599173,0.0,0.0,4.0,8.0,0.0,0.0,0.6666666666666666,1.0,4,25,16
0.440443838235867,52.995754456104194,1.2293522650387434,8,0.473580872617736,0.1335501048126084,1.0,1.0,0.0,0.25,0.1,0.07871788286872836,0.95,2,0.6954190334246526,1007.4164986685772,0.165630706908779,0.2843915631034839,26.99555484345465,0.0,0.0,0.0,-1.0,17.004245543895806,27195.76734000864,54.39153468001728,0.0,0.0,5.0,7.0,0.0,0.0,0.7083333333333334,1.0,4,25,17
0.4965596204910965,50.49308552281551,1.3578849538628703,4,0.3834150914840332,0.1335501048126084,1.0,1.0,0.0,0.25,0.1,0.07871788286872836,0.95,2,0.6929076048651879,1403.230123237634,0.2935136486494459,0.3184802363621958,15.411149445154916,0.0,0.0,0.0,-1.0,19.50691447718449,21625.38913515833,43.25077827031666,0.0,0.0,6.0,6.0,0.0,0.0,0.75,0.0,4,25,18
0.7390280678846901,50.25560158716659,1.6572617141127062,6,0.4405207251938251,0.1335501048126084,1.0,1.0,0.0,0.25,0.1,0.07871788286872836,0.95,2,0.6503463062802751,1121.3043303918894,0.2021621212318335,0.31486083847707763,21.5608433035663,0.0,0.0,0.0,-1.0,19.74439841283341,24176.266963189864,48.35253392637973,0.0,0.0,7.0,5.0,0.0,0.0,0.7916666666666666,0.0,4,25,19
0.5890826728992676,52.58312574169134,1.6258619212197067,5,0.3857236331805036,0.1335501048126084,1.0,1.0,0.0,0.25,0.1,0.07871788286872836,0.95,2,0.737061914421233,1101.2040951199776,0.2277568662374615,0.27143180662299216,19.918058332814688,0.0,0.0,0.0,-1.0,17.41687425830866,21933.84740293413,43.86769480586826,0.0,0.0,8.0,4.0,0.0,0.0,0.8333333333333334,0.0,4,25,20
0.2377636521983119,53.519482396490446,1.6356226546545534,7,0.4727855029289249,0.1335501048126084,1.0,1.0,0.0,0.25,0.1,0.07871788286872836,0.95,2,0.6443263613179246,1250.8798435094222,0.2055455935694115,0.2511316968153837,20.1750670462875,0.0,0.0,0.0,-1.0,16.480517603509558,25236.58470965221,50.47316941930442,0.0,0.0,9.0,3.0,0.0,0.0,0.875,0.0,4,25,21
0.0293171087370657,50.50919173983483,1.3370547205949794,4,0.3882235111291438,0.1335501048126084,1.0,1.0,0.0,0.25,0.1,0.07871788286872836,0.95,2,0.7723066405936772,1333.203971923263,0.2938387862404432,0.2905462100894186,16.066481713941872,0.0,0.0,0.0,-1.0,19.490808260165164,21419.89723585978,42.83979447171956,0.0,0.0,10.0,2.0,0.0,0.0,0.9166666666666666,0.0,4,25,22
-0.0497539555201693,50.50193778889594,1.2633305398309138,5,0.4231008937960668,0.1335501048126084,1.0,1.0,0.0,0.25,0.1,0.07871788286872836,0.95,2,0.6596338103806344,1221.8822023929754,0.2184726573049949,0.2844702085510623,18.884495345158275,0.0,0.0,0.0,-1.0,19.49806221110406,23074.62876342189,46.149257526843776,0.0,0.0,11.0,1.0,0.0,0.0,0.9583333333333334,0.0,4,25,23
0.3327463165598425,49.77714827425605,1.3646403945944283,5,0.3996072720910101,0.1335501048126084,1.0,1.0,0.0,0.25,0.1,0.07871788286872836,0.95,2,0.7525913476481805,1251.304716915962,0.2372752134643442,0.2888978817963421,17.612902048166923,0.0,0.0,0.0,-1.0,20.222851725743947,22039.10741145008,44.07821482290016,0.0,0.0,12.0,0.0,0.0,0.0,1.0,0.0,4,25,24
0.0,55.303224048103125,0.0,4,0.3022537645267054,1.0,0.0,0.33,0.0,0.55,0.1925,0.14020590482496237,0.05,4,0.6970571141670083,965.6840709379818,1.0,0.4552019468746257,19.264927163960092,0.0,0.0,0.0,-1.0,44.64677595189688,18603.833290016693,37.20766658003339,0.0,0.0,0.0,12.0,0.0,0.0,0.041666666666666664,0.0,0,26,1
-9.31385803206301,64.61708208016614,4.656929016031505,4,0.3183796597919619,1.0,0.0,0.33,0.0,0.55,0.1925,0.14020590482496237,0.05,4,0.7474452304703008,795.5349321138667,1.0,0.3599431342909346,23.945870708805646,0.0,0.0,0.0,-1.0,35.33291791983387,19049.77662873713,38.09955325747426,0.0,0.0,0.0,12.0,0.0,0.0,0.08333333333333333,0.0,0,26,2
-6.613171698413467,68.52956744493007,5.547688736178581,5,0.291581623863086,1.0,0.0,0.33,0.0,0.55,0.1925,0.14020590482496237,0.05,4,0.6813214914854417,814.787052018851,1.0,0.31982118511426866,22.030170757309342,0.0,0.0,0.0,-1.0,31.420432555069933,17949.897886819977,35.89979577363996,0.0,0.0163555720744107,0.0,12.0,0.0,0.0,0.125,0.0,0,26,3
-5.720746104696535,73.06821594217024,6.541251712941625,4,0.3250402272536138,1.0,0.0,0.33,0.0,0.55,0.1925,0.14020590482496237,0.05,4,0.687795068666797,934.8470548334946,0.0473458303297402,0.2733972444223723,21.121184126152112,0.0,0.0,0.0,-1.0,26.88178405782976,19745.076774929257,39.49015354985852,0.0,0.0,0.0,12.0,0.0,0.0,0.16666666666666666,0.0,0,26,4
-3.553777576668539,68.84654500044374,6.012787915355128,4,0.3254426325165445,1.0,0.0,0.33,0.0,0.55,0.1925,0.14020590482496237,0.05,4,0.7136169580533397,809.2767327743395,0.0596834462624068,0.3160719466452208,24.55139389355519,0.0,0.0,0.0,-1.0,31.103454999556263,19868.87183523221,39.737743670464425,0.0,0.0,0.0,12.0,0.0,0.0,0.20833333333333334,0.0,0,26,5
-2.552257894239422,69.72362185616451,5.655003742140882,4,0.3218102609427348,1.0,0.0,0.33,0.0,0.55,0.1925,0.14020590482496237,0.05,4,0.8131283435478909,926.4719804245436,0.1253148055158042,0.30690573061389,21.62518163360816,0.0,0.0,0.0,-1.0,30.22637814383549,20035.124855129416,40.07024971025883,0.0,0.0,0.0,12.0,0.0,0.0,0.25,0.0,0,26,6
-1.2187555884098022,73.2762727406394,2.945796713825216,4,0.322244079435239,1.0,0.0,0.33,0.0,0.55,0.1925,0.14020590482496237,0.05,4,0.7093113239526923,885.6458510464488,0.5821765159680449,0.27061038371046203,22.17864230274225,0.0,0.0,0.0,-1.0,26.673727259360604,19642.42253726693,39.284845074533855,0.0,0.0,0.0,12.0,0.0,0.0,0.2916666666666667,0.0,0,26,7
-0.1246044002383136,69.10154879637264,1.976696862794615,5,0.3093914095294784,1.0,0.0,0.33,0.0,0.55,0.1925,0.14020590482496237,0.05,4,0.7289037968449207,972.1324159842528,0.2125195428296217,0.312706043625214,18.400434196406493,0.0,0.0,0.0,-1.0,30.848451203627363,17887.658550511907,35.77531710102381,0.0,0.0197662531124445,0.0,12.0,0.0,0.0,0.3333333333333333,0.0,0,26,8
0.2535360910693387,70.42993085023257,1.7912809292879763,5,0.2962494720111713,1.0,0.0,0.33,0.0,0.55,0.1925,0.14020590482496237,0.05,4,0.7102728370362184,1030.5856179993586,0.1952114813907793,0.29899418015843454,16.70409462964517,0.0,0.0,0.0,-1.0,29.52006914976744,17214.999687012634,34.42999937402527,0.0,0.056627584978942345,0.0,12.0,0.0,0.0,0.375,0.0,0,26,9
-0.5457863504514439,73.07820884601638,1.7934472513788051,4,0.33035392645846,1.0,0.0,0.33,0.0,0.55,0.1925,0.14020590482496237,0.05,4,0.6801985176088031,786.417645654864,0.1566371178794043,0.27194728555581144,19.347815569685046,0.0,0.0,0.0,-1.0,26.87179115398362,15215.463568876236,38.038658922190585,1.0,0.16620105294195578,0.0,12.0,0.0,0.0,0.4166666666666667,0.0,0,26,10
-0.4565648351147964,72.77273762796995,1.6958427896101138,5,0.3242274791134868,1.0,0.0,0.33,0.0,0.55,0.1925,0.14020590482496237,0.05,4,0.6729365651079239,961.2143983417698,0.3492839773891819,0.27481273965270864,15.218789164573444,0.0,0.0,0.0,-1.0,27.177262372030054,14628.519270315708,36.57129817578927,1.0,0.19836527428862324,0.0,12.0,0.0,0.0,0.4583333333333333,0.0,0,26,11
-0.0513060667349317,70.90304630966878,1.5527999447661358,5,0.3188979635472938,1.0,0.0,0.33,0.0,0.55,0.1925,0.14020590482496237,0.05,4,0.7111861525504074,865.5827047151274,0.257731827548081,0.29347768315565775,16.601718866842265,0.0,0.0,0.0,-1.0,29.046953690331225,14370.160719681488,35.92540179920372,1.0,0.21252317927174205,0.0,12.0,0.0,0.0,0.5,0.0,0,26,12
-0.497429886168089,72.36078296749683,1.4191937584627177,2,0.4574877999888933,1.0,0.0,0.33,0.0,0.55,0.1925,0.14020590482496237,0.05,4,0.8188312794829486,965.710897790738,0.1508719119369463,0.2785207095211374,26.038552771836976,0.0,0.0,0.0,-1.0,27.589217032503168,25145.714174462195,50.291428348924384,0.0,0.0,1.0,11.0,0.0,0.0,0.5416666666666666,0.0,0,26,13
0.1487936733702731,70.19276892741263,1.152617404961455,1,0.6158118583653106,1.0,0.0,0.33,0.0,0.55,0.1925,0.14020590482496237,0.8397619816230557,4,0.8093261237087802,865.7933669954282,0.1051111532374767,0.3001612010852338,37.65889608902537,0.0,0.0,0.0,-1.0,29.757231072587366,32604.82244224824,65.20964488449647,0.0,0.0,2.0,10.0,0.0,0.0,0.5833333333333334,1.0,3,26,14
0.0263417288681884,74.15025063270787,1.330951846774845,0,0.5896354454997415,1.0,0.0,0.33,1.0,0.55,0.1925,0.14020590482496237,0.4676262193315599,4,0.9081030766709882,890.0556954017958,0.1685507683140749,0.2600289700010547,34.64721746759055,0.0,0.0,0.0,-1.0,25.799749367292144,30837.95323685355,61.6759064737071,0.0,0.0,3.0,9.0,0.0,0.0,0.625,1.0,2,26,15
0.0453264207113518,70.94073289718389,1.3456912488566553,1,0.5969401752583704,1.0,0.0,0.33,0.0,0.55,0.1925,0.14020590482496237,0.05,4,0.8328320334944259,1270.949121550938,0.3008152417743462,0.2921376344694472,23.491411364504987,0.0,0.0,0.0,-1.0,29.009267102816107,29856.388637709333,59.71277727541867,0.0,0.0,4.0,8.0,0.0,0.0,0.6666666666666666,1.0,0,26,16
0.1150660673466471,70.15811753937098,1.4100221784921714,0,0.609564551077001,1.0,0.0,0.33,1.0,0.55,0.1925,0.14020590482496237,0.4543033439781744,4,0.7883142832738249,1440.2987238765331,0.2455648157784472,0.2997736742154986,21.265830290467164,0.0,0.0,0.0,-1.0,29.79188246062902,30629.14822953478,61.25829645906957,0.0,0.0,5.0,7.0,0.0,0.0,0.7083333333333334,1.0,2,26,17
-0.0560536740540448,73.41585306580494,1.5511960533974574,1,0.5971366916915373,1.0,0.0,0.33,0.0,0.55,0.1925,0.14020590482496237,0.05,4,0.8313554967993027,1177.05297472413,0.1676010372803714,0.26677538704733006,25.03689854672357,0.0,0.0,0.0,-1.0,26.534146934195068,29469.755912287237,58.93951182457447,0.0,0.0,6.0,6.0,0.0,0.0,0.75,0.0,0,26,18
-0.0156453826328126,70.89944821754668,1.5695919716966875,2,0.5722553457377368,1.0,0.0,0.33,0.0,0.55,0.1925,0.14020590482496237,0.05,4,0.8136702613351152,1346.931500303008,0.2059487894253807,0.2918370242476632,20.40212005276852,0.0,0.0,0.0,-1.0,29.05055178245333,27480.25817203759,54.96051634407517,0.0,0.0,7.0,5.0,0.0,0.0,0.7916666666666666,0.0,0,26,19
0.0776678261297874,72.9797995522949,1.4868679376617124,2,0.5454617016176407,1.0,0.0,0.33,0.0,0.55,0.1925,0.14020590482496237,0.05,4,0.7845066177446427,1360.1751965625608,0.2428477842649533,0.2707171939543798,19.95335980186875,0.0,0.0,0.0,-1.0,26.97020044770509,27140.065090590328,54.28013018118066,0.0,0.0,8.0,4.0,0.0,0.0,0.8333333333333334,0.0,0,26,20
-0.6406383285794885,74.23547295913764,1.506748668135674,1,0.5901019882740235,1.0,0.0,0.33,0.0,0.55,0.1925,0.14020590482496237,0.05,4,0.7784366867577109,1356.6960857857314,0.2395749019857709,0.25790286006005003,20.31510113683722,0.0,0.0,0.0,-1.0,25.714527040862365,27561.41819468832,55.12283638937664,0.0,0.0,9.0,3.0,0.0,0.0,0.875,0.0,0,26,21
-0.484466969090036,72.64154412005199,1.4184681264735766,1,0.5974769678575281,1.0,0.0,0.33,0.0,0.55,0.1925,0.14020590482496237,0.05,4,0.7514025664338128,1135.3056797855986,0.1715325042724814,0.2736660992604086,25.40691652023796,0.0,0.0,0.0,-1.0,27.308455879948017,28844.616631264707,57.68923326252942,0.0,0.0,10.0,2.0,0.0,0.0,0.9166666666666666,0.0,0,26,22
-0.3598458481373194,74.63838177989444,1.2121161639409377,1,0.6372311681628975,1.0,0.0,0.33,0.0,0.55,0.1925,0.14020590482496237,0.2889286423481685,4,0.782252451617577,1263.5774901334528,0.1906247563125821,0.253448833795412,24.06544861877054,0.0,0.0,0.0,-1.0,25.31161822010555,30408.559164641647,60.81711832928329,0.0,0.0,11.0,1.0,0.0,0.0,0.9583333333333334,0.0,1,26,23
-0.5836984131990438,74.30897354119742,1.2898059419317651,1,0.5805579249058054,1.0,0.0,0.33,0.0,0.55,0.1925,0.14020590482496237,0.05,4,0.8166548309850838,1303.3174978082616,0.2319284503270784,0.25653853385495334,21.496314302814103,0.0,0.0,0.0,-1.0,25.64102645880259,28016.52256924362,56.03304513848724,0.0,0.0,12.0,0.0,0.0,0.0,1.0,0.0,0,26,24
0.0,53.52909312408599,0.0,4,0.2013821672283086,0.9901929220926403,1.0,0.0,0.0,0.45,0.1575,0.029069736963043265,0.05,1,0.7846997508684418,517.1926659714941,1.0,0.5155643447248712,23.966210695961177,0.0,0.0,0.0,-1.0,31.47090687591401,12395.148403078698,24.7902968061574,0.0,0.0,0.0,12.0,0.0,0.0073075930716836705,0.041666666666666664,0.0,0,27,1
-11.929874654824603,65.45896777891059,5.964937327412299,5,0.1951527978541839,0.9901929220926403,1.0,0.0,0.0,0.45,0.1575,0.029069736963043265,0.05,1,0.7306792011406605,632.7434738525956,1.0,0.31475488141352076,18.454049483986257,0.0,0.0,0.0,-1.0,19.541032221089413,11676.679377145165,23.353358754290326,0.0,0.0,0.0,12.0,0.0,0.0073075930716836705,0.08333333333333333,0.0,0,27,2
-7.051495467179739,67.63208405844546,6.199809109416473,5,0.1784333865782816,0.9901929220926403,1.0,0.0,0.0,0.45,0.1575,0.029069736963043265,0.05,1,0.7552395641414279,547.7607468808039,1.0,0.27513530204442826,20.05335505365332,0.0,0.0,0.0,-1.0,17.367915941554536,10984.440741655086,21.968881483310167,0.0,0.026716101553827632,0.0,12.0,0.0,0.0073075930716836705,0.125,0.0,0,27,3
-3.917749298927299,65.86388536066535,5.59785830330033,5,0.2003235248454974,0.9901929220926403,1.0,0.0,0.0,0.45,0.1575,0.029069736963043265,0.05,1,0.656999797970985,610.9902707548443,0.050208890846779,0.29822516321041015,19.91679129203771,0.0,0.0,0.0,-1.0,19.136114639334654,12168.965704089847,24.33793140817969,0.0,0.0,0.0,12.0,0.0,0.0073075930716836705,0.16666666666666666,0.0,0,27,4
-2.7624219267508376,67.1387439669628,5.258475727281185,5,0.1830836799601245,0.9901929220926403,1.0,0.0,0.0,0.45,0.1575,0.029069736963043265,0.05,1,0.7538809938311524,588.51073008871,0.0770422806583543,0.27391063565041074,18.993019389472664,0.0,0.0,0.0,-1.0,17.8612560330372,11177.595707487582,22.355191414975163,0.0,0.009601473456579291,0.0,12.0,0.0,0.0073075930716836705,0.20833333333333334,0.0,0,27,5
-1.833498611488504,65.70935743123023,4.846174351321207,5,0.1730074941220266,0.9901929220926403,1.0,0.0,0.0,0.45,0.1575,0.029069736963043265,0.05,1,0.6817384058462933,489.78946003520593,0.1210188197340548,0.2911795104719965,21.991135087367997,0.0,0.0,0.0,-1.0,19.29064256876977,10771.02618000324,21.542052360006483,0.0,0.04562584502051156,0.0,12.0,0.0,0.0073075930716836705,0.25,0.0,0,27,6
0.0413208028582081,66.06838641397279,0.7934233630668904,5,0.1731714401231588,0.9901929220926403,1.0,0.0,0.0,0.45,0.1575,0.029069736963043265,0.05,1,0.6971494418156762,599.2573789563547,0.6859998888291594,0.28133667248585326,17.614607909076383,0.0,0.0,0.0,-1.0,18.93161358602721,10555.683766936989,21.111367533873977,0.0,0.06470640708273152,0.0,12.0,0.0,0.0073075930716836705,0.2916666666666667,0.0,0,27,7
0.3010010161027748,65.6882536208881,0.7560645166165768,4,0.2166082624992836,0.9901929220926403,1.0,0.0,0.0,0.45,0.1575,0.029069736963043265,0.05,1,0.7676423873219111,563.534170775896,0.1526999937004568,0.28261092262114984,22.22286298391518,0.0,0.0,0.0,-1.0,19.311746379111906,12523.342663906997,25.04668532781399,0.0,0.0,0.0,12.0,0.0,0.0073075930716836705,0.3333333333333333,0.0,0,27,8
0.1039539033316136,65.93469644844038,0.4964463002498378,5,0.1854909985958622,0.9901929220926403,1.0,0.0,0.0,0.45,0.1575,0.029069736963043265,0.05,1,0.6589721726740018,503.8470728531308,0.1461180147747816,0.27481518632878743,21.393090755744016,0.0,0.0,0.0,-1.0,19.065303551559627,10778.846156562991,21.557692313125987,0.0,0.04493295063919185,0.0,12.0,0.0,0.0073075930716836705,0.375,0.0,0,27,9
0.3263552953537026,64.79508004777774,0.6910570420595082,6,0.1739395922671121,0.9901929220926403,1.0,0.0,0.0,0.45,0.1575,0.029069736963043265,0.05,1,0.7377310541055798,480.8632867580874,0.1828448697999242,0.2869337744694284,16.660289458722218,0.0,0.0,0.0,-1.0,20.20491995222225,8011.321547462283,20.028303868655705,1.0,0.29015136493466553,0.0,12.0,0.0,0.0073075930716836705,0.4166666666666667,0.0,0,27,10
-0.0815225126413837,66.9947102739265,0.6484162099754964,5,0.1935228686527961,0.9901929220926403,1.0,0.0,0.0,0.45,0.1575,0.029069736963043265,0.05,1,0.7145777974113263,591.0781196816347,0.421638364104224,0.25196906905292354,14.77195440522696,0.0,0.0,0.0,-1.0,18.005289726073492,8731.379033864392,21.82844758466098,1.0,0.22635017796907403,0.0,12.0,0.0,0.0073075930716836705,0.4583333333333333,0.0,0,27,11
-0.153606235879251,66.58767935343704,0.6942604764807345,5,0.1851696553632772,0.9901929220926403,1.0,0.0,0.0,0.45,0.1575,0.029069736963043265,0.05,1,0.7492979110333571,135.9211141333598,0.0651057280966436,0.25396304340086845,61.38931282748995,0.0,0.0,0.0,-1.0,18.412320646562964,8344.10379539379,20.860259488484477,1.0,0.26066496583450927,0.0,12.0,0.0,0.0073075930716836705,0.5,0.0,0,27,12
-0.1613772190140288,65.98617836575856,0.6938130276444496,5,0.2120287631209606,0.9901929220926403,1.0,0.0,0.0,0.45,0.1575,0.029069736963043265,0.05,1,0.7093905182827682,166.14110504641286,0.0638720457138169,0.2585448834117816,70.1458759405153,0.0,0.0,0.0,-1.0,19.01382163424144,11654.113343205796,23.308226686411597,0.0,0.0,1.0,11.0,0.0,0.0073075930716836705,0.5416666666666666,0.0,0,27,13
-0.1176685707499111,66.12512363699918,0.6803028267362682,4,0.233227182434434,0.9901929220926403,1.0,0.0,0.0,0.45,0.1575,0.029069736963043265,0.05,1,0.6968430683695996,563.4317592151547,0.2485997483414567,0.25307096799554185,21.91652191855797,0.0,0.0,0.0,-1.0,18.87487636300083,12348.464500450616,24.696929000901232,0.0,0.0,2.0,10.0,0.0,0.0073075930716836705,0.5833333333333334,1.0,0,27,14
0.2141726647145521,63.93792357446799,1.0521490561489577,6,0.1876314175185836,0.9901929220926403,1.0,0.0,0.0,0.45,0.1575,0.029069736963043265,0.05,1,0.6580124586770313,516.6536639216581,0.4183185409329129,0.27850679570951414,18.99363153058541,0.0,0.0,0.0,-1.0,21.06207642553201,9813.129321454886,19.62625864290977,0.0,0.13050095252250793,3.0,9.0,0.0,0.0073075930716836705,0.625,1.0,0,27,15
1.044369766841143,61.24618631917181,1.992851670013497,5,0.2210616454112313,0.9901929220926403,1.0,0.0,0.0,0.45,0.1575,0.029069736963043265,0.05,1,0.6728890171631684,579.6704644347442,0.215223538601829,0.3098323523586285,19.073864458386264,0.0,0.0,0.0,-1.0,23.753813680828188,11056.555869158126,22.113111738316256,0.0,0.020326291268181126,4.0,8.0,0.0,0.0073075930716836705,0.6666666666666666,1.0,0,27,16
1.0000829533552231,62.868533920408765,1.9477675821172105,6,0.1981242421565903,0.9901929220926403,1.0,0.0,0.0,0.45,0.1575,0.029069736963043265,0.05,1,0.6338090751435899,524.6581529721077,0.1792282360251226,0.28480170826283624,18.97476513758661,0.0,0.0,0.0,-1.0,22.131466079591235,9955.26523016573,19.91053046033146,0.0,0.11790690293974909,5.0,7.0,0.0,0.0073075930716836705,0.7083333333333334,1.0,0,27,17
1.1833407481514162,60.19509440971214,2.220979098632733,5,0.2140649771863685,0.9901929220926403,1.0,0.0,0.0,0.45,0.1575,0.029069736963043265,0.05,1,0.7031597809856132,128.42268454549375,0.0448690387151639,0.31498292813063955,82.26340011473326,0.0,0.0,0.0,-1.0,24.804905590287863,10564.486682574125,21.12897336514825,0.0,0.0639264187109509,6.0,6.0,0.0,0.0073075930716836705,0.75,0.0,0,27,18
0.97643151715258,61.21133099553724,1.9930457827953452,5,0.2375667754830611,0.9901929220926403,1.0,0.0,0.0,0.45,0.1575,0.029069736963043265,0.05,1,0.7804546641108078,141.08184806397475,0.0844488932982677,0.29813475514731397,80.86219261199112,0.0,0.0,0.0,-1.0,23.78866900446276,11408.187572204795,22.81637514440959,0.0,0.0,7.0,5.0,0.0,0.0073075930716836705,0.7916666666666666,0.0,0,27,19
0.1167078118171279,63.67656998806818,1.3876693807669576,4,0.2489622818045594,0.9901929220926403,1.0,0.0,0.0,0.45,0.1575,0.029069736963043265,0.05,1,0.699135073592734,135.84775281983855,0.1066285193703155,0.2637950104568884,91.18590629882672,0.0,0.0,0.0,-1.0,21.323430011931816,12387.400459535971,24.77480091907194,0.0,0.0,8.0,4.0,0.0,0.0073075930716836705,0.8333333333333334,0.0,0,27,20
-0.3920371919429014,63.302377705011466,1.2693608373063172,5,0.2619216569380808,0.9901929220926403,1.0,0.0,0.0,0.45,0.1575,0.029069736963043265,0.05,1,0.699830776895494,553.9748497676474,0.5757738821583948,0.26500912726703557,22.082886683579087,0.0,0.0,0.0,-1.0,21.697622294988538,12233.363832971703,24.46672766594341,0.0,0.0,9.0,3.0,0.0,0.0073075930716836705,0.875,0.0,0,27,21
-0.1217485281903134,61.36335584205519,1.2571742331325635,4,0.2592323317855751,0.9901929220926403,1.0,0.0,0.0,0.45,0.1575,0.029069736963043265,0.05,1,0.706153574985545,635.2196711859309,0.198564345649845,0.2850650551711937,19.70193266968389,0.0,0.0,0.0,-1.0,23.63664415794481,12515.05519216395,25.030110384327905,0.0,0.0,10.0,2.0,0.0,0.0073075930716836705,0.9166666666666666,0.0,0,27,22
0.0288562543531649,59.976724177940575,1.415595154559478,5,0.2529608621581994,0.9901929220926403,1.0,0.0,0.0,0.45,0.1575,0.029069736963043265,0.05,1,0.6708267447573547,526.2030441832829,0.1484440960442012,0.2980439800146035,22.940285016659,0.0,0.0,0.0,-1.0,25.023275822059425,12071.24781019812,24.14249562039624,0.0,0.0,11.0,1.0,0.0,0.0073075930716836705,0.9583333333333334,0.0,0,27,23
0.5957733348419649,59.64862951031131,1.5182570149642094,5,0.2447226035171792,0.9901929220926403,1.0,0.0,0.0,0.45,0.1575,0.029069736963043265,0.05,1,0.7327498540817396,554.05793700881,0.1525226746737958,0.2982514175257493,21.315109854065284,0.0,0.0,0.0,-1.0,25.35137048968869,11809.805792859568,23.61961158571914,0.0,0.0,12.0,0.0,0.0,0.0073075930716836705,1.0,0.0,0,27,24
0.0,56.41927318618569,0.0,10,0.7509420066614779,0.08504346668488963,1.0,0.33,0.0,0.45000000000000007,0.11250000000000002,0.052964916399420546,0.95,1,0.6603301927816899,1091.6721204653702,1.0,0.45258806895668346,30.24244255401832,0.0,0.0,0.0,-1.0,43.08072681381431,33014.83139099732,66.02966278199465,0.0,0.0,0.0,12.0,0.0,0.11776026150643949,0.041666666666666664,0.0,4,28,1
-8.389275422025214,64.8085486082109,4.194637711012604,8,0.7036453585039565,0.08504346668488963,1.0,0.33,0.0,0.45000000000000007,0.11250000000000002,0.052964916399420546,0.95,1,0.6189179968797772,1013.905349882412,1.0,0.36373736714850957,29.66012317488087,0.0,0.0,0.0,-1.0,34.6914513917891,30072.55756518303,60.14511513036606,0.0,0.0,0.0,12.0,0.0,0.11776026150643949,0.08333333333333333,0.0,4,28,2
-5.861850640871026,68.14297446792774,4.932246610758685,9,0.7175311972596841,0.08504346668488963,1.0,0.33,0.0,0.45000000000000007,0.11250000000000002,0.052964916399420546,0.95,1,0.5831147399454171,1008.001496922009,1.0,0.32813107162403937,31.300653696299893,0.0,0.0,0.0,-1.0,31.35702553207226,31551.105780507707,63.10221156101541,0.0,0.0,0.0,12.0,0.0,0.11776026150643949,0.125,0.0,4,28,3
-3.802282495506636,67.98207288463551,4.761426993186355,7,0.677631863100817,0.08504346668488963,1.0,0.33,0.0,0.45000000000000007,0.11250000000000002,0.052964916399420546,0.95,1,0.7098210083399689,1243.446364383316,0.0422901825557088,0.32916895159649595,23.646149994332628,0.0,0.0,0.0,-1.0,31.51792711536449,29402.71924211548,58.80543848423096,0.0,0.0,0.0,12.0,0.0,0.11776026150643949,0.16666666666666666,0.0,4,28,4
-2.8532321117382238,69.0986716066645,4.665067808970093,8,0.6963585787831146,0.08504346668488963,1.0,0.33,0.0,0.45000000000000007,0.11250000000000002,0.052964916399420546,0.95,1,0.6652781267486101,1034.9272005346163,0.0500622019569163,0.3168868106145721,29.342280008092345,0.0,0.0,0.0,-1.0,30.401328393335508,30367.12370607785,60.7342474121557,0.0,0.0,0.0,12.0,0.0,0.11776026150643949,0.20833333333333334,0.0,4,28,5
-2.734590703059954,73.01951462519168,5.141305750415964,8,0.6695130333562298,0.08504346668488963,1.0,0.33,0.0,0.45000000000000007,0.11250000000000002,0.052964916399420546,0.95,1,0.6465198549776496,1006.330673672822,0.0928273683309779,0.2754796918055482,29.58574129524169,0.0,0.0,0.0,-1.0,26.48048537480832,29773.0389687504,59.5460779375008,0.0,0.0,0.0,12.0,0.0,0.11776026150643949,0.25,0.0,4,28,6
-1.5930436861792192,72.8106105727013,2.870767479284261,8,0.6978713619215543,0.08504346668488963,1.0,0.33,0.0,0.45000000000000007,0.11250000000000002,0.052964916399420546,0.95,1,0.654283170822063,1007.9208712079372,0.5373988707181729,0.2771124145598828,30.146090953880027,0.0,0.0,0.0,-1.0,26.68938942729871,30384.87425774847,60.769748515496936,0.0,0.0,0.0,12.0,0.0,0.11776026150643949,0.2916666666666667,0.0,4,28,7
-0.8924289772716334,70.70868609228427,2.0548499838256733,5,0.5902996098769285,0.08504346668488963,1.0,0.33,0.0,0.45000000000000007,0.11250000000000002,0.052964916399420546,0.95,1,0.6855342749547961,980.7295825085062,0.1774139366839701,0.2983555845359143,24.856525977929365,0.0,0.0,0.0,-1.0,28.791313907715733,24377.530344946503,48.75506068989301,0.0,0.13345682492920502,0.0,12.0,0.0,0.11776026150643949,0.3333333333333333,0.0,4,28,8
-0.2174321269943339,68.57986989272209,1.9838591611758976,8,0.7139368351870822,0.08504346668488963,1.0,0.33,0.0,0.45000000000000007,0.11250000000000002,0.052964916399420546,0.95,1,0.7072796851532495,1089.263833795873,0.1365385341851717,0.3197944936757897,27.204960768123904,0.0,0.0,0.0,-1.0,30.92013010727792,29633.37986455297,59.26675972910594,0.0,0.0,0.0,12.0,0.0,0.11776026150643949,0.375,0.0,4,28,9
-0.0294291905370066,72.38884767598871,1.7692439308918608,4,0.5799225209330553,0.08504346668488963,1.0,0.33,0.0,0.45000000000000007,0.11250000000000002,0.052964916399420546,0.95,1,0.7367854784343851,1014.1916761114204,0.1873202882121422,0.27985705624785845,18.81168130722114,0.0,0.0,0.0,-1.0,27.11115232401129,19078.650595444484,47.6966264886112,1.0,0.32181503913213333,0.0,12.0,0.0,0.11776026150643949,0.4166666666666667,0.0,4,28,10
0.4903426041003222,70.26593737442943,1.5938523677744694,6,0.675369447309301,0.08504346668488963,1.0,0.33,0.0,0.45000000000000007,0.11250000000000002,0.052964916399420546,0.95,1,0.6644349223776704,1162.0549146357564,0.3195287052239742,0.30118802447464854,18.729978159841814,0.0,0.0,0.0,-1.0,29.234062625570573,21765.26317166456,54.413157929161386,1.0,0.22631456147749332,0.0,12.0,0.0,0.11776026150643949,0.4583333333333333,0.0,4,28,11
0.0426083077874863,72.01620609224847,1.4503888935385618,8,0.7492655446813783,0.08504346668488963,1.0,0.33,0.0,0.45000000000000007,0.11250000000000002,0.052964916399420546,0.95,1,0.7172267915037337,1294.0987140704344,0.2502064016019225,0.2826097059923036,18.635892648091797,0.0,0.0,0.0,-1.0,27.48379390775153,24116.684711450253,60.291711778625626,1.0,0.14272905227359844,0.0,12.0,0.0,0.11776026150643949,0.5,0.0,4,28,12
-0.1914513910807693,70.41162617044571,1.2480864363390325,3,0.5589865031948799,0.08504346668488963,1.0,0.33,0.0,0.45000000000000007,0.11250000000000002,0.052964916399420546,0.95,1,0.7740888852796036,1220.243086975076,0.2203343496570207,0.29853366342069826,17.985039168183913,0.0,0.0,0.0,-1.0,29.08837382955429,21946.119713952397,43.89223942790479,0.0,0.21988569029288962,1.0,11.0,0.0,0.11776026150643949,0.5416666666666666,0.0,4,28,13
-0.6315616609895731,73.83708067941109,1.701855699644928,5,0.6716497458235097,0.08504346668488963,1.0,0.33,0.0,0.45000000000000007,0.11250000000000002,0.052964916399420546,0.95,1,0.7724282534452083,1291.7102576784212,0.1930956452657073,0.2628724130149952,19.664526906669188,0.0,0.0,0.0,-1.0,25.662919320588905,25400.871117737905,50.80174223547581,0.0,0.09708033601149599,2.0,10.0,0.0,0.11776026150643949,0.5833333333333334,1.0,4,28,14
-0.0882720426429624,71.184981975861,1.2330033272229952,6,0.7060104354158385,0.08504346668488963,1.0,0.33,0.0,0.45000000000000007,0.11250000000000002,0.052964916399420546,0.95,1,0.7152787223191233,1139.6466234016486,0.1953332693641176,0.2894826123873634,23.142743352904635,0.0,0.0,0.0,-1.0,28.315018024138983,26374.54931838872,52.74909863677743,0.0,0.06246919257119737,3.0,9.0,0.0,0.11776026150643949,0.625,1.0,4,28,15
-0.6400486840718485,74.55992173097177,1.6385874475720537,6,0.7622382125433913,0.08504346668488963,1.0,0.33,0.0,0.45000000000000007,0.11250000000000002,0.052964916399420546,0.95,1,0.6510907116645134,876.4980114077515,0.1586187798516648,0.2544905945819207,31.06835169734352,0.0,0.0,0.0,-1.0,24.94007826902823,27231.34848043823,54.46269696087646,0.0,0.03201272484150823,4.0,8.0,0.0,0.11776026150643949,0.6666666666666666,1.0,4,28,16
-0.0383457003989516,70.32606839943553,1.6278184279696524,4,0.6461719823434651,0.08504346668488963,1.0,0.33,0.0,0.45000000000000007,0.11250000000000002,0.052964916399420546,0.95,1,0.7192743162685187,1115.266141640703,0.2637176978987542,0.29712470121516965,20.794897628798275,0.0,0.0,0.0,-1.0,29.17393160056447,23191.845244283253,46.38369048856651,0.0,0.17560413506375516,5.0,7.0,0.0,0.11776026150643949,0.7083333333333334,1.0,4,28,17
0.0928913603478555,71.19300606497393,1.659766921047035,4,0.6678303632453865,0.08504346668488963,1.0,0.33,0.0,0.45000000000000007,0.11250000000000002,0.052964916399420546,0.95,1,0.722391790749419,1164.2897136846216,0.2402066789349279,0.2877458087423236,20.21993920296689,0.0,0.0,0.0,-1.0,28.30699393502608,23541.867225342776,47.08373445068555,0.0,0.16316197400313875,6.0,6.0,0.0,0.11776026150643949,0.75,0.0,4,28,18
0.7271731000638992,69.58882519180331,1.806160842669535,5,0.7190330013037237,0.08504346668488963,1.0,0.33,0.0,0.45000000000000007,0.11250000000000002,0.052964916399420546,0.95,1,0.704201777755509,919.037617065864,0.1687285723655538,0.3034741895568465,26.83604121773336,0.0,0.0,0.0,-1.0,29.911174808196687,24663.33137222697,49.32666274445394,0.0,0.12329751321412592,7.0,5.0,0.0,0.11776026150643949,0.7916666666666666,0.0,4,28,19
0.5652529285716421,70.03748186625293,1.6321994569815044,5,0.6965467201778108,0.08504346668488963,1.0,0.33,0.0,0.45000000000000007,0.11250000000000002,0.052964916399420546,0.95,1,0.6887215034839387,1068.7048347945358,0.1925391899515442,0.2983546140126285,23.16386705586659,0.0,0.0,0.0,-1.0,29.462518133747068,24755.336715142494,49.51067343028499,0.0,0.12002701776830557,8.0,4.0,0.0,0.11776026150643949,0.8333333333333334,0.0,4,28,20
0.4648690279616957,71.79982662978358,1.650479055770989,4,0.7138177104290468,0.08504346668488963,1.0,0.33,0.0,0.45000000000000007,0.11250000000000002,0.052964916399420546,0.95,1,0.8021132247221193,970.8883159496248,0.2033478504197035,0.27997648384299595,24.528132947458115,0.0,0.0,0.0,-1.0,27.70017337021641,23814.07769074612,47.62815538149224,0.0,0.15348576326151167,9.0,3.0,0.0,0.11776026150643949,0.875,0.0,4,28,21
-0.060719078096525,70.2972782723355,0.7388637205097681,3,0.6386577784482624,0.08504346668488963,1.0,0.33,0.0,0.45000000000000007,0.11250000000000002,0.052964916399420546,0.95,1,0.8237622679400205,886.8394937439292,0.2139585390736177,0.2946050111239798,24.833546606233654,0.0,0.0,0.0,-1.0,29.2027217276645,22023.369900138525,44.046739800277045,0.0,0.2171396934398321,10.0,2.0,0.0,0.11776026150643949,0.9166666666666666,0.0,4,28,22
0.0801656828392819,69.85430548407352,0.7813690389967926,5,0.7419457994956226,0.08504346668488963,1.0,0.33,0.0,0.45000000000000007,0.11250000000000002,0.052964916399420546,0.95,1,0.7853796881129991,1055.5885936917032,0.2053303208342765,0.2985091958809463,23.95787467982136,0.0,0.0,0.0,-1.0,29.64569451592648,25289.65924111469,50.57931848222939,0.0,0.10103356225349062,11.0,1.0,0.0,0.11776026150643949,0.9583333333333334,0.0,4,28,23
-0.5001773956395243,73.50048246207727,1.3829199297654051,5,0.7218728740254792,0.08504346668488963,1.0,0.33,0.0,0.45000000000000007,0.11250000000000002,0.052964916399420546,0.95,1,0.7173065270219015,907.4502517720535,0.1757146609589455,0.2613016837982184,27.420699724539443,0.0,0.0,0.0,-1.0,25.99951753792273,24882.9208687992,49.76584173759841,0.0,0.11549180948288873,12.0,0.0,0.0,0.11776026150643949,1.0,0.0,4,28,24
0.0,54.10380421256444,0.0,5,0.2701727888265164,0.2697646514000748,0.0,0.0,0.0,0.55,0.1375,0.04064573710349478,0.05,1,0.7718452879470955,675.3456278413414,1.0,0.5061492825245416,17.58807050726821,0.0,0.0,0.0,-1.0,30.89619578743556,11878.02651924883,23.756053038497654,0.0,0.0,0.0,12.0,0.0,0.0,0.041666666666666664,0.0,0,29,1
-6.589162771203835,60.69296698376828,3.294581385601917,4,0.3033776453176203,0.2697646514000748,0.0,0.0,0.0,0.55,0.1375,0.04064573710349478,0.05,1,0.7850831802951325,658.378694849424,1.0,0.3915226794560814,19.69356519915441,0.0,0.0,0.0,-1.0,24.30703301623172,12965.823752751316,25.931647505502635,0.0,0.0,0.0,12.0,0.0,0.0,0.08333333333333333,0.0,0,29,2
-5.500613322336864,65.10503085723818,4.520451812921112,4,0.284639386683401,0.2697646514000748,0.0,0.0,0.0,0.55,0.1375,0.04064573710349478,0.05,1,0.7214064386296055,661.2839762583154,1.0,0.3151678280041478,18.926956848512,0.0,0.0,0.0,-1.0,19.894969142761827,12516.09328325357,25.03218656650714,0.0,0.0,0.0,12.0,0.0,0.0,0.125,0.0,0,29,3
-3.5808873248277284,64.56940733750021,4.392841424380688,5,0.2629745772020477,0.2697646514000748,0.0,0.0,0.0,0.55,0.1375,0.04064573710349478,0.05,1,0.6534669393770134,773.3450392766916,0.0677744279147838,0.31839884668830837,14.75482760632594,0.0,0.0,0.0,-1.0,20.430592662499787,11410.57273473495,22.821145469469897,0.0,0.0,0.0,12.0,0.0,0.0,0.16666666666666666,0.0,0,29,4
-2.3521825699758443,63.9264968855777,4.086544631455734,4,0.2816245416781786,0.2697646514000748,0.0,0.0,0.0,0.55,0.1375,0.04064573710349478,0.05,1,0.7141871652855702,655.8668140613603,0.0774805196898382,0.32317193274513434,18.72516139218628,0.0,0.0,0.0,-1.0,21.0735031144223,12281.211945078,24.562423890156005,0.0,0.0,0.0,12.0,0.0,0.0,0.20833333333333334,0.0,0,29,5
-2.165791837950653,67.43135384108098,4.3024933044509215,5,0.2441785937418592,0.2697646514000748,0.0,0.0,0.0,0.55,0.1375,0.04064573710349478,0.05,1,0.7107507957329077,686.8059310482083,0.1656843150548619,0.2651871118327401,15.810211559512409,0.0,0.0,0.0,-1.0,17.56864615891903,10858.547070200064,21.71709414040013,0.0,0.041734343108793044,0.0,12.0,0.0,0.0,0.25,0.0,0,29,6
-1.066214131494717,66.88925420431013,2.2007656409307157,4,0.2964715874143193,0.2697646514000748,0.0,0.0,0.0,0.55,0.1375,0.04064573710349478,0.05,1,0.8117007417703339,724.9181611357177,0.5418380818090266,0.2691380180164438,17.806401646136052,0.0,0.0,0.0,-1.0,18.110745795689866,12908.183937760965,25.81636787552193,0.0,0.0,0.0,12.0,0.0,0.0,0.2916666666666667,0.0,0,29,7
-0.2586481888304853,64.82268866786498,1.2653008882420047,5,0.2866875688908295,0.2697646514000748,0.0,0.0,0.0,0.55,0.1375,0.04064573710349478,0.05,1,0.6991817674387237,714.0998296594125,0.2305063227662046,0.2952777268117321,16.57933633375936,0.0,0.0,0.0,-1.0,20.177311332135023,11839.301251803668,23.678602503607344,0.0,0.0,0.0,12.0,0.0,0.0,0.3333333333333333,0.0,0,29,8
-0.195983677455394,65.51199793766978,1.2554649912909808,6,0.2227789952275236,0.2697646514000748,0.0,0.0,0.0,0.55,0.1375,0.04064573710349478,0.05,1,0.631113594278696,652.3602159167568,0.2256300542409949,0.28090813783539054,14.17451381482728,0.0,0.0,0.0,-1.0,19.488002062330217,9246.888892755776,18.49377778551155,0.0,0.18396301072963347,0.0,12.0,0.0,0.0,0.375,0.0,0,29,9
-0.235346564397966,67.13884948569921,1.2940338258108683,4,0.2950201296014796,0.2697646514000748,0.0,0.0,0.0,0.55,0.1375,0.04064573710349478,0.05,1,0.7055530272907953,773.5795856748097,0.239594861332276,0.2536494747593011,12.546550206748972,0.0,0.0,0.0,-1.0,17.86115051430079,9705.755110585069,24.264387776462677,1.0,0.14346811442254687,0.0,12.0,0.0,0.0,0.4166666666666667,0.0,0,29,10
-0.0548196450159282,67.52747233339807,1.0210328699076934,6,0.2401266894034702,0.2697646514000748,0.0,0.0,0.0,0.55,0.1375,0.04064573710349478,0.05,1,0.7401071582953674,713.6262151884474,0.3976377433797929,0.24451350670463348,10.844065961583096,0.0,0.0,0.0,-1.0,17.472527666601934,7738.609749418417,19.34652437354604,1.0,0.31706848927307657,0.0,12.0,0.0,0.0,0.4583333333333333,0.0,0,29,11
-0.2206126962827941,66.48530256936397,0.9434067540155804,5,0.2739316928957823,0.2697646514000748,0.0,0.0,0.0,0.55,0.1375,0.04064573710349478,0.05,1,0.7792430534144583,198.41262449475295,0.0782392639701429,0.25537513697429,44.43803263291895,0.0,0.0,0.0,-1.0,18.514697430636023,8817.066682080926,22.042666705202315,1.0,0.2218947764065656,0.0,12.0,0.0,0.0,0.5,0.0,0,29,12
0.215686568893842,62.65117533705181,1.6394279258910407,5,0.2866431631088041,0.2697646514000748,0.0,0.0,0.0,0.55,0.1375,0.04064573710349478,0.05,1,0.6858531159312556,706.0413033759801,0.2630636190204543,0.3038933665216752,15.939250705489124,0.0,0.0,0.0,-1.0,22.3488246629482,11253.76934294005,22.507538685880096,0.0,0.006856018379272821,1.0,11.0,0.0,0.0,0.5416666666666666,0.0,0,29,13
0.863289225303748,62.37001180253881,2.057173513561767,6,0.2262975308943374,0.2697646514000748,0.0,0.0,0.0,0.55,0.1375,0.04064573710349478,0.05,1,0.6157152161226255,161.78236685287888,0.0767462781809918,0.3034188361670774,52.899843454236944,0.0,0.0,0.0,-1.0,22.629988197461184,8558.261880173224,17.116523760346446,0.0,0.24473427343166002,2.0,10.0,0.0,0.0,0.5833333333333334,1.0,0,29,14
1.298800646486698,61.90854672527032,2.3995237298845447,5,0.3124242706937792,0.2697646514000748,0.0,0.0,0.0,0.55,0.1375,0.04064573710349478,0.05,1,0.7274867334370961,600.8673053745413,0.3694483917805984,0.3053415309055164,19.42406478831989,0.0,0.0,0.0,-1.0,23.09145327472968,11671.285468778284,23.34257093755657,0.0,0.0,3.0,9.0,0.0,0.0,0.625,1.0,0,29,15
1.021169697810269,63.18157066208498,2.165541381507974,5,0.3070997171166019,0.2697646514000748,0.0,0.0,0.0,0.55,0.1375,0.04064573710349478,0.05,1,0.6964729823221056,192.86855339080424,0.0743567519261946,0.2845882087554133,56.884824711582255,0.0,0.0,0.0,-1.0,21.81842933791502,10971.293852012344,21.94258770402469,0.0,0.03178445126440249,4.0,8.0,0.0,0.0,0.6666666666666666,1.0,0,29,16
0.113933091000969,65.461826752791,1.6933979321759838,5,0.3094349177986039,0.2697646514000748,0.0,0.0,0.0,0.55,0.1375,0.04064573710349478,0.05,1,0.7330242922272187,156.24059756491656,0.0810765029891727,0.25142957529920423,71.08248618305227,0.0,0.0,0.0,-1.0,19.538173247209,11105.97011764001,22.21194023528002,0.0,0.019899284739359077,5.0,7.0,0.0,0.0,0.7083333333333334,1.0,0,29,17
-0.3364203678447873,62.89642415445108,1.138520516302152,5,0.3020739578263275,0.2697646514000748,0.0,0.0,0.0,0.55,0.1375,0.04064573710349478,0.05,1,0.6936515819493038,684.6617404169848,0.3674920056738654,0.2806803281974466,15.552921194852177,0.0,0.0,0.0,-1.0,22.103575845548917,10648.4900938357,21.2969801876714,0.0,0.06027184956698154,6.0,6.0,0.0,0.0,0.75,0.0,0,29,18
-0.0804071443832259,61.88408413757174,1.2194914121018867,5,0.3126753333416974,0.2697646514000748,0.0,0.0,0.0,0.55,0.1375,0.04064573710349478,0.05,1,0.7034781481328335,704.7974692537961,0.3770070166737189,0.2897033841766466,15.21711070229839,0.0,0.0,0.0,-1.0,23.11591586242826,10724.98111233476,21.449962224669523,0.0,0.05352152508854015,7.0,5.0,0.0,0.0,0.7916666666666666,0.0,0,29,19
-0.0032004629943648,63.222522400606806,1.192966097549052,5,0.3292597523214523,0.2697646514000748,0.0,0.0,0.0,0.55,0.1375,0.04064573710349478,0.05,1,0.7399184454613137,563.4976760947519,0.1749844033668618,0.2694120940131117,20.766585958919144,0.0,0.0,0.0,-1.0,21.7774775993932,11701.922928272845,23.403845856545683,0.0,0.0,8.0,4.0,0.0,0.0,0.8333333333333334,0.0,0,29,20
0.5296435639197591,61.02011632933306,1.3723749791227189,4,0.3714346507634157,0.2697646514000748,0.0,0.0,0.0,0.55,0.1375,0.04064573710349478,0.05,1,0.721453078268809,720.3771706397729,0.1896742726674734,0.2928840753669244,17.201603074513763,0.0,0.0,0.0,-1.0,23.979883670666936,12391.642153286642,24.78328430657328,0.0,0.0,9.0,3.0,0.0,0.0,0.875,0.0,0,29,21
0.2102495608465286,64.84817686932911,1.5494937522940508,5,0.3401397597510766,0.2697646514000748,0.0,0.0,0.0,0.55,0.1375,0.04064573710349478,0.05,1,0.7279544079465662,748.1747085268382,0.2580139097233108,0.24303706288246307,15.6772521931095,0.0,0.0,0.0,-1.0,20.1518231306709,11729.323590081436,23.458647180162878,0.0,0.0,10.0,2.0,0.0,0.0,0.9166666666666666,0.0,0,29,22
-0.1340060010498308,62.49649173700024,1.1867831691385409,4,0.3675694096738137,0.2697646514000748,0.0,0.0,0.0,0.55,0.1375,0.04064573710349478,0.05,1,0.7264939827720552,780.863571188971,0.3002800736951109,0.2680318602044636,16.04482539660013,0.0,0.0,0.0,-1.0,22.50350826299976,12528.819658292678,25.05763931658536,0.0,0.0,11.0,1.0,0.0,0.0,0.9583333333333334,0.0,0,29,23
0.2425669301774481,59.85612191649434,1.5879380222876625,4,0.3624353658060423,0.2697646514000748,0.0,0.0,0.0,0.55,0.1375,0.04064573710349478,0.05,1,0.7597484130126494,650.2814386261603,0.2087700720960848,0.2958103303941843,19.211879181520352,0.0,0.0,0.0,-1.0,25.143878083505665,12493.128432871032,24.986256865742064,0.0,0.0,12.0,0.0,0.0,0.0,1.0,0.0,0,29,24
0.0,-2.679925387368753,0.0,2,0.47173213848648,1.0,0.0,0.67,0.0,0.5499999999999999,0.21999999999999997,0.014938929093918285,0.95,5,0.7500990403228629,955.130021038592,1.0,0.5266234551338573,23.16137711377148,0.0,0.0,0.0,-1.0,7.679925387368753,22122.126609959312,44.24425321991863,0.0,0.0,0.0,12.0,0.0,0.00012465435185129973,0.041666666666666664,0.0,4,30,1
-2.270384006921172,-0.4095413804475818,1.1351920034605856,1,0.4731520068817408,1.0,0.0,0.67,0.0,0.5499999999999999,0.21999999999999997,0.014938929093918285,0.95,5,0.8934610427251062,942.0089639791582,1.0,0.3818499797962999,22.89764997594933,0.0,0.0,0.0,-1.0,5.409541380447582,21569.79153140143,43.139583062802856,0.0,0.0,0.0,12.0,0.0,0.00012465435185129973,0.08333333333333333,0.0,4,30,2
-1.7080197566858144,0.7361141260028736,1.4195655061109342,2,0.4754266253591673,1.0,0.0,0.67,0.0,0.5499999999999999,0.21999999999999997,0.014938929093918285,0.95,5,0.8349985171854268,1112.5223563486609,1.0,0.31010079083615466,20.043671338532423,0.0,0.0,0.0,-1.0,4.263885873997126,22299.03246742221,44.598064934844416,0.0,0.0,0.0,12.0,0.0,0.00012465435185129973,0.125,0.0,4,30,3
-1.2999936704247752,1.2715016785636748,1.5178689314778275,1,0.4498201686543556,1.0,0.0,0.67,0.0,0.5499999999999999,0.21999999999999997,0.014938929093918285,0.95,5,0.7726222571816614,1013.7988535107024,0.0486956839419539,0.2796373741077244,20.535700888645817,0.0,0.0,0.0,-1.0,3.728498321436325,20819.07001694784,41.63814003389569,0.0,0.007325088566757231,0.0,12.0,0.0,0.00012465435185129973,0.16666666666666666,0.0,4,30,4
-0.9657534502049548,1.3083203341503933,1.497314206892719,2,0.4753578844596389,1.0,0.0,0.67,0.0,0.5499999999999999,0.21999999999999997,0.014938929093918285,0.95,5,0.8345161024605837,955.1014603235574,0.0632518391213898,0.2858074580012599,23.151047422165604,0.0,0.0,0.0,-1.0,3.691679665849607,22111.599200930297,44.2231984018606,0.0,0.0,0.0,12.0,0.0,0.00012465435185129973,0.20833333333333334,0.0,4,30,5
-0.7491121440181873,1.426065081487618,1.460509240142802,2,0.4981726744131851,1.0,0.0,0.67,0.0,0.5499999999999999,0.21999999999999997,0.014938929093918285,0.95,5,0.8385555275235681,1008.0580040103029,0.1150932170527537,0.2859147934809906,23.44159905236527,0.0,0.0,0.0,-1.0,3.573934918512382,23630.49155153714,47.26098310307429,0.0,0.0,0.0,12.0,0.0,0.00012465435185129973,0.25,0.0,4,30,6
-0.3348142641586861,1.512824164255035,0.6665518007052713,2,0.4738010338696574,1.0,0.0,0.67,0.0,0.5499999999999999,0.21999999999999997,0.014938929093918285,0.95,5,0.7595118257162214,1008.597345196615,0.6056594353266842,0.28859386226854883,21.816695672033585,0.0,0.0,0.0,-1.0,3.487175835744965,22004.26133577555,44.00852267155111,0.0,0.0,0.0,12.0,0.0,0.00012465435185129973,0.2916666666666667,0.0,4,30,7
-0.1533524054897562,1.6412385235489082,0.2872109779287577,1,0.4752348742585311,1.0,0.0,0.67,0.0,0.5499999999999999,0.21999999999999997,0.014938929093918285,0.95,5,0.9003630574646976,1111.9856042168667,0.2032579928749429,0.28789384083866504,18.825870688896284,0.0,0.0,0.0,-1.0,3.358761476451092,20934.097192900936,41.86819438580187,0.0,0.001840473182462814,0.0,12.0,0.0,0.00012465435185129973,0.3333333333333333,0.0,4,30,8
-0.0522299630679857,1.4200086898469864,0.1235074387570197,1,0.4512731960119491,1.0,0.0,0.67,0.0,0.5499999999999999,0.21999999999999997,0.014938929093918285,0.6575075175039022,5,0.908154353958716,948.7041075262994,0.1541648625925681,0.318221449791379,21.06002488028861,0.0,0.0,0.0,-1.0,3.5799913101530136,19979.732108535867,39.95946421707174,0.0,0.04734559299933552,0.0,12.0,0.0,0.00012465435185129973,0.375,0.0,3,30,9
-0.0665601584492604,1.752192406420822,0.1481591551437806,1,0.4960229306862468,1.0,0.0,0.67,0.0,0.5499999999999999,0.21999999999999997,0.014938929093918285,0.95,5,0.8705615718210256,1093.4136406727712,0.1956744797232641,0.2997976240226934,15.91928910390131,0.0,0.0,0.0,-1.0,3.247807593579178,17406.367856019107,43.51591964004777,1.0,0.17004627700553926,0.0,12.0,0.0,0.00012465435185129973,0.4166666666666667,0.0,4,30,10
-0.0461193662017937,1.6495256663410869,0.1231680326140713,1,0.4887238873756619,1.0,0.0,0.67,0.0,0.5499999999999999,0.21999999999999997,0.014938929093918285,0.95,5,0.8100429205875388,1113.3053851210827,0.3594340326480097,0.3216455360312557,15.090391017059028,0.0,0.0,0.0,-1.0,3.350474333658913,16800.21358287463,42.00053395718657,1.0,0.1989483431842278,0.0,12.0,0.0,0.00012465435185129973,0.4583333333333333,0.0,4,30,11
-0.0755452681251704,1.970232012141155,0.1753230517332546,1,0.4677278679556016,1.0,0.0,0.67,0.0,0.5499999999999999,0.21999999999999997,0.014938929093918285,0.6882005791064276,5,0.8495843350845864,1113.9450974530496,0.2934050399937853,0.3029767987858845,14.415842460908692,0.0,0.0,0.0,-1.0,3.029767987858845,16058.457034984744,40.14614258746186,1.0,0.23431606685690928,0.0,12.0,0.0,0.00012465435185129973,0.5,0.0,3,30,12
-0.0392732859159987,1.6065508796003471,0.1656289634815227,1,0.4802423328744735,1.0,0.0,0.67,0.0,0.5499999999999999,0.21999999999999997,0.014938929093918285,0.700854319761955,5,0.8183213254565621,1062.2754930663264,0.186747178191866,0.3540990386503986,18.93251995713234,0.0,0.0,0.0,-1.0,3.393449120399653,20111.55197245082,40.22310394490164,0.0,0.04106028478766252,1.0,11.0,0.0,0.00012465435185129973,0.5416666666666666,0.0,3,30,13
-0.0233887930031046,1.606973887800991,0.1672187522970546,1,0.498900446750352,1.0,0.0,0.67,0.0,0.5499999999999999,0.21999999999999997,0.014938929093918285,0.7054667107234165,5,0.8932623807333927,1086.3153161833625,0.1928694610838183,0.37014830314898284,18.52646114043394,0.0,0.0,0.0,-1.0,3.393026112199009,20125.57849152927,40.251156983058536,0.0,0.040391485769618755,2.0,10.0,0.0,0.00012465435185129973,0.5833333333333334,1.0,3,30,14
-0.0455403018485185,2.169241812992671,0.20999461274337,0,0.4546143345852584,1.0,0.0,0.67,1.0,0.5499999999999999,0.21999999999999997,0.014938929093918285,0.4531076696128293,5,0.9040386006821496,1053.6092018520058,0.2592543068305731,0.3235152213722662,17.193576332106858,0.0,0.0,0.0,-1.0,2.830758187007329,18115.310236252644,36.230620472505294,0.0,0.13624316697532615,3.0,9.0,0.0,0.00012465435185129973,0.625,1.0,2,30,15
-0.0691614772798299,2.0141655251488606,0.2238614713373891,1,0.4568378825698831,1.0,0.0,0.67,0.0,0.5499999999999999,0.21999999999999997,0.014938929093918285,0.1371042678460517,5,0.8693501710917431,999.6314222265434,0.2696365435769015,0.35830013698213675,17.415236042150543,0.0,0.0,0.0,-1.0,2.9858344748511394,17408.817173225903,34.81763434645181,0.0,0.16992949101368904,4.0,8.0,0.0,0.00012465435185129973,0.6666666666666666,1.0,1,30,16
-0.0739619059718973,2.1309429815769936,0.2288247651241459,0,0.4986221169560676,1.0,0.0,0.67,1.0,0.5499999999999999,0.21999999999999997,0.014938929093918285,0.5043466404320079,5,0.930637617225949,780.9191865122617,0.1700383601042038,0.36240720232711665,24.444510765171323,0.0,0.0,0.0,-1.0,2.8690570184230064,19089.187461427813,38.17837492285563,0.0,0.0898076879908839,5.0,7.0,0.0,0.00012465435185129973,0.7083333333333334,1.0,2,30,17
-0.1182884687179099,2.1512039619288785,0.2452749641780754,1,0.4661643398664478,1.0,0.0,0.67,0.0,0.5499999999999999,0.21999999999999997,0.014938929093918285,0.176430332084639,5,0.7997346029585126,975.7083628854292,0.238927188892659,0.3798394717428161,17.964804271404766,0.0,0.0,0.0,-1.0,2.848796038071121,17528.409765209508,35.05681953041902,0.0,0.1642271918447658,6.0,6.0,0.0,0.00012465435185129973,0.75,0.0,1,30,18
-0.1358853153403482,2.545638314536078,0.276090127414583,1,0.4822706830545846,1.0,0.0,0.67,0.0,0.5499999999999999,0.21999999999999997,0.014938929093918285,0.2147803113605797,5,0.8240149260758847,933.4901737117286,0.2338801214118533,0.346498120300789,18.902217215914384,0.0,0.0,0.0,-1.0,2.454361685463922,17645.034032420746,35.290068064841485,0.0,0.15866642548821672,7.0,5.0,0.0,0.00012465435185129973,0.7916666666666666,0.0,1,30,19
-0.1531808599724151,2.918571963096872,0.3134970942263123,1,0.4627308088426546,1.0,0.0,0.67,0.0,0.5499999999999999,0.21999999999999997,0.014938929093918285,0.180854353464687,5,0.8012201368859841,812.522327933326,0.2161593918086347,0.3122142055354693,21.589392487567075,0.0,0.0,0.0,-1.0,2.0814280369031284,17541.86344266426,35.08372688532852,0.0,0.16358570651112814,8.0,4.0,0.0,0.00012465435185129973,0.8333333333333334,0.0,1,30,20
-0.2479107244553959,3.1980763369032665,0.4393569428744533,1,0.4954585438569565,1.0,0.0,0.67,0.0,0.5499999999999999,0.21999999999999997,0.014938929093918285,0.2102395040235125,5,0.8963651834604742,824.8730071898627,0.2037171638518463,0.28830778609547725,21.374472251074813,0.0,0.0,0.0,-1.0,1.8019236630967328,17631.225202840356,35.26245040568071,0.0,0.15932484484458334,9.0,3.0,0.0,0.00012465435185129973,0.875,0.0,1,30,21
-0.269916725464434,3.317649905131243,0.470023627875711,1,0.4705677172100537,1.0,0.0,0.67,0.0,0.5499999999999999,0.21999999999999997,0.014938929093918285,0.1042081900665819,5,0.9143577307826516,840.1697639939684,0.222743861811015,0.2884028734060727,20.601525124875167,0.0,0.0,0.0,-1.0,1.6823500948687569,17308.77850208218,34.61755700416436,0.0,0.17469943889976922,10.0,2.0,0.0,0.00012465435185129973,0.9166666666666666,0.0,1,30,22
-0.2218378499185439,3.184961082240309,0.4143113231429376,1,0.4781919545115251,1.0,0.0,0.67,0.0,0.5499999999999999,0.21999999999999997,0.014938929093918285,0.129628995913602,5,0.8853883096940891,866.4209257354074,0.2326450850500604,0.3350841078940968,20.06655653028041,0.0,0.0,0.0,-1.0,1.8150389177596908,17386.08448528744,34.77216897057488,0.0,0.1710134092178924,11.0,1.0,0.0,0.00012465435185129973,0.9583333333333334,0.0,1,30,23
-0.1582243182466374,3.469460357130884,0.3002071662602621,1,0.4666132282840227,1.0,0.0,0.67,0.0,0.5499999999999999,0.21999999999999997,0.014938929093918285,0.05,5,0.8232596875925972,807.5755173369174,0.2142508998940834,0.3061079285738233,21.24434090696839,0.0,0.0,0.0,-1.0,1.5305396428691165,17156.409598426835,34.312819196853674,0.0,0.18196454669844234,12.0,0.0,0.0,0.00012465435185129973,1.0,0.0,0,30,24
0.0,51.671972788013136,0.0,8,0.7195385824885653,0.3125505935168335,1.0,0.33,0.0,0.44999999999999996,0.17999999999999997,0.12921908125520246,0.95,4,0.7321696365633569,2298.861958308229,1.0,0.5459881591042217,14.678193244273386,0.0,0.0,0.0,-1.0,33.328027211986864,33743.14006595694,67.48628013191389,0.0,0.0,0.0,12.0,0.0,0.12614129056013693,0.041666666666666664,0.0,4,31,1
-13.326650943241432,64.99862373125457,6.663325471620714,7,0.7051467656061831,0.3125505935168335,1.0,0.33,0.0,0.44999999999999996,0.17999999999999997,0.12921908125520246,0.95,4,0.728058854562972,1906.372857129196,1.0,0.3221698190938862,16.862304732820466,0.0,0.0,0.0,-1.0,20.001376268745435,32145.84005129011,64.29168010258023,0.0,0.008546760999344778,0.0,12.0,0.0,0.12614129056013693,0.08333333333333333,0.0,4,31,2
-6.94766165018321,65.56729608837955,6.420479587784887,9,0.7641906924589419,0.3125505935168335,1.0,0.33,0.0,0.44999999999999996,0.17999999999999997,0.12921908125520246,0.95,4,0.5926697582283611,2330.285104525911,1.0,0.30784481444151207,15.381376566771308,0.0,0.0,0.0,-1.0,19.43270391162045,35842.99270065107,71.68598540130215,0.0,0.0,0.0,12.0,0.0,0.12614129056013693,0.125,0.0,4,31,3
-4.540275420177397,66.61666673622945,6.113847716264855,8,0.7257687973220763,0.3125505935168335,1.0,0.33,0.0,0.44999999999999996,0.17999999999999997,0.12921908125520246,0.95,4,0.6536679283747852,1915.245557318523,0.0570169220535596,0.2864935054094112,17.538652806628807,0.0,0.0,0.0,-1.0,18.383333263770552,33590.82686924787,67.18165373849573,0.0,0.0,0.0,12.0,0.0,0.12614129056013693,0.16666666666666666,0.0,4,31,4
-3.517308860914002,68.4494955900957,6.010411852439503,7,0.7104387262016232,0.3125505935168335,1.0,0.33,0.0,0.44999999999999996,0.17999999999999997,0.12921908125520246,0.95,4,0.6825458569079752,2058.5460976847844,0.0908485307606812,0.2538096522924621,16.053342893806565,0.0,0.0,0.0,-1.0,16.5505044099043,33046.54636884127,66.09309273768254,0.0,0.0,0.0,12.0,0.0,0.12614129056013693,0.20833333333333334,0.0,4,31,5
-2.7125399289748304,68.37935504596231,5.7848266501162655,8,0.7066917532981752,0.3125505935168335,1.0,0.33,0.0,0.44999999999999996,0.17999999999999997,0.12921908125520246,0.95,4,0.6949356170473663,2117.7362001745755,0.1651122337854557,0.2508776596835878,15.82891024780942,0.0,0.0,0.0,-1.0,16.62064495403769,33521.45624110032,67.04291248220063,0.0,0.0,0.0,12.0,0.0,0.12614129056013693,0.25,0.0,4,31,6
-0.7504019954324707,68.19763655395897,1.3925873806986926,6,0.6375616838673149,0.3125505935168335,1.0,0.33,0.0,0.44999999999999996,0.17999999999999997,0.12921908125520246,0.95,4,0.7850402435673282,2319.233496320669,0.7507915123078166,0.2496945651424053,12.766990180010152,0.0,0.0,0.0,-1.0,16.802363446041024,29609.6312726766,59.2192625453532,0.0,0.08676939896202397,0.0,12.0,0.0,0.12614129056013693,0.2916666666666667,0.0,4,31,7
-0.1845708164839345,65.92473802195606,1.1957556203612625,7,0.7250522442396383,0.3125505935168335,1.0,0.33,0.0,0.44999999999999996,0.17999999999999997,0.12921908125520246,0.95,4,0.7588830298430779,2193.083756532065,0.2046155419240868,0.2791501752884479,14.563307380099388,0.0,0.0,0.0,-1.0,19.075261978043937,31938.55285667951,63.87710571335902,0.0,0.014939985135722244,0.0,12.0,0.0,0.12614129056013693,0.3333333333333333,0.0,4,31,8
0.6852730460943782,63.37095365285326,1.8130741136619584,9,0.8068066517799941,0.3125505935168335,1.0,0.33,0.0,0.44999999999999996,0.17999999999999997,0.12921908125520246,0.95,4,0.7007521801922256,1773.4107686958314,0.1329204084602436,0.31177003743634946,20.142355229348173,0.0,0.0,0.0,-1.0,21.629046347146744,35720.66967062284,71.44133934124568,0.0,0.0,0.0,12.0,0.0,0.12614129056013693,0.375,0.0,4,31,9
0.8285252237266875,66.1094395662749,1.832452118379137,7,0.7246236006629265,0.3125505935168335,1.0,0.33,0.0,0.44999999999999996,0.17999999999999997,0.12921908125520246,0.95,4,0.731630393217715,1900.2677615949328,0.2059954315274864,0.26826831385171734,13.381477789797636,0.0,0.0,0.0,-1.0,18.890560433725096,25428.39084645106,63.57097711612766,1.0,0.21572867820336458,0.0,12.0,0.0,0.12614129056013693,0.4166666666666667,0.0,4,31,10
0.9605012963119346,63.41952103820978,2.000819121226326,5,0.6395677092013978,0.3125505935168335,1.0,0.33,0.0,0.44999999999999996,0.17999999999999997,0.12921908125520246,0.95,4,0.7377878110101049,2372.0156175132392,0.5954926556928829,0.3020008717684929,9.268729782245334,0.0,0.0,0.0,-1.0,21.58047896179022,21985.571797996017,54.96392949499004,1.0,0.3219133071145296,0.0,12.0,0.0,0.12614129056013693,0.4583333333333333,0.0,4,31,11
1.0706384898334935,61.65860013268797,2.1732282411224286,6,0.7029918030506823,0.3125505935168335,1.0,0.33,0.0,0.44999999999999996,0.17999999999999997,0.12921908125520246,0.95,4,0.7711165391374983,2050.0844642748225,0.2727064451824155,0.32195034299740727,11.77305232060574,0.0,0.0,0.0,-1.0,23.341399867312028,24135.75165956848,60.3393791489212,1.0,0.25559670799039375,0.0,12.0,0.0,0.12614129056013693,0.5,0.0,4,31,12
0.672819634114769,62.78039640086489,1.6210194478272122,3,0.5995115155269797,0.3125505935168335,1.0,0.33,0.0,0.44999999999999996,0.17999999999999997,0.12921908125520246,0.95,4,0.8404304496834185,2180.76079239671,0.2425848488167108,0.3021362529060866,11.512632582283205,0.0,0.0,0.0,-1.0,22.21960359913512,25106.297752712097,50.21259550542419,0.0,0.22566278602377668,1.0,11.0,0.0,0.12614129056013693,0.5416666666666666,0.0,4,31,13
0.0196225512298848,65.58320587459446,1.552679339485502,0,0.4649392560815109,0.3125505935168335,1.0,0.33,1.0,0.44999999999999996,0.17999999999999997,0.12921908125520246,0.5094100826858862,4,0.8837258516269908,1884.6256164403128,0.271385133111413,0.2603369044747113,9.951890899245573,0.0,0.0,0.0,-1.0,19.416794125405552,18755.588520737427,37.51117704147485,0.0,0.42153358075013675,2.0,10.0,0.0,0.12614129056013693,0.5833333333333334,1.0,2,31,14
0.0769810163949719,64.04800229604392,1.540473107702825,0,0.4752523402299066,0.3125505935168335,1.0,0.33,1.0,0.44999999999999996,0.17999999999999997,0.12921908125520246,0.5192104242830131,4,0.8892968801345381,2076.984863146265,0.4182457483840193,0.2770512093085102,9.11787393228324,0.0,0.0,0.0,-1.0,20.95199770395608,18937.686141428203,37.8753722828564,0.0,0.41591726226039993,3.0,9.0,0.0,0.12614129056013693,0.625,1.0,2,31,15
-0.6263642542612976,65.80986762527938,1.4724835262498923,1,0.4412458635037401,0.3125505935168335,1.0,0.33,0.0,0.44999999999999996,0.17999999999999997,0.12921908125520246,0.05,4,0.8245279020437056,1763.2783240180552,0.3374721162880196,0.25030607445287756,9.536015158659705,0.0,0.0,0.0,-1.0,19.190132374720616,16814.648826772253,33.629297653544505,0.0,0.4813967214618533,4.0,8.0,0.0,0.12614129056013693,0.6666666666666666,1.0,0,31,16
-0.3452885034547914,62.56497763793293,1.5497506827875578,1,0.4465444098456612,0.3125505935168335,1.0,0.33,0.0,0.44999999999999996,0.17999999999999997,0.12921908125520246,0.1628929265022395,4,0.7683497612664456,1401.7445983434686,0.2394945238665692,0.2887080625681554,12.195838659207835,0.0,0.0,0.0,-1.0,22.435022362067077,17095.450962813033,34.190901925626065,0.0,0.47273612379659613,5.0,7.0,0.0,0.12614129056013693,0.7083333333333334,1.0,1,31,17
-0.1101049839685749,65.00969516479475,1.2788655683020895,0,0.4730694401353476,0.3125505935168335,1.0,0.33,1.0,0.44999999999999996,0.17999999999999997,0.12921908125520246,0.4573380161142207,4,0.8874372465988853,1623.108682064912,0.2750582775672817,0.25384514076451115,10.959248183740996,0.0,0.0,0.0,-1.0,19.990304835205254,17788.05087593413,35.576101751868265,0.0,0.4513747151011054,6.0,6.0,0.0,0.12614129056013693,0.75,0.0,2,31,18
0.1301114378361386,64.74438808596028,1.0848129661850645,0,0.4939360693508264,0.3125505935168335,1.0,0.33,1.0,0.44999999999999996,0.17999999999999997,0.12921908125520246,0.472611324151494,4,0.9444435429310838,1554.495594642728,0.3028698725636862,0.2538562328652497,11.62553328385177,0.0,0.0,0.0,-1.0,20.25561191403972,18071.840275119983,36.14368055023996,0.0,0.4426219832213991,7.0,5.0,0.0,0.12614129056013693,0.7916666666666666,0.0,2,31,19
-0.0667546419988928,64.66562900825528,1.0005984120056173,1,0.4299936364009698,0.3125505935168335,1.0,0.33,0.0,0.44999999999999996,0.17999999999999997,0.12921908125520246,0.05,4,0.8554129934392939,1350.2152552581683,0.3039962643464317,0.25155922876385217,12.072753343524806,0.0,0.0,0.0,-1.0,20.33437099174472,16300.81573739625,32.60163147479249,0.0,0.49724454127165496,8.0,4.0,0.0,0.12614129056013693,0.8333333333333334,0.0,0,31,20
0.5975876957986838,60.4194243482621,1.8288940726323253,1,0.4570497197091642,0.3125505935168335,1.0,0.33,0.0,0.44999999999999996,0.17999999999999997,0.12921908125520246,0.05,4,0.828555931302988,1478.6222179198353,0.3092491390706512,0.3002207713189362,10.999713916038758,0.0,0.0,0.0,-1.0,24.580575651737902,16264.421387016904,32.52884277403381,0.0,0.4983670285517308,9.0,3.0,0.0,0.12614129056013693,0.875,0.0,0,31,21
0.4166008327689905,62.4186861140106,1.657752422639682,1,0.4635271312711001,0.3125505935168335,1.0,0.33,0.0,0.44999999999999996,0.17999999999999997,0.12921908125520246,0.1475394527388605,4,0.7603104136152854,1620.083153926951,0.3111637420409096,0.2723374539013798,10.524031616170769,0.0,0.0,0.0,-1.0,22.58131388598941,17049.806332752883,34.09961266550577,0.0,0.47414391143704715,10.0,2.0,0.0,0.12614129056013693,0.9166666666666666,0.0,1,31,22
1.0498248320554722,59.90558345557489,2.094124579135085,1,0.4821478983484148,0.3125505935168335,1.0,0.33,0.0,0.44999999999999996,0.17999999999999997,0.12921908125520246,0.3090333396404047,4,0.8547645479011037,1639.4968718618277,0.3035203503557489,0.29889131368049754,10.692252506438535,0.0,0.0,0.0,-1.0,25.09441654442511,17529.91453746277,35.059829074925545,0.0,0.4593362463123865,11.0,1.0,0.0,0.12614129056013693,0.9583333333333334,0.0,1,31,23
0.6645609039234531,62.54863673695466,1.861058411535058,0,0.4830943748406421,0.3125505935168335,1.0,0.33,1.0,0.44999999999999996,0.17999999999999997,0.12921908125520246,0.4559568342372233,4,0.9330876210625488,1365.1349883174398,0.2495484774828943,0.2641336854475922,13.01145135356798,0.0,0.0,0.0,-1.0,22.451363263045337,17762.38749154596,35.52477498309192,0.0,0.4521662341758837,12.0,0.0,0.0,0.12614129056013693,1.0,0.0,2,31,24
0.0,-2.8129628728368417,0.0,2,0.4779873090402907,1.0,0.0,1.0,0.0,0.4999999999999986,0.174999999999999,0.13484723605892782,0.95,1,0.8120206805876258,2121.9132939486008,1.0,0.4750968746961454,9.243324367691502,0.0,0.0,0.0,-1.0,27.81296287283684,19613.53285608364,39.22706571216729,0.0,0.033959528809348924,0.0,12.0,0.0,0.0,0.041666666666666664,0.0,4,32,1
-6.312877024626808,3.4999141517899623,3.156438512313402,2,0.4769630312293261,1.0,0.0,1.0,0.0,0.4999999999999986,0.174999999999999,0.13484723605892782,0.95,1,0.877401538916299,1667.584570737351,1.0,0.37664383967667225,11.40906790091995,0.0,0.0,0.0,-1.0,21.50008584821004,19025.585598068887,38.05117119613777,0.0,0.0629181488772093,0.0,12.0,0.0,0.0,0.08333333333333333,0.0,4,32,2
-4.378070275415553,5.94317767799426,3.689202719234274,1,0.4405076885135929,1.0,0.0,1.0,0.0,0.4999999999999986,0.174999999999999,0.13484723605892782,0.95,1,0.8390124092492012,1625.7934121858643,1.0,0.342594558597856,11.119844303199486,0.0,0.0,0.0,-1.0,19.05682232200574,18078.56961267424,36.15713922534847,0.0,0.10956225809856035,0.0,12.0,0.0,0.0,0.125,0.0,4,32,3
-3.5206772865479854,8.108206906921666,4.09029043413996,2,0.4897571977664561,1.0,0.0,1.0,0.0,0.4999999999999986,0.174999999999999,0.13484723605892782,0.95,1,0.7575889293742002,1668.2585755203213,0.0841108620124992,0.3118484878722155,11.889070877093086,0.0,0.0,0.0,-1.0,16.891793093078334,19834.04444567945,39.6680888913589,0.0,0.023098501299454774,0.0,12.0,0.0,0.0,0.16666666666666666,0.0,4,32,4
-3.077580586606113,10.270793682627865,4.508312990197887,2,0.4648173602201094,1.0,0.0,1.0,0.0,0.4999999999999986,0.174999999999999,0.13484723605892782,0.95,1,0.7540020608582795,1780.7523597654106,0.1354921459432995,0.27944739258255435,10.62395729771655,0.0,0.0,0.0,-1.0,14.729206317372135,18918.6370279557,37.8372740559114,0.0,0.06818576934229352,0.0,12.0,0.0,0.0,0.20833333333333334,0.0,4,32,5
-2.3793637152193434,9.347049569410355,4.422641944865935,1,0.4380025542096569,1.0,0.0,1.0,0.0,0.4999999999999986,0.174999999999999,0.13484723605892782,0.95,1,0.8621365076257547,2107.576336935849,0.2851730837716964,0.3054234230358955,8.62569774628931,0.0,0.0,0.0,-1.0,15.652950430589645,18179.316459640235,36.35863291928048,0.0,0.10460009589004148,0.0,12.0,0.0,0.0,0.25,0.0,4,32,6
-1.2073092359549442,9.47623831348368,2.357169668233607,2,0.4734372014151607,1.0,0.0,1.0,0.0,0.4999999999999986,0.174999999999999,0.13484723605892782,0.95,1,0.8291687888464915,1699.3504301637402,0.5249575666095249,0.3117742932856834,11.321351595899886,0.0,0.0,0.0,-1.0,15.52376168651632,19238.943704527417,38.47788740905483,0.0,0.05240945739322645,0.0,12.0,0.0,0.0,0.2916666666666667,0.0,4,32,7
-0.7442699810594121,10.51699752411645,1.5483277847504944,3,0.5221862427370048,1.0,0.0,1.0,0.0,0.4999999999999986,0.174999999999999,0.13484723605892782,0.95,1,0.8654411771593828,2064.136709932486,0.32535865723056,0.29964832708724587,9.75081584499952,0.0,0.0,0.0,-1.0,14.48300247588355,20127.016937454864,40.25403387490972,0.0,0.008668501050273099,0.0,12.0,0.0,0.0,0.3333333333333333,0.0,4,32,8
-0.6480632919388776,12.471089896786,1.3366882032212737,4,0.5560958118369678,1.0,0.0,1.0,0.0,0.4999999999999986,0.174999999999999,0.13484723605892782,0.95,1,0.7572045465525354,2112.8320016124503,0.2591166812140821,0.267283415535232,10.196305356474683,0.0,0.0,0.0,-1.0,12.528910103214,21543.08025537216,43.08616051074432,0.0,0.0,0.0,12.0,0.0,0.0,0.375,0.0,4,32,9
-0.714098270882446,13.186905540253056,1.4535443673297732,3,0.5563787561519733,1.0,0.0,1.0,0.0,0.4999999999999986,0.174999999999999,0.13484723605892782,0.95,1,0.7358680614702098,1667.0093943569589,0.2638598211233109,0.2601048321412171,10.248184804859669,0.0,0.0,0.0,-1.0,11.813094459746944,17083.820344807304,42.70955086201826,1.0,0.15855741152134936,0.0,12.0,0.0,0.0,0.4166666666666667,0.0,4,32,10
-0.725100967219522,11.805537529351488,1.4591807577673352,4,0.6080944960602858,1.0,0.0,1.0,0.0,0.4999999999999986,0.174999999999999,0.13484723605892782,0.95,1,0.808779236066821,1925.480589254188,0.3722738842719097,0.3001583879578808,9.49929155024713,0.0,0.0,0.0,-1.0,13.194462470648512,18290.70149166717,45.726753729167925,1.0,0.09911396294232475,0.0,12.0,0.0,0.0,0.4583333333333333,0.0,4,32,11
-0.3972366352878994,11.34060762866455,1.222189804703183,4,0.5967198252107029,1.0,0.0,1.0,0.0,0.4999999999999986,0.174999999999999,0.13484723605892782,0.95,1,0.699997479236004,1896.4100647464209,0.3545029892802102,0.3213974675608341,9.452720915116188,0.0,0.0,0.0,-1.0,13.65939237133545,17926.235082665335,44.81558770666334,1.0,0.11706530827459041,0.0,12.0,0.0,0.0,0.5,0.0,4,32,12
-0.3176372361506399,13.695021140224116,1.080399679651329,5,0.6523766773639844,1.0,0.0,1.0,0.0,0.4999999999999986,0.174999999999999,0.13484723605892782,0.95,1,0.8017187559345539,1745.8333730847282,0.2211658199796286,0.27545126155799105,13.692691830383,0.0,0.0,0.0,-1.0,11.304978859775884,23905.15836484725,47.810316729694506,0.0,0.0,1.0,11.0,0.0,0.0,0.5416666666666666,0.0,4,32,13
-0.0456777979634976,12.578951102685236,0.7887157996216466,4,0.6426544145857362,1.0,0.0,1.0,0.0,0.4999999999999986,0.174999999999999,0.13484723605892782,0.95,1,0.8107939694766508,1992.320131123174,0.2779574165225323,0.3137949195111098,11.385730628137086,0.0,0.0,0.0,-1.0,12.421048897314764,22684.020337983216,45.368040675966434,0.0,0.0,2.0,10.0,0.0,0.0,0.5833333333333334,1.0,4,32,14
-0.0821523224450402,12.82704095105619,0.7966775477488022,5,0.6908972357992871,1.0,0.0,1.0,0.0,0.4999999999999986,0.174999999999999,0.13484723605892782,0.95,1,0.7610228922629295,1665.0239809031243,0.2429124865334405,0.3192907291526245,14.467838950882252,0.0,0.0,0.0,-1.0,12.17295904894381,24089.298805063256,48.17859761012652,0.0,0.0,3.0,9.0,0.0,0.0,0.625,1.0,4,32,15
-0.483528905708568,14.521593883384265,1.0749543502478212,7,0.8192552553430096,1.0,0.0,1.0,0.0,0.4999999999999986,0.174999999999999,0.13484723605892782,0.95,1,0.721673588859619,1845.54608948729,0.2731409988146882,0.2857747122713382,14.801630140617174,0.0,0.0,0.0,-1.0,10.478406116615735,27317.090624053235,54.63418124810647,0.0,0.0,4.0,8.0,0.0,0.0,0.6666666666666666,1.0,4,32,16
-0.5847439641659905,14.888253762256213,1.2078398120248508,7,0.7991643179394974,1.0,0.0,1.0,0.0,0.4999999999999986,0.174999999999999,0.13484723605892782,0.95,1,0.6742977352875551,2246.7322322679915,0.3170925677138348,0.2871975262791135,11.9154027534354,0.0,0.0,0.0,-1.0,10.111746237743787,26770.71942659809,53.54143885319619,0.0,0.0,5.0,7.0,0.0,0.0,0.7083333333333334,1.0,4,32,17
-0.5390861494140743,15.744132003914446,1.1240136034679404,5,0.7053723531702738,1.0,0.0,1.0,0.0,0.4999999999999986,0.174999999999999,0.13484723605892782,0.95,1,0.7498581998882143,1886.005439631469,0.2926261266658927,0.27424794062475716,12.30515290504982,0.0,0.0,0.0,-1.0,9.255867996085554,23207.585314420936,46.41517062884188,0.0,0.0,6.0,6.0,0.0,0.0,0.75,0.0,4,32,18
-0.7594319026484682,16.07138781373518,1.331346619554512,7,0.8297194291208446,1.0,0.0,1.0,0.0,0.4999999999999986,0.174999999999999,0.13484723605892782,0.95,1,0.7295206979616798,1895.4037001854688,0.2424712984841825,0.27649895802626534,14.014229550550976,0.0,0.0,0.0,-1.0,8.92861218626482,26562.622545362865,53.12524509072573,0.0,0.0,7.0,5.0,0.0,0.0,0.7916666666666666,0.0,4,32,19
-0.6483174796431728,16.264211302016207,1.17233649590626,7,0.8461740341937426,1.0,0.0,1.0,0.0,0.4999999999999986,0.174999999999999,0.13484723605892782,0.95,1,0.6204031348583645,2088.2463779423624,0.2619096524230053,0.2833228766913662,13.441053831907638,0.0,0.0,0.0,-1.0,8.735788697983791,28068.231980209435,56.13646396041887,0.0,0.0,8.0,4.0,0.0,0.0,0.8333333333333334,0.0,4,32,20
-0.5446651308117337,17.443224113246263,0.9535122936327418,5,0.7842763906637256,1.0,0.0,1.0,0.0,0.4999999999999986,0.174999999999999,0.13484723605892782,0.95,1,0.6699946998655482,2369.407760823756,0.3652132437857417,0.25725194508097826,10.306532062750096,0.0,0.0,0.0,-1.0,7.556775886753737,24420.377056658952,48.84075411331791,0.0,0.0,9.0,3.0,0.0,0.0,0.875,0.0,4,32,21
-0.6150630191178217,18.13567493282568,1.0754264474511472,4,0.6784330188529808,1.0,0.0,1.0,0.0,0.4999999999999986,0.174999999999999,0.13484723605892782,0.95,1,0.781138290498379,2362.6040327556857,0.3732813081932316,0.24588627106296074,9.242051398408035,0.0,0.0,0.0,-1.0,6.864325067174322,21835.30790481415,43.6706158096283,0.0,0.0,10.0,2.0,0.0,0.0,0.9166666666666666,0.0,4,32,22
-0.4630458177578727,17.51107789451925,0.8768711759396688,4,0.6972960675689095,1.0,0.0,1.0,0.0,0.4999999999999986,0.174999999999999,0.13484723605892782,0.95,1,0.7106293039428273,1930.8410298713247,0.261016207719641,0.2830458748528157,11.488895279486384,0.0,0.0,0.0,-1.0,7.488922105480749,22183.230393527298,44.3664607870546,0.0,0.0,11.0,1.0,0.0,0.0,0.9583333333333334,0.0,4,32,23
-0.4907479356702768,18.620013244009414,0.9199772064433142,5,0.7410021401015247,1.0,0.0,1.0,0.0,0.4999999999999986,0.174999999999999,0.13484723605892782,0.95,1,0.6785900250684326,2102.3317274503333,0.2646903759606452,0.2551994702396234,11.33954503797342,0.0,0.0,0.0,-1.0,6.379986755990585,23839.48530818352,47.67897061636704,0.0,0.0,12.0,0.0,0.0,0.0,1.0,0.0,4,32,24
0.0,51.81197575885484,0.0,1,0.4246585776359751,1.0,1.0,0.67,0.0,0.4999999999999986,0.174999999999999,0.01404855770355132,0.95,4,0.8836613296601956,1875.3490345585408,1.0,0.5041218872072684,9.291744365448675,0.0,0.0,0.0,-1.0,33.188024241145165,17425.263825108937,34.85052765021787,0.0,0.0,0.0,12.0,0.0,0.002423622730931966,0.041666666666666664,0.0,4,33,1
-6.258586831483068,58.0705625903379,3.1292934157415324,2,0.4420404281624016,1.0,1.0,0.67,0.0,0.4999999999999986,0.174999999999999,0.01404855770355132,0.95,4,0.7773798336445897,1822.341778327022,1.0,0.40394156114493146,9.675768598151672,0.0,0.0,0.0,-1.0,26.9294374096621,17632.557353836473,35.26511470767295,0.0,0.0,0.0,12.0,0.0,0.002423622730931966,0.08333333333333333,0.0,4,33,2
-4.037365249405443,59.88670625766572,3.458798114567398,1,0.4239882398192056,1.0,1.0,0.67,0.0,0.4999999999999986,0.174999999999999,0.01404855770355132,0.95,4,0.8833556483239857,1573.0243865465864,1.0,0.3720487961827301,11.061879624434852,0.0,0.0,0.0,-1.0,25.11329374233428,17400.606410278815,34.80121282055763,0.0,0.0,0.0,12.0,0.0,0.002423622730931966,0.125,0.0,4,33,3
-3.985608232803342,64.49195531242336,4.5476233106050055,1,0.4153429164229613,1.0,1.0,0.67,0.0,0.4999999999999986,0.174999999999999,0.01404855770355132,0.95,4,0.8963686032454395,1699.3868144698963,0.1010310767222598,0.3001177271352681,9.89794459727532,0.0,0.0,0.0,-1.0,20.50804468757665,16820.43653896323,33.640873077926464,0.0,0.02941655552819602,0.0,12.0,0.0,0.002423622730931966,0.16666666666666666,0.0,4,33,4
-3.2863805166281645,65.03318198095293,4.820587291297418,1,0.4132253911497193,1.0,1.0,0.67,0.0,0.4999999999999986,0.174999999999999,0.01404855770355132,0.95,4,0.8804852105990391,2019.717880047495,0.1714687509518918,0.28867688702236727,8.327292011666199,0.0,0.0,0.0,-1.0,19.96681801904707,16818.780568338894,33.63756113667779,0.0,0.029512109390236893,0.0,12.0,0.0,0.002423622730931966,0.20833333333333334,0.0,4,33,5
-2.548419310784038,64.55228948902257,4.735452835462595,2,0.4291564039891647,1.0,1.0,0.67,0.0,0.4999999999999986,0.174999999999999,0.01404855770355132,0.95,4,0.8905588091420931,1928.5905756981751,0.2552625235976814,0.2921101501568204,9.235841347678344,0.0,0.0,0.0,-1.0,20.44771051097743,17812.15658177599,35.62431316355198,0.0,0.0,0.0,12.0,0.0,0.002423622730931966,0.25,0.0,4,33,6
-0.8614634894162386,61.19321174373155,2.6529957651530265,2,0.437943536403842,1.0,1.0,0.67,0.0,0.4999999999999986,0.174999999999999,0.01404855770355132,0.95,4,0.7753024481362023,2046.9181729359063,0.6538021830320312,0.3360958342061428,8.694337252839551,0.0,0.0,0.0,-1.0,23.806788256268447,17796.59692447092,35.59319384894184,0.0,0.0,0.0,12.0,0.0,0.002423622730931966,0.2916666666666667,0.0,4,33,7
0.1528481094556091,60.892194131077616,2.0629768074724595,1,0.4317941827940456,1.0,1.0,0.67,0.0,0.4999999999999986,0.174999999999999,0.01404855770355132,0.95,4,0.8108892626689025,2006.757474090376,0.334770477454706,0.33638798886868443,8.293462477905997,0.0,0.0,0.0,-1.0,24.107805868922387,16642.96781362595,33.2859356272519,0.0,0.039656967917308376,0.0,12.0,0.0,0.002423622730931966,0.3333333333333333,0.0,4,33,8
0.7540623233909117,62.369927307670366,1.6746331802971608,1,0.4530508607728532,1.0,1.0,0.67,0.0,0.4999999999999986,0.174999999999999,0.01404855770355132,0.95,4,0.765716852533946,1794.6877745505117,0.2466278896210337,0.31213893368730533,9.779490532081136,0.0,0.0,0.0,-1.0,22.630072692329637,17551.13209925849,35.102264198516984,0.0,0.0,0.0,12.0,0.0,0.002423622730931966,0.375,0.0,4,33,9
0.8574403217385992,60.40072056012486,1.7932070468939736,1,0.4472283933573644,1.0,1.0,0.67,0.0,0.4999999999999986,0.174999999999999,0.01404855770355132,0.95,4,0.8654563626657387,1855.686799978108,0.3282045763615979,0.33544471963466105,7.400126536746813,0.0,0.0,0.0,-1.0,24.59927943987514,13732.317132408774,34.33079283102194,1.0,0.2076091704232308,0.0,12.0,0.0,0.002423622730931966,0.4166666666666667,0.0,4,33,10
0.7063645778756079,59.7876855187388,1.5636934523970474,1,0.4459871943021923,1.0,1.0,0.67,0.0,0.4999999999999986,0.174999999999999,0.01404855770355132,0.95,4,0.7945217408969494,1769.2550746158238,0.4349888944177722,0.33994131884846573,7.582130035823359,0.0,0.0,0.0,-1.0,25.21231448126121,13414.722042277535,33.536805105693844,1.0,0.22593524274679194,0.0,12.0,0.0,0.002423622730931966,0.4583333333333333,0.0,4,33,11
0.1241856789832807,61.38045850776099,0.8061376069029902,1,0.4503853204611415,1.0,1.0,0.67,0.0,0.4999999999999986,0.174999999999999,0.01404855770355132,0.95,4,0.875018352376827,1786.8131059606426,0.3923313237436304,0.3149272198965201,7.572228629041817,0.0,0.0,0.0,-1.0,23.61954149223901,13530.157355702308,33.825393389255765,1.0,0.21927432144085754,0.0,12.0,0.0,0.002423622730931966,0.5,0.0,4,33,12
-0.1523666002813277,62.67504862126977,1.0238553241823023,0,0.4353670928618554,1.0,1.0,0.67,1.0,0.4999999999999986,0.174999999999999,0.01404855770355132,0.5484154992117335,4,0.7839736704464357,2057.052110149576,0.3347637938724461,0.29439496323600317,7.755387546244011,0.0,0.0,0.0,-1.0,22.32495137873024,15953.23631702898,31.90647263405796,0.0,0.07945629002033883,1.0,11.0,0.0,0.002423622730931966,0.5416666666666666,0.0,2,33,13
-0.2917685725313159,62.729155880898205,1.138965579366979,0,0.4109654908085111,1.0,1.0,0.67,1.0,0.4999999999999986,0.174999999999999,0.01404855770355132,0.4533064298740712,4,0.7996789935220961,1776.9519702572532,0.3162361614177064,0.2904892711187191,8.163421083956163,0.0,0.0,0.0,-1.0,22.2708441191018,14506.007179175504,29.012014358351006,0.0,0.16296521907244801,2.0,10.0,0.0,0.002423622730931966,0.5833333333333334,1.0,2,33,14
-0.492962506374161,61.8276578647466,1.0914082008340091,0,0.420986736701586,1.0,1.0,0.67,1.0,0.4999999999999986,0.174999999999999,0.01404855770355132,0.4646366343187671,4,0.8058028424932534,1669.009248570013,0.3269479760516041,0.29899796303552784,8.794686718523888,0.0,0.0,0.0,-1.0,23.172342135253405,14678.413471492227,29.35682694298446,0.0,0.1530169223883661,3.0,9.0,0.0,0.002423622730931966,0.625,1.0,2,33,15
-0.2194524577450956,61.04471165683744,1.0099141289715527,1,0.4112512546344363,1.0,1.0,0.67,0.0,0.4999999999999986,0.174999999999999,0.01404855770355132,0.05,4,0.7573739199166696,1664.207437790594,0.3722978581113924,0.30581219161484124,8.239768016725458,0.0,0.0,0.0,-1.0,23.955288343162565,13712.68321910356,27.42536643820712,0.0,0.20874209887964118,4.0,8.0,0.0,0.002423622730931966,0.6666666666666666,1.0,0,33,16
0.4459528962436047,59.41729001594548,1.1222938563135556,1,0.4314449227323926,1.0,1.0,0.67,0.0,0.4999999999999986,0.174999999999999,0.01404855770355132,0.3487744559344206,4,0.9130748788349984,1494.3442385775402,0.3054571956040323,0.3231500208512149,9.67160757488966,0.0,0.0,0.0,-1.0,25.582709984054517,14452.71105731926,28.90542211463852,0.0,0.16604054553073566,5.0,7.0,0.0,0.002423622730931966,0.7083333333333334,1.0,1,33,17
1.07157394708174,57.31773975225106,1.9314922929273328,0,0.4570685220821402,1.0,1.0,0.67,1.0,0.4999999999999986,0.174999999999999,0.01404855770355132,0.4882742256693265,4,0.9943866416717564,1761.7371426284676,0.3498096763094298,0.34602825309686175,8.535947281554561,0.0,0.0,0.0,-1.0,27.68226024774894,15038.095373433169,30.07619074686633,0.0,0.13226233028896708,6.0,6.0,0.0,0.002423622730931966,0.75,0.0,2,33,18
0.9911884394122396,58.82227200068824,1.8519066003758635,1,0.4485555526522565,1.0,1.0,0.67,0.0,0.4999999999999986,0.174999999999999,0.01404855770355132,0.3107147359825145,4,0.7726967242444631,1446.799650582066,0.2941470738628119,0.3238481814347846,9.925388914706248,0.0,0.0,0.0,-1.0,26.177727999311752,14360.049213688108,28.720098427376215,0.0,0.17138737771040602,7.0,5.0,0.0,0.002423622730931966,0.7916666666666666,0.0,1,33,19
0.2306988642418844,61.96613966148182,1.6927523955515855,1,0.417138243313895,1.0,1.0,0.67,0.0,0.4999999999999986,0.174999999999999,0.01404855770355132,0.05,4,0.7696376780803339,1531.7490224735398,0.3497984567496629,0.2820472694512431,9.033327566424964,0.0,0.0,0.0,-1.0,23.033860338518185,13836.79066955472,27.67358133910944,0.0,0.20158077245006406,8.0,4.0,0.0,0.002423622730931966,0.8333333333333334,0.0,0,33,20
-0.253935749614289,60.99204566712822,1.5721619350420213,1,0.4338048691075852,1.0,1.0,0.67,0.0,0.4999999999999986,0.174999999999999,0.01404855770355132,0.05,4,0.8272600319450653,1456.8917151488065,0.3256052996887402,0.2910055070651125,9.271507895067469,0.0,0.0,0.0,-1.0,24.007954332871783,13507.58303926054,27.01516607852108,0.0,0.22057691889472825,9.0,3.0,0.0,0.002423622730931966,0.875,0.0,0,33,21
-0.206574507981843,58.02995449073339,1.6157071541851902,1,0.4168809117237829,1.0,1.0,0.67,0.0,0.4999999999999986,0.174999999999999,0.01404855770355132,0.05,4,0.8081372326826761,1451.4979498691307,0.3347362489123456,0.32364054611119925,9.243744374258023,0.0,0.0,0.0,-1.0,26.97004550926661,13417.276008349832,26.834552016699664,0.0,0.22578787218469196,10.0,2.0,0.0,0.002423622730931966,0.9166666666666666,0.0,0,33,22
0.3280125682027585,55.69186107967538,2.13231200539828,1,0.4343728716479489,1.0,1.0,0.67,0.0,0.4999999999999986,0.174999999999999,0.01404855770355132,0.05,4,0.7715967675034036,1635.501145842455,0.3514959040093979,0.3482155119246489,8.449274409223307,0.0,0.0,0.0,-1.0,29.308138920324616,13818.797977822049,27.637595955644095,0.0,0.20261899810352813,11.0,1.0,0.0,0.002423622730931966,0.9583333333333334,0.0,0,33,23
0.4907386698492242,59.74408669610652,2.040316644145812,1,0.4405250291948339,1.0,1.0,0.67,0.0,0.4999999999999986,0.174999999999999,0.01404855770355132,0.2337017699058283,4,0.830733091361045,1305.4487445997938,0.2731003947839765,0.2971283918105115,10.85645849177052,0.0,0.0,0.0,-1.0,25.255913303893475,14172.550108881596,28.345100217763196,0.0,0.1822065693857786,12.0,0.0,0.0,0.002423622730931966,1.0,0.0,1,33,24
0.0,57.464290330780415,0.0,2,0.5772243888006975,1.0,0.0,0.67,0.0,0.5,0.125,0.0151267718815217,0.95,5,0.7899998919655281,820.5764703641062,1.0,0.46295453699385347,20.61754915616663,0.0,0.0,0.0,-1.0,30.53570966921958,16918.275714125666,33.836551428251326,0.0,0.0,0.0,12.0,0.0,0.10213116481142953,0.041666666666666664,0.0,4,34,1
-4.713533422837877,62.17782375361829,2.356766711418937,1,0.5403186804368882,1.0,0.0,0.67,0.0,0.5,0.125,0.0151267718815217,0.8713674513735369,5,0.796312335042533,665.0938662169987,1.0,0.3858855727977341,23.1468724582454,0.0,0.0,0.0,-1.0,25.82217624638171,15394.842894086198,30.789685788172395,0.0,0.01987733311538666,0.0,12.0,0.0,0.10213116481142953,0.08333333333333333,0.0,3,34,2
-4.152770028831663,65.76983038844374,3.401011363342931,2,0.5747503466125755,1.0,0.0,0.67,0.0,0.5,0.125,0.0151267718815217,0.95,5,0.8565100009605856,679.9533259266555,1.0,0.3275163110358198,24.7789372979258,0.0,0.0,0.0,-1.0,22.230169611556267,16848.520828652698,33.69704165730539,0.0,0.0,0.0,12.0,0.0,0.10213116481142953,0.125,0.0,4,34,3
-2.723962200598381,65.34682878783318,3.320935866120834,2,0.5779432803807999,1.0,0.0,0.67,0.0,0.5,0.125,0.0151267718815217,0.95,5,0.7661672512547584,702.9009921719193,0.0420442411752944,0.3291017609515761,23.784470168713845,0.0,0.0,0.0,-1.0,22.65317121216682,16718.127679872377,33.43625535974476,0.0,0.0,0.0,12.0,0.0,0.10213116481142953,0.16666666666666666,0.0,4,34,4
-2.486544169195772,68.31250865965183,3.725783193533221,2,0.5886104550045934,1.0,0.0,0.67,0.0,0.5,0.125,0.0151267718815217,0.95,5,0.8744551477976105,692.7554919230164,0.0594742048034241,0.2820894281602126,24.701735311664,0.0,0.0,0.0,-1.0,19.68749134034817,17112.26279718394,34.22452559436788,0.0,0.0,0.0,12.0,0.0,0.10213116481142953,0.20833333333333334,0.0,4,34,5
-1.5771003474902028,64.90778213971385,3.425487820279397,2,0.5596079578056486,1.0,0.0,0.67,0.0,0.5,0.125,0.0151267718815217,0.95,5,0.7966307947786455,637.8671440739809,0.1047135686065411,0.32639177187683616,26.00917160140748,0.0,0.0,0.0,-1.0,23.09221786028616,16590.396009119875,33.18079201823976,0.0,0.0,0.0,12.0,0.0,0.10213116481142953,0.25,0.0,4,34,6
-0.5349074274729003,65.84626872080281,1.800273562268399,1,0.5596155478914935,1.0,0.0,0.67,0.0,0.5,0.125,0.0151267718815217,0.95,5,0.7551855452154149,703.5886108121987,0.630091167342465,0.30894221423633494,23.08669570835213,0.0,0.0,0.0,-1.0,22.153731279197185,16243.536161683429,32.48707232336685,0.0,0.0,0.0,12.0,0.0,0.10213116481142953,0.2916666666666667,0.0,4,34,7
-0.0346752294535223,66.39383833882422,1.0911377581924349,1,0.5717052217870467,1.0,0.0,0.67,0.0,0.5,0.125,0.0151267718815217,0.95,5,0.8961868674797275,787.3940502495175,0.1889479681829869,0.29733249992443733,19.989686384516396,0.0,0.0,0.0,-1.0,21.606161661175783,15739.760125521996,31.479520251043997,0.0,0.0,0.0,12.0,0.0,0.10213116481142953,0.3333333333333333,0.0,4,34,8
0.0344102537830926,66.0694618876303,1.081876344889312,1,0.5470597885855875,1.0,0.0,0.67,0.0,0.5,0.125,0.0151267718815217,0.7581326559090554,5,0.919896845142005,680.7287285250935,0.1460409598326139,0.297868089811473,22.23775050416505,0.0,0.0,0.0,-1.0,21.9305381123697,15137.87562595853,30.275751251917058,0.0,0.03623732105888773,0.0,12.0,0.0,0.10213116481142953,0.375,0.0,3,34,9
0.4994754228461911,64.00965892737435,1.3323112830240091,1,0.5833491657657961,1.0,0.0,0.67,0.0,0.5,0.125,0.0151267718815217,0.95,5,0.7508303200484238,688.9776657559929,0.1673971417183407,0.32165820432570713,18.56991252908732,0.0,0.0,0.0,-1.0,23.990341072625657,12794.254987583548,31.985637468958863,1.0,0.1854454504339718,0.0,12.0,0.0,0.10213116481142953,0.4166666666666667,0.0,4,34,10
0.2723123746552002,64.16843668342332,0.9272662928667754,1,0.597452163551701,1.0,0.0,0.67,0.0,0.5,0.125,0.0151267718815217,0.95,5,0.7857454035737417,764.3264640071626,0.3555725046653195,0.31547574164249326,16.794052059048543,0.0,0.0,0.0,-1.0,23.83156331657668,12836.13842664478,32.09034606661195,1.0,0.18277891409622435,0.0,12.0,0.0,0.10213116481142953,0.4583333333333333,0.0,4,34,11
0.6170044271060663,63.27443931635208,1.1862479382823004,1,0.5951896870349513,1.0,0.0,0.67,0.0,0.5,0.125,0.0151267718815217,0.95,5,0.8669155355780144,840.3049678133035,0.2950388458867169,0.323209943577097,15.198791287806776,0.0,0.0,0.0,-1.0,24.72556068364792,12771.619823901592,31.92904955975398,1.0,0.1868865328240916,0.0,12.0,0.0,0.10213116481142953,0.5,0.0,4,34,12
0.5231992584685423,64.37670152110157,1.1283441062277328,1,0.5759266047309821,1.0,0.0,0.67,0.0,0.5,0.125,0.0151267718815217,0.7300433371614468,5,0.8971404945045851,697.9911790525538,0.1698169641042207,0.3049807226969137,21.5964500805906,0.0,0.0,0.0,-1.0,23.623298478898437,15074.131655101051,30.148263310202108,0.0,0.04029562234487532,1.0,11.0,0.0,0.10213116481142953,0.5416666666666666,0.0,3,34,13
-0.1087629580901869,66.78937651143953,1.2313334743796585,0,0.5733453700222784,1.0,0.0,0.67,1.0,0.5,0.125,0.0151267718815217,0.5191846686377991,5,0.915341829098954,715.3063326174293,0.1809430378293701,0.27048616563520256,20.208716761753664,0.0,0.0,0.0,-1.0,21.21062348856047,14455.423073754386,28.91084614750877,0.0,0.07968610582988946,2.0,10.0,0.0,0.10213116481142953,0.5833333333333334,1.0,2,34,14
-0.4316206693781923,65.23798727526207,1.1203530797945984,0,0.5814756536340323,1.0,0.0,0.67,1.0,0.5,0.125,0.0151267718815217,0.5210247709367656,5,0.9125938580151728,644.0049005237165,0.2065850823261842,0.2867655146423675,22.48666403489143,0.0,0.0,0.0,-1.0,22.76201272473792,14481.521834900488,28.963043669800975,0.0,0.07802451125871467,3.0,9.0,0.0,0.10213116481142953,0.625,1.0,2,34,15
-0.5619890886099203,66.44169653027919,1.250377812521832,1,0.5621211584606712,1.0,0.0,0.67,0.0,0.5,0.125,0.0151267718815217,0.3120542202068109,5,0.9048300315419238,840.8180643232556,0.3380508317969536,0.26836062410440836,15.922639805086495,0.0,0.0,0.0,-1.0,21.558303469720805,13388.043179829248,26.776086359658493,0.0,0.1476415396989026,4.0,8.0,0.0,0.10213116481142953,0.6666666666666666,1.0,1,34,16
0.0097423900362148,62.2775234278275,1.616944309253278,1,0.5560288359364686,1.0,0.0,0.67,0.0,0.5,0.125,0.0151267718815217,0.2751683832402251,5,0.8288031806724545,830.1589224985636,0.2579910154582111,0.3164220593193952,16.026253087309104,0.0,0.0,0.0,-1.0,25.722476572172503,13304.336994649804,26.608673989299607,0.0,0.15297074831877944,5.0,7.0,0.0,0.10213116481142953,0.7083333333333334,1.0,1,34,17
0.3235226356340264,64.5784130708272,1.4888630841417747,0,0.5878818197726455,1.0,0.0,0.67,1.0,0.5,0.125,0.0151267718815217,0.4740821642343059,5,0.8418825027764912,597.7960213046327,0.1617286762058443,0.2847609353090919,23.11109357395329,0.0,0.0,0.0,-1.0,23.421586929172808,13815.719786508344,27.63143957301669,0.0,0.12041323089534219,6.0,6.0,0.0,0.10213116481142953,0.75,0.0,2,34,18
0.5612593984295989,64.08913986558362,1.5110189479432754,1,0.5801002101237419,1.0,0.0,0.67,0.0,0.5,0.125,0.0151267718815217,0.2579341266454318,5,0.8830722052700691,698.5191597424746,0.2084717402580714,0.28736136365848425,18.990498071996083,0.0,0.0,0.0,-1.0,23.91086013441638,13265.226756341788,26.53045351268358,0.0,0.1554607270302654,7.0,5.0,0.0,0.10213116481142953,0.7916666666666666,0.0,1,34,19
0.627342965790416,61.79794258494658,1.613650356260664,1,0.5674887487152246,1.0,0.0,0.67,0.0,0.5,0.125,0.0151267718815217,0.3374770861798365,5,0.8564178530820106,642.154338900874,0.2280783617179862,0.31131157324815945,20.93848047324545,0.0,0.0,0.0,-1.0,26.20205741505342,13445.73608588579,26.89147217177158,0.0,0.14396848338170024,8.0,4.0,0.0,0.10213116481142953,0.8333333333333334,0.0,1,34,20
0.981185139681502,59.959003699285965,2.1023576372559365,1,0.56029254898963,1.0,0.0,0.67,0.0,0.5,0.125,0.0151267718815217,0.05,5,0.8129627882451562,644.1437344534887,0.2591972612096168,0.3294096481728521,19.345824710547078,0.0,0.0,0.0,-1.0,28.040996300714035,12461.491775134376,24.92298355026875,0.0,0.20663103637795444,9.0,3.0,0.0,0.10213116481142953,0.875,0.0,0,34,21
0.8446359080879128,59.59495715026426,1.8737557339118411,1,0.5834138881315604,1.0,0.0,0.67,0.0,0.5,0.125,0.0151267718815217,0.3227134227544982,5,0.9064813522732532,616.313076993628,0.1981390137674762,0.32997145614407436,21.76204423158893,0.0,0.0,0.0,-1.0,28.405042849735736,13412.232442042006,26.82446488408401,0.0,0.14610151461692875,10.0,2.0,0.0,0.10213116481142953,0.9166666666666666,0.0,1,34,22
0.8419902754586978,61.74877854894006,1.873392789304016,1,0.5645515585955698,1.0,0.0,0.67,0.0,0.5,0.125,0.0151267718815217,0.05,5,0.8018821105760157,665.0750196961102,0.2269109047863428,0.30159373615387197,19.28912435081068,0.0,0.0,0.0,-1.0,26.25122145105994,12828.714757536132,25.657429515072263,0.0,0.18325154680932804,11.0,1.0,0.0,0.10213116481142953,0.9583333333333334,0.0,0,34,23
0.6705251303835721,59.49777168430688,1.6317617236022544,1,0.5483933256797592,1.0,0.0,0.67,0.0,0.5,0.125,0.0151267718815217,0.05,5,0.8883442852101883,586.7484218380512,0.2041355444656497,0.3238889581328764,21.47779076383456,0.0,0.0,0.0,-1.0,28.50222831569312,12602.0598352478,25.2041196704956,0.0,0.19768167957678245,12.0,0.0,0.0,0.10213116481142953,1.0,0.0,0,34,24
0.0,56.21929941018795,0.0,6,0.2328810040027384,1.0,1.0,0.0,0.0,0.5,0.125,0.041235661050411335,0.05,1,0.6808437947596678,179.22942580811971,1.0,0.488425140845343,38.08344058224619,0.0,0.0,0.0,-1.0,41.78070058981205,6825.673188353629,13.651346376707258,0.0,0.10662620092344503,0.0,12.0,0.0,0.0,0.041666666666666664,0.0,0,35,1
-13.846120677287724,70.06542008747567,6.923060338643861,5,0.2754131746725509,1.0,1.0,0.0,0.0,0.5,0.125,0.041235661050411335,0.05,1,0.7353673196482741,616.087674542507,1.0,0.324506252614029,12.737009406479038,0.0,0.0,0.0,-1.0,27.934579912524327,7847.114505863708,15.694229011727414,0.0,0.0,0.0,12.0,0.0,0.0,0.08333333333333333,0.0,0,35,2
-7.130186354481316,70.47967211915056,6.626922298509041,4,0.3250022825806324,1.0,1.0,0.0,0.0,0.5,0.125,0.041235661050411335,0.05,1,0.7527658106804919,545.4281805156575,1.0,0.3176949827515087,17.46752508738366,0.0,0.0,0.0,-1.0,27.52032788084944,9527.28042652327,19.054560853046542,0.0,0.0,0.0,12.0,0.0,0.0,0.125,0.0,0,35,3
-4.506183351507789,71.10182657132228,6.215885504185547,4,0.3146278581801148,1.0,1.0,0.0,0.0,0.5,0.125,0.041235661050411335,0.05,1,0.6892658827280872,683.3858711114448,0.0750872852185278,0.30858325157182864,13.317833999320696,0.0,0.0,0.0,-1.0,26.89817342867773,9101.21958894339,18.20243917788678,0.0,0.0,0.0,12.0,0.0,0.0,0.16666666666666666,0.0,0,35,4
-3.72093362546095,74.3057642955694,6.287131781519653,5,0.2520091192274918,1.0,1.0,0.0,0.0,0.5,0.125,0.041235661050411335,0.05,1,0.734420569546903,680.0969449433942,0.1342023075884071,0.270148055537451,10.77270833833526,0.0,0.0,0.0,-1.0,23.6942357044306,7326.486029668039,14.652972059336076,0.0,0.04107763767919513,0.0,12.0,0.0,0.0,0.20833333333333334,0.0,0,35,5
-2.7544473353515624,72.83179334235834,5.968729336753187,5,0.2566521513732612,1.0,1.0,0.0,0.0,0.5,0.125,0.041235661050411335,0.05,1,0.6723496962780445,664.9922649845178,0.2168152137667209,0.2851921434293673,11.44198005309149,0.0,0.0,0.0,-1.0,25.16820665764166,7608.828231412982,15.217656462825964,0.0,0.0041234621052897115,0.0,12.0,0.0,0.0,0.25,0.0,0,35,6
-0.8631226041960578,74.055218038074,1.6820398173887354,5,0.2866091601080807,1.0,1.0,0.0,0.0,0.5,0.125,0.041235661050411335,0.05,1,0.7236473460331428,591.4788435030666,0.5005680918968892,0.26967375273872535,14.065062260434116,0.0,0.0,0.0,-1.0,23.94478196192599,8319.1867596002,16.6383735192004,0.0,0.0,0.0,12.0,0.0,0.0,0.2916666666666667,0.0,0,35,7
-0.8156265681348702,74.71181740668584,1.617004218971227,5,0.2548894349908757,1.0,1.0,0.0,0.0,0.5,0.125,0.041235661050411335,0.05,1,0.7610867653118393,559.7764697088269,0.2810151879319646,0.26068861111918845,12.536120158571745,0.0,0.0,0.0,-1.0,23.28818259331417,7017.42508621095,14.0348501724219,0.0,0.08152887839689517,0.0,12.0,0.0,0.0,0.3333333333333333,0.0,0,35,8
-0.7026773060517831,75.53225090787177,1.4352247074069773,5,0.2740881941893795,1.0,1.0,0.0,0.0,0.5,0.125,0.041235661050411335,0.05,1,0.772821956364729,689.6924430019506,0.2732450707146967,0.2499888633338328,10.996766449124662,0.0,0.0,0.0,-1.0,22.467749092128223,7584.386717418673,15.168773434837346,0.0,0.007322473779264352,0.0,12.0,0.0,0.0,0.375,0.0,0,35,9
-0.4918068631329155,75.99681792446941,1.027780831746194,5,0.2965723728821487,1.0,1.0,0.0,0.0,0.5,0.125,0.041235661050411335,0.05,1,0.6613880075773085,592.4939728754248,0.259063533648373,0.24335316581231994,10.978251502923428,0.0,0.0,0.0,-1.0,22.0031820755306,6504.547848192705,16.261369620481762,1.0,0.14865648236276383,0.0,12.0,0.0,0.0,0.4166666666666667,0.0,0,35,10
0.1868027623480751,70.19512737384741,1.941227605148134,5,0.264189776888786,1.0,1.0,0.0,0.0,0.5,0.125,0.041235661050411335,0.05,1,0.7292442927015672,669.0323674561432,0.434768073744979,0.3056880178779947,8.483989700962477,0.0,0.0,0.0,-1.0,27.804872626152594,5676.063715108463,14.190159287771158,1.0,0.25709208966828156,0.0,12.0,0.0,0.0,0.4583333333333333,0.0,0,35,11
0.5242035638164455,73.00289370774243,1.9267171066435596,5,0.2925684038902048,1.0,1.0,0.0,0.0,0.5,0.125,0.041235661050411335,0.05,1,0.7666193729779043,711.7109616709321,0.3516786408385957,0.2731924184946182,8.820929527266593,0.0,0.0,0.0,-1.0,24.99710629225757,6277.952236682427,15.694880591706069,1.0,0.1783143017049524,0.0,12.0,0.0,0.0,0.5,0.0,0,35,12
0.7421585183227866,72.19466020862833,2.0264481791682067,5,0.2845657887622411,1.0,1.0,0.0,0.0,0.5,0.125,0.041235661050411335,0.05,1,0.6983065714912126,564.3047936972732,0.2173996548651298,0.2803658465336893,13.19878973243828,0.0,0.0,0.0,-1.0,25.805339791371654,7448.140317017271,14.896280634034545,0.0,0.02515499534575101,1.0,11.0,0.0,0.0,0.5416666666666666,0.0,0,35,13
1.242976546882825,68.55115644241764,2.6657377172550114,5,0.3106247461323387,1.0,1.0,0.0,0.0,0.5,0.125,0.041235661050411335,0.05,1,0.7220118428127927,653.4427059454883,0.2493509162127546,0.31807931835372494,11.985137855743488,0.0,0.0,0.0,-1.0,29.44884355758236,7831.600911586733,15.663201823173466,0.0,0.0,2.0,10.0,0.0,0.0,0.5833333333333334,1.0,0,35,14
1.313090878789864,67.95321103162104,2.7609411081125104,6,0.2564854013327456,1.0,1.0,0.0,0.0,0.5,0.125,0.041235661050411335,0.05,1,0.6546669726258321,620.6858125790575,0.3561776239041919,0.3226500828819218,10.291377294227974,0.0,0.0,0.0,-1.0,30.04678896837897,6387.711878425553,12.775423756851106,0.0,0.16394848233102638,3.0,9.0,0.0,0.0,0.625,1.0,0,35,15
0.5664497201677496,69.98848969158814,1.805919037555888,6,0.2656969559051734,1.0,1.0,0.0,0.0,0.5,0.125,0.041235661050411335,0.05,1,0.6632695351606436,599.0408978036903,0.3450976767407654,0.29905527019656775,10.563729620777403,0.0,0.0,0.0,-1.0,28.01151030841185,6328.106076185933,12.656212152371866,0.0,0.17174994901781035,4.0,8.0,0.0,0.0,0.6666666666666666,1.0,0,35,16
0.3653564019015272,71.8886902868152,1.8953753295308464,6,0.2856343696962292,1.0,1.0,0.0,0.0,0.5,0.125,0.041235661050411335,0.05,1,0.7539977471245944,174.9247185057093,0.0807711498040106,0.27716560509351407,39.07106074950386,0.0,0.0,0.0,-1.0,26.1113097131848,6834.494303326432,13.668988606652864,0.0,0.10547165502329992,5.0,7.0,0.0,0.0,0.7083333333333334,1.0,0,35,17
-0.1229033818335529,70.64540784283128,1.572690733733723,6,0.2441461610487629,1.0,1.0,0.0,0.0,0.5,0.125,0.041235661050411335,0.05,1,0.6496910071957839,167.9709021287477,0.1123024870015486,0.2887028196007253,34.15854248638416,0.0,0.0,0.0,-1.0,27.35459215716872,5737.641196841103,11.475282393682203,0.0,0.24903256099249907,6.0,6.0,0.0,0.0,0.75,0.0,0,35,18
-0.9180514456487514,72.98215835618734,1.75560244596584,5,0.3401697508502218,1.0,1.0,0.0,0.0,0.5,0.125,0.041235661050411335,0.05,1,0.6980842334950271,176.74632976066263,0.1266612491938627,0.26253965870201296,44.010564918319744,0.0,0.0,0.0,-1.0,25.01784164381266,7778.705820006392,15.557411640012784,0.0,0.0,7.0,5.0,0.0,0.0,0.7916666666666666,0.0,0,35,19
-0.9545118695066797,73.08724940820507,1.8008147358659488,5,0.3354112441965565,1.0,1.0,0.0,0.0,0.5,0.125,0.041235661050411335,0.05,1,0.7924767479163096,198.4537558484604,0.2343071859356802,0.2599591366100341,40.04475327730882,0.0,0.0,0.0,-1.0,24.91275059179493,7947.0316899068785,15.894063379813756,0.0,0.0,8.0,4.0,0.0,0.0,0.8333333333333334,0.0,0,35,20
-0.9315899791384938,75.3231339700525,1.7546206765458972,5,0.3568618277877237,1.0,1.0,0.0,0.0,0.5,0.125,0.041235661050411335,0.05,1,0.7913000222365395,182.95307050863596,0.1461153529965645,0.23529822080360574,43.382600443575086,0.0,0.0,0.0,-1.0,22.676866029947504,7936.979957801373,15.873959915602748,0.0,0.0,9.0,3.0,0.0,0.0,0.875,0.0,0,35,21
-0.3134728929653393,71.25534665083632,1.522294195536812,5,0.3519340806549224,1.0,1.0,0.0,0.0,0.5,0.125,0.041235661050411335,0.05,1,0.7120857509255032,710.8857947929084,0.5198232874408103,0.2759551506362546,11.381140827597852,0.0,0.0,0.0,-1.0,26.74465334916368,8090.6913428769185,16.181382685753835,0.0,0.0,10.0,2.0,0.0,0.0,0.9166666666666666,0.0,0,35,22
-0.4449965674276999,74.34929392566633,1.622349405429796,5,0.3485354211456812,1.0,1.0,0.0,0.0,0.5,0.125,0.041235661050411335,0.05,1,0.7123007479350943,604.266240286499,0.2542506137437132,0.24267505163916564,13.10684393179795,0.0,0.0,0.0,-1.0,23.65070607433368,7920.023304689463,15.840046609378929,0.0,0.0,11.0,1.0,0.0,0.0,0.9583333333333334,0.0,0,35,23
0.0522696869560006,72.67260130086184,1.2852876022318576,4,0.3856449507788362,1.0,1.0,0.0,0.0,0.5,0.125,0.041235661050411335,0.05,1,0.765724129141058,730.9319188182474,0.2688957873059878,0.25844284386875677,12.124395621392903,0.0,0.0,0.0,-1.0,25.32739869913816,8862.107756056272,17.724215512112544,0.0,0.0,12.0,0.0,0.0,0.0,1.0,0.0,0,35,24
