goal_idx,llama_relevance,llama_relevance_reason,llama_coherence,llama_coherence_reason,llama_integrity,llama_integrity_reason,llama_attainability,llama_attainability_reason,llama_success,llama_elapsed_s,llama_error,mistral_relevance,mistral_relevance_reason,mistral_coherence,mistral_coherence_reason,mistral_integrity,mistral_integrity_reason,mistral_attainability,mistral_attainability_reason,mistral_success,mistral_elapsed_s,mistral_error,n_models_ok,success,period_id
0,0.46,The allocation level appears justified as the goal is best funded among peers with a rank score of 0.00.,0.41,Decisions seem consistent as the goal has a moderate dependency risk and a clear dependency context.,0.33,"The allocation has produced some expected outputs, but the efficiency ratio is low at 0.085, indicating room for improvement.",0.05,The goal is unlikely to reach its target by period 24 due to a negative trend of -2.6616 per period and a projected shortfall of -34.6% of the target.,True,2.3,,0.46,"The allocation level is justified as it is the best funded among peers, but it falls outside the optimal funding band.",0.41,"Decisions are somewhat consistent across the hierarchy, time, and goals, but there is room for improvement.",0.33,"The allocation has produced outputs, but the efficiency and needle move ratios are low, indicating suboptimal performance.",0.05,"Given the current trend and progress, it is highly unlikely that the goal will reach its target by period 24.",True,5.4,,2,True,6
1,0.2,The allocation level is not justified against stated goals as it falls outside the optimal funding band and has the worst funding rank among peers.,0.8,"Decisions appear consistent across the hierarchy and time, with a high coherence rule score of 0.86, indicating alignment with organizational objectives.",0.6,"The allocation has produced some expected outputs, with an output quality of 0.70 and a needle move ratio of 0.272, but the efficiency ratio is low at 0.030.",0.3,"The goal is unlikely to reach its target by period 24, with a current progress of only 21.2% and a projected trend of -10.829, indicating a significant shortfall.",True,1.8,,0.2,The allocation level is not justified as it is the worst funded among peers and falls outside the optimal funding band.,0.7,"Decisions appear somewhat consistent across the hierarchy, time, and goals, with a coherence rule score of 0.86.",0.6,"The allocation has produced outputs with a quality of 0.70 and a needle move ratio of 0.272, indicating moderate effectiveness.",0.1,"Given the current trend and progress, it is highly unlikely that the goal will reach its target by period 24.",True,5.7,,2,True,6
2,0.4,"The allocation level is not strongly justified against stated goals, given the funding band status is outside optimal and the sibling rank is mid-ranked.",0.85,"Decisions appear consistent across the hierarchy and time, with a high coherence rule score and no indication of conflicting priorities.",0.7,"The allocation has produced some expected outputs, with a reasonable output quality and quantity, but the efficiency ratio is relatively low.",0.2,"The goal is unlikely to reach its target by period 24, given the current trend and projected value at period 24 are far below the target.",True,1.6,,0.3,The allocation level is not justified as it falls outside the optimal funding band and is mid-ranked among peers.,0.85,Decisions appear consistent across the hierarchy with a high coherence rule score of 0.94.,0.7,"The allocation produced expected outputs with a high output quality and weighted status score, but the efficiency ratio is low.",0.1,The goal is unlikely to reach its target by period 24 given the current trend and progress.,True,5.1,,2,True,6
3,0.55,The allocation level seems justified as the goal is best funded among peers with a high share of parent bucket at 35.7%.,0.91,Decisions appear consistent across the hierarchy as evidenced by the high coherence rule score of 0.91.,0.37,The allocation has not produced the expected outputs as the trend is negative at -530.7183 per period and the efficiency ratio is low at 0.079.,0.05,The goal is unlikely to reach its target by period 24 due to the low attainability anchor score of 0.05 and the significant gap between the current value and the target.,True,1.5,,0.55,"The allocation level is justified as it is the best funded among peers, but it falls outside the optimal funding band.",0.91,"Decisions appear consistent across the hierarchy, time, and goals, as indicated by the high coherence rule score.",0.37,"The allocation has not produced the expected outputs, with a low efficiency ratio and a negative trend.",0.05,The goal is unlikely to reach its target by period 24 due to the negative trend and low projected value.,True,6.1,,2,True,6
4,0.13,The allocation level is not justified against stated goals as the funding band status falls outside the optimal funding band.,0.46,"Decisions appear consistent across the hierarchy, time, and goals, with a coherence rule score of 0.46.",0.35,"The allocation has not produced the expected outputs and moved the metric as efficiently as desired, with an efficiency ratio of 0.115.",0.05,The goal is unlikely to reach its target by period 24 due to a negative trend and low attainability anchor score of 0.05.,True,1.5,,0.3,The allocation level is not justified as it falls outside the optimal funding band and is mid-ranked among peers.,0.4,Decisions are somewhat inconsistent given the allocation drift and the low upstream attainability.,0.45,"The allocation has produced outputs but the efficiency ratio and needle move ratio are low, indicating limited impact.",0.1,The goal is unlikely to reach its target by period 24 due to the negative trend and significant gap between current value and target.,True,4.9,,2,True,6
5,0.2,The allocation level is not justified against stated goals as it falls outside the optimal funding band and has the worst funding rank among peers.,0.6,"Decisions are somewhat consistent across the hierarchy and time, but the funding allocation outside the optimal band raises concerns about coherence.",0.4,"The allocation has produced some expected outputs, but the output quality and efficiency ratio are not ideal, indicating some integrity issues.",0.1,"The goal is unlikely to reach its target by period 24 due to the current negative trend and significant shortfall in progress, with only 21% of the target reached so far.",True,1.6,,0.2,The allocation level is not justified as it is the worst funded among peers and falls outside the optimal funding band.,0.6,"Decisions show some consistency with a moderate coherence rule score, but there is room for improvement.",0.7,The allocation has produced expected outputs with a high output quality and a reasonable efficiency ratio.,0.15,The goal is unlikely to reach its target by period 24 due to the negative trend and low projected value.,True,4.8,,2,True,6
6,0.39,The allocation level appears justified as the goal is best funded among peers with a high share of parent bucket at 21.1%.,0.18,Decisions may not be consistent across the hierarchy as the funding band status is outside the optimal range.,0.38,"The allocation has produced some expected outputs with an output quality of 0.82, but the efficiency ratio is relatively low at 0.119.",0.05,The goal is unlikely to reach its target by period 24 given the current trend of -0.3127 per period and only 15.2% progress so far.,True,1.7,,0.39,"The allocation level is justified as it is the best funded among peers, but it falls outside the optimal funding band.",0.18,"Decisions are not consistent across the hierarchy, time, and goals, as indicated by the low coherence rule score.",0.38,"The allocation has produced expected outputs but has not significantly moved the metric, as shown by the low needle move ratio.",0.05,The goal is unlikely to reach its target by period 24 due to the negative trend and low projected value.,True,9.1,,2,True,6
7,0.13,The allocation level is not justified against stated goals as the funding band status falls outside the optimal funding band.,0.94,"Decisions appear consistent across the hierarchy, time, and goals, as evidenced by the high coherence rule score of 0.94.",0.38,"The allocation has not produced the expected outputs and moved the metric as desired, with a low efficiency ratio of 0.081 and a weighted status score of 0.950.",0.05,"The goal is unlikely to reach its target by period 24, given the current trend of -0.0540 per period and the low attainability anchor score of 0.05.",True,1.4,,0.3,The allocation level is not justified as it falls outside the optimal funding band and is mid-ranked among peers.,0.85,Decisions appear consistent across the hierarchy with a high coherence rule score of 0.94.,0.7,"The allocation produced expected outputs with a high output quality and weighted status score, but the efficiency ratio is low.",0.1,The goal is unlikely to reach its target by period 24 due to the negative trend and low projected value.,True,7.3,,2,True,6
8,0.29,The allocation level is not justified against stated goals as the goal is worst funded among peers and falls outside the optimal funding band.,0.4,"Decisions are not entirely consistent across the hierarchy, time, and goals, given the medium dependency risk and low upstream attainability.",0.6,"The allocation has produced some expected outputs, with an output quality of 0.70 and a needle move ratio of 0.311, indicating some progress.",0.11,"The goal is unlikely to reach its target by period 24, given the current trend and projected value at period 24, which is only 11.4% of the target.",True,1.5,,0.3,The allocation level is not justified as it falls outside the optimal funding band and is the worst funded among peers.,0.5,Decisions are somewhat inconsistent given the low sibling rank and allocation drift.,0.7,The allocation has produced expected outputs with a high output quality and weighted status score.,0.1,The goal is unlikely to reach its target by period 24 due to the negative trend and low projected attainment.,True,5.3,,2,True,6
9,0.6,"The allocation level is the highest among peers, but the funding band status is outside the optimal range, which somewhat justifies the current allocation level.",0.5,"The goal has no dependency risk and is the best funded among peers, but the trend is negative, indicating inconsistent decisions across time.",0.8,"The output quality and quantity are relatively high, and the efficiency and needle move ratios indicate that the allocation is producing expected outputs.",0.2,"The current trend is negative and the projected value at period 24 is only 1.6% of the target, making it unlikely to reach the target by period 24.",True,1.8,,0.5,"The allocation level is justified as it is the best funded among peers, but it falls outside the optimal funding band.",0.47,"Decisions are somewhat consistent across the hierarchy, but the allocation drift indicates volatility.",0.38,"The allocation has produced expected outputs with a high output quality, but the efficiency ratio is low.",0.05,The goal is unlikely to reach its target by period 24 due to the negative trend and significant gap between the current value and the target.,True,6.4,,2,True,6
10,0.4,"The allocation level seems low compared to the target, with only 14.5% of the target reached and a trend indicating further decline.",0.5,"Decisions appear inconsistent as the funding band status is outside the optimal range and the sibling rank is mid-ranked, indicating potential inconsistencies in resource allocation.",0.6,"The allocation has produced some outputs, but the efficiency ratio is low and the needle move ratio is not impressive, suggesting that the allocation has not been highly effective.",0.2,"Given the current trend and progress, it seems unlikely that the goal will reach its target by period 24, with the projected value at period 24 being only 8.4% of the target.",True,1.8,,0.3,The allocation level is not justified as it falls outside the optimal funding band and is mid-ranked among peers.,0.4,Decisions are somewhat inconsistent given the allocation drift and mid-ranking among peers.,0.45,The allocation has produced some outputs but the efficiency and needle move ratios are low.,0.1,The goal is unlikely to reach its target by period 24 given the current trend and progress.,True,5.8,,2,True,6
11,0.2,The allocation level is not justified against stated goals as it falls outside the optimal funding band and has the worst funding rank among peers.,0.4,"Decisions are somewhat inconsistent across the hierarchy as the goal has a low attainability anchor score and a high dependency risk, but the coherence rule score is relatively high at 0.29.",0.6,"The allocation has produced some expected outputs, such as an output quality of 0.79 and an output quantity of 315.4 units, but the efficiency ratio is low at 0.080.",0.3,"The goal is unlikely to reach its target by period 24 due to the negative trend of -1.5555 per period and the projected value at period 24 being -10.079, which is -12.6% of the target.",True,1.7,,0.1,The allocation level is not justified as it is the worst funded among peers and falls outside the optimal funding band.,0.3,Decisions are somewhat inconsistent given the low sibling rank and allocation drift.,0.4,The allocation has produced some outputs but the efficiency ratio and needle move ratio are low.,0.05,The goal is highly unlikely to reach its target by period 24 given the current trend and progress.,True,4.9,,2,True,6
12,0.29,The allocation level is questionable given the funding band status is outside optimal and the high sibling rank score indicates it is the best funded among peers.,0.5,Decisions appear moderately consistent as the goal has the highest funding among peers but its trend and attainability are concerning.,0.89,"The allocation has produced high output quality and quantity, indicating a strong correlation between allocation and expected outputs.",0.05,"The goal's trend is negative and projected to be -107.9% of target by period 24, making it highly unlikely to reach its target.",True,1.9,,0.35,"The allocation level is justified as it is the best funded among peers, but it falls outside the optimal funding band.",0.4,"Decisions are somewhat consistent, but the allocation drift indicates volatility.",0.6,The allocation has produced expected outputs with a high output quality and weighted status score.,0.1,The goal is unlikely to reach its target by period 24 due to the negative trend and projected value.,True,4.8,,2,True,6
13,0.8,"The allocation level is somewhat justified as the goal has a mid-ranked sibling rank and a significant share of the parent bucket, but its funding band status is outside the optimal range.",0.9,"Decisions appear consistent across the hierarchy and time, with a high coherence rule score and no dependency risk, indicating a well-aligned goal.",0.85,"The allocation has produced expected outputs, with a high output quality and quantity, and a reasonable efficiency ratio, suggesting the goal is on track to move the metric.",0.2,"The goal's attainability is low due to a negative trend and a significant gap to reach the target by period 24, despite having 18 periods remaining.",True,1.7,,0.3,The allocation level is not justified as it falls outside the optimal funding band and is mid-ranked among peers.,0.7,"Decisions appear mostly consistent across the hierarchy, time, and goals, with a high coherence rule score of 0.94.",0.6,"The allocation has produced expected outputs with a high output quality and weighted status score, but the efficiency ratio is low.",0.2,The goal is unlikely to reach its target by period 24 due to the negative trend and projected value far below the target.,True,9.4,,2,True,6
14,0.2,The allocation level is not justified against stated goals as it falls outside the optimal funding band and has the worst funding rank among peers.,0.4,"Decisions are somewhat inconsistent across the hierarchy as the goal has a low attainability anchor score and a high dependency risk, but the coherence rule score is relatively high at 0.33.",0.6,"The allocation has produced some expected outputs, with an output quality of 0.75 and an output quantity of 1002.1 units, but the efficiency ratio and needle move ratio could be improved.",0.3,"The goal is unlikely to reach its target by period 24 due to the current negative trend and low progress so far, with only 21.3% of the target reached at period 6.",True,1.7,,0.1,The allocation level is not justified as it is the worst funded among peers and falls outside the optimal funding band.,0.3,Decisions are somewhat inconsistent given the low sibling rank and allocation drift.,0.4,The allocation has produced some outputs but the efficiency and needle move ratios are low.,0.05,The goal is unlikely to reach its target by period 24 given the current trend and progress.,True,4.7,,2,True,6
15,0.26,"The allocation level is questionable given the goal's low progress and high funding rank, suggesting potential misalignment with stated goals.",0.55,"Decisions appear consistent across the hierarchy, with the goal being the best funded among peers, but the allocation falls outside the optimal funding band, indicating some inconsistency.",0.37,"The allocation has produced some expected outputs, with an output quality of 0.88, but the efficiency ratio is low, indicating room for improvement in producing the desired metric movement.",0.06,"The goal's current trend and projected value at period 24 are far below the target, making it unlikely to reach its target by period 24, hence attainability is low.",True,1.7,,0.35,"The allocation level is justified as it is the best funded among peers, but it falls outside the optimal funding band.",0.45,Decisions are somewhat inconsistent given the allocation drift and the fact that the goal is outside the optimal funding band.,0.7,"The allocation has produced high-quality outputs and moved the metric, as indicated by the output quality and needle move ratio.",0.1,The goal is unlikely to reach its target by period 24 due to the negative trend and low projected value.,True,5.1,,2,True,6
16,0.26,The allocation level is not strongly justified against stated goals as evidenced by the funding band status being outside the optimal range.,0.95,"Decisions appear consistent across the hierarchy, time, and goals given the high coherence rule score of 0.95.",0.38,"The allocation has not produced the expected outputs and moved the metric as desired, with a low integrity rule score of 0.38.",0.05,The goal is unlikely to reach its target by period 24 due to the negative trend and significant shortfall from the target value.,True,1.4,,0.35,The allocation level is not justified as it falls outside the optimal funding band and is mid-ranked among peers.,0.8,"Decisions appear consistent across the hierarchy, time, and goals, with a high coherence rule score of 0.95.",0.7,"The allocation has produced expected outputs with a high output quality and weighted status score, but the efficiency ratio is low.",0.15,The goal is unlikely to reach its target by period 24 due to the negative trend and significant gap between the current value and target.,True,5.9,,2,True,6
17,0.29,The allocation level is not justified against stated goals as it falls outside the optimal funding band and has the worst funding rank among peers.,0.95,"Decisions appear consistent across the hierarchy, time, and goals, with a high coherence rule score of 0.96.",0.41,"The allocation has not produced the expected outputs and moved the metric as desired, with a low integrity rule score of 0.41.",0.05,"The goal is unlikely to reach its target by period 24, given the current trend and significant shortfall, with only 27.7% of the target reached so far.",True,1.6,,0.3,"The allocation level is justified but the goal is the worst funded among peers, indicating potential underfunding.",0.85,"Decisions appear consistent across the hierarchy, time, and goals, with a high coherence rule score.",0.7,The allocation has produced expected outputs with a high output quality and weighted status score.,0.15,The negative trend and significant gap to the target make it unlikely to reach the goal by period 24.,True,4.8,,2,True,6
18,0.52,The allocation level appears justified as the goal is best funded among peers with a high share of parent bucket at 29.6%.,0.37,"Decisions seem inconsistent as the funding band status is outside the optimal range, indicating potential misalignment across the hierarchy.",0.34,The allocation has not produced the expected outputs as the efficiency ratio is low at 0.059 and the output quality is not perfect at 0.77.,0.05,"The goal is unlikely to reach its target by period 24 due to the negative trend of -2.3396 per period and the projected value at period 24 being -22.728, which is -25.8% of the target.",True,1.7,,0.52,"The allocation level is justified as it is the best funded among peers, but it falls outside the optimal funding band.",0.37,"Decisions are somewhat inconsistent across the hierarchy, time, and goals, as indicated by the coherence rule score.",0.34,"The allocation has not produced the expected outputs effectively, with a low efficiency ratio and needle move ratio.",0.05,The goal is unlikely to reach its target by period 24 due to the negative trend and low progress so far.,True,5.6,,2,True,6
19,0.2,The allocation level is not justified against stated goals as it falls outside the optimal funding band and has the worst funding rank among peers.,0.4,Decisions are somewhat inconsistent across the hierarchy as the goal has a low coherence rule score and a high allocation drift.,0.6,"The allocation has produced some expected outputs, with an output quality of 0.79 and an output quantity of 1022.8 units, but the efficiency ratio is relatively low.",0.1,The goal is unlikely to reach its target by period 24 due to a negative trend and a significant gap between the current value and the target value.,True,1.5,,0.2,The allocation level is not justified as it is the worst funded among peers and falls outside the optimal funding band.,0.3,Decisions are not consistent across the hierarchy as the goal is the worst funded among peers.,0.4,The allocation has produced some outputs but the efficiency ratio and needle move ratio are low.,0.1,The goal is unlikely to reach its target by period 24 given the current trend and projected value.,True,5.8,,2,True,6
20,0.37,"The allocation level is questionable given the goal's low progress and high funding rank, suggesting potential misalignment with stated goals.",0.94,"Decisions appear consistent across the hierarchy and time, as evidenced by the goal's best-funded status and low dependency risk.",0.4,"The allocation has not produced the expected outputs, with a low efficiency ratio and limited needle move, indicating a potential issue with the goal's integrity.",0.05,"The goal's current trend and projected value at period 24 suggest it is highly unlikely to reach its target, making attainability a significant concern.",True,1.7,,0.37,"The allocation level is justified as it is the best funded among peers, but it falls outside the optimal funding band.",0.94,"Decisions appear consistent across the hierarchy, time, and goals, with a high coherence rule score.",0.4,"The allocation has produced expected outputs but has not moved the metric significantly, as indicated by the negative trend.",0.05,The goal is unlikely to reach its target by period 24 due to the negative trend and low projected value.,True,6.6,,2,True,6
21,0.2,The allocation level is not justified against stated goals as it falls outside the optimal funding band and has the worst funding rank among peers.,0.4,Decisions are not consistent across the hierarchy as the goal has a low funding allocation despite having a high share of the parent bucket and no dependency risk.,0.6,"The allocation has produced some expected outputs, with an output quality of 0.84 and a weighted status score of 0.950, indicating some level of integrity.",0.1,"The goal is unlikely to reach its target by period 24 due to a negative trend and a low progress percentage, with only 14.2% of the target reached so far.",True,1.7,,0.2,The allocation level is not justified as it is the worst funded among peers and falls outside the optimal funding band.,0.3,"Decisions are not consistent as the goal is underfunded and the trend is negative, indicating a lack of alignment across the hierarchy.",0.4,"The allocation has produced some outputs but the efficiency ratio is low and the trend is negative, suggesting it is not meeting expectations.",0.1,The goal is unlikely to reach its target by period 24 given the current negative trend and low progress so far.,True,6.9,,2,True,6
22,0.37,The allocation level is questionable given the funding band status is outside optimal and the attainability anchor score is low at 0.05.,0.62,"Decisions appear consistent across the hierarchy with the goal being best funded among peers, but the trend and attainability raise concerns about consistency over time.",0.82,"The allocation has produced expected outputs with an output quality of 0.82 and a weighted status score of 0.95, indicating a strong link between allocation and outputs.",0.05,"The goal is unlikely to reach its target by period 24 due to a negative trend of -1.2468 per period and a projected value of -15.237 at period 24, which is -152.4% of the target.",True,1.7,,0.37,"The allocation level is justified as it is the best funded among peers, but it falls outside the optimal funding band.",0.62,"Decisions appear consistent across the hierarchy, time, and goals, as indicated by the coherence rule score.",0.38,"The allocation has produced expected outputs with a high output quality, but the efficiency ratio and needle move ratio are relatively low.",0.05,The goal is unlikely to reach its target by period 24 due to the negative trend and projected shortfall.,True,5.3,,2,True,6
23,0.42,The allocation level appears questionable given the goal has already exceeded its target by 150.9% and its share of the parent bucket is 13.6%.,0.51,Decisions seem somewhat inconsistent as the goal's funding band status is outside the optimal range and it has a mid-ranked sibling status.,0.62,"The allocation has produced some expected outputs, with an output quality of 0.68 and an output quantity of 513.6 units, but the efficiency ratio is relatively low at 0.144.",0.23,"Given the current trend of -1.1368 per period, it is unlikely the goal will reach its target by period 24, especially considering it is already above the target value.",True,1.8,,0.35,"The allocation level is mid-ranked and falls outside the optimal funding band, indicating a moderate justification against stated goals.",0.4,Decisions appear somewhat inconsistent given the allocation drift and mid-ranked status among peers.,0.45,"The allocation has produced outputs but the efficiency and needle move ratios are low, suggesting limited impact.",0.1,"The projected trend indicates a significant overshoot of the target, making it highly unlikely to reach the goal by period 24.",True,5.7,,2,True,6
24,0.29,The allocation level is not justified against stated goals as it falls outside the optimal funding band and has the worst funding rank among peers.,0.7,"Decisions appear consistent across the hierarchy and time as there is no dependency risk and a stable trend, but the allocation drift is somewhat volatile.",0.4,"The allocation has produced some expected outputs, with an output quality of 0.82 and a needle move ratio of 0.294, but the efficiency ratio is relatively low at 0.160.",0.05,"The goal is unlikely to reach its target by period 24 due to the current negative trend and significant shortfall, with only 18.4% of the target reached so far.",True,1.6,,0.3,"The allocation level is justified as it is the worst funded among peers, but it falls outside the optimal funding band.",0.6,"Decisions are somewhat consistent across the hierarchy, but the allocation drift indicates some volatility.",0.7,The allocation has produced expected outputs with a high output quality and efficiency ratio.,0.1,"Given the current trend and progress, it is highly unlikely that the goal will reach its target by period 24.",True,6.0,,2,True,6
25,0.26,The allocation level is questionable given the goal's progress and funding band status.,0.05,Decisions appear inconsistent as the goal has a negative trend despite being the best funded among peers.,0.39,The allocation has not produced the expected outputs as evidenced by the low efficiency ratio and needle move ratio.,0.05,The goal is unlikely to reach its target by period 24 due to the negative trend and significant shortfall in progress.,True,1.3,,0.26,"The allocation level is justified as it is the best funded among peers, but it falls outside the optimal funding band.",0.05,"Decisions are not consistent across the hierarchy, time, and goals, as indicated by the low coherence rule score.",0.39,"The allocation has produced outputs but the efficiency ratio and needle move ratio are low, indicating limited impact on the metric.",0.05,The goal is unlikely to reach its target by period 24 due to the negative trend and significant gap between the current value and the target.,True,7.1,,2,True,6
26,0.2,The allocation level is not justified against stated goals as it falls outside the optimal funding band and has the worst funding rank among peers.,0.4,Decisions are not entirely consistent across the hierarchy and time as evidenced by the allocation drift and the goal being worst funded among peers.,0.3,"The allocation has not produced the expected outputs as the output quality is relatively low at 0.68 and the efficiency ratio is 0.121, indicating room for improvement.",0.1,"The goal is unlikely to reach its target by period 24 due to the negative trend and the projected value at period 24 being -13.712, which is -16.1% of the target.",True,1.5,,0.1,The allocation level is not justified as it is the worst funded among peers and falls outside the optimal funding band.,0.4,Decisions are somewhat inconsistent given the low sibling rank and funding band status.,0.35,The allocation has not produced the expected outputs as indicated by the low efficiency ratio and needle move ratio.,0.05,The goal is unlikely to reach its target by period 24 due to the negative trend and low progress so far.,True,5.5,,2,True,6
27,0.31,The allocation level is not justified against stated goals as the goal is worst funded among peers and its allocation falls outside the optimal funding band.,0.79,"Decisions appear consistent across the hierarchy, time, and goals, given the low dependency risk and stable allocation drift.",0.65,"The allocation has produced some expected outputs, with an output quality of 0.65 and an output quantity of 1006.3 units, but the efficiency ratio is relatively low at 0.093.",0.05,"The goal is unlikely to reach its target by period 24, given the current trend of -2.7346 per period and the projected value of -22.742 at period 24.",True,1.5,,0.35,"The allocation level is justified given the goal's share of the parent bucket and budget share of L2, but it is the worst funded among peers.",0.55,"Decisions appear somewhat consistent across the hierarchy, but the allocation falling outside the optimal funding band indicates inconsistencies.",0.65,"The allocation has produced outputs with a reasonable efficiency ratio and needle move ratio, but the trend is negative.",0.15,"Given the current trend and progress, it is highly unlikely that the goal will reach its target by period 24.",True,5.4,,2,True,6
28,0.6,"The allocation level is somewhat justified as the goal is best funded among peers, but its funding falls outside the optimal band.",0.4,"Decisions appear inconsistent as the goal has a low dependency risk, yet its attainability is questionable due to a negative trend.",0.7,"The allocation has produced some expected outputs, with an output quality of 0.71 and a needle move ratio of 0.265, indicating a moderate level of integrity.",0.3,"The goal is unlikely to reach its target by period 24 due to a negative trend and a projected value of -21.416, which is -25.2% of the target.",True,1.5,,0.5,"The allocation level is justified as it is the best funded among peers, but it falls outside the optimal funding band.",0.38,"Decisions are somewhat inconsistent across the hierarchy, time, and goals, as indicated by the coherence rule score.",0.36,"The allocation has not produced the expected outputs effectively, with a low efficiency ratio and needle move ratio.",0.05,The goal is unlikely to reach its target by period 24 due to the negative trend and low progress so far.,True,5.5,,2,True,6
29,0.4,The allocation level is not fully justified as it falls outside the optimal funding band despite being the best funded among peers.,0.85,"Decisions appear consistent across the hierarchy as the goal has the highest funding among peers and no dependency risk, but the trend is negative.",0.8,"The allocation has produced expected outputs with a high output quality and quantity, but the efficiency ratio is relatively low.",0.2,The goal is unlikely to reach its target by period 24 due to the negative trend and significant shortfall projected at period 24.,True,1.4,,0.75,The allocation level is justified as it is the best funded among peers and has a significant share of the parent bucket.,0.8,Decisions appear consistent across the hierarchy with a high coherence rule score of 0.92.,0.7,"The allocation has produced expected outputs with a high output quality and weighted status score, but the efficiency ratio is relatively low.",0.2,The negative trend and projected value at period 24 indicate that the goal is unlikely to reach its target.,True,5.0,,2,True,6
30,0.4,The allocation level is not fully justified as the goal is worst funded among peers and its funding falls outside the optimal band.,0.6,"Decisions appear somewhat consistent as the goal has a low dependency risk, but the allocation drift and funding band status raise some concerns.",0.7,"The allocation has produced some expected outputs, with an output quality of 0.69 and a needle move ratio of 0.251, indicating a moderate level of integrity.",0.2,"The goal is unlikely to reach its target by period 24 due to the negative trend and significant shortfall, with only 19.6% of the target reached so far.",True,1.5,,0.25,The allocation level is not justified as it falls outside the optimal funding band and is the worst funded among peers.,0.4,Decisions are somewhat inconsistent given the low sibling rank and allocation drift.,0.6,"The allocation has produced outputs with a reasonable efficiency ratio and needle move ratio, but the trend is negative.",0.1,The goal is unlikely to reach its target by period 24 due to the negative trend and low progress so far.,True,4.8,,2,True,6
31,0.26,"The allocation level is questionable given the funding band status is outside optimal, despite being the best funded among peers.",0.51,"Decisions appear consistent as the goal has the highest rank score and a significant share of the parent bucket, but the allocation drift and funding band status raise some concerns.",0.46,"The allocation has produced expected outputs, with a high output quantity and a weighted status score close to 1.0, but the efficiency ratio is relatively low.",0.05,The goal is unlikely to reach its target by period 24 due to the negative trend and projected value at period 24 being below the target.,True,1.8,,0.35,"The allocation level is justified as it is the best funded among peers, but it falls outside the optimal funding band.",0.4,"Decisions are somewhat consistent, but the allocation drift indicates volatility.",0.55,"The allocation has produced expected outputs with a high output quality and weighted status score, but the efficiency ratio is low.",0.15,The goal is unlikely to reach its target by period 24 due to the negative trend and projected shortfall.,True,6.8,,2,True,6
32,0.4,The allocation level is not justified against stated goals as it falls outside the optimal funding band and has the worst funding rank among peers.,0.85,"Decisions appear consistent across the hierarchy and time, with a low dependency risk and no active budget shock, but the funding allocation is not optimal.",0.8,"The allocation has produced expected outputs, with a high output quality and quantity, but the efficiency ratio and needle move ratio could be improved.",0.2,"The goal is unlikely to reach its target by period 24 due to the current negative trend and significant shortfall, with only 24.1% of the target reached so far.",True,1.5,,0.2,The allocation level is not justified as it is the worst funded among peers and falls outside the optimal funding band.,0.7,"Decisions are somewhat consistent across the hierarchy, time, and goals, as indicated by the coherence rule score of 0.93.",0.6,"The allocation has produced reasonable outputs with a high output quality, but the efficiency and needle move ratios are relatively low.",0.1,The goal is unlikely to reach its target by period 24 due to the negative trend and low progress so far.,True,6.0,,2,True,6
33,0.26,The allocation level is questionable given the goal's high dependency risk and funding outside the optimal band.,0.92,Decisions appear consistent across the hierarchy as the goal is best funded among peers with a high share of the parent bucket.,0.38,"The allocation has produced some expected outputs, but the efficiency ratio and needle move ratio indicate room for improvement.",0.05,The goal's current trend and projected value at period 24 suggest it is unlikely to reach its target by period 24.,True,1.5,,0.3,"The allocation level is justified as it is the best funded among peers, but it falls outside the optimal funding band.",0.7,Decisions appear consistent across the hierarchy with a high coherence rule score of 0.92.,0.6,"The allocation produced expected outputs with a high output quality of 0.80, but the efficiency ratio is low at 0.105.",0.1,The goal is unlikely to reach its target by period 24 due to the negative trend and low progress so far.,True,5.4,,2,True,6
34,0.2,The allocation level is not justified against stated goals as it falls outside the optimal funding band and has the worst funding rank among peers.,0.4,"Decisions are somewhat consistent across the hierarchy and time, but the funding band status and sibling rank suggest inconsistencies.",0.3,The allocation has not produced the expected outputs as the output quality and efficiency ratio are relatively low.,0.1,"The goal is unlikely to reach its target by period 24 due to the negative trend and low progress so far, with only 25.7% of the target reached.",True,1.4,,0.2,The allocation level is not justified as it is the worst funded among peers and falls outside the optimal funding band.,0.38,"Decisions are somewhat consistent across the hierarchy, time, and goals, as indicated by the coherence rule score.",0.37,"The allocation has produced some expected outputs but has not significantly moved the metric, as shown by the efficiency and needle move ratios.",0.05,The goal is unlikely to reach its target by period 24 due to the negative trend and low attainability anchor score.,True,5.1,,2,True,6
0,0.46,The allocation level is justified as the goal is best funded among peers with a high share of parent bucket at 18.6%.,0.41,"Decisions appear consistent across the hierarchy as the goal has a high rank score of 0.00, indicating it is well-funded compared to peers.",0.4,"The allocation has produced some expected outputs with an output quality of 0.68 and an efficiency ratio of 0.262, but there is room for improvement.",0.43,The goal is unlikely to reach its target by period 24 as the current trend projects only 42.6% of the target will be reached by then.,True,1.9,,0.45,"The allocation level is justified as it is the best funded among peers, but it falls outside the optimal funding band.",0.4,Decisions are somewhat inconsistent given the allocation drift and the current budget shock impact.,0.4,"The allocation has produced outputs but the efficiency and needle move ratios are low, indicating suboptimal performance.",0.35,"Given the current trend and the impact of the budget shock, reaching the target by period 24 is highly unlikely.",True,5.1,,2,True,12
1,0.4,The allocation level is not justified against stated goals as it falls outside the optimal funding band and has the worst funding rank among peers.,0.8,"Decisions appear consistent across the hierarchy and time, with a low allocation drift and a clear dependency context, but the funding band status raises some concerns.",0.6,"The allocation has produced some expected outputs, with a moderate output quality and quantity, but the efficiency ratio and needle move ratio indicate room for improvement.",0.2,"The goal is unlikely to reach its target by period 24, given the current trend and the significant gap between the current value and the target, despite having 12 periods remaining.",True,1.7,,0.2,The allocation level is not justified as it is the worst funded among peers and falls outside the optimal funding band.,0.7,"Decisions are somewhat consistent across the hierarchy, time, and goals, as indicated by the coherence rule score of 0.86.",0.6,"The allocation has produced some expected outputs with an efficiency ratio of 0.099 and a needle move ratio of 0.273, but improvements are needed.",0.15,"The goal is unlikely to reach its target by period 24, given the current trend and the impact of the budget shock.",True,6.5,,2,True,12
2,0.4,"The allocation level is not strongly justified against stated goals, given the goal's mid-ranked status and allocation outside the optimal funding band.",0.8,"Decisions appear consistent across the hierarchy and time, with a high coherence rule score and stable trend, but the budget shock and allocation drift introduce some inconsistency.",0.7,"The allocation has produced expected outputs, with a high output quality and quantity, but the efficiency ratio and needle move ratio indicate room for improvement.",0.2,"The goal is unlikely to reach its target by period 24, given the current trend and projected value at period 24, which is only 31.8% of the target.",True,1.7,,0.35,The allocation level is not justified as it falls outside the optimal funding band and is mid-ranked among peers.,0.7,"Decisions appear somewhat consistent across the hierarchy, with a moderate dependency risk and no goals depending on this one.",0.65,The allocation has produced high-quality outputs but the efficiency and needle move ratios suggest room for improvement.,0.2,"Given the current trend and budget shock, it is unlikely that the goal will reach its target by period 24.",True,6.2,,2,True,12
3,0.85,The goal's allocation level is justified as it is the best funded among peers and its funding band status is optimal.,0.8,Decisions appear consistent across the hierarchy as the goal has a high relevance rule score and a moderate coherence rule score.,0.6,"The allocation has produced some expected outputs, but the efficiency ratio and weighted status score indicate room for improvement.",0.3,The goal is unlikely to reach its target by period 24 due to the current budget shock and low projected attainment of 39.5% by period 24.,True,1.4,,0.85,The allocation level is justified as it is the best funded among peers and sits within the optimal funding band.,0.7,"Decisions are mostly consistent across the hierarchy, but the budget shock and its impact suggest some inconsistency.",0.65,"The allocation has produced high-quality outputs, but the efficiency and needle move ratios indicate room for improvement.",0.3,"Given the current trend and the impact of the budget shock, it is unlikely that the goal will reach its target by period 24.",True,5.9,,2,True,12
4,0.42,"The allocation level is somewhat justified as the goal has a mid-ranked sibling rank and a significant share of the parent bucket, but the funding band status is outside optimal.",0.51,"Decisions appear moderately consistent across the hierarchy and time, given the goal's progress and trend, but the budget shock and allocation drift introduce some inconsistency.",0.68,"The allocation has produced expected outputs to some extent, with a reasonable output quality and quantity, but the efficiency and needle move ratios indicate room for improvement.",0.29,"The goal is unlikely to reach its target by period 24, given the current trend and the significant gap between the projected value and the target, despite having 12 periods remaining.",True,1.9,,0.3,The allocation level is not justified against stated goals due to the budget shock and low sibling rank.,0.4,"Decisions are somewhat inconsistent across the hierarchy, time, and goals, as indicated by the allocation drift and budget shock impact.",0.45,"The allocation did not produce the expected outputs effectively, given the low efficiency and needle move ratios.",0.2,"The goal is unlikely to reach its target by period 24, as projected progress is only 28.4% of the target.",True,5.6,,2,True,12
5,0.4,The allocation level is not fully justified as the goal is worst funded among peers and falls outside the optimal funding band.,0.6,"Decisions appear somewhat consistent across the hierarchy, but the funding band status and sibling rank suggest some inconsistencies.",0.65,"The allocation has produced some expected outputs, with a needle move ratio of 0.301 and output quality of 0.72, indicating a moderate level of integrity.",0.2,"The goal is unlikely to reach its target by period 24, given the current trend and the significant budget cut, which will hinder progress.",True,1.8,,0.2,The allocation level is not justified as it is the worst funded among peers and falls outside the optimal funding band.,0.7,"Decisions appear consistent across the hierarchy and time, with a coherence rule score of 0.73.",0.4,"The allocation did not produce the expected outputs efficiently, with an efficiency ratio of 0.142 and a needle move ratio of 0.301.",0.15,"The goal is unlikely to reach its target by period 24, with the current trend projecting only 30.6% of the target.",True,8.7,,2,True,12
6,0.82,The goal's allocation level is justified as it is the best funded among peers with a significant share of the parent bucket at 17.4%.,0.58,"Decisions appear somewhat consistent across the hierarchy, but the funding band status falling outside the optimal range raises concerns about coherence over time.",0.71,"The allocation has produced expected outputs with an output quality of 0.72 and a notable output quantity of 928.7 units, indicating a reasonable level of integrity.",0.29,"The goal is unlikely to reach its target by period 24, given the current trend projects only 31.1% of the target will be reached by then, despite having 12 periods remaining.",True,1.7,,0.34,"The allocation level is justified as it is the best funded among peers, but falls outside the optimal funding band.",0.18,"Decisions are not consistent across the hierarchy, time, and goals, as indicated by the low coherence rule score.",0.42,"The allocation has produced expected outputs, but the efficiency and needle move ratios are low.",0.31,"The goal is unlikely to reach its target by period 24, given the current trend and budget shock impact.",True,5.3,,2,True,12
7,0.65,"The allocation level seems somewhat justified given the goal's mid-ranked status among peers and optimal funding band, but the budget shock and low progress so far raise concerns.",0.8,"Decisions appear consistent across the hierarchy and time, with a stable allocation drift and a clear dependency context, but the budget shock impact and low upstream attainability average may indicate some inconsistencies.",0.6,"The allocation has produced some expected outputs, with a reasonable output quality and quantity, but the efficiency ratio and needle move ratio are relatively low, indicating room for improvement.",0.2,"The goal is unlikely to reach its target by period 24, given the current progress, trend, and projected value, which are all significantly below the target, and the budget shock has further reduced the allocation.",True,3.0,,0.45,The allocation level is justified as it sits within the optimal funding band and has a mid-ranked share among peers.,0.73,"Decisions appear consistent across the hierarchy, time, and goals, as indicated by the coherence rule score.",0.44,"The allocation has produced expected outputs but has not significantly moved the metric, as shown by the efficiency and needle move ratios.",0.39,"Given the current trend and budget shock, it is unlikely that the goal will realistically reach its target by period 24.",True,5.3,,2,True,12
8,0.29,The allocation level is not justified against stated goals as the goal is worst funded among peers and falls outside the optimal funding band.,0.4,"Decisions are not entirely consistent across the hierarchy, time, and goals, given the medium dependency risk and the goal's low funding status.",0.6,"The allocation has produced some expected outputs, with an output quality of 0.68 and a needle move ratio of 0.317, indicating some progress.",0.2,"The goal is unlikely to reach its target by period 24, given the current progress of 22.2% and the projected value at period 24 being only 34.3% of the target.",True,2.2,,0.35,The allocation level is not justified against stated goals due to being the worst funded among peers and outside the optimal funding band.,0.5,Decisions show some inconsistency given the allocation drift and budget shock impact.,0.6,The allocation has produced expected outputs with a reasonable efficiency ratio and needle move ratio.,0.2,The goal is unlikely to reach its target by period 24 given the current trend and budget shock impact.,True,4.9,,2,True,12
9,0.6,"The allocation level is the highest among peers, but the goal is still far from its target, which raises questions about the justification of the current allocation level.",0.5,"Decisions seem consistent across the hierarchy, as the goal is best funded among peers, but the funding band status is outside the optimal range, indicating some inconsistency.",0.8,"The allocation has produced a high output quantity and a relatively good output quality, indicating that the allocation is producing the expected outputs and moving the metric.",0.2,"The current trend and projected value at period 24 are far from the target, and the time to green is estimated to be only 4 periods, which suggests that the goal is unlikely to reach its target by period 24.",True,1.8,,0.5,"The allocation level is justified as it is the best funded among peers, but falls outside the optimal funding band.",0.47,"Decisions are somewhat consistent, but the allocation drift indicates volatility.",0.44,"The allocation has produced expected outputs with a high weighted status score, but the efficiency and needle move ratios are low.",0.21,"Given the current trend and budget shock, it is unlikely the goal will reach its target by period 24.",True,6.1,,2,True,12
10,0.42,"The allocation level is somewhat justified as the goal has a mid-ranked sibling rank and a significant share of the parent bucket, but the funding band status is outside optimal.",0.51,"Decisions appear to be moderately consistent across the hierarchy and time, given the goal's progress and trend, but the budget shock and allocation drift introduce some inconsistency.",0.38,"The allocation has produced some expected outputs, with a reasonable output quality and quantity, but the efficiency and needle move ratios are relatively low, indicating room for improvement.",0.23,"The goal is unlikely to reach its target by period 24, given the current trend and the significant impact of the budget shock, which has resulted in a substantial drop from the pre-shock allocation level.",True,2.0,,0.35,The allocation level is not justified against stated goals due to the budget shock and allocation falling outside the optimal funding band.,0.4,"Decisions are somewhat inconsistent across the hierarchy, time, and goals, as indicated by the coherence rule score of 0.46.",0.3,"The allocation did not produce the expected outputs effectively, with a low efficiency ratio of 0.251 and a weighted status score of 0.050.",0.2,"The goal is unlikely to reach its target by period 24, given the current trend and the impact of the budget shock.",True,5.9,,2,True,12
11,0.2,The allocation level is not justified against stated goals as the goal is worst funded among peers and its funding falls outside the optimal funding band.,0.4,"Decisions are not entirely consistent across the hierarchy, time, and goals, as evidenced by the goal's low rank score and allocation drift.",0.6,"The allocation has produced some expected outputs, with an output quality of 0.68 and an efficiency ratio of 0.174, indicating a moderate level of integrity.",0.1,"The goal is unlikely to reach its target by period 24, given its current progress and trend, which projects to only 24.6% of the target by period 24.",True,1.6,,0.1,The allocation level is not justified as it is the worst funded among peers and falls outside the optimal funding band.,0.3,Decisions are somewhat inconsistent given the low sibling rank and allocation drift.,0.4,The allocation has produced some outputs but the efficiency and needle move ratios are low.,0.2,"Given the current trend and budget shock, it is unlikely the goal will reach its target by period 24.",True,5.8,,2,True,12
12,0.65,"The allocation level is somewhat justified as the goal is best funded among peers, but the funding band status is outside optimal, which raises questions about the allocation efficiency.",0.55,"Decisions seem moderately consistent as there is no dependency risk, but the allocation drift and budget shock impact suggest some inconsistencies in resource allocation over time.",0.8,"The allocation has produced expected outputs to some extent, with a high output quantity and a relatively good weighted status score, indicating a reasonable level of integrity in the allocation.",0.3,"The goal is unlikely to reach its target by period 24 due to the current negative trend and the significant gap between the current value and the target, despite having 12 periods remaining.",True,1.6,,0.35,The allocation level is not justified as it falls outside the optimal funding band and is currently in a budget shock period.,0.4,Decisions are somewhat inconsistent given the allocation drift and the budget shock impact.,0.45,"The allocation has produced outputs but the efficiency and needle move ratios are low, indicating suboptimal performance.",0.25,"Given the negative trend and current budget shock, it is unlikely the goal will reach its target by period 24.",True,6.7,,2,True,12
13,0.4,The allocation level is not fully justified as the goal's progress is behind target and the funding band status is outside the optimal range.,0.8,Decisions appear consistent across the hierarchy as the goal has a clear dependency context and a mid-ranked sibling status.,0.6,"The allocation has produced some expected outputs, but the output quality and efficiency ratio are not optimal, indicating room for improvement.",0.2,The goal is unlikely to reach its target by period 24 due to the current negative trend and the significant gap between the current value and the target value.,True,1.6,,0.3,The allocation level is not justified as it falls outside the optimal funding band and is mid-ranked among peers.,0.6,"Decisions are somewhat consistent across the hierarchy, but the budget shock and allocation drift indicate some inconsistencies.",0.5,"The allocation has produced outputs, but the efficiency and needle move ratios suggest it has not fully met expectations.",0.2,"Given the current trend and budget shock, it is unlikely that the goal will realistically reach its target by period 24.",True,5.9,,2,True,12
14,0.2,The allocation level is not justified against stated goals as it falls outside the optimal funding band and has the worst funding rank among peers.,0.4,Decisions are somewhat inconsistent across the hierarchy as evidenced by the allocation drift and the goal being worst funded among peers.,0.6,"The allocation has produced some expected outputs, with an output quality of 0.66 and an output quantity of 1052.0 units, but the efficiency ratio is relatively low at 0.282.",0.3,"The goal is unlikely to reach its target by period 24, given the current trend and the significant budget cut, with only 25.6% of the target reached so far.",True,1.6,,0.2,The allocation level is not justified as it is the worst funded among peers and falls outside the optimal funding band.,0.3,Decisions are inconsistent as the goal is underfunded and has a high allocation drift.,0.4,The allocation has produced some outputs but the efficiency and needle move ratios are low.,0.25,The goal is unlikely to reach its target by period 24 due to the current trend and budget shock impact.,True,5.6,,2,True,12
15,0.8,"The goal has the highest funding among peers and a significant share of the parent bucket, justifying its allocation level.",0.6,"Decisions appear somewhat consistent, but the allocation falls outside the optimal funding band, indicating potential inconsistencies.",0.7,"The goal has produced outputs, but the efficiency ratio and output quality could be improved, indicating some alignment between allocation and expected outputs.",0.3,"The current trend and projected value at period 24 are significantly below the target, making it unlikely to reach the goal by period 24.",True,1.5,,0.3,"The allocation level is justified but falls outside the optimal funding band, indicating potential misalignment with stated goals.",0.4,"Decisions show some inconsistency, as evidenced by the allocation drift and the budget shock impact.",0.45,"The allocation has produced outputs, but the efficiency ratio and needle move ratio suggest suboptimal performance.",0.15,"Given the current trend and budget shock, it is highly unlikely that the goal will reach its target by period 24.",True,8.2,,2,True,12
16,0.26,The allocation level is not justified against stated goals as the funding band status falls outside the optimal funding band.,0.83,"Decisions appear consistent across the hierarchy, time, and goals, as indicated by the high coherence rule score of 0.83.",0.46,"The allocation has not produced the expected outputs and moved the metric as efficiently as desired, with an efficiency ratio of 0.222 and a needle move ratio of 0.301.",0.23,"The goal is unlikely to reach its target by period 24, given the current trend and the significant gap between the current value and the target value.",True,1.6,,0.3,The allocation level is not justified as it falls outside the optimal funding band and is mid-ranked among peers.,0.75,"Decisions appear mostly consistent across the hierarchy, time, and goals, with a high coherence rule score of 0.83.",0.65,"The allocation produced high-quality outputs but the efficiency and needle move ratios are low, indicating mixed results.",0.15,"Given the current trend and budget shock, it is highly unlikely that the goal will reach its target by period 24.",True,5.1,,2,True,12
17,0.2,The allocation level is not justified against stated goals as it falls outside the optimal funding band and has the worst funding rank among peers.,0.9,"Decisions appear consistent across the hierarchy and time, with a high coherence rule score of 0.96 and no dependency risk.",0.4,The allocation has not produced the expected outputs as the trend is negative and the efficiency ratio is low at 0.251.,0.1,"The goal is unlikely to reach its target by period 24 due to the current negative trend and significant shortfall in progress, with only 25.1% of the target reached so far.",True,1.7,,0.3,The allocation level is not justified as it is the worst funded among peers and falls outside the optimal funding band.,0.9,"Decisions appear consistent across the hierarchy, time, and goals, with a high coherence rule score of 0.96.",0.85,"The allocation produced expected outputs with a high output quality and weighted status score, but the efficiency ratio is low.",0.15,The goal is unlikely to reach its target by period 24 due to the negative trend and budget shock impact.,True,5.3,,2,True,12
18,0.6,"The goal's allocation level is the best funded among peers, but its funding band status falls outside the optimal range, justifying a moderate relevance score.",0.4,"Decisions appear inconsistent as the goal has a low dependency risk, yet its allocation drift is relatively high, indicating some incoherence in decision-making.",0.65,"The goal has produced a moderate output quality and quantity, with a notable needle move ratio, suggesting that the allocation has had some positive impact on the metric.",0.2,"Given the current trend and significant budget cut, it is unlikely that the goal will reach its target by period 24, as the projected value at period 24 is only 35.2% of the target.",True,2.2,,0.52,"The allocation level is justified as it is the best funded among peers, but it falls outside the optimal funding band.",0.37,"Decisions are somewhat inconsistent across the hierarchy, time, and goals, as indicated by the coherence rule score.",0.34,"The allocation did not produce the expected outputs and move the metric significantly, as shown by the low integrity rule score.",0.35,"The goal is unlikely to reach its target by period 24, given the current trend and the impact of the budget shock.",True,5.1,,2,True,12
19,0.2,The allocation level is not justified against stated goals as it falls outside the optimal funding band and has the worst funding rank among peers.,0.4,Decisions are somewhat inconsistent across the hierarchy as the goal has a low funding allocation despite having a dependent goal and a significant share of the parent bucket.,0.6,"The allocation has produced some expected outputs, with an output quality of 0.70 and an output quantity of 912.7 units, but the efficiency and needle move ratios are relatively low.",0.3,The goal is unlikely to reach its target by period 24 due to the current budget shock and the projected value at period 24 being only 34.7% of the target.,True,1.8,,0.2,The allocation level is not justified as it is the worst funded among peers and falls outside the optimal funding band.,0.3,Decisions are inconsistent as the goal is underfunded and the trend projection shows it will not meet the target.,0.4,"The allocation has produced some outputs but the efficiency and needle move ratios are low, indicating suboptimal performance.",0.15,"Given the current trend and budget shock, it is highly unlikely that the goal will reach its target by period 24.",True,5.0,,2,True,12
20,0.42,"The allocation level is not fully justified as the goal is currently underfunded and outside the optimal funding band, despite being the best funded among peers.",0.91,"Decisions appear consistent across the hierarchy and time, with a high coherence rule score and a low allocation drift, indicating stable allocation decisions.",0.85,"The allocation has produced expected outputs, with a high output quality and quantity, but the efficiency and needle move ratios are relatively low, indicating some room for improvement.",0.23,"The goal is unlikely to reach its target by period 24, given the current trend and the significant gap between the current value and the target, despite having 12 periods remaining.",True,1.8,,0.37,"The allocation level is justified as it is the best funded among peers, but falls outside the optimal funding band.",0.94,"Decisions appear consistent across the hierarchy, time, and goals, with a high coherence rule score.",0.49,"The allocation has produced expected outputs but has not significantly moved the metric, as indicated by the efficiency and needle move ratios.",0.28,"Given the current trend and budget shock, it is unlikely that the goal will realistically reach its target by period 24.",True,5.2,,2,True,12
21,0.21,The allocation level is not justified against stated goals as it falls outside the optimal funding band and has the worst funding rank among peers.,0.39,Decisions are not entirely consistent across the hierarchy and time as evidenced by the allocation drift and the goal being in a budget shock period.,0.58,"The allocation has produced some expected outputs, with a delivery picture showing an output quality of 0.76 and an efficiency ratio of 0.241, indicating some level of integrity.",0.29,"The goal is unlikely to reach its target by period 24 due to the current trend projecting only 40.6% of the target and the time to green being estimated at 5 periods, which may not be sufficient.",True,1.9,,0.25,The allocation level is not justified as it is the worst funded among peers and falls outside the optimal funding band.,0.3,Decisions are not consistent as the goal is underfunded and the trend projection shows it will not meet the target.,0.6,"The allocation has produced outputs with a reasonable efficiency and needle move ratio, but the overall progress is low.",0.2,It is unlikely the goal will reach its target by period 24 given the current trend and budget shock impact.,True,6.0,,2,True,12
22,0.42,The allocation level is not fully justified as it falls outside the optimal funding band and has a high allocation drift.,0.58,"Decisions appear somewhat consistent across the hierarchy, but the funding band status and allocation drift suggest some inconsistencies.",0.82,"The allocation has produced expected outputs, with a high output quality and quantity, indicating a strong level of integrity.",0.28,The goal is unlikely to reach its target by period 24 due to the current negative trend and the projected value at period 24 being significantly below the target.,True,1.7,,0.37,"The allocation level is justified against stated goals, but the budget shock and allocation drift indicate potential issues.",0.62,"Decisions are somewhat consistent across the hierarchy, time, and goals, but the allocation drift and budget shock impact coherence.",0.41,"The allocation produced expected outputs and moved the metric, but the efficiency and needle move ratios suggest room for improvement.",0.32,"Given the current trend and budget shock, it is unlikely that the goal will realistically reach its target by period 24.",True,5.9,,2,True,12
23,0.42,"The allocation level is questionable given the goal's mid-ranked status and funding outside the optimal band, justifying a moderate relevance score.",0.51,"Decisions appear somewhat consistent, but the allocation drift and budget shock impact suggest room for improvement in coherence across the hierarchy and time.",0.61,"The goal has produced some expected outputs, with a moderate output quality and quantity, but the efficiency and needle move ratios indicate areas for improvement in integrity.",0.29,"The current trend and projected value at period 24, combined with the budget shock and slow recovery runway, suggest a low likelihood of reaching the target by period 24, justifying a low attainability score.",True,2.0,,0.35,The allocation level is not justified as it falls outside the optimal funding band and is mid-ranked among peers.,0.4,Decisions are somewhat inconsistent given the allocation drift and the current budget shock impact.,0.45,"The allocation has produced outputs but the efficiency and needle move ratios are low, indicating suboptimal performance.",0.2,"Given the current trend and budget shock, it is unlikely that the goal will reach its target by period 24.",True,4.9,,2,True,12
24,0.29,The allocation level is not justified against stated goals as it falls outside the optimal funding band and has the worst funding rank among peers.,0.7,"Decisions appear consistent across the hierarchy, time, and goals, with a high coherence rule score of 0.70.",0.39,"The allocation has not produced the expected outputs and moved the metric as desired, with a low efficiency ratio of 0.267 and a low needle move ratio of 0.255.",0.24,"The goal is unlikely to reach its target by period 24, with a projected value of 16.531, which is only 23.6% of the target, and a low attainability anchor score of 0.24.",True,2.0,,0.35,The allocation level is not justified as it is the worst funded among peers and falls outside the optimal funding band.,0.6,"Decisions show some consistency with a weighted status score of 0.950, but the allocation drift indicates volatility.",0.75,The allocation has produced expected outputs with an efficiency ratio of 0.267 and a needle move ratio of 0.255.,0.2,The goal is unlikely to reach its target by period 24 due to the current trend and budget shock impact.,True,5.5,,2,True,12
25,0.65,The goal's allocation level is justified as it is the best funded among peers with a significant share of the parent bucket at 31.9%.,0.4,"Decisions appear somewhat consistent across the hierarchy, but the funding band status is outside the optimal range, indicating potential inconsistencies.",0.6,"The allocation has produced some expected outputs, with an output quality of 0.71 and an efficiency ratio of 0.258, but the needle move ratio is relatively low at 0.293.",0.2,"The goal is unlikely to reach its target by period 24, given the current trend and the significant budget shock, with only 29.1% of the target reached so far.",True,1.7,,0.26,"The allocation level is justified as it is the best funded among peers, but falls outside the optimal funding band.",0.05,"Decisions are not consistent across the hierarchy, time, and goals, as indicated by the low coherence rule score.",0.4,"The allocation produced expected outputs but did not significantly move the metric, as shown by the efficiency and needle move ratios.",0.28,The goal is unlikely to reach its target by period 24 due to the negative trend and budget shock impact.,True,5.1,,2,True,12
26,0.2,The allocation level is not justified against stated goals as the goal is worst funded among peers and its funding falls outside the optimal funding band.,0.4,"Decisions are not consistent across the hierarchy as the goal has a low rank score and a high allocation drift, indicating inconsistent funding.",0.3,The allocation did not produce the expected outputs as the output quality is relatively low and the efficiency ratio is poor.,0.1,The goal will not realistically reach its target by period 24 due to the current negative trend and the significant gap between the current value and the target value.,True,1.8,,0.2,The allocation level is not justified as it falls outside the optimal funding band and is the worst funded among peers.,0.4,"Decisions are somewhat inconsistent, given the allocation drift and the budget shock impact.",0.35,"The allocation did not produce the expected outputs, as evidenced by the low efficiency ratio and needle move ratio.",0.15,"The goal is unlikely to reach its target by period 24, given the negative trend and the impact of the budget shock.",True,5.2,,2,True,12
27,0.35,The allocation level is not justified against stated goals as the goal is worst funded among peers and its funding falls outside the optimal funding band.,0.6,"Decisions are somewhat consistent across the hierarchy and time, but the goal's funding band status and allocation drift suggest some inconsistencies.",0.65,"The allocation has produced some expected outputs, with an output quality of 0.72 and a needle move ratio of 0.283, indicating a moderate level of integrity.",0.2,"The goal is unlikely to reach its target by period 24, given its current progress and trend, which projects to only 28.1% of the target by period 24.",True,1.6,,0.35,The allocation level is not justified against stated goals due to being the worst funded among peers and falling outside the optimal funding band.,0.5,"Decisions show some inconsistency, as evidenced by the allocation drift and the current budget shock impact.",0.6,"The allocation has produced outputs with a reasonable efficiency ratio and needle move ratio, indicating some expected results.",0.25,"Given the current trend and budget shock, it is unlikely that the goal will reach its target by period 24.",True,5.6,,2,True,12
28,0.6,"The goal's allocation level is the highest among peers, but its funding band status is outside the optimal range, which somewhat justifies the current allocation level.",0.4,"Decisions across the hierarchy and time seem inconsistent, given the goal's funding band status is outside the optimal range and its trend is negative.",0.7,"The goal has produced a reasonable output quantity and quality, with an efficiency ratio and needle move ratio that suggest some effectiveness in moving the metric.",0.2,"The goal's current trend and projected value at period 24 are significantly below the target, and the time to green is estimated to be 5 periods, indicating a low likelihood of reaching the target by period 24.",True,1.9,,0.5,"The allocation level is justified as it is the best funded among peers, but the budget shock impacts relevance.",0.38,Decisions are somewhat inconsistent due to the budget shock and allocation drift.,0.34,The allocation did not produce the expected outputs as the trend is negative and the efficiency ratio is low.,0.19,The goal is unlikely to reach its target by period 24 due to the negative trend and budget shock.,True,4.8,,2,True,12
29,0.65,"The allocation level is somewhat justified as the goal is best funded among peers, but the funding band status is outside optimal, leading to a moderate relevance score.",0.85,"Decisions appear consistent across the hierarchy as the goal has a high coherence rule score and no dependency risk, indicating a high level of coherence.",0.7,"The allocation has produced some expected outputs, with a decent output quality and quantity, but the efficiency ratio is relatively low, resulting in a moderate integrity score.",0.2,"The goal is unlikely to reach its target by period 24 due to the current negative trend and significant shortfall in projected value, despite having 12 periods remaining.",True,1.6,,0.35,The allocation level is not justified against stated goals due to the budget shock and the goal being the best funded among peers.,0.65,"Decisions are somewhat consistent across the hierarchy, time, and goals, but the budget shock has disrupted coherence.",0.7,The allocation has produced expected outputs with a high output quality and reasonable efficiency ratio.,0.2,The goal is unlikely to reach its target by period 24 due to the negative trend and budget shock impact.,True,5.6,,2,True,12
30,0.4,The allocation level is not fully justified as the goal is worst funded among peers and its funding falls outside the optimal funding band.,0.5,"Decisions appear somewhat consistent, but the goal's funding band status and sibling rank suggest potential inconsistencies in resource allocation across the hierarchy.",0.8,"The allocation has produced expected outputs, as evidenced by the output quality and quantity, but the efficiency ratio and needle move ratio indicate room for improvement.",0.3,"The goal is unlikely to reach its target by period 24, given the current trend and the impact of the budget shock, which resulted in a 20% budget cut.",True,1.7,,0.25,The allocation level is not justified as it falls outside the optimal funding band and is the worst funded among peers.,0.4,Decisions are somewhat inconsistent given the low sibling rank and allocation drift.,0.6,The allocation has produced reasonable outputs with a high output quality and weighted status score.,0.3,Reaching the target by period 24 is unlikely given the current trend and the impact of the budget shock.,True,4.8,,2,True,12
31,0.6,The goal's allocation level is justified as it is the best funded among peers with a high share of parent bucket at 59.7%.,0.7,"Decisions appear consistent across the hierarchy as the goal has no dependency risk and is well-funded, but the allocation falls outside the optimal funding band.",0.65,"The allocation has produced expected outputs with an output quality of 0.70 and an efficiency ratio of 0.355, but the needle move ratio is relatively low at 0.321.",0.3,"The goal is unlikely to reach its target by period 24 due to a negative trend of -0.3972 per period and a projected value of 8.893, which is only 35.6% of the target.",True,1.7,,0.65,"The allocation level is justified as it is the best funded among peers, but falls outside the optimal funding band.",0.4,"Decisions show inconsistency with a negative trend and allocation drift, indicating a lack of coherence across the hierarchy and time.",0.7,"The allocation has produced outputs with a high weighted status score, indicating integrity in producing expected results.",0.2,"Given the negative trend and budget shock, it is unlikely that the goal will realistically reach its target by period 24.",True,5.1,,2,True,12
32,0.2,The allocation level is not justified against stated goals as it falls outside the optimal funding band and has the worst funding rank among peers.,0.8,"Decisions appear consistent across the hierarchy and time, with a high coherence rule score of 0.93, indicating well-aligned goals and decisions.",0.7,"The allocation has produced some expected outputs, with an output quality of 0.88 and a weighted status score of 0.950, but the efficiency ratio is relatively low at 0.392.",0.1,"The goal is unlikely to reach its target by period 24, with only 27.8% progress so far and a projected value of 25.110, which is 29.5% of the target.",True,1.8,,0.4,The allocation level is not justified as it falls outside the optimal funding band and is the worst funded among peers.,0.8,"Decisions appear consistent across the hierarchy, time, and goals, as indicated by the high coherence rule score.",0.7,"The allocation has produced expected outputs with a high output quality and weighted status score, but the efficiency ratio is relatively low.",0.2,The goal is unlikely to reach its target by period 24 due to the current trend and the impact of the budget shock.,True,6.6,,2,True,12
33,0.4,The allocation level is not fully justified as it falls outside the optimal funding band and has a high allocation drift.,0.85,"Decisions appear consistent across the hierarchy as the goal is the best funded among peers, but the funding band status and allocation drift raise some concerns.",0.8,"The allocation has produced expected outputs with a high output quality and quantity, but the efficiency ratio and needle move ratio could be improved.",0.2,"The goal is unlikely to reach its target by period 24 due to the current budget shock and low attainability anchor score, despite having 12 periods remaining.",True,1.7,,0.3,The allocation level is not justified against stated goals due to the budget shock and allocation falling outside the optimal funding band.,0.7,"Decisions are somewhat consistent across the hierarchy, time, and goals, but the budget shock and allocation drift indicate some inconsistencies.",0.8,"The allocation has produced expected outputs with a high output quality and weighted status score, indicating good integrity.",0.2,"Given the current trend and budget shock, it is unlikely that the goal will realistically reach its target by period 24.",True,5.1,,2,True,12
34,0.2,The allocation level is not justified against stated goals as the goal is worst funded among peers and falls outside the optimal funding band.,0.4,"Decisions are somewhat consistent across the hierarchy, but the allocation drift and funding band status suggest some inconsistencies.",0.6,"The allocation has produced some expected outputs, with an output quality of 0.77 and an output quantity of 711.7 units, indicating a moderate level of integrity.",0.3,"The goal is unlikely to reach its target by period 24, given the current progress and trend, which projects only 31.9% of the target to be reached.",True,1.6,,0.2,The allocation level is not justified as the goal is the worst funded among peers and falls outside the optimal funding band.,0.3,Decisions are not consistent across the hierarchy as the goal is underfunded and has a low upstream avg attainability.,0.4,"The allocation has produced some outputs but the efficiency and needle move ratios are low, indicating poor performance.",0.25,The goal is unlikely to reach its target by period 24 given the current trend and the impact of the budget shock.,True,5.1,,2,True,12
0,0.42,The allocation level is not fully justified as the funding band status indicates it falls outside the optimal funding band.,0.59,"Decisions appear somewhat consistent across the hierarchy, but the sibling rank and funding band status suggest potential inconsistencies.",0.68,"The allocation has produced some expected outputs, as evidenced by the output quality and quantity, but the efficiency ratio is relatively low.",0.23,"The goal is unlikely to reach its target by period 24, given the current trend and projected value at period 24, which is only 29.5% of the target.",True,1.4,,0.45,"The allocation level is justified as it is the best funded among peers, but it falls outside the optimal funding band.",0.6,"Decisions are somewhat consistent across the hierarchy, time, and goals, but the allocation drift indicates some volatility.",0.35,"The allocation has produced outputs, but the efficiency ratio and needle move ratio suggest it has not moved the metric as expected.",0.25,"Given the current trend and progress, it is unlikely that the goal will realistically reach its target by period 24.",True,5.1,,2,True,18
1,0.4,The allocation level is not justified against stated goals as the goal is worst funded among peers and its funding falls outside the optimal funding band.,0.7,"Decisions are somewhat consistent across the hierarchy, time, and goals, as evidenced by the goal's progress and trend, but the allocation drift and funding band status raise concerns.",0.6,"The allocation has produced some expected outputs, with an output quality of 0.69 and an output quantity of 596.1 units, but the efficiency ratio and needle move ratio indicate room for improvement.",0.2,"The goal is unlikely to reach its target by period 24, given the current progress and trend, which project the goal to only reach 26.9% of its target by period 24.",True,1.7,,0.1,The allocation level is not justified as it is the worst funded among peers and falls outside the optimal funding band.,0.75,"Decisions appear mostly consistent across the hierarchy, time, and goals, with a high coherence rule score of 0.84.",0.3,"The allocation did not produce the expected outputs efficiently, with a low efficiency ratio of 0.088.",0.15,"The goal is unlikely to reach its target by period 24, with only 25.3% of the target reached and a projected attainment of 26.9%.",True,5.6,,2,True,18
2,0.4,"The allocation level is not strongly justified against stated goals, given the funding band status is outside optimal and the rank score is mid-ranked.",0.6,"Decisions appear somewhat consistent across the hierarchy, but the allocation drift and funding band status suggest some inconsistencies.",0.8,"The allocation has produced expected outputs, with a reasonable output quality and quantity, indicating a level of integrity in the allocation.",0.2,"The goal is unlikely to reach its target by period 24, given the current trend and projected value at period 24, which is only 38.8% of the target.",True,1.8,,0.35,The allocation level is not justified as it falls outside the optimal funding band and has a mid-ranked share among peers.,0.6,"Decisions appear somewhat consistent across the hierarchy, but the allocation drift indicates some volatility.",0.4,"The allocation has produced outputs, but the efficiency ratio and needle move ratio suggest limited impact on the metric.",0.2,"Given the current trend and progress, reaching the target by period 24 is highly unlikely.",True,6.0,,2,True,18
3,0.85,The goal's allocation level is justified as it is the best funded among peers with a share of 37.8% of the parent bucket and sits within the optimal funding band.,0.7,"Decisions appear consistent across the hierarchy as the goal has a high relevance rule score of 0.94, but there is room for improvement in coherence across time and goals.",0.6,"The allocation has produced some expected outputs with an output quality of 0.85 and a needle move ratio of 0.322, but the efficiency ratio is relatively low at 0.158.",0.2,The goal is unlikely to reach its target by period 24 as it has only reached 28.2% of the target so far and the projected value at period 24 is 30.2% of the target.,True,2.0,,0.85,The allocation level is justified as it is the best funded among peers and sits within the optimal funding band.,0.7,"Decisions are mostly consistent across the hierarchy, time, and goals, with a coherence rule score of 0.72.",0.65,"The allocation has produced expected outputs with a high output quality of 0.85, but the efficiency ratio is relatively low at 0.158.",0.25,"Given the current trend and progress, it is unlikely that the goal will reach its target by period 24, with only 30.2% of the target projected to be achieved.",True,6.0,,2,True,18
4,0.4,The allocation level is not strongly justified as the goal's progress is only 22.9% of the target and the funding band status is outside the optimal range.,0.6,"Decisions appear somewhat consistent across the hierarchy, but the sibling rank and funding band status suggest potential inconsistencies.",0.3,"The allocation has not produced the expected outputs as the output quality is relatively low at 0.63 and the efficiency ratio is 0.068, indicating room for improvement.",0.1,"The goal is unlikely to reach its target by period 24 due to the negative trend and significant shortfall in progress, with only 6 periods remaining.",True,2.0,,0.35,The allocation level is not justified as it falls outside the optimal funding band and has a mid-ranked share among peers.,0.6,"Decisions are somewhat consistent across the hierarchy, but the allocation drift indicates some volatility.",0.4,"The allocation has produced outputs, but the efficiency ratio and needle move ratio are low, indicating limited impact.",0.15,"Given the current trend and progress, it is highly unlikely that the goal will reach its target by period 24.",True,5.2,,2,True,18
5,0.4,The allocation level is not justified against stated goals as it falls outside the optimal funding band and has the worst funding rank among peers.,0.7,"Decisions are somewhat consistent across the hierarchy and time, but the allocation drift and funding band status suggest some inconsistencies.",0.6,"The allocation has produced some expected outputs, but the output quality and efficiency ratio are relatively low, indicating room for improvement.",0.1,"The goal is unlikely to reach its target by period 24 due to the negative trend and significant shortfall in progress, with only 22.6% of the target reached so far.",True,1.5,,0.1,The allocation level is not justified as it is the worst funded among peers and falls outside the optimal funding band.,0.75,"Decisions appear mostly consistent across the hierarchy, time, and goals, with a high coherence rule score of 0.83.",0.5,"The allocation produced moderate outputs with an efficiency ratio of 0.124 and a needle move ratio of 0.255, indicating some progress but not as expected.",0.15,"The goal is unlikely to reach its target by period 24, given the current trend and projected value of 8.875, which is only 19.7% of the target.",True,7.2,,2,True,18
6,0.85,The allocation level is justified against stated goals as the goal is best funded among peers with a share of parent bucket at 40.6% and sits within the optimal funding band.,0.8,Decisions appear consistent across the hierarchy and time as there is no dependency risk and the funding allocation is stable with a low allocation drift.,0.7,"The allocation has produced some expected outputs with an output quality of 0.84 and an output quantity of 1385.6 units, but the efficiency ratio and needle move ratio could be improved.",0.2,"The goal is unlikely to reach its target by period 24 as the current trend projects a value of 11.740, which is only 29.4% of the target, and there are only 6 periods remaining.",True,1.8,,0.65,The allocation level is justified as it is the best funded among peers and sits within the optimal funding band.,0.55,"Decisions appear consistent across the hierarchy and time, with no dependency risk and optimal funding band status.",0.4,"The allocation has produced outputs, but the efficiency ratio and needle move ratio are relatively low, indicating less than expected impact.",0.2,"Given the current trend and progress, it is unlikely that the goal will reach its target by period 24.",True,5.9,,2,True,18
7,0.4,"The allocation level is not fully justified as the funding band status falls outside the optimal range and the sibling rank is mid-ranked, indicating potential underfunding.",0.6,"Decisions appear somewhat consistent across the hierarchy, but the allocation drift and funding band status suggest some inconsistencies over time.",0.8,"The allocation has produced expected outputs, with a high output quantity and a reasonable efficiency ratio, indicating a level of integrity in the allocation's effectiveness.",0.2,"The goal is unlikely to reach its target by period 24, given the current trend and projected value at period 24, which is significantly below the target.",True,1.7,,0.25,The allocation level is not justified as it falls outside the optimal funding band and is mid-ranked among peers.,0.45,Decisions are somewhat inconsistent given the allocation drift and the low upstream avg attainability.,0.35,The allocation has not produced the expected outputs as the current value is far from the target and the trend is insufficient.,0.15,It is highly unlikely that the goal will reach its target by period 24 given the current trend and the remaining periods.,True,6.0,,2,True,18
8,0.64,"The allocation level seems justified as it sits within the optimal funding band, although being the worst funded among peers raises some concerns.",0.56,"Decisions appear somewhat consistent as the funding band status is optimal, but the low rank score and high dependency risk indicate potential inconsistencies.",0.36,"The allocation has not produced the expected outputs as the progress is only 25.7% of the target and the trend is not promising, indicating a lack of integrity in the allocation.",0.29,"The goal is unlikely to reach its target by period 24 as the current trend projects only 29.3% of the target to be reached by then, making attainability low.",True,2.0,,0.6,"The allocation level is justified as it sits within the optimal funding band, despite being the worst funded among peers.",0.5,"Decisions appear somewhat consistent, but the low sibling rank and medium dependency risk suggest room for improvement.",0.4,"The allocation has produced outputs, but the efficiency and needle move ratios indicate it has not moved the metric as expected.",0.2,"Given the current trend and progress, it is unlikely that the goal will reach its target by period 24.",True,5.7,,2,True,18
9,0.5,"The allocation level is questionable given the goal's low progress and the funding band status being outside optimal, which justifies a moderate relevance score.",0.63,"Decisions appear consistent across the hierarchy as the goal is best funded among peers, but the allocation drift and funding band status suggest some inconsistencies over time.",0.68,"The allocation has produced some expected outputs, with a relatively high output quantity, but the efficiency ratio and needle move ratio indicate room for improvement.",0.2,"The goal is unlikely to reach its target by period 24 given the current trend and significant shortfall, with only 22.8% of the target reached so far.",True,1.8,,0.5,"The allocation level is justified as it is the best funded among peers, but falls outside the optimal funding band.",0.63,"Decisions appear consistent across the hierarchy, time, and goals, with a coherence rule score of 0.63.",0.31,"The allocation did not produce the expected outputs efficiently, with an integrity rule score of 0.31.",0.29,"The goal is unlikely to reach its target by period 24, with an attainability anchor score of 0.29 and a projected completion of only 29.2% of the target.",True,6.3,,2,True,18
10,0.4,The allocation level is not strongly justified as the goal's progress is only 23.7% of the target and the funding band status is outside the optimal range.,0.6,"Decisions appear somewhat consistent as there is no dependency risk and only one goal depends on this one, but the allocation drift and funding band status raise some concerns.",0.5,"The allocation has produced some expected outputs, with an output quality of 0.73 and an output quantity of 88.4 units, but the efficiency ratio is relatively low at 0.101.",0.2,"The goal is unlikely to reach its target by period 24 as the current trend projects only 27.8% of the target will be reached by then, and the time to green is estimated to be 5 periods.",True,1.8,,0.35,The allocation level is not justified as it falls outside the optimal funding band and is mid-ranked among peers.,0.6,"Decisions are somewhat consistent, but the allocation drift and market exposure indicate potential inconsistencies.",0.45,"The allocation has produced outputs, but the efficiency and needle move ratios are low, indicating suboptimal performance.",0.15,"Given the current trend and progress, it is highly unlikely that the goal will reach its target by period 24.",True,9.7,,2,True,18
11,0.2,The allocation level is not justified against stated goals as it falls outside the optimal funding band and has the worst funding rank among peers.,0.4,Decisions are not entirely consistent across the hierarchy and time as evidenced by the allocation drift and the goal being worst funded among peers.,0.8,"The allocation has produced expected outputs and moved the metric to some extent, with a high output quality and quantity.",0.1,The goal is unlikely to reach its target by period 24 due to the low progress so far and the projected value at period 24 being only 32.2% of the target.,True,1.9,,0.1,The allocation level is not justified as it is the worst funded among peers and falls outside the optimal funding band.,0.4,Decisions are somewhat inconsistent given the low sibling rank and allocation drift.,0.35,The allocation has not produced the expected outputs as the current value is far from the target and the trend is insufficient.,0.15,It is highly unlikely that the goal will reach its target by period 24 given the current trend and progress.,True,4.8,,2,True,18
12,0.85,"The goal has the highest funding among peers and a significant share of the parent bucket, justifying its allocation level.",0.7,"Decisions appear consistent across the hierarchy, with the goal being well-funded and having a high share of the L2 budget, but the trend and projected outcome raise some concerns.",0.8,"The allocation has produced a substantial output quantity, but the output quality and efficiency ratio are relatively low, indicating some issues with the allocation's effectiveness.",0.2,"The current trend and projected outcome at period 24 are significantly below the target, making it unlikely that the goal will reach its target by period 24.",True,1.8,,0.3,"The allocation level is justified as it is the best funded among peers, but it falls outside the optimal funding band.",0.6,"Decisions are somewhat consistent across the hierarchy, time, and goals, but the allocation drift indicates some volatility.",0.7,"The allocation has produced expected outputs with a high weighted status score, indicating good integrity.",0.2,"Given the current trend and projected value, it is unlikely that the goal will reach its target by period 24.",True,5.4,,2,True,18
13,0.42,"The allocation level is not strongly justified as the funding band status falls outside the optimal range and the sibling rank is mid-ranked, indicating potential misalignment with stated goals.",0.58,"Decisions appear consistent across the hierarchy and time, as evidenced by the low allocation drift and stable output quality, suggesting a coherent approach.",0.5,"The allocation has produced some expected outputs, with a reasonable output quality and quantity, but the efficiency ratio and needle move ratio indicate room for improvement in terms of effectiveness.",0.2,"The goal is unlikely to reach its target by period 24, given the current trend and projected value at period 24, which is significantly below the target, indicating a low attainability score.",True,1.8,,0.35,The allocation level is not justified as it falls outside the optimal funding band and is mid-ranked among peers.,0.45,Decisions are somewhat inconsistent given the allocation drift and the goal's mid-ranking despite its dependency.,0.5,The allocation has produced reasonable outputs but has not significantly moved the metric as expected.,0.2,"Given the current trend and progress, it is unlikely that the goal will realistically reach its target by period 24.",True,5.2,,2,True,18
14,0.2,The allocation level is not justified against stated goals as the goal is the worst funded among peers with a low budget share of L2.,0.6,"Decisions appear consistent across the hierarchy as the funding band status is optimal, but the low attainability and integrity scores raise concerns.",0.4,"The allocation has not produced the expected outputs as the output quality and efficiency ratio are relatively low, indicating a lack of effective metric movement.",0.1,The goal will not realistically reach its target by period 24 due to the low progress so far and the projected value at period 24 being only 25.1% of the target.,True,1.9,,0.3,"The allocation level is justified as it sits within the optimal funding band, but the goal is the worst funded among peers.",0.6,"Decisions appear consistent across the hierarchy and time, with a stable allocation drift.",0.34,"The allocation produced expected outputs with a high output quality, but the efficiency and needle move ratios are low.",0.25,"Given the current trend and progress, it is unlikely that the goal will reach its target by period 24.",True,5.9,,2,True,18
15,0.4,The allocation level is not fully justified as the funding falls outside the optimal funding band despite being the best funded among peers.,0.6,"Decisions appear somewhat consistent as the goal has a high share of the parent bucket and a stable allocation drift, but the funding band status raises concerns.",0.7,"The allocation has produced expected outputs to some extent, with a reasonable output quality and quantity, but the efficiency ratio is relatively low.",0.2,"The goal is unlikely to reach its target by period 24, given the current trend and the significant gap between the projected value and the target value.",True,1.8,,0.3,"The allocation level is justified against stated goals, but the goal is significantly underfunded relative to its target.",0.5,"Decisions appear somewhat consistent across the hierarchy, time, and goals, but the funding band status indicates some inconsistency.",0.6,"The allocation has produced expected outputs with a high weighted status score, but the efficiency ratio is low.",0.2,"Given the current trend and progress, it is unlikely that the goal will reach its target by period 24.",True,5.3,,2,True,18
16,0.4,The allocation level is not fully justified as the goal's progress is only 27.8% of the target and the funding band status is outside the optimal range.,0.6,"Decisions appear somewhat consistent across the hierarchy, but the sibling rank and funding band status suggest potential inconsistencies.",0.8,"The allocation has produced expected outputs, with an output quality of 0.89 and a weighted status score of 0.319, indicating a reasonable level of integrity.",0.2,"The goal is unlikely to reach its target by period 24, given the current trend and projected value of 22.862, which is only 26.9% of the target.",True,1.7,,0.3,"The allocation level is justified against stated goals, but the funding band status indicates it falls outside the optimal range.",0.63,"Decisions appear consistent across the hierarchy, time, and goals, as indicated by the coherence rule score.",0.37,"The allocation has produced expected outputs, but the needle move ratio and weighted status score suggest limited progress.",0.27,"Given the current trend and progress, it is unlikely that the goal will realistically reach its target by period 24.",True,6.1,,2,True,18
17,0.2,The allocation level is not justified against stated goals as it falls outside the optimal funding band and has the worst funding rank among peers.,0.4,Decisions are not entirely consistent across the hierarchy and time as evidenced by the allocation drift and the goal's trend not aligning with its target.,0.6,"The allocation has produced some expected outputs, such as a high output quantity, but the output quality and efficiency ratio could be improved to better move the metric.",0.1,The goal is unlikely to reach its target by period 24 due to its current trend and the significant gap between its current value and the target value.,True,1.7,,0.3,"The allocation level is justified but falls outside the optimal funding band, indicating potential underfunding.",0.4,Decisions appear inconsistent given the goal's worst-funded status among peers and the allocation drift.,0.45,"The allocation has produced outputs, but the efficiency and needle move ratios suggest suboptimal performance.",0.2,"Given the current trend and progress, it is unlikely that the goal will reach its target by period 24.",True,6.2,,2,True,18
18,0.6,"The goal's share of parent bucket is 26.7% and it is the best funded among peers, which suggests a justified allocation level.",0.7,"The goal's funding band status falls outside the optimal funding band, but it has a low dependency risk and no goals depending on it, indicating relatively consistent decisions.",0.4,"The output quality is 0.71 and the efficiency ratio is 0.110, which are moderate values, but the needle move ratio is 0.284, indicating some progress in moving the metric.",0.2,"The goal has only reached 26.6% of its target and the projected value at period 24 is 25.208, which is only 28.6% of the target, making it unlikely to reach its target by period 24.",True,1.9,,0.55,"The allocation level is justified as it is the best funded among peers, but it falls outside the optimal funding band.",0.6,"Decisions are somewhat consistent across the hierarchy, time, and goals, but the allocation drift indicates some volatility.",0.4,"The allocation has produced outputs, but the efficiency and needle move ratios are low, indicating suboptimal performance.",0.25,"Given the current trend and progress, it is unlikely that the goal will realistically reach its target by period 24.",True,5.6,,2,True,18
19,0.4,"The allocation level is somewhat justified as it sits within the optimal funding band, but its rank as the worst funded among peers raises questions about its prioritization.",0.6,"Decisions appear consistent across the hierarchy as the funding band status is optimal, but the low rank among peers and the significant gap to reach the target suggest some inconsistencies.",0.5,"The allocation has produced some expected outputs, with a high output quality and quantity, but the efficiency ratio and needle move ratio indicate room for improvement in terms of effectiveness.",0.1,"Given the current trend and significant gap to reach the target, it is unlikely that this goal will realistically reach its target by period 24, as the projected value at period 24 is only 37.7% of the target.",True,1.8,,0.3,"The allocation level is justified as it sits within the optimal funding band, but the goal is the worst funded among peers.",0.59,"Decisions appear consistent across the hierarchy, time, and goals, with no dependency risk and a stable allocation drift.",0.39,"The allocation has produced high-quality outputs but has not moved the metric significantly, as indicated by the low needle move ratio.",0.38,"Given the current trend and progress, it is unlikely that the goal will reach its target by period 24.",True,5.1,,2,True,18
20,0.85,"The goal has the highest funding among its peers with a 63.4% share of the parent bucket, justifying its allocation level against stated goals.",0.65,"Decisions appear consistent across the hierarchy, but the funding band status is outside the optimal range, indicating some inconsistency over time.",0.8,"The goal has produced a significant output quantity of 1551.4 units and an output quality of 0.82, indicating the allocation has moved the metric as expected.",0.2,"Despite a positive trend, the goal is only projected to reach 28.2% of its target by period 24, making it unlikely to attain its target realistically.",True,1.4,,0.4,"The allocation level is justified as it is the best funded among peers, but it falls outside the optimal funding band.",0.55,"Decisions are somewhat consistent across the hierarchy, but the allocation drift and recovery runway indicate potential inconsistencies.",0.35,"The allocation has produced outputs, but the efficiency and needle move ratios suggest it has not moved the metric as expected.",0.25,"Given the current trend and progress, it is unlikely that the goal will realistically reach its target by period 24.",True,5.0,,2,True,18
21,0.4,The allocation level is not justified against stated goals as it falls outside the optimal funding band and has the worst funding rank among peers.,0.6,"Decisions are somewhat consistent across the hierarchy and time, but the allocation drift and funding band status suggest some inconsistencies.",0.7,"The allocation has produced some expected outputs, with a reasonable output quality and quantity, but the efficiency ratio and needle move ratio indicate room for improvement.",0.2,"The goal is unlikely to reach its target by period 24, given the current trend and projected value at period 24, which is only 29.9% of the target.",True,1.5,,0.2,The allocation level is not justified as the goal is the worst funded among peers and falls outside the optimal funding band.,0.5,"Decisions are somewhat consistent, but the goal's poor funding relative to peers indicates inconsistency.",0.7,The allocation has produced reasonable outputs with a high output quality and weighted status score.,0.1,"The goal is unlikely to reach its target by period 24, given the current trend and projected value.",True,5.5,,2,True,18
22,0.42,"The allocation level is not fully justified as the funding band status is outside the optimal range, despite being the best funded among peers.",0.65,"Decisions appear somewhat consistent across the hierarchy, but the trend and projected outcome at period 24 raise concerns about coherence over time.",0.6,"The allocation has produced some expected outputs, with an output quality of 0.67 and a needle move ratio of 0.278, but efficiency and output quantity could be improved.",0.2,"The goal is unlikely to reach its target by period 24, given the current trend of -0.2764 per period and the projected outcome of 2.518, which is only 25.2% of the target.",True,1.5,,0.37,"The allocation level is justified against stated goals, but the funding band status indicates it falls outside the optimal range.",0.7,"Decisions appear consistent across the hierarchy, time, and goals, as indicated by the coherence rule score.",0.32,"The allocation did not produce the expected outputs and move the metric significantly, as shown by the integrity rule score.",0.25,"The goal is unlikely to reach its target by period 24, given the current trend and projected value.",True,6.2,,2,True,18
23,0.4,"The allocation level is not strongly justified as the funding band status is outside the optimal range and the sibling rank is mid-ranked, indicating potential for improvement.",0.6,"Decisions appear somewhat consistent as there is no dependency risk and only one goal depends on this one, but the allocation drift and funding band status suggest some inconsistencies.",0.5,"The allocation has produced some expected outputs, with an output quality of 0.66 and a needle move ratio of 0.288, but the efficiency ratio is low at 0.067, indicating mixed results.",0.3,"The goal is unlikely to reach its target by period 24, given the current trend of -0.2948 per period and the projected value at period 24 being only 20.6% of the target.",True,1.8,,0.35,"The allocation level is mid-ranked among peers and falls outside the optimal funding band, indicating a potential misalignment with stated goals.",0.6,"Decisions appear somewhat consistent across the hierarchy, but the allocation drift and mid-ranked status suggest room for improvement.",0.4,"The allocation has produced outputs, but the efficiency ratio and needle move ratio are low, indicating that expected outcomes are not fully met.",0.15,"Given the current trend and projected value at period 24, it is highly unlikely that the goal will reach its target.",True,5.5,,2,True,18
24,0.4,The allocation level is not justified against stated goals as it is the worst funded among peers and falls outside the optimal funding band.,0.6,"Decisions are somewhat consistent across the hierarchy and time, but the funding band status and sibling rank suggest some inconsistencies.",0.65,"The allocation has produced some expected outputs, with an output quality of 0.69 and an efficiency ratio of 0.294, indicating a moderate level of integrity.",0.2,"The goal is unlikely to reach its target by period 24, given the current trend and projected value of 22.486, which is only 32.1% of the target.",True,1.5,,0.3,The allocation level is not justified as it is the worst funded among peers and falls outside the optimal funding band.,0.7,"Decisions appear consistent across the hierarchy and time, with a stable trend and no dependency risk.",0.4,"The allocation has produced outputs but the efficiency and needle move ratios are low, indicating expected outputs were not fully met.",0.2,"Given the current trend and progress, it is unlikely that the goal will realistically reach its target by period 24.",True,5.2,,2,True,18
25,0.6,"The goal's allocation level is the highest among peers, but its progress and trend suggest it may not be effectively utilized to reach the target.",0.4,"The goal's funding band status is outside the optimal range, indicating inconsistent decisions across the hierarchy or time.",0.8,"The goal has produced a significant output quantity and quality, with a reasonable efficiency ratio, suggesting the allocation has been effective in moving the metric.",0.1,"The goal's current trend and projected value at period 24 are far below the target, making it unlikely to reach the target by period 24.",True,1.7,,0.3,"The allocation level is justified as it is the best funded among peers, but it falls outside the optimal funding band.",0.37,"Decisions appear consistent across the hierarchy, time, and goals, but the allocation drift indicates some volatility.",0.34,"The allocation has produced outputs with a high output quality, but the efficiency and needle move ratios are low.",0.26,"Given the current trend and progress, it is unlikely that the goal will reach its target by period 24.",True,5.6,,2,True,18
26,0.2,The allocation level is not justified against stated goals as it falls outside the optimal funding band and has the worst funding rank among peers.,0.6,"Decisions are somewhat consistent across the hierarchy and time, but the goal's funding status and trend suggest inconsistencies that need to be addressed.",0.4,"The allocation has not produced the expected outputs as the output quality is relatively low and the efficiency ratio is poor, indicating a lack of effective resource utilization.",0.3,The goal is unlikely to reach its target by period 24 due to the low progress so far and the projected value at period 24 being significantly below the target.,True,1.6,,0.2,The allocation level is not justified as it falls outside the optimal funding band and is the worst funded among peers.,0.5,"Decisions show some consistency across the hierarchy, but the low sibling rank and funding band status indicate inconsistencies.",0.4,"The allocation has produced outputs, but the efficiency ratio and needle move ratio suggest it has not moved the metric as expected.",0.15,"Given the current trend and progress, it is highly unlikely that the goal will reach its target by period 24.",True,6.1,,2,True,18
27,0.4,The allocation level is not justified against stated goals as it falls outside the optimal funding band and has the worst funding rank among peers.,0.8,"Decisions appear consistent across the hierarchy and time, with a low allocation drift and stable output quality, but the funding band status raises some concerns.",0.7,"The allocation has produced some expected outputs, with a reasonable output quantity and efficiency ratio, but the output quality and needle move ratio could be improved.",0.2,"The goal is unlikely to reach its target by period 24, given the current trend and projected value at period 24, which is only 29% of the target.",True,1.6,,0.35,The allocation level is not justified against stated goals as it falls outside the optimal funding band and is the worst funded among peers.,0.4,"Decisions are somewhat inconsistent given the low sibling rank and allocation drift, indicating variability in funding.",0.5,"The allocation has produced some outputs with a reasonable efficiency ratio, but the needle move ratio is low, indicating limited progress towards the goal.",0.15,"Given the current trend and the remaining periods, it is highly unlikely that the goal will reach its target by period 24.",True,5.1,,2,True,18
28,0.6,"The goal's allocation level is the highest among peers, but its progress and trend suggest it may not be effectively utilized.",0.7,"Decisions appear consistent across the hierarchy, with the goal being the best funded among peers, but its funding band status is outside the optimal range.",0.4,"The allocation has not produced the expected outputs, as evidenced by the low output quality and efficiency ratio.",0.2,"The goal's current trend and projected value at period 24 suggest it is unlikely to reach its target, with only 26% of the target reached so far.",True,1.7,,0.5,"The allocation level is justified as it is the best funded among peers, but falls outside the optimal funding band.",0.66,"Decisions appear consistent across the hierarchy, time, and goals, as indicated by the coherence rule score.",0.38,"The allocation did not produce the expected outputs efficiently, as shown by the low efficiency ratio and needle move ratio.",0.24,"Given the current trend and progress, it is unlikely that the goal will reach its target by period 24.",True,5.1,,2,True,18
29,0.85,"The goal has the highest funding among peers and a significant share of the parent bucket, justifying its allocation level.",0.7,"Decisions appear consistent across the hierarchy, with the goal being well-funded and having no dependency risk, but the allocation falls outside the optimal funding band.",0.6,"The goal has produced a moderate output quality and quantity, but the efficiency and needle move ratios are relatively low, indicating some issues with allocation effectiveness.",0.2,"The current trend and projected value at period 24 are significantly below the target, making it unlikely that the goal will reach its target by period 24.",True,1.6,,0.3,"The allocation level is justified as it is the best funded among peers, but it falls outside the optimal funding band.",0.58,"Decisions appear consistent across the hierarchy, time, and goals, as indicated by the coherence rule score.",0.41,"The allocation has produced expected outputs but has not moved the metric significantly, as shown by the efficiency and needle move ratios.",0.43,"Given the current trend and projected value, it is unlikely that the goal will reach its target by period 24.",True,6.0,,2,True,18
30,0.57,"The allocation level is somewhat justified as it sits within the optimal funding band, but its rank as the worst funded among peers raises questions about its prioritization.",0.49,"Decisions appear to be moderately consistent across the hierarchy, given the goal's share of the parent bucket and budget share of L2, but the low dependency risk and lack of clear progress towards the target suggest some inconsistencies.",0.37,"The allocation has not produced the expected outputs, as evidenced by the low efficiency ratio and needle move ratio, indicating a lack of effective progress towards moving the metric.",0.23,"The goal is highly unlikely to reach its target by period 24, given the current trend and projected value at period 24, which is significantly below the target.",True,1.8,,0.55,"The allocation level is justified as it sits within the optimal funding band, but the goal is the worst funded among peers.",0.45,Decisions are somewhat inconsistent given the low sibling rank and the negative trend despite optimal funding.,0.4,The allocation did not produce the expected outputs as the trend is negative and the efficiency ratio is low.,0.15,The goal is unlikely to reach its target by period 24 due to the negative trend and low progress so far.,True,5.3,,2,True,18
31,0.6,"The allocation level is the highest among peers, but the goal is still far from its target, suggesting a potential mismatch between allocation and stated goals.",0.8,"Decisions appear consistent across the hierarchy, with the goal being the best funded among peers and having a high share of the parent bucket.",0.7,"The allocation has produced some outputs, but the efficiency ratio and needle move ratio are relatively low, indicating room for improvement in producing expected outputs and moving the metric.",0.2,"The current trend and projected value at period 24 are far below the target, and the time to green is estimated to be 5 periods, making it unlikely to reach the target by period 24.",True,1.6,,0.45,"The allocation level is justified but falls outside the optimal funding band, indicating potential overfunding.",0.65,"Decisions are somewhat consistent, but the allocation drift suggests variability over time.",0.7,"The allocation has produced expected outputs with a high weighted status score, indicating good integrity.",0.15,"Given the current trend and projected value, reaching the target by period 24 is highly unlikely.",True,4.7,,2,True,18
32,0.4,The allocation level is not strongly justified as the goal is the worst funded among peers and has a low attainability score.,0.7,"Decisions appear consistent across the hierarchy as the funding band status is optimal, but the low dependency risk and lack of goals depending on this one raise some concerns.",0.8,"The allocation has produced high-quality outputs and a reasonable quantity, with an efficiency ratio and needle move ratio that suggest some effectiveness.",0.2,"The goal is unlikely to reach its target by period 24, given the current trend and the fact that only 32.6% of the target has been reached so far.",True,1.7,,0.3,"The allocation level is justified as it sits within the optimal funding band, but the goal is the worst funded among peers.",0.74,"Decisions appear consistent across the hierarchy, time, and goals, as indicated by the coherence rule score.",0.46,"The allocation produced high-quality outputs but did not move the metric significantly, as shown by the efficiency and needle move ratios.",0.4,"The goal is unlikely to reach its target by period 24, given the current trend and projected value.",True,6.8,,2,True,18
33,0.6,The allocation level is justified as the goal is best funded among peers with a share of parent bucket at 58.8% and sits within the optimal funding band.,0.65,"Decisions appear consistent across the hierarchy as the goal has a high share of parent bucket and is well-funded, but the high dependency risk and low upstream attainability raise some concerns.",0.45,"The allocation has produced some expected outputs, with an output quality of 0.84 and a needle move ratio of 0.285, but the efficiency ratio is relatively low at 0.162.",0.2,"The goal is unlikely to reach its target by period 24, given the current progress of 26.6% and the projected value at period 24 being only 28.8% of the target.",True,1.7,,0.6,The allocation level is justified as it sits within the optimal funding band and is the best funded among peers.,0.69,"Decisions appear consistent across the hierarchy, time, and goals, as indicated by the coherence rule score.",0.35,"The allocation did not produce the expected outputs effectively, as shown by the low integrity rule score and the low needle move ratio.",0.29,"The goal is unlikely to reach its target by period 24, given the current trend and the projected attainability anchor score.",True,6.1,,2,True,18
34,0.2,The allocation level is not justified against stated goals as it falls outside the optimal funding band and has the worst funding rank among peers.,0.6,"Decisions are somewhat consistent across the hierarchy and time, but the allocation drift and funding band status indicate some inconsistencies.",0.4,The allocation has not produced the expected outputs as the output quality is relatively low and the efficiency ratio is not impressive.,0.1,The goal is unlikely to reach its target by period 24 due to the negative trend and the projected value at period 24 being lower than the current value.,True,2.7,,0.1,The allocation level is not justified as it is the worst funded among peers and falls outside the optimal funding band.,0.5,"Decisions show some consistency with a moderate coherence rule score, but there is room for improvement.",0.3,"The allocation has not produced the expected outputs effectively, as indicated by the low integrity rule score.",0.15,"Given the current trend and progress, it is highly unlikely that the goal will reach its target by period 24.",True,5.7,,2,True,18
