goal_id,period_id,trailing_6_period_slope,variance_from_target,volatility_measure,time_to_green_estimate,allocation_percentage_of_parent,optimal_band_distance,sibling_rank_pct,scenario_encoded,allocation_fitness_score,l3_share_of_l2,l3_share_of_l1,alloc_drift_std,weighted_goal_status_score,status_band_unique,delivered_output_quality_score,delivered_output_quantity,allocation_efficiency_ratio,needle_move_ratio,output_cost_per_unit,n_dependencies,n_dependents,dependency_risk_encoded,dep_avg_attain,observed_value,allocated_amount,allocated_time_hours,budget_shock_exposure,shock_alloc_impact,recovery_period_estimate,recovery_window_remaining,market_shock_vulnerable,market_shock_forward_risk,period_id_scaled,market_shock_period,status_band_encoded,gp_mean,gp_std,uncertain,llm_llama,llm_mistral,attainability,relevance,coherence,integrity,overall
1,1,0.0020047759736183,-0.20176987134944,-0.2028924952362883,0.79391499086447,-1.2673599728347842,-0.8847105779474259,-1.118033988749895,-1.400487393164631,-0.331124340588225,-5.258743071175584e-16,0.5640859669844508,-0.5484741288802405,-1.1271543790448286,-1.1181946142788823,-0.4689466151337572,-1.583269222647273,2.4119963984560537,4.358077141352595,3.3376380539671557,0.0,0.0,0.0,0.0,-0.2014600146407047,-0.0654538105962174,-0.1041296892499171,-0.3779644730092272,-0.2219714548497201,-0.7995900589021115,0.7995900589021115,-0.408248290463863,0.8128181425907766,-1.661324772583615,-0.4472135954999578,-1.1389071909150976,0.0992578158392996,0.026703101475246,False,,,0.0992578158392996,0.75,0.65,0.75,0.5623144539598249
1,2,-0.0185356127663488,-0.2014438564541583,-0.195665940480519,1.2417918157980865,-1.294904523969212,-0.8847105779474259,-1.118033988749895,-1.400487393164631,-0.331124340588225,-5.258743071175584e-16,0.5640859669844508,-0.5484741288802405,-1.1271543790448286,-1.1181946142788823,-1.2503771220026054,-1.5575867559120915,2.4119963984560537,1.060885019695007,2.8406090573529017,0.0,0.0,0.0,0.0,-0.2026910665594956,-0.1512899104600973,-0.1883813421361157,-0.3779644730092272,0.2658793768354923,-0.7995900589021115,0.7995900589021115,-0.408248290463863,0.8128181425907766,-1.516861748880692,-0.4472135954999578,-1.1389071909150976,0.10023525345217338,0.026609664065795038,False,,,0.10023525345217338,0.75,0.65,0.75,0.5625588133630434
1,3,-0.0123603472885486,-0.2013138678905657,-0.1943890181881662,0.79391499086447,-1.1633146662072291,-0.8847105779474259,-1.118033988749895,-1.400487393164631,-0.331124340588225,-5.258743071175584e-16,0.5640859669844508,-0.5484741288802405,-1.1271543790448286,-1.1181946142788823,-0.8721110912055773,-1.5200737546527894,2.4119963984560537,-0.2752364567262312,3.2262295998509884,0.0,0.0,0.0,0.0,-0.2031819112201155,0.1036893246685393,0.0618912360135607,-0.3779644730092272,-0.7508058875955863,-0.7995900589021115,0.7995900589021115,-0.408248290463863,0.8128181425907766,-1.3723987251777692,-0.4472135954999578,-1.1389071909150976,0.10156404116647816,0.026623192304356755,False,,,0.10156404116647816,0.75,0.65,0.4,0.47539101029161956
1,4,-0.0085277994454903,-0.2012559610968797,-0.1940684325714143,0.3460381659308536,-1.0699337601348775,-0.8847105779474259,-1.118033988749895,-1.400487393164631,-0.331124340588225,-5.258743071175584e-16,0.5640859669844508,-0.5484741288802405,-1.1271543790448286,-1.1181946142788823,-0.5008963566055049,-1.5333706675272931,-1.0092028024677266,-0.8979336896919287,3.696963069887659,0.0,0.0,0.0,0.0,-0.2034005707676082,0.2309456281938497,0.1867985177889159,-0.3779644730092272,-0.7508058875955863,-0.7995900589021115,0.7995900589021115,-0.408248290463863,0.8128181425907766,-1.2279357014748462,-0.4472135954999578,-1.1389071909150976,0.10027183447523644,0.02670284550806729,False,,,0.10027183447523644,0.75,0.65,0.0,0.37506795861880915
1,5,-0.0051681256784512,-0.2012945813153541,-0.1945563945814609,0.79391499086447,-1.288233354020673,-0.8847105779474259,-1.118033988749895,-1.400487393164631,-0.331124340588225,-5.258743071175584e-16,0.5640859669844508,-0.5484741288802405,-1.1271543790448286,-1.1181946142788823,-0.1548332282079234,-0.1445152863959958,-0.8469155427434434,-0.6177929433879908,-0.2298812977988113,0.0,0.0,0.0,0.0,-0.2032547384920126,-0.1113627652066752,-0.1491912113174654,-0.3779644730092272,0.038952815055687,-0.7995900589021115,0.7995900589021115,-0.408248290463863,0.8128181425907766,-1.0834726777719228,-0.4472135954999578,-1.1389071909150976,0.11171806242760185,0.02640769791726954,False,,,0.11171806242760185,0.75,0.65,0.0,0.37792951560690047
1,6,-0.0029924883568866,-0.2013158054049658,-0.1951060444234854,0.79391499086447,-1.1433263664681992,-0.8847105779474259,-1.118033988749895,-1.400487393164631,-0.331124340588225,-5.258743071175584e-16,0.5640859669844508,-0.5484741288802405,-1.1271543790448286,-1.1181946142788823,-0.7459692702870905,-0.2038534550299438,-0.7426931107139902,-0.5030840576804366,0.0084051303472419,0.0,0.0,0.0,0.0,-0.2031745950488165,0.1556230589164302,0.1128663264227955,-0.3779644730092272,-0.7508058875955863,-0.7995900589021115,0.7995900589021115,-0.408248290463863,0.8128181425907766,-0.939009654069,-0.4472135954999578,-1.1389071909150976,0.094795366649611,0.02631043466975655,False,0.18,0.05,0.094795366649611,0.75,0.65,0.0,0.37369884166240275
1,7,0.0005209922291303,-0.201270116682275,-0.200176477519423,0.79391499086447,-1.2694533085982245,-0.8847105779474259,-1.118033988749895,-1.400487393164631,-0.331124340588225,-5.258743071175584e-16,0.5640859669844508,-0.5484741288802405,-1.1271543790448286,-1.1181946142788823,-1.4133062870407034,-0.3852277094942455,1.1655174851683654,-0.9850363967078672,-0.0483016989536936,0.0,0.0,0.0,0.0,-0.2033471184229004,-0.0835117976418244,-0.1218543442470879,-0.3779644730092272,-0.119338599760421,-0.7995900589021115,0.7995900589021115,-0.408248290463863,0.8128181425907766,-0.7945466303660769,-0.4472135954999578,-1.1389071909150976,0.10586041727459022,0.02656883989246769,False,,,0.10586041727459022,0.75,0.65,0.4,0.4764651043186475
1,8,0.0018103732299202,-0.2012795309417277,-0.2019173356767778,0.3460381659308536,-1.0342913369729214,-0.8847105779474259,-1.118033988749895,-1.400487393164631,-0.331124340588225,-5.258743071175584e-16,0.5640859669844508,-0.5484741288802405,-1.1271543790448286,-1.1181946142788823,0.2448679079119479,-0.0369782597627361,-0.6092629035838376,-0.9713121554350226,-0.0726355404775137,0.0,0.0,0.0,0.0,-0.2033115696110792,0.1976797024600642,0.1541466471621566,-0.3779644730092272,-0.7508058875955863,-0.7995900589021115,0.7995900589021115,-0.408248290463863,0.8128181425907766,-0.6500836066631539,-0.4472135954999578,-1.1389071909150976,0.10169384033088553,0.026366888420527437,False,,,0.10169384033088553,0.75,0.65,0.061216976977986975,0.39072770432721815
1,9,0.0020683571170065,-0.2012811931382586,-0.2020586574171954,0.79391499086447,-1.1897042141480545,-0.8847105779474259,-1.118033988749895,-1.400487393164631,-0.331124340588225,-5.258743071175584e-16,0.5640859669844508,-0.5484741288802405,-1.1271543790448286,-1.1181946142788823,-0.5962295648841273,0.0275490933216545,-0.5715728757109244,-1.0246502513841824,-0.2662548959658219,0.0,0.0,0.0,0.0,-0.2033052930566691,-0.0313881592279674,-0.0706928551093691,-0.3779644730092272,-0.4155841233919046,-0.7995900589021115,0.7995900589021115,-0.408248290463863,0.8128181425907766,-0.5056205829602308,-0.4472135954999578,-1.1389071909150976,0.10364130880858625,0.026321478931385686,False,,,0.10364130880858625,0.75,0.65,0.0,0.37591032720214657
1,10,0.002402246126852,-0.2013576260555152,-0.2015791941865982,1.2417918157980865,-1.2602974125230746,-0.8847105779474259,-1.118033988749895,-1.400487393164631,-0.331124340588225,-5.258743071175584e-16,0.5640859669844508,-0.5484741288802405,-1.1271543790448286,-1.1181946142788823,-0.7725091038842534,-0.4029190355283369,-0.5649257621744719,-0.4430610569304842,-0.3382677722102081,0.0,0.0,0.0,0.0,-0.2030166777485674,-0.4392806410455904,-0.1899791781364966,2.6457513110645903,1.9026792507412964,-0.7995900589021115,0.7995900589021115,-0.408248290463863,0.8128181425907766,-0.3611575592573077,-0.4472135954999578,-1.1389071909150976,0.10977504953725081,0.026503605914856482,False,,,0.10977504953725081,0.75,0.65,0.0,0.3774437623843127
1,11,0.0034274647154646,-0.2014210327069548,-0.200514160648705,0.3460381659308536,-0.950863523995084,-0.8847105779474259,-1.118033988749895,-1.400487393164631,-0.331124340588225,-5.258743071175584e-16,0.5640859669844508,-0.5484741288802405,-1.1271543790448286,-1.1181946142788823,-0.5348229990263291,-0.4093185753917373,-0.2173581273537737,0.0128409787292722,-0.0389992728688246,0.0,0.0,0.0,0.0,-0.2027772504062938,-0.0945212552258072,0.2330151702409611,2.6457513110645903,-0.0567661733889243,-0.7995900589021115,0.7995900589021115,-0.408248290463863,0.8128181425907766,-0.2166945355543847,-0.4472135954999578,-1.1389071909150976,0.10466631091607675,0.0265647989690945,False,,,0.10466631091607675,0.75,0.65,0.004494342555245269,0.3772901633678305
1,12,0.0042317551919732,-0.2014173537034075,-0.2000405687766999,0.79391499086447,-1.1313244000506306,-0.8847105779474259,-1.118033988749895,-1.400487393164631,-0.331124340588225,-5.258743071175584e-16,0.5640859669844508,-0.5484741288802405,-1.1271543790448286,-1.1181946142788823,-1.231657988740397,-0.0637027144493665,-0.1342342876855145,-0.0962810192760392,-0.4153152652167306,0.0,0.0,0.0,0.0,-0.2027911425457074,-0.3108044218497265,-0.0323483293300725,2.6457513110645903,1.1724826261757786,-0.7995900589021115,0.7995900589021115,-0.408248290463863,0.8128181425907766,-0.0722315118514616,-0.4472135954999578,-1.1389071909150976,0.2970021197517756,0.026438673245824454,False,0.4,0.43,0.27430926600984706,0.7009237369757464,0.6288408022262739,0.4145728643216081,0.5046616673833689
1,13,0.0046114298106253,-0.2014747610260917,-0.1996536824906714,0.79391499086447,-1.1379188624892396,-0.8847105779474259,-1.118033988749895,-1.400487393164631,-0.331124340588225,-5.258743071175584e-16,0.5640859669844508,-0.5484741288802405,-1.1271543790448286,-1.1181946142788823,-0.2279013218258284,-0.1630369698652709,-0.4706466662567177,0.2931358119286187,-0.1663348199364765,0.0,0.0,0.0,0.0,-0.2025743690308595,-0.0404031369355584,-0.0795414255104151,-0.3779644730092272,-0.3643473549547752,-0.5535623484706925,0.5535623484706925,-0.408248290463863,0.8128181425907766,0.0722315118514612,-0.4472135954999578,-1.1389071909150976,0.29696634461313526,0.026598275033623404,False,,,0.29696634461313526,0.75,0.65,0.10259753417501655,0.44989096969703796
1,14,0.0038638325922876,-0.2014181952180064,-0.2001821506693436,1.2417918157980865,-1.2531503883249917,-0.8847105779474259,-1.118033988749895,-1.400487393164631,-0.331124340588225,-5.258743071175584e-16,0.5640859669844508,-0.5484741288802405,-1.1271543790448286,-1.1181946142788823,-1.036126276512814,-0.3511147879766563,-0.4682867821568935,-0.2398063810682742,-0.2182843477788142,0.0,0.0,0.0,0.0,-0.2027879649357986,-0.2579996028639539,-0.2931212823041795,-0.3779644730092272,0.8723656019860934,-0.3075346380392736,0.3075346380392736,-0.408248290463863,0.8128181425907766,0.2166945355543845,2.2360679774997894,-1.1389071909150976,0.10336085774265663,0.026591175200004098,False,,,0.10336085774265663,0.75,0.65,0.0,0.3758402144356642
1,15,0.0027389097998916,-0.2014294117498791,-0.2013794637709363,1.2417918157980865,-1.233713011224416,-0.8847105779474259,-1.118033988749895,-1.400487393164631,-0.331124340588225,-5.258743071175584e-16,0.5640859669844508,-0.5484741288802405,-1.1271543790448286,-1.1181946142788823,-1.687470921098693,-1.5731295955329905,-0.8618353863492447,-0.2234554426862609,2.691274749336334,0.0,0.0,0.0,0.0,-0.2027456106345569,-0.2473824054879465,-0.2827000675779028,-0.3779644730092272,0.8120225927130119,-0.0615069276078547,0.0615069276078547,-0.408248290463863,0.8128181425907766,0.3611575592573074,2.2360679774997894,-1.1389071909150976,0.09984203715347581,0.02636938092504008,False,,,0.09984203715347581,0.75,0.65,0.0,0.374960509288369
1,16,0.0016553596942101,-0.2013862897509713,-0.2017317522486646,1.2417918157980865,-1.3141056690476047,-0.8847105779474259,-1.118033988749895,-1.400487393164631,-0.331124340588225,-5.258743071175584e-16,0.5640859669844508,-0.5484741288802405,-1.1271543790448286,-1.1181946142788823,-1.833731083862475,-1.6078811586528348,-0.7496365952602367,-0.6303035385573266,2.481677703128487,0.0,0.0,0.0,0.0,-0.2029084419047406,-0.4118204191547541,-0.4441027229958679,-0.3779644730092272,1.746608645145873,0.1845207828235641,-0.1845207828235641,-0.408248290463863,0.8128181425907766,0.5056205829602304,2.2360679774997894,-1.1389071909150976,0.09904493453115071,0.026452806727811355,False,,,0.09904493453115071,0.75,0.65,0.0,0.3747612336327877
1,17,0.0021849030979689,-0.2014882058738548,-0.2013348943564912,1.2417918157980865,-1.1302776915880184,-0.8847105779474259,-1.118033988749895,-1.400487393164631,-0.331124340588225,-5.258743071175584e-16,0.5640859669844508,-0.5484741288802405,-1.1271543790448286,-1.1181946142788823,-0.5131241743647122,-1.6028355387544508,-0.7322733774808525,0.0870289398002834,3.2346785908805518,0.0,0.0,0.0,0.0,-0.2025236004743421,-0.1628162306810483,-0.1996948982255787,-0.3779644730092272,0.3313894001820592,0.4305484932549831,-0.4305484932549831,-0.408248290463863,0.8128181425907766,0.6500836066631537,2.2360679774997894,-1.1389071909150976,0.09997404199843563,0.02656869643007876,False,,,0.09997404199843563,0.75,0.65,0.030460128930099185,0.38260854273213374
1,18,0.0023464470434797,-0.2014793398040079,-0.2012402821504484,0.79391499086447,-0.9088384583831762,-0.8847105779474259,-1.118033988749895,-1.400487393164631,-0.331124340588225,-5.258743071175584e-16,0.5640859669844508,-0.5484741288802405,-1.1271543790448286,-1.1181946142788823,-0.1390466626033302,-1.529493656344521,-0.633207342599313,-0.0537017655812954,3.30006556692749,0.0,0.0,0.0,0.0,-0.2025570792891295,0.1000034875320604,0.0582734356765213,-0.3779644730092272,-0.7508058875955863,0.676576203686402,-0.676576203686402,-0.408248290463863,0.8128181425907766,0.7945466303660766,-0.4472135954999578,-1.1389071909150976,0.0987793601849084,0.026444574421870225,False,0.3,0.25,0.1462448010208513,0.5399072009207971,0.6339832869080779,0.24804106998108616,0.39204408970770316
1,19,0.0023872095923743,-0.201410344784895,-0.201264559720821,0.79391499086447,-0.9002992091494388,-0.8847105779474259,-1.118033988749895,-1.400487393164631,-0.331124340588225,-5.258743071175584e-16,0.5640859669844508,-0.5484741288802405,-1.1271543790448286,-1.1181946142788823,-0.7022907396484784,-1.596487426832884,-0.7611039470033022,-0.6402409957614262,3.889297796168368,0.0,0.0,0.0,0.0,-0.2028176086449817,0.0653863697349165,0.0242953146156771,-0.3779644730092272,-0.7508058875955863,0.922603914117821,-0.922603914117821,-0.408248290463863,0.8128181425907766,0.9390096540689996,-0.4472135954999578,-1.1389071909150976,0.10201823034139654,0.026436988960050988,False,,,0.10201823034139654,0.75,0.65,0.0,0.3755045575853492
1,20,0.0016246346386523,-0.2013745169997665,-0.2009792957060019,0.79391499086447,-0.8746593243412327,-0.8847105779474259,-1.118033988749895,-1.400487393164631,-0.331124340588225,-5.258743071175584e-16,0.5640859669844508,-0.5484741288802405,-1.1271543790448286,-1.1181946142788823,-0.2294776166476718,-0.5203084459612064,-0.1313346487158777,-0.9669226941502536,0.287109308848319,0.0,0.0,0.0,0.0,-0.2029528965237469,0.1586505565591513,0.1158379395425993,-0.3779644730092272,-0.7508058875955863,1.16863162454924,-1.16863162454924,-0.408248290463863,0.8128181425907766,1.0834726777719228,-0.4472135954999578,-1.1389071909150976,0.10117614575021983,0.026029535615774667,False,,,0.10117614575021983,0.75,0.65,0.0,0.375294036437555
1,21,0.0014285817262331,-0.2014042850167069,-0.200940641578042,0.79391499086447,-0.8597720054171997,-0.8847105779474259,-1.118033988749895,-1.400487393164631,-0.331124340588225,-5.258743071175584e-16,0.5640859669844508,-0.5484741288802405,-1.1271543790448286,-1.1181946142788823,-0.0409349370823292,-0.4164174156120928,-0.4041427784472274,-0.8074195520779808,0.1082876521434673,0.0,0.0,0.0,0.0,-0.2028404906953526,0.0701201707057045,0.0289417344420167,-0.3779644730092272,-0.7508058875955863,1.4146593349806589,-1.4146593349806589,-0.408248290463863,0.8128181425907766,1.2279357014748458,-0.4472135954999578,-1.1389071909150976,0.1008776476041531,0.025523764848729074,False,,,0.1008776476041531,0.75,0.65,0.0,0.37521941190103825
1,22,0.0003518339980259,-0.2013567570518235,-0.2007075153750239,0.3460381659308536,-0.7704601587899561,-0.8847105779474259,-1.118033988749895,-1.400487393164631,-0.331124340588225,-5.258743071175584e-16,0.5640859669844508,-0.5484741288802405,-1.1271543790448286,-1.1181946142788823,0.1017723765011479,-0.0573941521848751,-0.4244334676025313,-1.2079591595703667,-0.0303655914751836,0.0,0.0,0.0,0.0,-0.2030199591589495,0.2394842090393099,0.1951794851286863,-0.3779644730092272,-0.7508058875955863,1.6606870454120777,-1.6606870454120777,-0.408248290463863,0.8128181425907766,1.3723987251777687,-0.4472135954999578,-1.1389071909150976,0.102343492497888,0.025352293406729242,False,,,0.102343492497888,0.75,0.65,0.025443094125286975,0.38194664665579375
1,23,0.0007629258016446,-0.2013675652308939,-0.2010841687480044,0.3460381659308536,-0.7613667207137869,-0.8847105779474259,-1.118033988749895,-1.400487393164631,-0.331124340588225,-5.258743071175584e-16,0.5640859669844508,-0.5484741288802405,-1.1271543790448286,-1.1181946142788823,-0.159684425977068,-0.0206425943169782,-0.5079344051893739,-1.1841203965363412,-0.0604317573521871,0.0,0.0,0.0,0.0,-0.202979146822532,0.229859104154445,0.185732049876632,-0.3779644730092272,-0.7508058875955863,1.9067147558434967,-1.9067147558434967,-0.408248290463863,0.8128181425907766,1.516861748880692,-0.4472135954999578,-1.1389071909150976,0.09153941723692263,0.02503022045237344,False,,,0.09153941723692263,0.75,0.65,0.0,0.3728848543092307
1,24,0.0019301621203924,-0.2014157315964382,-0.2018833734413657,0.3460381659308536,-0.7709432287848107,-0.8847105779474259,-1.118033988749895,-1.400487393164631,-0.331124340588225,-5.258743071175584e-16,0.5640859669844508,-0.5484741288802405,-1.1271543790448286,-1.1181946142788823,0.1882899786753732,0.1087526067219262,-0.3576606573341132,-0.8987134132505115,-0.1306843781372235,0.0,0.0,0.0,0.0,-0.2027972677195136,0.2381348643596617,0.1938550479774893,-0.3779644730092272,-0.7508058875955863,2.1527424662749155,-2.1527424662749155,-0.408248290463863,0.8128181425907766,1.6613247725836149,-0.4472135954999578,-1.1389071909150976,0.004712776643169325,0.026115933727815014,False,,,0.004712776643169325,0.75,0.65,0.0470724946688433,0.36294631782800313
2,1,0.0020047759736183,-0.2016092199716022,-0.2028924952362883,2.137545465665319,0.4058202877949073,0.9122357483337862,1.118033988749895,-0.4850584519619434,-0.331124340588225,-1.4209964001470134,-0.5875895489421409,-0.5413750788148887,1.058762483368768,-1.1181946142788823,-1.5610684897623257,-0.6689936753267907,2.4119963984560537,2.7882738996189897,3.0006478893581523,0.0,0.0,0.0,0.0,-0.2020666439383409,2.650136446260468,2.561333537348861,-0.3779644730092272,-0.7508058875955863,-0.7995900589021115,0.7995900589021115,-0.408248290463863,-0.7250102411641544,-1.661324772583615,-0.4472135954999578,1.0641602595597024,0.10289257747434327,0.026690061681666325,False,,,0.10289257747434327,0.03510570066648553,1.0,0.75,0.47199956953520716
2,2,-0.012980489374217,-0.2013713754120376,-0.1976203535092356,2.5854222905989355,0.5491579584700842,0.9122357483337862,1.118033988749895,-0.4850584519619434,-0.331124340588225,-1.4209964001470134,-0.5875895489421409,-0.5413750788148887,1.058762483368768,-1.1181946142788823,-2.241911503109519,-0.8135791211351355,2.4119963984560537,0.3645206334620245,3.6329511109834542,0.0,0.0,0.0,0.0,-0.2029647593485983,2.7581607354741213,2.667363808208557,-0.3779644730092272,-0.7508058875955863,-0.7995900589021115,0.7995900589021115,-0.408248290463863,-0.7250102411641544,-1.516861748880692,-0.4472135954999578,1.0641602595597024,0.09700841563943041,0.026637870370892474,False,,,0.09700841563943041,0.03510570066648553,1.0,0.5275822217117085,0.4149240845044061
2,3,-0.0056478872596408,-0.201366295435538,-0.1978679488419195,1.689668640731703,0.251011204834262,0.9122357483337862,1.118033988749895,-0.4850584519619434,-0.331124340588225,-1.4209964001470134,-0.5875895489421409,-0.5413750788148887,1.058762483368768,-1.1181946142788823,-1.6073292760709204,-0.4489496863242574,2.4119963984560537,0.2201513128203905,2.1832767384994525,0.0,0.0,0.0,0.0,-0.202983941646425,2.399531906531998,2.315354902177981,-0.3779644730092272,-0.4837134735201676,-0.7995900589021115,0.7995900589021115,-0.408248290463863,-0.7250102411641544,-1.3723987251777692,-0.4472135954999578,1.0641602595597024,0.09935482837553533,0.0266174532319835,False,,,0.09935482837553533,0.03510570066648553,1.0,0.47705295948713666,0.40287837213228933
2,4,-0.0044319977890495,-0.2012703673040743,-0.1973527504662514,2.137545465665319,0.4064091617602791,0.9122357483337862,1.118033988749895,-0.4850584519619434,-0.331124340588225,-1.4209964001470134,-0.5875895489421409,-0.5413750788148887,1.058762483368768,-1.1181946142788823,-2.0273855029384635,-0.4855316320151339,-1.000011375267971,-0.7640192750072751,2.442077716772264,0.0,0.0,0.0,0.0,-0.2033461720598616,2.595774663588424,2.507975217816366,-0.3779644730092272,-0.7508058875955863,-0.7995900589021115,0.7995900589021115,-0.408248290463863,-0.7250102411641544,-1.2279357014748462,-0.4472135954999578,1.0641602595597024,0.10001449029430448,0.026589136378990533,False,,,0.10001449029430448,0.03510570066648553,1.0,0.0,0.2837800477401975
2,5,-0.0017681597942467,-0.201360305822054,-0.1978765151268264,1.689668640731703,0.2327236697380371,0.9122357483337862,1.118033988749895,-0.4850584519619434,-0.331124340588225,-1.4209964001470134,-0.5875895489421409,-0.5413750788148887,1.058762483368768,-1.1181946142788823,-1.451642335785044,-0.8041174813283353,-0.9903059817939592,-0.0166034461084721,3.1189799071463464,0.0,0.0,0.0,0.0,-0.2030065587883994,2.3371732469490327,2.25414731993736,-0.3779644730092272,-0.3444709311048816,-0.7995900589021115,0.7995900589021115,-0.408248290463863,-0.7250102411641544,-1.0834726777719228,-0.4472135954999578,1.0641602595597024,0.10053026975105961,0.026394147807759706,False,,,0.10053026975105961,0.03510570066648553,1.0,0.0,0.2839089926043863
2,6,-0.0010048934016708,-0.2013006632557284,-0.1980528183972649,1.2417918157980865,0.037010979232697,0.9122357483337862,1.118033988749895,-0.4850584519619434,-0.331124340588225,-1.4209964001470134,-0.5875895489421409,-0.5413750788148887,1.058762483368768,-1.1181946142788823,-0.9599124866868316,-0.7321069001936124,-0.9338777969295624,-0.6394132273124604,2.614112253366152,0.0,0.0,0.0,0.0,-0.203231772718129,2.093334497974702,2.014809585914391,-0.3779644730092272,0.2000040074780467,-0.7995900589021115,0.7995900589021115,-0.408248290463863,-0.7250102411641544,-0.939009654069,-0.4472135954999578,1.0641602595597024,0.09701097176162973,0.02650694242150294,False,0.4,0.1,0.09701097176162973,0.03510570066648553,1.0,0.0,0.2830291681070288
2,7,0.0016630319288495,-0.2013547981369332,-0.2012082857896919,1.689668640731703,0.2929789675111923,0.9122357483337862,1.118033988749895,-0.4850584519619434,-0.331124340588225,-1.4209964001470134,-0.5875895489421409,-0.5413750788148887,1.058762483368768,-1.1181946142788823,-1.144649057098139,-0.7224855018040207,0.7667262359942706,-0.2344266928184506,2.940177356695986,0.0,0.0,0.0,0.0,-0.2030273561397908,2.427808420785711,2.3431094607787726,-0.3779644730092272,-0.5468529598667384,-0.7995900589021115,0.7995900589021115,-0.408248290463863,-0.7250102411641544,-0.7945466303660769,-0.4472135954999578,1.0641602595597024,0.10184123889856697,0.02659964357447924,False,,,0.10184123889856697,0.03510570066648553,1.0,0.30669049439770824,0.36090935849069017
2,8,0.0017073002051558,-0.2012945149197564,-0.2012392041503399,2.137545465665319,0.5317662831652302,0.9122357483337862,1.118033988749895,-0.4850584519619434,-0.331124340588225,-1.4209964001470134,-0.5875895489421409,-0.5413750788148887,1.058762483368768,-1.1181946142788823,-0.9763314624712868,-0.8215742626439266,-0.8838764969687674,-0.8405200077752866,3.467033053574207,0.0,0.0,0.0,0.0,-0.2032549892057962,2.5851818519499843,2.4975779386917805,-0.3779644730092272,-0.7508058875955863,-0.7995900589021115,0.7995900589021115,-0.408248290463863,-0.7250102411641544,-0.6500836066631539,-0.4472135954999578,1.0641602595597024,0.09705136386172909,0.026166030225861378,False,,,0.09705136386172909,0.03510570066648553,1.0,0.0,0.28303926613205366
2,9,0.0024762598314345,-0.2013513982655221,-0.2013478412961924,2.137545465665319,0.4913376432732409,0.9122357483337862,1.118033988749895,-0.4850584519619434,-0.331124340588225,-1.4209964001470134,-0.5875895489421409,-0.5413750788148887,1.058762483368768,-1.1181946142788823,-0.7329453241206959,-0.749401162258994,-0.8816708313272428,-0.4210450344274214,3.155297606101596,0.0,0.0,0.0,0.0,-0.2030401942594132,2.544451054767547,2.4575989905401885,-0.3779644730092272,-0.7508058875955863,-0.7995900589021115,0.7995900589021115,-0.408248290463863,-0.7250102411641544,-0.5056205829602308,-0.4472135954999578,1.0641602595597024,0.10306839046653624,0.026256516271420338,False,,,0.10306839046653624,0.03510570066648553,1.0,0.0,0.2845435227832554
2,10,0.0020545781118125,-0.2013474546398034,-0.2017092336130928,1.689668640731703,0.4091917517735191,0.9122357483337862,1.118033988749895,-0.4850584519619434,-0.331124340588225,-1.4209964001470134,-0.5875895489421409,-0.5413750788148887,1.058762483368768,-1.1181946142788823,-2.0174157700550004,-0.4843768446296556,-0.7995016357899295,-0.5292185574940855,1.5342992764647174,0.0,0.0,0.0,0.0,-0.2030550856281151,1.5883092119083355,2.297724083625655,2.6457513110645903,1.327690286916582,-0.7995900589021115,0.7995900589021115,-0.408248290463863,-0.7250102411641544,-0.3611575592573077,-0.4472135954999578,1.0641602595597024,0.09733653372368894,0.02657063160592198,False,,,0.09733653372368894,0.03510570066648553,1.0,0.0,0.2831105585975436
2,11,0.003093550215595,-0.2014146590587051,-0.2011281911961411,2.137545465665319,0.5513760074971469,0.9122357483337862,1.118033988749895,-0.4850584519619434,-0.331124340588225,-1.4209964001470134,-0.5875895489421409,-0.5413750788148887,1.058762483368768,-1.1181946142788823,-1.0779701471465757,-0.5041675056089434,-0.1585167127909955,-0.0403603352943896,1.6660350562710435,0.0,0.0,0.0,0.0,-0.2028013176867189,1.6927090656493728,2.425815007093584,2.6457513110645903,1.0945726868927164,-0.7995900589021115,0.7995900589021115,-0.408248290463863,-0.7250102411641544,-0.2166945355543847,-0.4472135954999578,1.0641602595597024,0.10196785593441182,0.026554101153843275,False,,,0.10196785593441182,0.03510570066648553,1.0,0.0,0.28426838915022434
2,12,0.0026428844119038,-0.2013543963100476,-0.2013503021690499,0.79391499086447,0.156196375239754,0.9122357483337862,1.118033988749895,-0.4850584519619434,-0.331124340588225,-1.4209964001470134,-0.5875895489421409,-0.5413750788148887,1.058762483368768,-1.1181946142788823,-0.9420594890510606,-0.8441284972467443,-0.6938024259462452,-0.6142406133773828,1.9607502592724195,0.0,0.0,0.0,0.0,-0.2030288734623602,1.2190669365620046,1.844691034845439,2.6457513110645903,2.152182563214219,-0.7995900589021115,0.7995900589021115,-0.408248290463863,-0.7250102411641544,-0.0722315118514616,-0.4472135954999578,1.0641602595597024,0.10010086098140408,0.026635966305770965,False,0.2,0.2,0.10997623622076881,0.2603294311079632,0.847305389221557,0.48,0.4244027641375722
2,13,0.0028613389099418,-0.2013744421487311,-0.2013086688031403,-0.1018386590027628,-0.1376314590171777,0.9122357483337862,1.118033988749895,-0.4850584519619434,-0.331124340588225,-1.4209964001470134,-0.5875895489421409,-0.5413750788148887,1.058762483368768,-1.1181946142788823,0.25388202964786,-0.6261525397032903,-0.7059421769379838,-0.5205117835742625,1.643400974332874,0.0,0.0,0.0,0.0,-0.2029531791657735,1.4093699936333466,1.3434703696914794,-0.3779644730092272,1.7272490949000008,-0.5535623484706925,0.5535623484706925,-0.408248290463863,-0.7250102411641544,0.0722315118514612,-0.4472135954999578,1.0641602595597024,0.10008700511444246,0.02667289767155119,False,,,0.10008700511444246,0.03510570066648553,1.0,0.063470507411965,0.29966580329822323
2,14,0.0024933574374716,-0.2014015413060728,-0.2017461613913857,0.79391499086447,0.1806434202709398,0.9122357483337862,1.118033988749895,-0.4850584519619434,-0.331124340588225,-1.4209964001470134,-0.5875895489421409,-0.5413750788148887,1.058762483368768,-1.1181946142788823,-0.1197087780723791,-0.5800727324737506,-0.747994151240794,-0.3729933159727595,1.8700189359712407,0.0,0.0,0.0,0.0,-0.2028508511122828,1.7437570545168002,1.6716849860110174,-0.3779644730092272,0.9805860841879082,-0.3075346380392736,0.3075346380392736,-0.408248290463863,-0.7250102411641544,0.2166945355543845,2.2360679774997894,1.0641602595597024,0.09940286197405479,0.026560406778167945,False,,,0.09940286197405479,0.03510570066648553,1.0,0.0,0.28362714066013506
2,15,0.0021614285066637,-0.2013687207316416,-0.2018249273412483,1.689668640731703,0.5577951991216977,0.9122357483337862,1.118033988749895,-0.4850584519619434,-0.331124340588225,-1.4209964001470134,-0.5875895489421409,-0.5413750788148887,1.058762483368768,-1.1181946142788823,-0.5810389803305742,-0.6164927371704337,-0.6399345181718517,-0.7021364388293744,2.4223088236563197,0.0,0.0,0.0,0.0,-0.2029747835819772,2.223269461611129,2.1423460824634817,-0.3779644730092272,-0.0901317139497496,-0.0615069276078547,0.0615069276078547,-0.408248290463863,-0.7250102411641544,0.3611575592573074,2.2360679774997894,1.0641602595597024,0.10086696216717644,0.026457669067349757,False,,,0.10086696216717644,0.03510570066648553,1.0,0.0,0.2839931657084155
2,16,0.0014891512733395,-0.2013433569862235,-0.2017864901672955,1.2417918157980865,0.6048276988315251,0.9122357483337862,1.118033988749895,-0.4850584519619434,-0.331124340588225,-1.4209964001470134,-0.5875895489421409,-0.5413750788148887,1.058762483368768,-1.1181946142788823,-1.544012349102577,-0.6917984980498214,-0.6708334719903952,-0.9643211955721104,2.523124636987651,0.0,0.0,0.0,0.0,-0.2030705586153163,2.1189756444025845,2.039977422895242,-0.3779644730092272,0.1427491138844657,0.1845207828235641,-0.1845207828235641,-0.408248290463863,-0.7250102411641544,0.5056205829602304,2.2360679774997894,1.0641602595597024,0.0987804510279971,0.02650637027391665,False,,,0.0987804510279971,0.03510570066648553,1.0,0.0,0.2834715379236206
2,17,0.0025205574859393,-0.2014369165328252,-0.2015070461890949,0.3460381659308536,0.2448492835987044,0.9122357483337862,1.118033988749895,-0.4850584519619434,-0.331124340588225,-1.4209964001470134,-0.5875895489421409,-0.5413750788148887,1.058762483368768,-1.1181946142788823,0.4341563623334953,-0.6599078760756588,-0.6233643680495753,-0.306654072172395,1.9687842234266983,0.0,0.0,0.0,0.0,-0.2027172721212569,1.659185592539194,1.5886746270837708,-0.3779644730092272,1.1694282668180895,0.4305484932549831,-0.4305484932549831,-0.408248290463863,-0.7250102411641544,0.6500836066631537,2.2360679774997894,1.0641602595597024,0.10057340218842137,0.026627962946432965,False,,,0.10057340218842137,0.03510570066648553,1.0,0.10853909058337383,0.3110545483595702
2,18,0.0024285022624249,-0.2014053671361965,-0.2015593910803078,0.79391499086447,0.4087743584268263,0.9122357483337862,1.118033988749895,-0.4850584519619434,-0.331124340588225,-1.4209964001470134,-0.5875895489421409,-0.5413750788148887,1.058762483368768,-1.1181946142788823,-1.0416045777760474,-0.855570997466375,-0.7340982774625441,-0.6139853123255862,2.695230016526469,0.0,0.0,0.0,0.0,-0.2028364045468565,1.814676769629095,1.7412955954155036,-0.3779644730092272,0.822227301211416,0.676576203686402,-0.676576203686402,-0.408248290463863,-0.7250102411641544,0.7945466303660766,-0.4472135954999578,1.0641602595597024,0.0993877500665965,0.026514797863868237,False,0.1,0.15,0.09973675047016423,0.1789341240744836,0.847305389221557,0.48,0.40149406594155124
2,19,0.0031252006542776,-0.2014853243949688,-0.2008627070072995,0.79391499086447,0.432997471718371,0.9122357483337862,1.118033988749895,-0.4850584519619434,-0.331124340588225,-1.4209964001470134,-0.5875895489421409,-0.5413750788148887,1.058762483368768,-1.1181946142788823,0.2767551783063437,-0.8184486112916225,-0.6912424304740259,-0.0797446430356324,2.50347365749799,0.0,0.0,0.0,0.0,-0.2025344811125056,1.7536821584056868,1.681426882591034,-0.3779644730092272,0.9584240186709976,0.922603914117821,-0.922603914117821,-0.408248290463863,-0.7250102411641544,0.9390096540689996,-0.4472135954999578,1.0641602595597024,0.10075427257597436,0.0263451452686828,False,,,0.10075427257597436,0.03510570066648553,1.0,0.06918879457658593,0.30126219195476145
2,20,0.003490072903076,-0.2014548715050602,-0.2007221999494325,0.3460381659308536,0.2488639656293038,0.9122357483337862,1.118033988749895,-0.4850584519619434,-0.331124340588225,-1.4209964001470134,-0.5875895489421409,-0.5413750788148887,1.058762483368768,-1.1181946142788823,-0.221845314137634,-0.952486969530678,-0.7114771523291495,-0.3739879582420685,2.819096602435922,0.0,0.0,0.0,0.0,-0.2026494730625584,1.632725250169882,1.5627027156842015,-0.3779644730092272,1.2285123678767411,1.16863162454924,-1.16863162454924,-0.408248290463863,-0.7250102411641544,1.0834726777719228,-0.4472135954999578,1.0641602595597024,0.10204096419653211,0.0262241849550215,False,,,0.10204096419653211,0.03510570066648553,1.0,0.0,0.2842866662157544
2,21,0.002686805294824,-0.201392368235991,-0.2008592477682837,0.79391499086447,0.6125399184479708,0.9122357483337862,1.118033988749895,-0.4850584519619434,-0.331124340588225,-1.4209964001470134,-0.5875895489421409,-0.5413750788148887,1.058762483368768,-1.1181946142788823,-0.0659187186325129,-0.779827056767838,-0.6553928415533204,-0.8942345551093892,2.5302063456737023,0.0,0.0,0.0,0.0,-0.2028854891784842,1.8834011299587723,1.8087513740506485,-0.3779644730092272,0.6687705925174611,1.4146593349806589,-1.4146593349806589,-0.408248290463863,-0.7250102411641544,1.2279357014748458,-0.4472135954999578,1.0641602595597024,0.09894914066763255,0.02640615336872699,False,,,0.09894914066763255,0.03510570066648553,1.0,0.0,0.2835137103335295
2,22,0.0025497166168561,-0.2015113511359857,-0.2010389469308554,0.3460381659308536,0.2740425079722215,0.9122357483337862,1.118033988749895,-0.4850584519619434,-0.331124340588225,-1.4209964001470134,-0.5875895489421409,-0.5413750788148887,1.058762483368768,-1.1181946142788823,0.6834324888425396,-0.83911035346578,-0.6670293090065633,-0.0958736396101787,2.354477767706165,0.0,0.0,0.0,0.0,-0.2024362025677752,1.569154437714775,1.5003053556788564,-0.3779644730092272,1.370461563206663,1.6606870454120777,-1.6606870454120777,-0.408248290463863,-0.7250102411641544,1.3723987251777687,-0.4472135954999578,1.0641602595597024,0.09860746341834101,0.026403308075419202,False,,,0.09860746341834101,0.03510570066648553,1.0,0.1708581222106349,0.3261428215738653
2,23,0.0031691038395929,-0.2015316123736109,-0.2006089728890335,0.79391499086447,0.4623499913426542,0.9122357483337862,1.118033988749895,-0.4850584519619434,-0.331124340588225,-1.4209964001470134,-0.5875895489421409,-0.5413750788148887,1.058762483368768,-1.1181946142788823,-0.3049547569814944,-0.8588797002481974,-0.7025467950255244,-0.0186747829916121,2.653231199091043,0.0,0.0,0.0,0.0,-0.202359694911786,1.76968107839505,1.697130478812618,-0.3779644730092272,0.9226995449553016,1.9067147558434967,-1.9067147558434967,-0.408248290463863,-0.7250102411641544,1.516861748880692,-0.4472135954999578,1.0641602595597024,0.09889462703242952,0.026408161371999216,False,,,0.09889462703242952,0.03510570066648553,1.0,0.0,0.28350008192472875
2,24,0.0021784579430908,-0.2014347799278344,-0.2008114400079572,0.3460381659308536,0.2302052349420708,0.9122357483337862,1.118033988749895,-0.4850584519619434,-0.331124340588225,-1.4209964001470134,-0.5875895489421409,-0.5413750788148887,1.058762483368768,-1.1181946142788823,0.1195728199243742,-0.9478182353001208,-0.7047794821318442,-0.7650461173405599,2.647045352507376,0.0,0.0,0.0,0.0,-0.2027253400706409,1.5121011819866252,1.4443052449415514,-0.3779644730092272,1.4978575084336072,2.1527424662749155,-2.1527424662749155,-0.408248290463863,-0.7250102411641544,1.6613247725836149,-0.4472135954999578,1.0641602595597024,0.00192427937826678,0.026532197269616736,False,,,0.00192427937826678,0.03510570066648553,1.0,0.02989320498109355,0.26673079625646146
3,1,0.0020047759736183,-0.203230444881292,-0.2028924952362883,-0.9975923088699956,-0.0830426901471636,-0.1186113344175607,0.0,0.4581107601862798,-0.331124340588225,-0.4736654667156711,0.1801941283422534,-1.0339750539368824,1.058762483368768,1.5351485382472794,-0.2467580016025406,0.9708401842889224,2.4119963984560537,5.576680189442752,0.2808843724111869,0.0,0.0,0.0,0.0,-0.2051157284252086,1.8567063711663372,1.782549373316369,-0.3779644730092272,-0.7508058875955863,-0.7995900589021115,0.7995900589021115,-0.408248290463863,-0.5246251852552084,-1.661324772583615,-0.4472135954999578,1.0641602595597024,0.08756198131995158,0.02663661806153787,False,,,0.08756198131995158,0.75,0.966553216359545,0.75,0.6385287994198742
3,2,0.0012255758493617,-0.2032180774986622,-0.2026183557136665,-0.5497154839363793,0.0120941641844515,-0.1186113344175607,0.0,0.4581107601862798,-0.331124340588225,-0.4736654667156711,0.1801941283422534,-1.0339750539368824,1.058762483368768,1.5351485382472794,0.905357701255239,0.6387655366533357,2.4119963984560537,1.7802076413779044,0.5071154835285435,0.0,0.0,0.0,0.0,-0.2051624284083604,1.910813848873357,1.835658082094479,-0.3779644730092272,-0.7508058875955863,-0.7995900589021115,0.7995900589021115,-0.408248290463863,-0.5246251852552084,-1.516861748880692,-0.4472135954999578,1.0641602595597024,0.10206675459883721,0.02648092968515253,False,,,0.10206675459883721,0.75,0.966553216359545,0.9763394253138098,0.6987398490680481
3,3,0.0015197295062663,-0.2032150476680005,-0.2025972375333499,-0.5497154839363793,-0.0105975796062041,-0.1186113344175607,0.0,0.4581107601862798,-0.331124340588225,-0.4736654667156711,0.1801941283422534,-1.0339750539368824,1.058762483368768,1.5351485382472794,-0.5492442695574348,0.501739591734285,2.4119963984560537,0.7467568195651901,0.6406371033844751,0.0,0.0,0.0,0.0,-0.205173869231782,1.974868397643712,1.8985302491353888,-0.3779644730092272,-0.7508058875955863,-0.7995900589021115,0.7995900589021115,-0.408248290463863,-0.5246251852552084,-1.3723987251777692,-0.4472135954999578,1.0641602595597024,0.09745853545239475,0.026510014927315334,False,,,0.09745853545239475,0.75,0.966553216359545,0.6613648868478166,0.6188441596649391
3,4,0.0016943905025861,-0.203215033472729,-0.2026108030865036,-0.9975923088699956,-0.0778570693868557,-0.1186113344175607,0.0,0.4581107601862798,-0.331124340588225,-0.4736654667156711,0.1801941283422534,-1.0339750539368824,1.058762483368768,1.5351485382472794,1.0188573200637931,0.574500368050118,-0.960888526948057,0.5701554937569183,0.5034491584496645,0.0,0.0,0.0,0.0,-0.2051739228339838,1.8200694887989768,1.7465887704821044,-0.3779644730092272,-0.7508058875955863,-0.7995900589021115,0.7995900589021115,-0.408248290463863,-0.5246251852552084,-1.2279357014748462,-0.4472135954999578,1.0641602595597024,0.09961280521311291,0.026474600383553596,False,,,0.09961280521311291,0.75,0.966553216359545,0.4495544228149214,0.5664301110968949
3,5,0.0018522621013376,-0.2032198634733521,-0.2026405139152246,-0.9975923088699956,-0.1434627798537641,-0.1186113344175607,0.0,0.4581107601862798,-0.331124340588225,-0.4736654667156711,0.1801941283422534,-1.0339750539368824,1.058762483368768,1.5351485382472794,0.3230414898062369,0.7031070552247843,-0.9155182856762802,1.6525738470755231,0.3730474670743461,0.0,0.0,0.0,0.0,-0.2051556844601519,1.731563716421857,1.659716724518144,-0.3779644730092272,-0.6998684050411933,-0.7995900589021115,0.7995900589021115,-0.408248290463863,-0.5246251852552084,-1.0834726777719228,-0.4472135954999578,1.0641602595597024,0.10533299932445964,0.02530880407661247,False,,,0.10533299932445964,0.75,0.966553216359545,0.4307603724515592,0.5631616470338909
3,6,0.0019206942348768,-0.2032200343797757,-0.2026623998368559,-0.9975923088699956,-0.134609152523355,-0.1186113344175607,0.0,0.4581107601862798,-0.331124340588225,-0.4736654667156711,0.1801941283422534,-1.0339750539368824,1.058762483368768,1.5351485382472794,0.2342561675154381,0.5267997234063237,-0.824905717718289,1.5079172958076057,0.5326567813897891,0.0,0.0,0.0,0.0,-0.2051550391071829,1.811592762285642,1.7382685157064874,-0.3779644730092272,-0.7508058875955863,-0.7995900589021115,0.7995900589021115,-0.408248290463863,-0.5246251852552084,-0.939009654069,-0.4472135954999578,1.0641602595597024,0.09040822352652164,0.025321648831976788,False,0.2,0.1,0.09040822352652164,0.75,0.966553216359545,0.40856404187885953,0.5538813704412315
3,7,0.0020379147439615,-0.2032178012970776,-0.202803078642728,-0.5497154839363793,-0.0349459208688762,-0.1186113344175607,0.0,0.4581107601862798,-0.331124340588225,-0.4736654667156711,0.1801941283422534,-1.0339750539368824,1.058762483368768,1.5351485382472794,-0.2192723045200555,0.6543716808042995,0.8952138646642143,0.7824113016092124,0.4913241806160743,0.0,0.0,0.0,0.0,-0.205163471362212,1.9007299579898045,1.825760329565991,-0.3779644730092272,-0.7508058875955863,-0.7995900589021115,0.7995900589021115,-0.408248290463863,-0.5246251852552084,-0.7945466303660769,-0.4472135954999578,1.0641602595597024,0.10647987376875401,0.026454490059294126,False,,,0.10647987376875401,0.75,0.966553216359545,0.6319295014289101,0.6137406478893024
3,8,0.0020475677797671,-0.2032181071015133,-0.2028030301949647,-0.9975923088699956,-0.0020861706768766,-0.1186113344175607,0.0,0.4581107601862798,-0.331124340588225,-0.4736654667156711,0.1801941283422534,-1.0339750539368824,1.058762483368768,1.5351485382472794,0.678540907117305,0.91219491892118,-0.6398562038718942,0.6989265806163728,0.2722006778844011,0.0,0.0,0.0,0.0,-0.2051623166262082,1.7713076594116155,1.698727034800323,-0.3779644730092272,-0.7508058875955863,-0.7995900589021115,0.7995900589021115,-0.408248290463863,-0.5246251852552084,-0.6500836066631539,-0.4472135954999578,1.0641602595597024,0.11286434294421444,0.026269982448000165,False,,,0.11286434294421444,0.75,0.966553216359545,0.4142595299950567,0.5609192723247041
3,9,0.0020664300969098,-0.2032233838868111,-0.2027794785940442,-0.9975923088699956,-0.1392139337434568,-0.1186113344175607,0.0,0.4581107601862798,-0.331124340588225,-0.4736654667156711,0.1801941283422534,-1.0339750539368824,0.4951518901404575,1.5351485382472794,-0.2002777868973731,1.06672712437157,-0.641668181613641,1.7765995604907572,0.1063748155881608,0.0,0.0,0.0,0.0,-0.2051423911664825,1.5782648343852477,1.5092475837059152,-0.3779644730092272,-0.2786235083017848,-0.7995900589021115,0.7995900589021115,-0.408248290463863,-0.5246251852552084,-0.5056205829602308,-0.4472135954999578,0.5133933969410024,0.2908290531376254,0.026537700013127476,False,,,0.2908290531376254,0.75,0.7898563779087052,0.35,0.5451713577615827
3,10,0.0020604441161592,-0.2032239775206733,-0.2027869062206842,-0.9975923088699956,-0.0393833981220969,-0.1186113344175607,0.0,0.4581107601862798,-0.331124340588225,-0.4736654667156711,0.1801941283422534,-1.0339750539368824,1.058762483368768,1.5351485382472794,1.3353334591256445,0.9984134593002076,-0.6030250990777549,1.7388214553629084,-0.1075156167035077,0.0,0.0,0.0,0.0,-0.2051401495691943,1.0435159651675896,1.629302935764572,2.6457513110645903,1.1907951149945877,-0.7995900589021115,0.7995900589021115,-0.408248290463863,-0.5246251852552084,-0.3611575592573077,-0.4472135954999578,1.0641602595597024,0.09888845069618352,0.026449322075934478,False,,,0.09888845069618352,0.75,0.966553216359545,0.6,0.6038604167639321
3,11,0.0020604892776635,-0.2032214632185789,-0.2027868958456108,-0.9975923088699956,0.0255585851278206,-0.1186113344175607,0.0,0.4581107601862798,-0.331124340588225,-0.4736654667156711,0.1801941283422534,-1.0339750539368824,1.058762483368768,1.5351485382472794,0.5541793193733704,0.3912819814030954,-0.2723745428640243,1.0130202490112938,0.2079257296643568,0.0,0.0,0.0,0.0,-0.205149643725635,1.0671384953093717,1.65828603863381,2.6457513110645903,1.125883550486751,-0.7995900589021115,0.7995900589021115,-0.408248290463863,-0.5246251852552084,-0.2166945355543847,-0.4472135954999578,1.0641602595597024,0.09997325737053997,0.0263943996302281,False,,,0.09997325737053997,0.75,0.966553216359545,0.4885448298433426,0.5762678258933569
3,12,0.0020370277986558,-0.203219252183151,-0.2027842926806006,-0.9975923088699956,-0.0404829920005447,-0.1186113344175607,0.0,0.4581107601862798,-0.331124340588225,-0.4736654667156711,0.1801941283422534,-1.0339750539368824,0.7478181923683661,1.5351485382472794,1.5147505496715576,0.624562898048486,-0.3717417744400279,0.3859877747438601,0.0315957442070503,0.0,0.0,0.0,0.0,-0.2051579927288413,0.985366528377436,1.5579578639978398,2.6457513110645903,1.3505820173561671,-0.7995900589021115,0.7995900589021115,-0.408248290463863,-0.5246251852552084,-0.0722315118514616,-0.4472135954999578,0.5133933969410024,0.09989922110885763,0.026482097889877154,False,0.2,0.2,0.10986493009492135,0.47222222222222227,0.8161999957770214,0.5905857991439633,0.49721823680953203
3,13,0.0020155851663213,-0.2032222899207367,-0.2027987466456157,-1.445469133803612,-0.0645610771759835,-0.1186113344175607,0.0,0.4581107601862798,3.020013564160076,-0.4736654667156711,0.1801941283422534,-1.0339750539368824,0.0623356555834461,1.5351485382472794,0.6151523797224211,0.7432843535659893,-0.5442792169036547,0.8999701296170733,0.2400914466336848,0.0,0.0,0.0,0.0,-0.2051465220483975,1.515275032391272,1.4474205093003596,-0.3779644730092272,-0.1055359274657336,-0.5535623484706925,0.5535623484706925,-0.408248290463863,-0.5246251852552084,0.0722315118514612,-0.4472135954999578,-0.0373734656776976,0.09857365197049367,0.0266228037493041,False,,,0.09857365197049367,1.0,0.6383706958137512,0.468777640296581,0.5514304970202064
3,14,0.0019790317211248,-0.2032219783833346,-0.2028254345176191,-1.445469133803612,-0.0666997427243933,-0.1186113344175607,0.0,0.4581107601862798,3.020013564160076,-0.4736654667156711,0.1801941283422534,-1.0339750539368824,-0.0328446988561944,1.5351485382472794,2.380524907917578,0.4329163439879427,-0.5959695027791195,0.6967409535299726,0.3694360942024019,0.0,0.0,0.0,0.0,-0.2051476984324285,1.3984348608965211,1.332737088367321,-0.3779644730092272,0.2155252917841708,-0.3075346380392736,0.3075346380392736,-0.408248290463863,-0.5246251852552084,0.2166945355543845,2.2360679774997894,-0.0373734656776976,0.09498616675116073,0.02622677397465039,False,,,0.09498616675116073,1.0,0.6165532163595451,0.4938593337354904,0.5513496792115491
3,15,0.0020066180848502,-0.2032232655388763,-0.20282617686885,-1.445469133803612,-0.0694361270662539,-0.1186113344175607,0.0,0.4581107601862798,3.020013564160076,-0.4736654667156711,0.1801941283422534,-1.0339750539368824,-0.065571355271675,1.5351485382472794,1.831661604920424,0.6223550129306704,-0.4583242038309322,0.8267791243790603,0.2283954537696955,0.0,0.0,0.0,0.0,-0.2051428380554261,1.3582607286341817,1.2933045296683765,-0.3779644730092272,0.3259184529841538,-0.0615069276078547,0.0615069276078547,-0.408248290463863,-0.5246251852552084,0.3611575592573074,2.2360679774997894,-0.0373734656776976,0.10037961375849899,0.025904925937173934,False,,,0.10037961375849899,1.0,0.6165532163595451,0.539372693532671,0.5640763809126788
3,16,0.0020652643914888,-0.2032258379733842,-0.2028047048004018,-0.9975923088699956,-0.0689954400445507,-0.1186113344175607,0.0,0.4581107601862798,-0.331124340588225,-0.4736654667156711,0.1801941283422534,-1.0339750539368824,-0.4871079000182748,1.5351485382472794,1.869387989043654,0.6245267960115716,-0.3968745799163977,1.2069416300398697,0.1600418567883959,0.0,0.0,0.0,0.0,-0.2051331243874842,1.2303002083783587,1.1677060302860955,-0.3779644730092272,0.6775369085513149,0.1845207828235641,-0.1845207828235641,-0.408248290463863,-0.5246251852552084,0.5056205829602304,2.2360679774997894,-0.5881403282963976,0.09698229141863929,0.026580956919329563,False,,,0.09698229141863929,0.75,0.6165532163595451,0.6,0.5158838769445461
3,17,0.002104657138149,-0.2032279630440116,-0.2027681067647545,-1.445469133803612,-0.0387250412573915,-0.1186113344175607,0.0,0.4581107601862798,3.020013564160076,-0.4736654667156711,0.1801941283422534,-1.0339750539368824,-0.1265070380479846,1.5351485382472794,1.83621481776468,0.3337620736476164,-0.5269891480345569,1.48445644500261,0.3721861939617943,0.0,0.0,0.0,0.0,-0.2051250999925523,1.2834581533795486,1.2198827337650076,-0.3779644730092272,0.5314659603785958,0.4305484932549831,-0.4305484932549831,-0.408248290463863,-0.5246251852552084,0.6500836066631537,2.2360679774997894,-0.0373734656776976,0.10373586684788488,0.02647591568287135,False,,,0.10373586684788488,1.0,0.6165532163595451,0.6,0.5800722708018575
3,18,0.0020751729192134,-0.2032260059679771,-0.2027953700628877,-0.9975923088699956,-0.0443481690770004,-0.1186113344175607,0.0,0.4581107601862798,-0.331124340588225,-0.4736654667156711,0.1801941283422534,-1.0339750539368824,-0.5140601061860958,1.5351485382472794,0.364511024210406,0.4980022199884955,-0.502580563386195,0.9717123122874216,0.2307321218502155,0.0,0.0,0.0,0.0,-0.2051324900297632,1.2250065102670626,1.1625100484501956,-0.3779644730092272,0.6920832854370249,0.676576203686402,-0.676576203686402,-0.408248290463863,-0.5246251852552084,0.7945466303660766,-0.4472135954999578,-0.5881403282963976,0.10455589300144008,0.026253645206404223,False,0.2,0.25,0.11616000180857997,0.47222222222222227,0.6079477078603361,0.4983845938672158,0.42367863143958856
3,19,0.0020355300899923,-0.2032233259945103,-0.2028020096267864,-0.9975923088699956,-0.0588224259201604,-0.1186113344175607,0.0,0.4581107601862798,-0.331124340588225,-0.4736654667156711,0.1801941283422534,-1.0339750539368824,-0.9931309068985184,1.5351485382472794,0.530702011847662,0.3300606569475753,-0.5070883477052343,0.3438020086183808,0.2848969889943237,0.0,0.0,0.0,0.0,-0.2051426097713039,1.1309119423820662,1.0701523704511338,-0.3779644730092272,0.950642617415642,0.922603914117821,-0.922603914117821,-0.408248290463863,-0.5246251852552084,0.9390096540689996,-0.4472135954999578,-0.5881403282963976,0.09809499783285541,0.02609844814565081,False,,,0.09809499783285541,0.75,0.6165532163595451,0.2530062059783488,0.42941360504268733
3,20,0.0020031559720758,-0.2032249841539458,-0.2028201318146225,-1.445469133803612,0.0433967289702592,-0.1186113344175607,0.0,0.4581107601862798,3.020013564160076,-0.4736654667156711,0.1801941283422534,-1.0339750539368824,-0.0615884433682118,1.5351485382472794,1.5269598914191531,0.4844705060087234,-0.4806145615996821,0.5362136276472362,0.3154788402718565,0.0,0.0,0.0,0.0,-0.2051363484612095,1.3631500160568732,1.298103565825084,-0.3779644730092272,0.3124833427723963,1.16863162454924,-1.16863162454924,-0.408248290463863,-0.5246251852552084,1.0834726777719228,-0.4472135954999578,-0.0373734656776976,0.09926213969129916,0.026636148402871547,False,,,0.09926213969129916,1.0,0.6165532163595451,0.4376747696765327,0.5383725314318443
3,21,0.0019650249977519,-0.203223744838885,-0.2028240687272161,-0.9975923088699956,0.0603531623600693,-0.1186113344175607,0.0,0.4581107601862798,-0.331124340588225,-0.4736654667156711,0.1801941283422534,-1.0339750539368824,-0.6243988022253594,1.5351485382472794,0.7408951463158162,0.5820738313640967,-0.4434813711922598,0.1996283339401758,0.1695784213732219,0.0,0.0,0.0,0.0,-0.2051410281896686,1.2033348243505573,1.141238399782658,-0.3779644730092272,0.7516341900149662,1.4146593349806589,-1.4146593349806589,-0.408248290463863,-0.5246251852552084,1.2279357014748458,-0.4472135954999578,-0.5881403282963976,0.10173719156516875,0.02617843418810272,False,,,0.10173719156516875,0.75,0.6165532163595451,0.2550937034580156,0.4308460278456824
3,22,0.0019557216732499,-0.2032235379966141,-0.2028194806774386,-0.9975923088699956,-0.1330960999938916,-0.1186113344175607,0.0,0.4581107601862798,-0.331124340588225,-0.4736654667156711,0.1801941283422534,-1.0339750539368824,-1.1271543790448286,1.5351485382472794,1.342915178749417,0.6158429690266712,-0.4234504005730254,0.0579793788548675,0.0704743851779085,0.0,0.0,0.0,0.0,-0.2051418092385662,1.0508598433744292,0.9915779516564932,-0.3779644730092272,1.1706151164465997,1.6606870454120777,-1.6606870454120777,-0.408248290463863,-0.5246251852552084,1.3723987251777687,-0.4472135954999578,-1.1389071909150976,0.10086493091173163,0.026189406708515606,False,,,0.10086493091173163,0.75,0.6165532163595451,0.27029278259920364,0.4344277324676201
3,23,0.002007213779826,-0.2032263974779578,-0.2028387712630217,-0.9975923088699956,-0.105679853944651,-0.1186113344175607,0.0,0.4581107601862798,-0.331124340588225,-0.4736654667156711,0.1801941283422534,-1.0339750539368824,-1.1271543790448286,1.5351485382472794,0.5984020788865466,0.2027798031444516,-0.5441919996966091,0.4535435253141727,0.328438644951551,0.0,0.0,0.0,0.0,-0.2051310116644497,1.0549201952752796,0.9955633535968048,-0.3779644730092272,1.1594578105714604,1.9067147558434967,-1.9067147558434967,-0.408248290463863,-0.5246251852552084,1.516861748880692,-0.4472135954999578,-1.1389071909150976,0.09755765589279775,0.02625446988544375,False,,,0.09755765589279775,0.75,0.6165532163595451,0.30834075358159707,0.443112906458485
3,24,0.0020928153413818,-0.2032323008298227,-0.2027538285761335,-0.9975923088699956,-0.0652568027015453,-0.1186113344175607,0.0,0.4581107601862798,-0.331124340588225,-0.4736654667156711,0.1801941283422534,-1.0339750539368824,-0.9665928677727256,1.5351485382472794,1.7460032151558966,0.1838231668127302,-0.5452028731302443,1.3537150566619047,0.3934799909391341,0.0,0.0,0.0,0.0,-0.205108720251555,1.13612429370956,1.075268507082007,-0.3779644730092272,0.9363197706502284,2.1527424662749155,-2.1527424662749155,-0.408248290463863,-0.5246251852552084,1.6613247725836149,-0.4472135954999578,-0.5881403282963976,0.0006002579439425837,0.02654753262960725,False,,,0.0006002579439425837,0.75,0.6165532163595451,0.6,0.49178836857587194
4,1,0.0020047759736183,0.8528104631831713,-0.2028924952362883,-0.9975923088699956,-0.1373654605650114,-1.614721770511147,-1.118033988749895,0.4581107601862798,-0.331124340588225,-0.4736654667156764,-0.5875895489421409,-1.006765296175914,0.8491641137424105,0.871812750115739,0.5822285781797506,0.1536129420118656,2.4119963984560537,4.462664567958733,0.2096041833024644,0.0,0.0,0.0,0.0,1.4331521700976413,0.8104622133257432,0.755617817008652,-0.3779644730092272,-0.7508058875955863,-0.7995900589021115,0.7995900589021115,2.4494897427831788,2.0774333170374115,-1.661324772583615,-0.4472135954999578,0.5133933969410024,0.10042433706381038,0.026721942041370562,False,,,0.10042433706381038,0.75,0.9472074398098437,0.8955571445449376,0.673297230354648
4,2,-9.613522243650086,1.005427099317281,3.1800586938852264,-0.9975923088699956,-0.1192830337880526,-1.614721770511147,-1.118033988749895,0.4581107601862798,-0.331124340588225,-0.4736654667156764,-0.5875895489421409,-1.006765296175914,0.6772523343605721,0.871812750115739,0.9047913000671228,0.0380680866649854,2.4119963984560537,0.7192882076035996,0.2632408594653088,0.0,0.0,0.0,0.0,0.8568625420118338,0.7640300104461183,0.7100427053020458,-0.3779644730092272,-0.5853713387827602,-0.7995900589021115,0.7995900589021115,2.4494897427831788,2.0774333170374115,-1.516861748880692,-0.4472135954999578,0.5133933969410024,0.09849638286459267,0.026728808030190173,False,,,0.09849638286459267,0.75,0.8870383170262002,0.8779486976780406,0.6533708493922084
4,3,-5.72105232024096,1.0344819868854456,3.3295480996527624,-0.9975923088699956,-0.1539319734909385,-1.614721770511147,-1.118033988749895,0.4581107601862798,-0.331124340588225,-0.4736654667156764,-0.5875895489421409,-1.006765296175914,0.7794978775174657,0.871812750115739,1.5287752578503264,0.41438803828979,2.4119963984560537,-0.126334199639846,0.0367526997732653,0.0,0.0,0.0,0.0,0.7471495331625295,0.7916458365429067,0.737148771376366,-0.3779644730092272,-0.691169147514332,-0.7995900589021115,0.7995900589021115,2.4494897427831788,2.0774333170374115,-1.3723987251777692,-0.4472135954999578,0.5133933969410024,0.09936300064863418,0.026715597060281253,False,,,0.09936300064863418,0.75,0.9228242571311129,0.65,0.6055468144449367
4,4,-3.305952966173986,1.0181373615288267,3.026519488126988,-0.9975923088699956,-0.1238217233680099,-1.614721770511147,-1.118033988749895,0.4581107601862798,-0.331124340588225,-0.4736654667156764,-0.5875895489421409,-1.006765296175914,0.7907257778994626,0.871812750115739,0.6786087922643995,0.4638330308894371,-0.932800570599288,0.0168800813661491,0.011723509162659,0.0,0.0,0.0,0.0,0.8088678248675751,0.7946784161039099,0.7401253726074166,-0.3779644730092272,-0.702787133202459,-0.7995900589021115,0.7995900589021115,2.4494897427831788,2.0774333170374115,-1.2279357014748462,-0.4472135954999578,0.5133933969410024,0.09994645340211572,0.02664201813863086,False,,,0.09994645340211572,0.75,0.9267540222648118,0.17556022654425207,0.48806517555279494
4,5,-1.732974591178133,0.9841423846104528,2.687829791577577,-0.9975923088699956,-0.0933047776455922,-1.614721770511147,-1.118033988749895,0.4581107601862798,-0.331124340588225,-0.4736654667156764,-0.5875895489421409,-1.006765296175914,1.058762483368768,0.871812750115739,1.048392582027411,0.1332728222355182,-0.906016797110494,0.4987263125888401,0.243987837512305,0.0,0.0,0.0,0.0,0.9372349092256664,0.8417275264531481,0.7863060043000791,-0.3779644730092272,-0.7508058875955863,-0.7995900589021115,0.7995900589021115,2.4494897427831788,2.0774333170374115,-1.0834726777719228,-0.4472135954999578,1.0641602595597024,0.10035993797468501,0.026442760593127057,False,,,0.10035993797468501,0.75,1.0,0.424554209406094,0.5687285368451948
4,6,-0.9944371601924724,0.9795581702289392,2.4359799667812143,-0.9975923088699956,-0.1473117681224008,-1.614721770511147,-1.118033988749895,0.4581107601862798,-0.331124340588225,-0.4736654667156764,-0.5875895489421409,-1.006765296175914,0.9078726604654824,0.871812750115739,0.4389935393378619,0.3199721222290618,-0.7651941970479093,0.3870869420045659,0.1114162604992237,0.0,0.0,0.0,0.0,0.9545451793764682,0.8263189926692857,0.7711818963559636,-0.3779644730092272,-0.7508058875955863,-0.7995900589021115,0.7995900589021115,2.4494897427831788,2.0774333170374115,-0.939009654069,-0.4472135954999578,0.5133933969410024,0.09797925304553678,0.02648980315330086,False,0.05,0.05,0.09797925304553678,0.75,0.9677554311629188,0.24522881453606352,0.5152408746861298
4,7,0.2205214215539326,1.0209024717694406,0.6745709689128836,-0.5497154839363793,0.0129217335516575,-1.614721770511147,-1.118033988749895,0.4581107601862798,-0.331124340588225,-0.4736654667156764,-0.5875895489421409,-1.006765296175914,1.058762483368768,0.871812750115739,0.7175206039888204,0.2381036671057088,0.7705405259204108,-0.5657077750717707,0.2446187025754478,0.0,0.0,0.0,0.0,0.7984266017313287,0.9598396635047136,0.9022379116012764,-0.3779644730092272,-0.7508058875955863,-0.7995900589021115,0.7995900589021115,2.4494897427831788,2.0774333170374115,-0.7945466303660769,-0.4472135954999578,1.0641602595597024,0.1003773779537625,0.02661264155993084,False,,,0.1003773779537625,0.75,1.0,0.48759636136536944,0.584493434829783
4,8,0.1415923471275761,1.0182311286163868,0.691865457233881,-0.9975923088699956,-0.0213899578627773,-1.614721770511147,-1.118033988749895,0.4581107601862798,-0.331124340588225,-0.4736654667156764,-0.5875895489421409,-1.006765296175914,0.7786555025924783,0.871812750115739,0.9005894643045914,0.0125876157848543,-0.6372628434173188,-0.6713351140956224,0.3014957767528324,0.0,0.0,0.0,0.0,0.8085137546863321,0.7914183168025004,0.7369254514186339,-0.3779644730092272,-0.6902975063802301,-0.7995900589021115,0.7995900589021115,2.4494897427831788,2.0774333170374115,-0.6500836066631539,-0.4472135954999578,0.5133933969410024,0.10490841061526184,0.026308141519325208,False,,,0.10490841061526184,0.75,0.9225294259073674,0.22514736607614785,0.5006463006496943
4,9,-0.258486378775432,1.01835667278578,0.5748829655879908,-0.9975923088699956,-0.1430257114847684,-1.614721770511147,-1.118033988749895,0.4581107601862798,-0.331124340588225,-0.4736654667156764,-0.5875895489421409,-1.006765296175914,0.3305182451630162,0.871812750115739,0.8542062846419329,0.3055907493982516,-0.6078799060110275,-0.8190918155702149,0.0272845744046731,0.0,0.0,0.0,0.0,0.8080396923264177,0.6703794902037344,0.6181208782783852,-0.3779644730092272,-0.2265908411981468,-0.7995900589021115,0.7995900589021115,2.4494897427831788,2.0774333170374115,-0.5056205829602308,-0.4472135954999578,0.5133933969410024,0.09506417528837771,0.026438270292792485,False,,,0.09506417528837771,0.75,0.7656813858070557,0.21355157116048323,0.4560742830639791
4,10,-0.2069100536320254,0.9846086715213092,0.6078974045145467,-0.9975923088699956,-0.079539472845423,-1.614721770511147,-1.118033988749895,0.4581107601862798,-0.331124340588225,-0.4736654667156764,-0.5875895489421409,-1.006765296175914,0.5082137005110664,0.871812750115739,1.818441775558434,0.3031174349451846,-0.5436891932937569,-0.3876773434886676,-0.2173399188554091,0.0,0.0,0.0,0.0,0.9354741817109892,0.2577526551170424,0.6652292861860009,2.6457513110645903,1.3542061562558771,-0.7995900589021115,0.7995900589021115,2.4494897427831788,2.0774333170374115,-0.3611575592573077,-0.4472135954999578,0.5133933969410024,0.09855635711856453,0.02669442549799279,False,,,0.09855635711856453,0.75,0.8278747951788732,0.25,0.48160778807435944
4,11,0.5806550481508425,0.9370194066290024,1.1323681552950242,-1.445469133803612,-0.1609714909361728,-1.614721770511147,-1.118033988749895,0.4581107601862798,3.020013564160076,-0.4736654667156764,-0.5875895489421409,-1.006765296175914,0.0366519315860598,0.871812750115739,1.4587624126839942,0.0330820381346727,-0.1131417024921563,0.2455316163295557,-0.1461653558021872,0.0,0.0,0.0,0.0,1.1151741178409202,0.1509491957938568,0.5341893158790436,2.6457513110645903,1.7633763154878206,-0.7995900589021115,0.7995900589021115,2.4494897427831788,2.0774333170374115,-0.2166945355543847,-0.4472135954999578,-0.0373734656776976,0.10570992003240287,0.026475452187635383,False,,,0.10570992003240287,1.0,0.6628281760551209,0.3359360657153445,0.526118540450717
4,12,1.2554862851185495,0.9371132161021736,1.4254833548564247,-1.445469133803612,-0.1143393201839967,-1.614721770511147,-1.118033988749895,0.4581107601862798,3.020013564160076,-0.4736654667156764,-0.5875895489421409,-1.006765296175914,0.0643600965142705,0.871812750115739,1.1980430637258883,0.3958587539270826,-0.2760798393684461,0.0851242191768296,-0.2989789161780048,0.0,0.0,0.0,0.0,1.1148198876090527,0.1883681306683302,0.5800995901898359,2.6457513110645903,1.620022236529123,-0.7995900589021115,0.7995900589021115,2.4494897427831788,2.0774333170374115,-0.0722315118514616,-0.4472135954999578,-0.0373734656776976,0.2944773169783592,0.026473805289626475,False,0.29,0.3,0.23048598684158939,0.9118844872269529,0.7202140694936161,0.47929288447026763,0.5854693570081065
4,13,1.6423585083355454,0.8942463990991992,1.8312327087143083,-1.445469133803612,-0.0523539029993403,-1.614721770511147,-1.118033988749895,0.4581107601862798,3.020013564160076,-0.4736654667156764,-0.5875895489421409,-1.006765296175914,0.0706116251913184,0.871812750115739,1.6061715257684326,0.1884242083327319,-0.5671162549297656,0.5982429905336231,0.0802642580884955,0.0,0.0,0.0,0.0,1.276687575520601,0.6421962653000272,0.5904578870012153,-0.3779644730092272,-0.1186192951958328,-0.5535623484706925,0.5535623484706925,2.4494897427831788,2.0774333170374115,0.0722315118514612,-0.4472135954999578,-0.0373734656776976,0.2994996933202773,0.02669255478624889,False,,,0.2994996933202773,1.0,0.6747140688169615,0.45938504668676805,0.6083997022060017
4,14,1.0949370731701176,0.9511269269787076,1.535955577965075,-1.445469133803612,-0.1272825395104064,-1.614721770511147,-1.118033988749895,0.4581107601862798,3.020013564160076,-0.4736654667156764,-0.5875895489421409,-1.006765296175914,-0.0221030079339681,0.871812750115739,1.3047643061087528,0.3950877840738266,-0.4787533998571344,-0.4187038429483615,-0.1280686183380031,0.0,0.0,0.0,0.0,1.0619032696458366,0.4856863147216309,0.436836950701942,-0.3779644730092272,0.4809792740393117,-0.3075346380392736,0.3075346380392736,2.4494897427831788,2.0774333170374115,0.2166945355543845,2.2360679774997894,-0.0373734656776976,0.10315171562682407,0.026594253183179508,False,,,0.10315171562682407,1.0,0.65,0.25,0.5007879289067061
4,15,0.4634091755582752,0.9334539871275372,0.9792495731618758,-1.445469133803612,-0.1564323872350237,-1.614721770511147,-1.118033988749895,0.4581107601862798,3.020013564160076,-0.4736654667156764,-0.5875895489421409,-1.006765296175914,-0.05407869313868,0.871812750115739,2.581889888300792,0.580055662043323,-0.2942517677442903,-0.2888839783527779,-0.2407384875500449,0.0,0.0,0.0,0.0,1.128637357042862,0.4317087197896949,0.3838557271951758,-0.3779644730092272,0.6877705264314803,-0.0615069276078547,0.0615069276078547,2.4494897427831788,2.0774333170374115,0.3611575592573074,2.2360679774997894,-0.0373734656776976,0.09954832507030506,0.02652294622344625,False,,,0.09954832507030506,1.0,0.65,0.25,0.4998870812675763
4,16,0.0378862775035638,0.9238522864410595,0.580297241782696,-1.445469133803612,-0.1624742355426524,-1.614721770511147,-1.118033988749895,0.4581107601862798,3.020013564160076,-0.4736654667156764,-0.5875895489421409,-1.006765296175914,-0.1096234745660127,0.871812750115739,1.481158651508392,-0.0942256668810412,-0.4525610835503327,-0.2810967683716441,0.064683142103621,0.0,0.0,0.0,0.0,1.1648939582743243,0.3379445457533021,0.2918223443107851,-0.3779644730092272,1.04698643819918,0.1845207828235641,-0.1845207828235641,2.4494897427831788,2.0774333170374115,0.5056205829602304,2.2360679774997894,-0.0373734656776976,0.0995906402248743,0.026301631137644825,False,,,0.0995906402248743,1.0,0.65,0.25,0.4998976600562186
4,17,-0.1632683478366613,0.9412466554487288,0.5965916438908987,-1.445469133803612,-0.2120354692764589,-1.614721770511147,-1.118033988749895,0.4581107601862798,3.020013564160076,-0.4736654667156764,-0.5875895489421409,-1.006765296175914,-0.1321291944183091,0.871812750115739,0.5693436263589409,0.126054996137655,-0.4136195748194423,-0.650718692026368,-0.1002803428975329,0.0,0.0,0.0,0.0,1.0992117711934328,0.2999530337008914,0.2545321168757374,-0.3779644730092272,1.1925340930640689,0.4305484932549831,-0.4305484932549831,2.4494897427831788,2.0774333170374115,0.6500836066631537,2.2360679774997894,-0.0373734656776976,0.09866914210070676,0.02649180891209333,False,,,0.09866914210070676,1.0,0.65,0.14233590658973522,0.4727512621726105
4,18,0.3207666496834763,0.866679417016866,1.0906011334992654,-1.445469133803612,-0.0271369757552176,-1.614721770511147,-1.118033988749895,0.4581107601862798,3.020013564160076,-0.4736654667156764,-0.5875895489421409,-1.006765296175914,-0.0502200244299406,0.871812750115739,0.8625602625567275,0.0653264027112817,-0.4913395794162706,0.251023997859656,0.0265626440613779,0.0,0.0,0.0,0.0,1.380782163463922,0.4382224709479084,0.3902492411413967,-0.3779644730092272,0.6628159733159439,0.676576203686402,-0.676576203686402,2.4494897427831788,2.0774333170374115,0.7945466303660766,-0.4472135954999578,-0.0373734656776976,0.09954234712888083,0.026569285257066217,False,0.2,0.2,0.10972575521155845,0.9045454545454545,0.7094059405940594,0.42987797229656954,0.5383887806619105
4,19,1.1893507119573703,0.8557947842856016,1.4360187871775003,-1.445469133803612,-0.1374286340911533,-1.614721770511147,-1.118033988749895,0.4581107601862798,3.020013564160076,-0.4736654667156764,-0.5875895489421409,-1.006765296175914,-0.1416288772561791,0.871812750115739,1.5980159712847952,-0.3519671170611372,-0.5101427852601,0.2627960727166673,0.2308625807975239,0.0,0.0,0.0,0.0,1.4218831935183314,0.2839167852539351,0.2387918812418683,-0.3779644730092272,1.2539698777484296,0.922603914117821,-0.922603914117821,2.4494897427831788,2.0774333170374115,0.9390096540689996,-0.4472135954999578,-0.0373734656776976,0.10149062272551262,0.02655828582009121,False,,,0.10149062272551262,1.0,0.65,0.3419786254508336,0.5233673120440866
4,20,0.7672975306141684,0.9041754118793608,1.2410783679932822,-0.9975923088699956,-0.244634961479386,-1.614721770511147,-1.118033988749895,0.4581107601862798,-0.331124340588225,-0.4736654667156764,-0.5875895489421409,-1.006765296175914,-0.4329592670717418,0.871812750115739,0.8824628949968623,0.1632492481304502,-0.313242727454141,-0.4972359946188598,-0.1518734894896292,0.0,0.0,0.0,0.0,1.2391950240709,0.2509689410374688,0.2064522206715915,-0.3779644730092272,1.380194952758469,1.16863162454924,-1.16863162454924,2.4494897427831788,2.0774333170374115,1.0834726777719228,-0.4472135954999578,-0.5881403282963976,0.10029597153534298,0.02644457400398225,False,,,0.10029597153534298,0.75,0.65,0.22061572374921556,0.4302279238211396
4,21,0.7739286990540425,0.8625086904322861,1.2460104037335538,-0.9975923088699956,-0.1765320779673111,-1.614721770511147,-1.118033988749895,0.4581107601862798,-0.331124340588225,-0.4736654667156764,-0.5875895489421409,-1.006765296175914,-0.6277581693538169,0.871812750115739,0.3448844871709007,-0.2225349385379598,-0.4567043160708924,-0.0776677968294019,0.0548768483735901,0.0,0.0,0.0,0.0,1.3965310787405174,0.1983550818591539,0.1548095597454272,-0.3779644730092272,1.5817616555059402,1.4146593349806589,-1.4146593349806589,2.4494897427831788,2.0774333170374115,1.2279357014748458,-0.4472135954999578,-0.5881403282963976,0.09915617300980573,0.02636005147332773,False,,,0.09915617300980573,0.75,0.65,0.08622112179272517,0.3963443237006327
4,22,0.9519240069672132,0.82853383720246,1.413854106161839,-1.445469133803612,-0.0487617430569464,-1.614721770511147,-1.118033988749895,0.4581107601862798,3.020013564160076,-0.4736654667156764,-0.5875895489421409,-1.006765296175914,-0.0879573929486243,0.871812750115739,0.5684060894392182,-0.3435417426853981,-0.5533413016606674,0.2279097156232482,0.29780350203121,0.0,0.0,0.0,0.0,1.524822174836237,0.3745186791868313,0.3277213564926268,-0.3779644730092272,0.9068688418628712,1.6606870454120777,-1.6606870454120777,2.4494897427831788,2.0774333170374115,1.3723987251777687,-0.4472135954999578,-0.0373734656776976,0.100587908887254,0.02652648143353708,False,,,0.100587908887254,1.0,0.65,0.22186992282794143,0.4931144579287989
4,23,0.2445555653552229,0.8644211447670401,0.7798247178844719,-1.445469133803612,-0.119670437175527,-1.614721770511147,-1.118033988749895,0.4581107601862798,3.020013564160076,-0.4736654667156764,-0.5875895489421409,-1.006765296175914,-0.1391157486041946,0.871812750115739,0.1369503155986666,0.0835505499687478,-0.3883860876282383,-0.3306590844972756,-0.0836985336428477,0.0,0.0,0.0,0.0,1.389309535760511,0.2881591537761487,0.2429559399620999,-0.3779644730092272,1.237717121379349,1.9067147558434967,-1.9067147558434967,2.4494897427831788,2.0774333170374115,1.516861748880692,-0.4472135954999578,-0.0373734656776976,0.09887819894201424,0.026584626795097512,False,,,0.09887819894201424,1.0,0.65,0.03423757889966665,0.44577894446042027
4,24,0.8839893967776963,0.7884509435642062,1.3727953552805343,-0.9975923088699956,-0.214931486853085,-1.614721770511147,-1.118033988749895,0.4581107601862798,-0.331124340588225,-0.4736654667156764,-0.5875895489421409,-1.006765296175914,-0.5376501147537398,0.871812750115739,0.6121547568722595,-0.1649892307427719,-0.4175211361034832,0.4684343086554102,0.0309238909991504,0.0,0.0,0.0,0.0,1.6761776001195856,0.2226926548126984,0.17869788589056,-0.3779644730092272,1.4885230220026238,2.1527424662749155,-2.1527424662749155,2.4494897427831788,2.0774333170374115,1.6613247725836149,-0.4472135954999578,-0.5881403282963976,0.0014688155490439336,0.026669053797039058,False,,,0.0014688155490439336,0.75,0.65,0.31699069724745843,0.4296148781991256
5,1,0.0020047759736183,-0.2017388867162935,-0.2028924952362883,0.3460381659308536,-1.3127981350844058,0.9122357483337862,0.0,-1.400487393164631,-0.331124340588225,-0.4736654667156764,-0.5875895489421409,-0.8231612957129831,-1.1271543790448286,-1.1181946142788823,-1.2225907870201376,-0.4762210232585283,2.4119963984560537,4.055311125822991,-0.3933282590506478,0.0,0.0,0.0,0.0,-0.2015770144853132,-0.5522094748463428,-0.581900339708486,-0.3779644730092272,-0.7508058875955863,-0.7995900589021115,0.7995900589021115,-0.408248290463863,0.7709371670489661,-1.661324772583615,-0.4472135954999578,-1.1389071909150976,0.09156258020798486,0.02661959045359153,False,,,0.09156258020798486,0.38510570066648553,0.65,0.75,0.4691670702186176
5,2,-0.0182838361501253,-0.2014168679930518,-0.1957545209609761,0.3460381659308536,-1.2580396933601787,0.9122357483337862,0.0,-1.400487393164631,-0.331124340588225,-0.4736654667156764,-0.5875895489421409,-0.8231612957129831,-1.1271543790448286,-1.1181946142788823,-1.1790702427750634,-0.5274840391263448,2.4119963984560537,0.8015923466878082,-0.3316366349704768,0.0,0.0,0.0,0.0,-0.202792976617322,-0.51929972264693,-0.5495980680154253,-0.3779644730092272,-0.7508058875955863,-0.7995900589021115,0.7995900589021115,-0.408248290463863,0.7709371670489661,-1.516861748880692,-0.4472135954999578,-1.1389071909150976,0.10272009019363926,0.02603320002065005,False,,,0.10272009019363926,0.38510570066648553,0.65,0.6805573213407329,0.45459577805021445
5,3,-0.0096874514271674,-0.2013677311028401,-0.1955949113317611,0.3460381659308536,-1.2710392779353812,0.9122357483337862,0.0,-1.400487393164631,-0.331124340588225,-0.4736654667156764,-0.5875895489421409,-0.8231612957129831,-1.1271543790448286,-1.1181946142788823,-1.0619884577259515,-0.62083257433173,2.4119963984560537,0.2337169303401864,-0.2514173320663093,0.0,0.0,0.0,0.0,-0.2029785204800532,-0.5036216881116097,-0.5342094340292314,-0.3779644730092272,-0.7508058875955863,-0.7995900589021115,0.7995900589021115,-0.408248290463863,0.7709371670489661,-1.3723987251777692,-0.4472135954999578,-1.1389071909150976,0.10644055958873666,0.025987101152389024,False,,,0.10644055958873666,0.38510570066648553,0.65,0.4818009256190653,0.40583679646857185
5,4,-0.0056246641906886,-0.2013516200999711,-0.1958972761555744,0.3460381659308536,-1.298601379920758,0.9122357483337862,0.0,-1.400487393164631,-0.331124340588225,-0.4736654667156764,-0.5875895489421409,-0.8231612957129831,-1.1271543790448286,-1.1181946142788823,-1.179577248812859,-0.3582012228054806,-0.8763118359461213,-0.0087253619743654,-0.4558114838086108,0.0,0.0,0.0,0.0,-0.2030393565991466,-0.5494503771289823,-0.5791921721247912,-0.3779644730092272,-0.7508058875955863,-0.7995900589021115,0.7995900589021115,-0.408248290463863,0.7709371670489661,-1.2279357014748462,-0.4472135954999578,-1.1389071909150976,0.09995126143902625,0.02640003404589522,False,,,0.09995126143902625,0.38510570066648553,0.65,0.0,0.28376424052637794
5,5,-0.0035135494809411,-0.2013335792492726,-0.1961921748439986,0.3460381659308536,-1.2027606438189962,0.9122357483337862,0.0,-1.400487393164631,-0.331124340588225,-0.4736654667156764,-0.5875895489421409,-0.8231612957129831,-1.1271543790448286,-1.1181946142788823,-0.095060304109979,-0.3633995126301302,-0.8258120754628361,-0.2610744305438618,-0.3569561917484711,0.0,0.0,0.0,0.0,-0.2031074799401057,-0.4340400141658531,-0.4659121669141695,-0.3779644730092272,-0.7508058875955863,-0.7995900589021115,0.7995900589021115,-0.408248290463863,0.7709371670489661,-1.0834726777719228,-0.4472135954999578,-1.1389071909150976,0.1043571303979777,0.025928762476502252,False,,,0.1043571303979777,0.38510570066648553,0.65,0.0,0.2848657077661158
5,6,-0.002393924535745,-0.2013033721718767,-0.1963627264764842,0.79391499086447,-1.3378528515602794,0.9122357483337862,0.0,-1.400487393164631,-0.331124340588225,-0.4736654667156764,-0.5875895489421409,-0.8231612957129831,-1.1271543790448286,-1.1181946142788823,-0.2939876676265366,-0.5325300828442439,-0.6395351203882337,-0.6150240680649709,-0.3750843437006881,0.0,0.0,0.0,0.0,-0.2032215436872765,-0.5697256480846261,-0.5990931822293677,-0.3779644730092272,-0.7508058875955863,-0.7995900589021115,0.7995900589021115,-0.408248290463863,0.7709371670489661,-0.939009654069,-0.4472135954999578,-1.1389071909150976,0.0946348836785332,0.025760865831465942,False,0.28,0.05,0.0946348836785332,0.38510570066648553,0.65,0.0,0.2824351460862547
5,7,0.0009086466565783,-0.2013373079750589,-0.2013382229006601,0.79391499086447,-1.4379162481462564,0.9122357483337862,0.0,-1.400487393164631,-0.331124340588225,-0.4736654667156764,-0.5875895489421409,-0.8231612957129831,-1.1271543790448286,-1.1181946142788823,-1.1558024475098538,-0.723541297205199,0.954286056991504,-0.389458101743632,-0.3829835285602936,0.0,0.0,0.0,0.0,-0.2030934000465172,-0.7058411072544827,-0.7326960886593006,-0.3779644730092272,-0.6687966216419906,-0.7995900589021115,0.7995900589021115,-0.408248290463863,0.7709371670489661,-0.7945466303660769,-0.4472135954999578,-1.1389071909150976,0.09959397271871005,0.02639891634458443,False,,,0.09959397271871005,0.38510570066648553,0.65,0.3817144227966016,0.3791035240454493
5,8,0.0017540520608381,-0.2013545035477772,-0.2019887372402959,0.79391499086447,-1.3803013624044302,0.9122357483337862,0.0,-1.400487393164631,-0.331124340588225,-0.4736654667156764,-0.5875895489421409,-0.8231612957129831,-1.1271543790448286,-1.1181946142788823,-1.2924307495726353,-0.5836645934795155,-0.3981198265912081,-0.3168912705343097,-0.4558750822828374,0.0,0.0,0.0,0.0,-0.2030284685262214,-0.6883684591433639,-0.7155459678360668,-0.3779644730092272,-0.7508058875955863,-0.7995900589021115,0.7995900589021115,-0.408248290463863,0.7709371670489661,-0.6500836066631539,-0.4472135954999578,-1.1389071909150976,0.10994482060482813,0.026109675376341165,False,,,0.10994482060482813,0.38510570066648553,0.65,0.0,0.2862626303178284
5,9,0.0016312102843479,-0.2012907739922147,-0.2018420264961078,0.79391499086447,-1.394642752635162,0.9122357483337862,0.0,-1.400487393164631,-0.331124340588225,-0.4736654667156764,-0.5875895489421409,-0.8231612957129831,-1.1271543790448286,-1.1181946142788823,-0.5798271968857267,-0.7585013196794295,-0.5481532675367835,-0.942276589285474,-0.350605221378522,0.0,0.0,0.0,0.0,-0.2032691151739496,-0.6995040739117423,-0.7264760304976702,-0.3779644730092272,-0.7342778151349054,-0.7995900589021115,0.7995900589021115,-0.408248290463863,0.7709371670489661,-0.5056205829602308,-0.4472135954999578,-1.1389071909150976,0.09938159881414144,0.0261518068966138,False,,,0.09938159881414144,0.38510570066648553,0.65,0.0,0.28362182487015675
5,10,0.0019835875960187,-0.2013353449445807,-0.2019283612578268,0.79391499086447,-1.3157077037712537,0.9122357483337862,0.0,-1.400487393164631,-0.331124340588225,-0.4736654667156764,-0.5875895489421409,-0.8231612957129831,-1.1271543790448286,-1.1181946142788823,-0.1756125276994925,-1.5912204968526678,-0.8460225350038182,-0.6317943544673793,1.0847662198071844,0.0,0.0,0.0,0.0,-0.2031008125680669,-0.8146207798112486,-0.6504938557559664,2.6457513110645903,0.455234514306741,-0.7995900589021115,0.7995900589021115,-0.408248290463863,0.7709371670489661,-0.3611575592573077,-0.4472135954999578,-1.1389071909150976,0.09826850884112928,0.026627107207050665,False,,,0.09826850884112928,0.38510570066648553,0.65,0.0,0.2833435523769037
5,11,0.0030417295814875,-0.2014325048334501,-0.2008666139046935,0.79391499086447,-1.3348389012375006,0.9122357483337862,0.0,-1.400487393164631,-0.331124340588225,-0.4736654667156764,-0.5875895489421409,-0.8231612957129831,-1.1271543790448286,-1.1181946142788823,-0.7729234548320031,-0.8037920650126729,0.2614099388989296,0.1085996683024449,-0.4815055094901476,0.0,0.0,0.0,0.0,-0.2027339309643327,-0.8465954626011071,-0.6897244341464907,2.6457513110645903,0.7856320800755625,-0.7995900589021115,0.7995900589021115,-0.408248290463863,0.7709371670489661,-0.2166945355543847,-0.4472135954999578,-1.1389071909150976,0.10518515719669863,0.026412383460795292,False,,,0.10518515719669863,0.38510570066648553,0.65,0.14257385946542755,0.32071617933215296
5,12,0.0026755578728214,-0.2013561190727302,-0.201016747464,0.79391499086447,-1.3953390046414236,0.9122357483337862,0.0,-1.400487393164631,-0.331124340588225,-0.4736654667156764,-0.5875895489421409,-0.8231612957129831,-1.1271543790448286,-1.1181946142788823,-0.2316539869273977,-0.6039204376032413,0.045003549514212,-0.6000671952573875,-0.6485677679034441,0.0,0.0,0.0,0.0,-0.203022368206506,-0.8988624406729814,-0.7538521627610447,2.6457513110645903,1.325711943839431,-0.7995900589021115,0.7995900589021115,-0.408248290463863,0.7709371670489661,-0.0722315118514616,-0.4472135954999578,-1.1389071909150976,0.10137373362201463,0.02643725691885159,False,0.23,0.2,0.13326517182294345,0.37203292292948265,0.5218492637883704,0.3896046140388355,0.354187993144908
5,13,0.0027361637747682,-0.201377124094867,-0.2009973399230527,0.79391499086447,-1.27259420980937,0.9122357483337862,0.0,-1.400487393164631,-0.331124340588225,-0.4736654667156764,-0.5875895489421409,-0.8231612957129831,-1.1271543790448286,-1.1181946142788823,0.0482678991358382,-0.5949582317812747,-0.4407851104610732,-0.4987595562555638,-0.3840615159355524,0.0,0.0,0.0,0.0,-0.2029430519753156,-0.6210632478514481,-0.6494831421928793,-0.3779644730092272,-0.7508058875955863,-0.5535623484706925,0.5535623484706925,-0.408248290463863,0.7709371670489661,0.0722315118514612,-0.4472135954999578,-1.1389071909150976,0.09963766408124225,0.02655607629632389,False,,,0.09963766408124225,0.38510570066648553,0.65,0.01206697478395955,0.28670258488292183
5,14,0.0024428269889737,-0.2013296525525193,-0.2009398828498861,0.79391499086447,-1.2158712988795657,0.9122357483337862,0.0,-1.400487393164631,-0.331124340588225,-0.4736654667156764,-0.5875895489421409,-0.8231612957129831,-1.1271543790448286,-1.1181946142788823,-0.5795572504963733,-0.8049510921491901,-0.6062446187017336,-0.9479118563198266,-0.2015544234548149,0.0,0.0,0.0,0.0,-0.2031223073840127,-0.5998900786566087,-0.628700808136075,-0.3779644730092272,-0.7508058875955863,-0.3075346380392736,0.3075346380392736,-0.408248290463863,0.7709371670489661,0.2166945355543845,2.2360679774997894,-1.1389071909150976,0.10105960765418057,0.02650160168972554,False,,,0.10105960765418057,0.38510570066648553,0.65,0.0,0.2840413270801665
5,15,0.0025643728591468,-0.2014550283501481,-0.200790549898341,1.2417918157980865,-1.351417292562283,0.9122357483337862,0.0,-1.400487393164631,-0.331124340588225,-0.4736654667156764,-0.5875895489421409,-0.8231612957129831,-1.1271543790448286,-1.1181946142788823,-1.1555753850316357,-0.6710070205824338,-0.2463240257915569,-0.0214127007668421,-0.459217439846826,0.0,0.0,0.0,0.0,-0.2026488808060413,-0.7454286180018818,-0.7715528542789837,-0.3779644730092272,-0.2597349502018523,-0.0615069276078547,0.0615069276078547,-0.408248290463863,0.7709371670489661,0.3611575592573074,2.2360679774997894,-1.1389071909150976,0.09787874173967265,0.026217568634471954,False,,,0.09787874173967265,0.38510570066648553,0.65,0.0,0.28324611060153954
5,16,0.0022911129143622,-0.2014144665446651,-0.2009527884795148,0.79391499086447,-1.278277719943934,0.9122357483337862,0.0,-1.400487393164631,-0.331124340588225,-0.4736654667156764,-0.5875895489421409,-0.8231612957129831,-1.1271543790448286,-1.1181946142788823,-1.1859640816584869,-0.5289597057934022,-0.0618196841954717,-0.4110875931810126,-0.5099810917349732,0.0,0.0,0.0,0.0,-0.2028020446313517,-0.7131866687070981,-0.7399060585291037,-0.3779644730092272,-0.5928942072505905,0.1845207828235641,-0.1845207828235641,-0.408248290463863,0.7709371670489661,0.5056205829602304,2.2360679774997894,-1.1389071909150976,0.0997105039078102,0.026122576033662023,False,,,0.0997105039078102,0.38510570066648553,0.65,0.0,0.28370405114357394
5,17,0.0023665492816392,-0.201348832639276,-0.2010027770119287,1.2417918157980865,-1.3670557387135294,0.9122357483337862,0.0,-1.400487393164631,-0.331124340588225,-0.4736654667156764,-0.5875895489421409,-0.8231612957129831,-1.1271543790448286,-1.1181946142788823,-1.0966286355247894,-0.6432769400587721,-0.2157980602361233,-0.9827620474876234,-0.5239993881577261,0.0,0.0,0.0,0.0,-0.2030498822189479,-0.7931663003907967,-0.8184093476727955,-0.3779644730092272,0.2335432524436875,0.4305484932549831,-0.4305484932549831,-0.408248290463863,0.7709371670489661,0.6500836066631537,2.2360679774997894,-1.1389071909150976,0.10130552387829891,0.026461802656740748,False,,,0.10130552387829891,0.38510570066648553,0.65,0.0,0.2841028061361961
5,18,0.0017277952981204,-0.2013429549463366,-0.2009364658084273,1.2417918157980865,-1.4064224026312568,0.9122357483337862,0.0,-1.400487393164631,-0.331124340588225,-0.4736654667156764,-0.5875895489421409,-0.8231612957129831,-1.1271543790448286,-1.1181946142788823,-1.84420297078347,-1.602101808982583,-0.8035235840967528,-1.086707523506371,1.0510688206664405,0.0,0.0,0.0,0.0,-0.2030720767421915,-0.8438709806538687,-0.8681780711819549,-0.3779644730092272,0.7574797381347643,0.676576203686402,-0.676576203686402,-0.408248290463863,0.7709371670489661,0.7945466303660766,-0.4472135954999578,-1.1389071909150976,0.10044628107805986,0.026578759679538478,False,0.22,0.15,0.10019162428588924,0.29714451489127913,0.6524936139155821,0.23641524736415248,0.32156125011422576
5,19,0.0011741765050427,-0.2013177410624684,-0.2006963401443151,0.79391499086447,-1.162808291962458,0.9122357483337862,0.0,-1.400487393164631,-0.331124340588225,-0.4736654667156764,-0.5875895489421409,-0.8231612957129831,-1.1271543790448286,-1.1181946142788823,-1.1210166379885913,-1.6414261676492805,-0.8238057096926013,-1.332483174906418,1.9884826959741893,0.0,0.0,0.0,0.0,-0.2031672858892743,-0.6435073651963393,-0.6715129639913721,-0.3779644730092272,-0.7508058875955863,0.922603914117821,-0.922603914117821,-0.408248290463863,0.7709371670489661,0.9390096540689996,-0.4472135954999578,-1.1389071909150976,0.09998213441182321,0.026235485834074354,False,,,0.09998213441182321,0.38510570066648553,0.65,0.0,0.28377195876957717
5,20,0.0006235508117647,-0.2013607805519579,-0.2008180601068146,0.3460381659308536,-1.0824312412923365,0.9122357483337862,0.0,-1.400487393164631,-0.331124340588225,-0.4736654667156764,-0.5875895489421409,-0.8231612957129831,-1.1271543790448286,-1.1181946142788823,-0.7346421893492053,-1.648154666845996,-0.7364102291753466,-1.0682837444598534,2.4357910824376665,0.0,0.0,0.0,0.0,-0.2030047661796333,-0.534172322990642,-0.5641961353048373,-0.3779644730092272,-0.7508058875955863,1.16863162454924,-1.16863162454924,-0.408248290463863,0.7709371670489661,1.0834726777719228,-0.4472135954999578,-1.1389071909150976,0.09803500783690419,0.026120808365468606,False,,,0.09803500783690419,0.38510570066648553,0.65,0.0,0.28328517712584744
5,21,0.0014408117020223,-0.2013496823015387,-0.2015916508210078,0.79391499086447,-1.1167949784715248,0.9122357483337862,0.0,-1.400487393164631,-0.331124340588225,-0.4736654667156764,-0.5875895489421409,-0.8231612957129831,-1.1271543790448286,-1.1181946142788823,-0.8336919523991045,-1.6099283251682448,-0.4217322618176216,-1.2052060848584218,1.7939004406761003,0.0,0.0,0.0,0.0,-0.2030466738429687,-0.6287992277969254,-0.6570763238278152,-0.3779644730092272,-0.7508058875955863,1.4146593349806589,-1.4146593349806589,-0.408248290463863,0.7709371670489661,1.2279357014748458,-0.4472135954999578,-1.1389071909150976,0.10234288084612778,0.026290009496375256,False,,,0.10234288084612778,0.38510570066648553,0.65,0.0,0.2843621453781533
5,22,0.0020792009033358,-0.201344457180995,-0.2023121973795557,0.79391499086447,-1.1277869481194962,0.9122357483337862,0.0,-1.400487393164631,-0.331124340588225,-0.4736654667156764,-0.5875895489421409,-0.8231612957129831,-1.1271543790448286,-1.1181946142788823,-0.8326778042695663,-0.680550650455237,0.2217633059602699,-1.296439312739056,-0.3105248911046929,0.0,0.0,0.0,0.0,-0.2030664042134649,-0.6066370535968062,-0.635323240790807,-0.3779644730092272,-0.7508058875955863,1.6606870454120777,-1.6606870454120777,-0.408248290463863,0.7709371670489661,1.3723987251777687,-0.4472135954999578,-1.1389071909150976,0.1018317517842798,0.02627551582259176,False,,,0.1018317517842798,0.38510570066648553,0.65,0.08870532238410797,0.3064106937087183
5,23,0.0023295284714413,-0.2013652259883444,-0.2022133764431257,0.3460381659308536,-1.069680712286798,0.9122357483337862,0.0,-1.400487393164631,-0.331124340588225,-0.4736654667156764,-0.5875895489421409,-0.8231612957129831,-1.1271543790448286,-1.1181946142788823,-0.4160278707594034,-0.5275551319383014,-0.3391922736284127,-1.200739155773608,-0.3744679804518279,0.0,0.0,0.0,0.0,-0.2029879799435667,-0.5657071764188532,-0.5951488874576504,-0.3779644730092272,-0.7508058875955863,1.9067147558434967,-1.9067147558434967,-0.408248290463863,0.7709371670489661,1.516861748880692,-0.4472135954999578,-1.1389071909150976,0.09571863414317153,0.026022386642395895,False,,,0.09571863414317153,0.38510570066648553,0.65,0.0,0.28270608370241423
5,24,0.0027855140654526,-0.2014028613763746,-0.2017568663861747,0.79391499086447,-1.0886789595961597,0.9122357483337862,0.0,-1.400487393164631,-0.331124340588225,-0.4736654667156764,-0.5875895489421409,-0.8231612957129831,-1.1271543790448286,-1.1181946142788823,-0.8927467317887349,-0.7504542002369373,-0.5310539689400977,-0.9890272301350956,-0.2178937045718107,0.0,0.0,0.0,0.0,-0.2028458664471605,-0.5714844404480736,-0.6008195090771516,-0.3779644730092272,-0.7508058875955863,2.1527424662749155,-2.1527424662749155,-0.408248290463863,0.7709371670489661,1.6613247725836149,-0.4472135954999578,-1.1389071909150976,0.002229626467230461,0.026310587697899106,False,,,0.002229626467230461,0.38510570066648553,0.65,0.0,0.259333831783429
6,1,0.0020047759736183,-0.202295511665333,-0.2028924952362883,-0.1018386590027628,-0.4665622772132412,0.9122357483337862,1.118033988749895,1.373539701388967,-0.331124340588225,-0.9473309334313376,-0.8617980051151334,0.2942080627524598,1.058762483368768,-1.1181946142788823,-0.5809651378584206,-0.4911821392259741,2.4119963984560537,2.3745159569850096,0.5007087158793929,0.0,0.0,0.0,0.0,-0.2039762338390918,0.4288264194540642,0.38102663118806,-0.3779644730092272,-0.7508058875955863,-0.7995900589021115,0.7995900589021115,-0.408248290463863,-0.7250102411641544,-1.661324772583615,-0.4472135954999578,1.0641602595597024,0.09962443830749218,0.026661099758454196,False,,,0.09962443830749218,0.03510570066648553,0.882316774899016,0.75,0.4417617284682484
6,2,-0.0034707257442145,-0.2022086050764776,-0.2009660948414294,-0.9975923088699956,-0.67574117179459,0.9122357483337862,1.118033988749895,1.373539701388967,-0.331124340588225,-0.9473309334313376,-0.8617980051151334,0.2942080627524598,1.058762483368768,-1.1181946142788823,0.4302157877206582,-0.4583848689544237,2.4119963984560537,0.1853180298484203,0.2051212096286266,0.0,0.0,0.0,0.0,-0.2043043983632113,0.1369256438348126,0.0945140465798887,-0.3779644730092272,-0.0583475751235059,-0.7995900589021115,0.7995900589021115,-0.408248290463863,-0.7250102411641544,-1.516861748880692,-0.4472135954999578,1.0641602595597024,0.10010747827632235,0.026476468473855295,False,,,0.10010747827632235,0.03510570066648553,0.882316774899016,0.5724152573771116,0.39748630280473385
6,3,-0.0017407448293521,-0.2021766146388147,-0.2006654119246449,-0.5497154839363793,-0.6127664512410942,0.9122357483337862,1.118033988749895,1.373539701388967,-0.331124340588225,-0.9473309334313376,-0.8617980051151334,0.2942080627524598,1.058762483368768,-1.1181946142788823,0.105962146024325,-0.5596009287448802,2.4119963984560537,-0.6800838921168554,0.4250035726051784,0.0,0.0,0.0,0.0,-0.2044251961863717,0.2596348149900987,0.214958131417424,-0.3779644730092272,-0.6621238917455643,-0.7995900589021115,0.7995900589021115,-0.408248290463863,-0.7250102411641544,-1.3723987251777692,-0.4472135954999578,1.0641602595597024,0.09958742810154522,0.02651127657725845,False,,,0.09958742810154522,0.03510570066648553,0.882316774899016,0.42649053650608126,0.360875110043282
6,4,-0.0002716053922181,-0.2021857401904416,-0.2008081378306504,-0.1018386590027628,-0.4996559047711735,0.9122357483337862,1.118033988749895,1.373539701388967,-0.331124340588225,-0.9473309334313376,-0.8617980051151334,0.2942080627524598,1.058762483368768,-1.1181946142788823,0.9471012992229302,-0.5609860902354618,-0.961811813753504,-0.6290137500165008,0.525872100897242,0.0,0.0,0.0,0.0,-0.2043907375527237,0.3646662500884832,0.3180507932005359,-0.3779644730092272,-0.7508058875955863,-0.7995900589021115,0.7995900589021115,-0.408248290463863,-0.7250102411641544,-1.2279357014748462,-0.4472135954999578,1.0641602595597024,0.1001324113233863,0.026346430783121346,False,,,0.1001324113233863,0.03510570066648553,0.882316774899016,0.23677532480573255,0.31358255292365506
6,5,0.0008330853238036,-0.2022139593529655,-0.2010275933090481,-0.5497154839363793,-0.6408011282532619,0.9122357483337862,1.118033988749895,1.373539701388967,-0.331124340588225,-0.9473309334313376,-0.8617980051151334,0.2942080627524598,1.058762483368768,-1.1181946142788823,0.9788461682879996,-0.762399133555403,-0.9325576913959988,-0.1903912300135889,0.6495849170366484,0.0,0.0,0.0,0.0,-0.2042841802920756,0.2121593804738687,0.1683590450676726,-0.3779644730092272,-0.4285264946450114,-0.7995900589021115,0.7995900589021115,-0.408248290463863,-0.7250102411641544,-1.0834726777719228,-0.4472135954999578,1.0641602595597024,0.09850360999258381,0.02617899205560987,False,,,0.09850360999258381,0.03510570066648553,0.882316774899016,0.2447115420719999,0.3151594069075213
6,6,0.0015208685357586,-0.2022367102924907,-0.20115631410915,-0.1018386590027628,-0.557416336454871,0.9122357483337862,1.118033988749895,1.373539701388967,-0.331124340588225,-0.9473309334313376,-0.8617980051151334,0.2942080627524598,1.058762483368768,-1.1181946142788823,-0.0174181332889951,-0.5319542571526511,-0.8167050383262665,0.1151427041572698,0.4725667820917297,0.0,0.0,0.0,0.0,-0.2041982713714644,0.3454248070474124,0.2991645276002039,-0.3779644730092272,-0.7508058875955863,-0.7995900589021115,0.7995900589021115,-0.408248290463863,-0.7250102411641544,-0.939009654069,-0.4472135954999578,1.0641602595597024,0.09916228650832827,0.026356598976587663,False,0.1,0.1,0.09916228650832827,0.03510570066648553,0.882316774899016,0.04029994645504443,0.26422117713221854
6,7,0.002785955609431,-0.2022536954603745,-0.2017050839514129,-0.9975923088699956,-0.8016725310737504,0.9122357483337862,1.118033988749895,1.373539701388967,-0.331124340588225,-0.9473309334313376,-0.8617980051151334,0.2942080627524598,1.058762483368768,-1.1181946142788823,1.4125864958128895,-0.3976836794621922,1.5755618546044132,0.2926229677523646,0.053319285408541,0.0,0.0,0.0,0.0,-0.2041341343525216,0.0246187638082871,-0.0157197628281786,-0.3779644730092272,0.4942454683737965,-0.7995900589021115,0.7995900589021115,-0.408248290463863,-0.7250102411641544,-0.7945466303660769,-0.4472135954999578,1.0641602595597024,0.2988247157845639,0.026653042791338212,False,,,0.2988247157845639,0.03510570066648553,0.882316774899016,0.7524180387133277,0.4921663075158483
6,8,0.0027062778008653,-0.2022092304328247,-0.2017057204423402,-0.1018386590027628,-0.4591688632824854,0.9122357483337862,1.118033988749895,1.373539701388967,-0.331124340588225,-0.9473309334313376,-0.8617980051151334,0.2942080627524598,1.058762483368768,-1.1181946142788823,0.1463722236643323,-0.7562501103218288,-0.8016115969622847,-0.6967033689867155,0.7517921845752887,0.0,0.0,0.0,0.0,-0.2043020369799058,0.3146989126801674,0.2690058019480324,-0.3779644730092272,-0.7508058875955863,-0.7995900589021115,0.7995900589021115,-0.408248290463863,-0.7250102411641544,-0.6500836066631539,-0.4472135954999578,1.0641602595597024,0.1108635317860561,0.0261688303755777,False,,,0.1108635317860561,0.03510570066648553,0.882316774899016,0.03659305591608308,0.26621976581691015
6,9,0.0024025832690741,-0.2022293781985785,-0.2019320472414173,0.3460381659308536,-0.3044912362956768,0.9122357483337862,1.118033988749895,1.373539701388967,-0.331124340588225,-0.9473309334313376,-0.8617980051151334,0.2942080627524598,1.058762483368768,-1.1181946142788823,0.681047388889285,-0.5145536013270147,-0.7922786759037495,-0.4494653704763089,0.5879445235881041,0.0,0.0,0.0,0.0,-0.204225957800551,0.4936569294383093,0.4446604359891827,-0.3779644730092272,-0.7508058875955863,-0.7995900589021115,0.7995900589021115,-0.408248290463863,-0.7250102411641544,-0.5056205829602308,-0.4472135954999578,1.0641602595597024,0.09227499071474496,0.026314433331530374,False,,,0.09227499071474496,0.03510570066648553,0.882316774899016,0.17026184722232124,0.2949898283756419
6,10,0.0020502783102305,-0.2022323070730156,-0.2022406448285433,0.3460381659308536,-0.2326947409056693,0.9122357483337862,1.118033988749895,1.373539701388967,-0.331124340588225,-0.9473309334313376,-0.8617980051151334,0.2942080627524598,1.058762483368768,-1.1181946142788823,0.6184716818511126,-0.4609011357073873,-0.7315237865624064,-0.5227048024387552,0.1968962919950462,0.0,0.0,0.0,0.0,-0.204214898193926,0.1248907704817112,0.5022175492266469,2.6457513110645903,0.0008686304439903,-0.7995900589021115,0.7995900589021115,-0.408248290463863,-0.7250102411641544,-0.3611575592573077,-0.4472135954999578,1.0641602595597024,0.09865724722986573,0.02643769882532347,False,,,0.09865724722986573,0.03510570066648553,0.882316774899016,0.15461792046277814,0.2926744108145364
6,11,0.0022781886804334,-0.2022758908163558,-0.2019689252169617,0.3460381659308536,-0.22355773006133,0.9122357483337862,1.118033988749895,1.373539701388967,-0.331124340588225,-0.9473309334313376,-0.8617980051151334,0.2942080627524598,1.058762483368768,-1.1181946142788823,0.4726164345120506,-0.6866207171026874,0.0103758083728286,0.1173648614979947,0.4213448189575917,0.0,0.0,0.0,0.0,-0.2040503233489001,0.0977638292179974,0.4689347922799914,2.6457513110645903,0.1343436146136841,-0.7995900589021115,0.7995900589021115,-0.408248290463863,-0.7250102411641544,-0.2166945355543847,-0.4472135954999578,1.0641602595597024,0.09785398003397755,0.02636223760610142,False,,,0.09785398003397755,0.03510570066648553,0.882316774899016,0.16338213350144223,0.29466464727523034
6,12,0.0025101560107297,-0.2022692628278917,-0.2018523071896024,0.79391499086447,-0.1226974311125563,0.9122357483337862,1.118033988749895,1.373539701388967,-0.331124340588225,-0.9473309334313376,-0.8617980051151334,0.2942080627524598,1.058762483368768,-1.1181946142788823,-0.7267234368496036,-0.687292755362148,-0.5466791314090984,-0.1287504481292422,0.5084833950244405,0.0,0.0,0.0,0.0,-0.2040753510333236,0.1812743008801983,0.5713959840455205,2.6457513110645903,-0.276560024493835,-0.7995900589021115,0.7995900589021115,-0.408248290463863,-0.7250102411641544,-0.0722315118514616,-0.4472135954999578,1.0641602595597024,0.10177990618031016,0.026538980274528185,False,0.1,0.1,0.10076490983249341,0.14161941463099786,0.6827524062971482,0.34210526315789475,0.31681049847963355
6,13,0.0030047636501733,-0.2022876848030555,-0.2016308118693407,0.79391499086447,-0.065481045624205,0.9122357483337862,1.118033988749895,1.373539701388967,-0.331124340588225,-0.9473309334313376,-0.8617980051151334,0.2942080627524598,1.058762483368768,-1.1181946142788823,-0.9192320332669912,-0.5114508044684026,-0.6537694028321955,0.0535536073317619,0.7074485538144244,0.0,0.0,0.0,0.0,-0.2040057885433837,0.6286063291957953,0.5771188072758417,-0.3779644730092272,-0.7508058875955863,-0.5535623484706925,0.5535623484706925,-0.408248290463863,-0.7250102411641544,0.0722315118514612,-0.4472135954999578,1.0641602595597024,0.10106467176677647,0.026616639207108155,False,,,0.10106467176677647,0.03510570066648553,0.882316774899016,0.018743762566116665,0.2593077274745987
6,14,0.0028803853919246,-0.2022947602240653,-0.2017659005709485,0.3460381659308536,-0.0035385247521754,0.9122357483337862,1.118033988749895,1.373539701388967,-0.331124340588225,-0.9473309334313376,-0.8617980051151334,0.2942080627524598,1.058762483368768,-1.1181946142788823,0.5713151371354726,-0.6353699601431068,-0.6960768061459118,0.0429932109358105,0.8666349618859832,0.0,0.0,0.0,0.0,-0.2039790713266661,0.6090879024077204,0.5579606707663622,-0.3779644730092272,-0.7508058875955863,-0.3075346380392736,0.3075346380392736,-0.408248290463863,-0.7250102411641544,0.2166945355543845,2.2360679774997894,1.0641602595597024,0.10161046873994511,0.026362020717800156,False,,,0.10161046873994511,0.03510570066648553,0.882316774899016,0.1578764081114018,0.2942273381042121
6,15,0.0027011622531269,-0.2022946718231726,-0.2019362971314245,0.79391499086447,0.0985118663950844,0.9122357483337862,1.118033988749895,1.373539701388967,-0.331124340588225,-0.9473309334313376,-0.8617980051151334,0.2942080627524598,1.058762483368768,-1.1181946142788823,-0.1535016776681466,-0.4281291489582366,-0.4383488429065773,-0.0810442486574446,0.6498250649526869,0.0,0.0,0.0,0.0,-0.203979405133772,0.6828452811517137,0.6303565634221254,-0.3779644730092272,-0.7508058875955863,-0.0615069276078547,0.0615069276078547,-0.408248290463863,-0.7250102411641544,0.3611575592573074,2.2360679774997894,1.0641602595597024,0.10140404433266309,0.02616080288076397,False,,,0.10140404433266309,0.03510570066648553,0.882316774899016,0.0,0.25470662997454113
6,16,0.0021690514466195,-0.2022774818765039,-0.202462038219503,0.3460381659308536,0.039894845349517,0.9122357483337862,1.118033988749895,1.373539701388967,-0.331124340588225,-0.9473309334313376,-0.8617980051151334,0.2942080627524598,1.058762483368768,-1.1181946142788823,0.3272571711386695,-0.7323315634785124,-0.5585784677418697,-0.4657894228275328,0.9425296850933924,0.0,0.0,0.0,0.0,-0.2040443154097643,0.5285842603098128,0.4789430439069924,-0.3779644730092272,-0.7508058875955863,0.1845207828235641,-0.1845207828235641,-0.408248290463863,-0.7250102411641544,0.5056205829602304,2.2360679774997894,1.0641602595597024,0.09774850655172732,0.026318150780025803,False,,,0.09774850655172732,0.03510570066648553,0.882316774899016,0.08181429278466737,0.27424631872547406
6,17,0.0019779289685693,-0.202272419474067,-0.2024392686694658,1.2417918157980865,0.4060963320421817,0.9122357483337862,1.118033988749895,1.373539701388967,-0.331124340588225,-0.9473309334313376,-0.8617980051151334,0.2942080627524598,1.058762483368768,-1.1181946142788823,-0.6750966502508905,-0.586996294794231,-0.6126142273655727,-0.6494724517244116,1.0592527046375917,0.0,0.0,0.0,0.0,-0.2040634313468697,0.8849573326883406,0.8287378323426033,-0.3779644730092272,-0.7508058875955863,0.4305484932549831,-0.4305484932549831,-0.408248290463863,-0.7250102411641544,0.6500836066631537,2.2360679774997894,1.0641602595597024,0.09988778438950471,0.026476545650095728,False,,,0.09988778438950471,0.03510570066648553,0.882316774899016,0.0,0.2543275649887516
6,18,0.0015950797425455,-0.2022590086531867,-0.2023228676457416,1.2417918157980865,0.3614725338489266,0.9122357483337862,1.118033988749895,1.373539701388967,-0.331124340588225,-0.9473309334313376,-0.8617980051151334,0.2942080627524598,1.058762483368768,-1.1181946142788823,-1.0431505254156177,-0.5430917621490124,-0.6092947326129017,-0.9499911326182732,0.9097268404889626,0.0,0.0,0.0,0.0,-0.2041140714158243,0.7994484346138249,0.7448073414339985,-0.3779644730092272,-0.7508058875955863,0.676576203686402,-0.676576203686402,-0.408248290463863,-0.7250102411641544,0.7945466303660766,-0.4472135954999578,1.0641602595597024,0.09792063468689995,0.026183009028132108,False,0.1,0.1,0.09909951068288625,0.2603294311079632,0.8004822110930674,0.4319371727748691,0.39796208141469647
6,19,0.0016322448402555,-0.2022757811810669,-0.2023347689946953,0.79391499086447,0.3614219110581892,0.9122357483337862,1.118033988749895,1.373539701388967,-0.331124340588225,-0.9473309334313376,-0.8617980051151334,0.2942080627524598,1.058762483368768,-1.1181946142788823,-1.2835041070790572,-0.7016708831020991,-0.5935117723920802,-0.7973441113866876,1.1064169989338697,0.0,0.0,0.0,0.0,-0.2040507373383671,0.7351116568171591,0.6816581550271482,-0.3779644730092272,-0.7508058875955863,0.922603914117821,-0.922603914117821,-0.408248290463863,-0.7250102411641544,0.9390096540689996,-0.4472135954999578,1.0641602595597024,0.09887177977292641,0.025919392554013543,False,,,0.09887177977292641,0.03510570066648553,0.882316774899016,0.0,0.254073563834607
6,20,0.0020998421693439,-0.20230893656941,-0.2021768859547909,1.2417918157980865,0.3358527588918481,0.9122357483337862,1.118033988749895,1.373539701388967,-0.331124340588225,-0.9473309334313376,-0.8617980051151334,0.2942080627524598,1.058762483368768,-1.1181946142788823,-1.229017183365101,-0.2488604129711199,-0.4427904910836716,-0.4162785222207688,0.540466059743656,0.0,0.0,0.0,0.0,-0.2039255405911368,0.7949733410412784,0.740414853530828,-0.3779644730092272,-0.7508058875955863,1.16863162454924,-1.16863162454924,-0.408248290463863,-0.7250102411641544,1.0834726777719228,-0.4472135954999578,1.0641602595597024,0.10079376037160273,0.025960186694815136,False,,,0.10079376037160273,0.03510570066648553,0.882316774899016,0.0,0.2545540589842761
6,21,0.0023995292407012,-0.2022960754908257,-0.2021680268789133,1.2417918157980865,0.5241761992788724,0.9122357483337862,1.118033988749895,1.373539701388967,-0.331124340588225,-0.9473309334313376,-0.8617980051151334,0.2942080627524598,1.058762483368768,-1.1181946142788823,-1.3169387340631005,-0.4919091491767495,-0.5866825025020113,-0.695976682735858,0.8499375222079452,0.0,0.0,0.0,0.0,-0.2039741048000059,0.8147719063718109,0.7598479575105983,-0.3779644730092272,-0.7508058875955863,1.4146593349806589,-1.4146593349806589,-0.408248290463863,-0.7250102411641544,1.2279357014748458,-0.4472135954999578,1.0641602595597024,0.10280404417079067,0.02556755641454331,False,,,0.10280404417079067,0.03510570066648553,0.882316774899016,0.0,0.2550566299340731
6,22,0.0027636457570967,-0.2023278612049715,-0.2018526936446849,1.2417918157980865,0.5390157928972424,0.9122357483337862,1.118033988749895,1.373539701388967,-0.331124340588225,-0.9473309334313376,-0.8617980051151334,0.2942080627524598,1.058762483368768,-1.1181946142788823,-0.9469424044513404,-0.2781682583316243,-0.5513610604015745,-0.3503699167169086,0.6617825549214649,0.0,0.0,0.0,0.0,-0.2038540800252005,0.908983765171048,0.8523207613530884,-0.3779644730092272,-0.7508058875955863,1.6606870454120777,-1.6606870454120777,-0.408248290463863,-0.7250102411641544,1.3723987251777687,-0.4472135954999578,1.0641602595597024,0.0994410079946515,0.025877096364425645,False,,,0.0994410079946515,0.03510570066648553,0.882316774899016,0.0,0.2542158708900383
6,23,0.003109744019686,-0.2023530984129308,-0.2015039608073293,0.3460381659308536,0.1804339139434538,0.9122357483337862,1.118033988749895,1.373539701388967,-0.331124340588225,-0.9473309334313376,-0.8617980051151334,0.2942080627524598,1.058762483368768,-1.1181946142788823,-0.8368082330573705,-0.5389769174489879,-0.568750803867935,-0.1062420715741594,0.6787399554019522,0.0,0.0,0.0,0.0,-0.203758782804942,0.5578920268606037,0.507709818937809,-0.3779644730092272,-0.7508058875955863,1.9067147558434967,-1.9067147558434967,-0.408248290463863,-0.7250102411641544,1.516861748880692,-0.4472135954999578,1.0641602595597024,0.09815200812931824,0.026331800596662677,False,,,0.09815200812931824,0.03510570066648553,0.882316774899016,0.0,0.25389362092370493
6,24,0.003170605345127,-0.2023724543825042,-0.2014305015954941,-0.1018386590027628,-0.0027592760858233,0.9122357483337862,1.118033988749895,1.373539701388967,-0.331124340588225,-0.9473309334313376,-0.8617980051151334,0.2942080627524598,1.058762483368768,-1.1181946142788823,0.5912059672497338,-0.3648481198246174,-0.4270524289591353,0.0508891014364281,0.3525589971047566,0.0,0.0,0.0,0.0,-0.2036856934957469,0.4155427806198706,0.3679881947970902,-0.3779644730092272,-0.7508058875955863,2.1527424662749155,-2.1527424662749155,-0.408248290463863,-0.7250102411641544,1.6613247725836149,-0.4472135954999578,1.0641602595597024,0.0009868785001538316,0.026569515314696195,False,,,0.0009868785001538316,0.03510570066648553,0.882316774899016,0.1656126773151833,0.27100550784520966
7,1,0.0020047759736183,-0.2023416553603638,-0.2028924952362883,0.79391499086447,-1.2160874876209709,0.2163185110397885,-1.118033988749895,-0.4850584519619434,-0.331124340588225,0.4736654667156743,-0.0391726365961394,0.9205184047662676,-1.1271543790448286,0.2084769619841985,-1.4632685389663904,-0.0418406809594961,2.4119963984560537,3.341582046978101,-0.5155803057386326,0.0,0.0,0.0,0.0,-0.2043646260560351,-0.4400934310269061,-0.471853843865495,-0.3779644730092272,-0.2078006953572321,-0.7995900589021115,0.7995900589021115,2.4494897427831788,0.8212964252501512,-1.661324772583615,-0.4472135954999578,-1.1389071909150976,0.09702891787634663,0.026670132683205356,False,,,0.09702891787634663,0.6634725955840846,0.281792638093493,0.75,0.44807353788848103
7,2,-0.0019860740656287,-0.2022783130072028,-0.2014884275384572,0.3460381659308536,-1.086419943421821,0.2163185110397885,-1.118033988749895,-0.4850584519619434,-0.331124340588225,0.4736654667156743,-0.0391726365961394,0.9205184047662676,-1.1271543790448286,0.2084769619841985,-1.1679126400355129,-0.1372110760786522,2.4119963984560537,0.5923491288367058,-0.3915861054104648,0.0,0.0,0.0,0.0,-0.204603810604128,-0.3258916525113461,-0.3597601138645084,-0.3779644730092272,-0.7508058875955863,-0.7995900589021115,0.7995900589021115,2.4494897427831788,0.8212964252501512,-1.516861748880692,-0.4472135954999578,-1.1389071909150976,0.10012027945530463,0.02647532116627732,False,,,0.10012027945530463,0.6634725955840846,0.281792638093493,0.607322195092847,0.4131769270564323
7,3,-0.0004781589007506,-0.2022628375966587,-0.2013808458024014,0.3460381659308536,-1.0610311171565725,0.2163185110397885,-1.118033988749895,-0.4850584519619434,-0.331124340588225,0.4736654667156743,-0.0391726365961394,0.9205184047662676,-1.1271543790448286,0.2084769619841985,-0.4019312550587599,-0.4446444592327695,2.4119963984560537,-0.2656469252358013,-0.1557583434356701,0.0,0.0,0.0,0.0,-0.2046622466882461,-0.2601206837882208,-0.2952032102349486,-0.3779644730092272,-0.7508058875955863,-0.7995900589021115,0.7995900589021115,2.4494897427831788,0.8212964252501512,-1.3723987251777692,-0.4472135954999578,-1.1389071909150976,0.10062214346945178,0.026480697471035188,False,,,0.10062214346945178,0.6634725955840846,0.281792638093493,0.4,0.36147184428675727
7,4,0.0004671070631045,-0.2022654614317525,-0.2014713608078355,0.3460381659308536,-0.9972273265286148,0.2163185110397885,-1.118033988749895,-0.4850584519619434,-0.331124340588225,0.4736654667156743,-0.0391726365961394,0.9205184047662676,-1.1271543790448286,0.2084769619841985,0.3197567332437075,0.0402026327704968,-0.8878727564459385,-0.467132754271253,-0.3890060591415978,0.0,0.0,0.0,0.0,-0.2046523389285898,-0.2046320612531677,-0.2407388511556067,-0.3779644730092272,-0.7508058875955863,-0.7995900589021115,0.7995900589021115,2.4494897427831788,0.8212964252501512,-1.2279357014748462,-0.4472135954999578,-1.1389071909150976,0.10504768078057233,0.026246179580962783,False,,,0.10504768078057233,0.6634725955840846,0.281792638093493,0.07993918331092688,0.2825630244422692
7,5,0.0009108787588847,-0.2022612700389067,-0.2015415826025354,0.79391499086447,-1.1995801743973185,0.2163185110397885,-1.118033988749895,-0.4850584519619434,-0.331124340588225,0.4736654667156743,-0.0391726365961394,0.9205184047662676,-1.1271543790448286,0.2084769619841985,0.1266730195976465,0.2022845171649134,-0.7550498869265873,-0.8490047231375181,-0.596701016494404,0.0,0.0,0.0,0.0,-0.204668165880916,-0.4303827802227827,-0.4623224417847215,-0.3779644730092272,-0.2809349810216653,-0.7995900589021115,0.7995900589021115,2.4494897427831788,0.8212964252501512,-1.0834726777719228,-0.4472135954999578,-1.1389071909150976,0.09700499997325232,0.02633522363073005,False,,,0.09700499997325232,0.6634725955840846,0.281792638093493,0.03166825489941163,0.26848462213756036
7,6,0.0014176593605865,-0.2022861258012906,-0.2016573185690309,-0.1018386590027628,-0.9915245108556318,0.2163185110397885,-1.118033988749895,-0.4850584519619434,-0.331124340588225,0.4736654667156743,-0.0391726365961394,0.9205184047662676,-1.1271543790448286,0.2084769619841985,0.5012738431258772,0.1762105134695532,-0.6259638799029578,-0.3781112699061337,-0.4200553290041482,0.0,0.0,0.0,0.0,-0.2045743090221693,-0.1636163329942441,-0.2004802314649929,-0.3779644730092272,-0.7508058875955863,-0.7995900589021115,0.7995900589021115,2.4494897427831788,0.8212964252501512,-0.939009654069,-0.4472135954999578,-1.1389071909150976,0.09265815102059116,0.026255508402286933,False,0.05,0.1,0.09265815102059116,0.6634725955840846,0.281792638093493,0.1253184607814693,0.29081046136990946
7,7,0.0022302277268245,-0.2022902267890232,-0.2023842800142794,0.3460381659308536,-1.0577957700891674,0.2163185110397885,-1.118033988749895,-0.4850584519619434,-0.331124340588225,0.4736654667156743,-0.0391726365961394,0.9205184047662676,-1.1271543790448286,0.2084769619841985,-1.0761510683364996,0.1444479066802406,0.9803576285137258,-0.5065712511712108,-0.4747044180024346,0.0,0.0,0.0,0.0,-0.2045588234450064,-0.2694316812133336,-0.3043423361310331,-0.3779644730092272,-0.7508058875955863,-0.7995900589021115,0.7995900589021115,2.4494897427831788,0.8212964252501512,-0.7945466303660769,-0.4472135954999578,-1.1389071909150976,0.10201438634444898,0.0265796395678359,False,,,0.10201438634444898,0.6634725955840846,0.281792638093493,0.39214305140549033,0.35985566785687917
7,8,0.0023641476457618,-0.2022829345961809,-0.2023661366818006,0.3460381659308536,-1.0973791165936593,0.2163185110397885,-1.118033988749895,-0.4850584519619434,-0.331124340588225,0.4736654667156743,-0.0391726365961394,0.9205184047662676,-1.1271543790448286,0.2084769619841985,0.1600202383393274,-0.3199871458721623,-0.4982518577197283,-0.9148044902693482,-0.3374980728254581,0.0,0.0,0.0,0.0,-0.204586359205245,-0.3802802375179848,-0.4131447409878,-0.3779644730092272,-0.6582746408034027,-0.7995900589021115,0.7995900589021115,2.4494897427831788,0.8212964252501512,-0.6500836066631539,-0.4472135954999578,-1.1389071909150976,0.10675170473406467,0.02631184748789429,False,,,0.10675170473406467,0.6634725955840846,0.281792638093493,0.04000505958483185,0.2730054994991185
7,9,0.0023578302631849,-0.2022908679843681,-0.2023712631314282,0.79391499086447,-1.1705808582093211,0.2163185110397885,-1.118033988749895,-0.4850584519619434,-0.331124340588225,0.4736654667156743,-0.0391726365961394,0.9205184047662676,-1.1271543790448286,0.2084769619841985,-0.9549737191810596,-0.0010740167756174,-0.4154672585470405,-0.9155686915354369,-0.5413046618298647,0.0,0.0,0.0,0.0,-0.2045564022526893,-0.4542703511138954,-0.4857690724471589,-0.3779644730092272,-0.1010293836915438,-0.7995900589021115,0.7995900589021115,2.4494897427831788,0.8212964252501512,-0.5056205829602308,-0.4472135954999578,-1.1389071909150976,0.09601042019162442,0.02648423591805244,False,,,0.09601042019162442,0.6634725955840846,0.281792638093493,0.0,0.2603189134673005
7,10,0.0026603842392596,-0.2023327233869362,-0.2019496980619942,0.79391499086447,-1.099702325419191,0.2163185110397885,-1.118033988749895,-0.4850584519619434,-0.331124340588225,0.4736654667156743,-0.0391726365961394,0.9205184047662676,-1.1271543790448286,0.2084769619841985,-0.7659335220048632,-0.1491258082387513,-0.4015904292506079,-0.1202022096310754,-0.6084390980075719,0.0,0.0,0.0,0.0,-0.2043983537267205,-0.6272365518790195,-0.420587223331928,2.6457513110645903,1.201639180157639,-0.7995900589021115,0.7995900589021115,2.4494897427831788,0.8212964252501512,-0.3611575592573077,-0.4472135954999578,-1.1389071909150976,0.09999738269685937,0.026440691504305776,False,,,0.09999738269685937,0.6634725955840846,0.281792638093493,0.0,0.26131565409360924
7,11,0.0025310870482921,-0.2023175160440556,-0.2020749938484581,0.3460381659308536,-1.071858676644253,0.2163185110397885,-1.118033988749895,-0.4850584519619434,-0.331124340588225,0.4736654667156743,-0.0391726365961394,0.9205184047662676,-1.1271543790448286,0.2084769619841985,-1.3854993387810228,-0.4716885485774111,-0.1084102692746048,-0.6738668541309041,-0.4591750390449621,0.0,0.0,0.0,0.0,-0.2044557775711639,-0.6231166301500372,-0.4155323831193165,2.6457513110645903,1.1706106179407212,-0.7995900589021115,0.7995900589021115,2.4494897427831788,0.8212964252501512,-0.2166945355543847,-0.4472135954999578,-1.1389071909150976,0.09915729069240986,0.026418981567318922,False,,,0.09915729069240986,0.6634725955840846,0.281792638093493,0.0,0.26110563109249685
7,12,0.0027148878539537,-0.2023400025886753,-0.2019083035509097,0.79391499086447,-1.2004984951784832,0.2163185110397885,-1.118033988749895,-0.4850584519619434,-0.331124340588225,0.4736654667156743,-0.0391726365961394,0.9205184047662676,-1.1271543790448286,0.2084769619841985,-0.6738015980683051,-0.1949855855935614,-0.0230860518947044,-0.368016380789076,-0.6713173241974828,0.0,0.0,0.0,0.0,-0.2043708670216716,-0.7334942825117643,-0.5509576247705711,2.6457513110645903,2.00190307419549,-0.7995900589021115,0.7995900589021115,2.4494897427831788,0.8212964252501512,-0.0722315118514616,-0.4472135954999578,-1.1389071909150976,0.10117268110105626,0.02652166806819168,False,0.23,0.25,0.13756017612894478,0.46779469258563644,0.2758684503676418,0.2926829268292683,0.2934765614778728
7,13,0.0027635628757814,-0.2023407990049444,-0.2018710802905289,-0.9975923088699956,-0.4649303395758782,0.2163185110397885,-1.118033988749895,-0.4850584519619434,-0.331124340588225,0.4736654667156743,-0.0391726365961394,0.9205184047662676,-1.1271543790448286,0.2084769619841985,0.1123705366779916,-0.371244350530977,-0.6691513931011487,-0.5377742923971179,0.1910940406459422,0.0,0.0,0.0,0.0,-0.2043678597057774,0.215074570090701,0.1712204232533573,-0.3779644730092272,-0.7508058875955863,-0.5535623484706925,0.5535623484706925,2.4494897427831788,0.8212964252501512,0.0722315118514612,-0.4472135954999578,-1.1389071909150976,0.10105749501164152,0.026687985396788454,False,,,0.10105749501164152,0.6634725955840846,0.281792638093493,0.0280926341694979,0.26860384071467924
7,14,0.0023682124740793,-0.2023219042867012,-0.2021335245580423,-1.445469133803612,-0.0469951205787778,0.2163185110397885,-1.118033988749895,-0.4850584519619434,3.020013564160076,0.4736654667156743,-0.0391726365961394,0.9205184047662676,-0.0725232787003026,0.2084769619841985,2.62509166650294,-0.050927991568809,-0.6275310331878955,-1.0925959558821805,0.194643083280172,0.0,0.0,0.0,0.0,-0.2044392073021144,0.5657515605982778,0.5154242736877798,-0.3779644730092272,-0.7508058875955863,-0.3075346380392736,0.3075346380392736,2.4494897427831788,0.8212964252501512,0.2166945355543845,2.2360679774997894,-0.0373734656776976,0.10043938758346124,0.02659991086909765,False,,,0.10043938758346124,0.9134725955840846,0.281792638093493,0.25,0.3864261553152597
7,15,0.0020964731052509,-0.2023401190088712,-0.2024800087749768,-1.445469133803612,0.020574119667931,0.2163185110397885,-1.118033988749895,-0.4850584519619434,3.020013564160076,0.4736654667156743,-0.0391726365961394,0.9205184047662676,-0.0504728034006383,0.2084769619841985,1.0569985589942523,0.4661138887439061,-0.3838683018568004,-0.8869124043082813,-0.0946317794659298,0.0,0.0,0.0,0.0,-0.204370427411986,0.606071565193561,0.5550000120649757,-0.3779644730092272,-0.7508058875955863,-0.0615069276078547,0.0615069276078547,2.4494897427831788,0.8212964252501512,0.3611575592573074,2.2360679774997894,-0.0373734656776976,0.09767577414967135,0.026041495560730873,False,,,0.09767577414967135,0.9134725955840846,0.281792638093493,0.25,0.38573525195681224
7,16,0.0022549859202728,-0.202349024277761,-0.2023939881768686,-1.445469133803612,0.009962408459274,0.2163185110397885,-1.118033988749895,-0.4850584519619434,3.020013564160076,0.4736654667156743,-0.0391726365961394,0.9205184047662676,-0.1082704448172917,0.2084769619841985,0.5228210937965311,0.5503164232353415,-0.1487997424936437,-0.8701119597421203,-0.1913477464707978,0.0,0.0,0.0,0.0,-0.2043368005792467,0.5003867155090972,0.4512659970635275,-0.3779644730092272,-0.7508058875955863,0.1845207828235641,-0.1845207828235641,2.4494897427831788,0.8212964252501512,0.5056205829602304,2.2360679774997894,-0.0373734656776976,0.10107524888058644,0.026165452829665765,False,,,0.10107524888058644,0.9134725955840846,0.281792638093493,0.13070527344913277,0.35676143900182417
7,17,0.0025156417618259,-0.202388183337936,-0.20199408327969,-1.445469133803612,0.0320114280282511,0.2163185110397885,-1.118033988749895,-0.4850584519619434,3.020013564160076,0.4736654667156743,-0.0391726365961394,0.9205184047662676,-0.0915717923691679,0.2084769619841985,1.8061640757335329,1.0990571852459785,-0.2591823396659618,-0.3026745474020774,-0.3744032794335531,0.0,0.0,0.0,0.0,-0.2041889336048718,0.5309207395740411,0.4812363941437541,-0.3779644730092272,-0.7508058875955863,0.4305484932549831,-0.4305484932549831,2.4494897427831788,0.8212964252501512,0.6500836066631537,2.2360679774997894,-0.0373734656776976,0.10048841834352512,0.026585234023068605,False,,,0.10048841834352512,0.9134725955840846,0.281792638093493,0.25,0.38643841300527565
7,18,0.0027566220960163,-0.2023827830798991,-0.2018342882916952,-1.445469133803612,0.1333733203602805,0.2163185110397885,-1.118033988749895,-0.4850584519619434,3.020013564160076,0.4736654667156743,-0.0391726365961394,0.9205184047662676,-0.0606718192916398,0.2084769619841985,0.80350295803274,0.7123649150642655,-0.4782227704327469,-0.5577665792183337,-0.2134005435179934,0.0,0.0,0.0,0.0,-0.2042093253051116,0.5874223360044374,0.536695028652066,-0.3779644730092272,-0.7508058875955863,0.676576203686402,-0.676576203686402,2.4494897427831788,0.8212964252501512,0.7945466303660766,-0.4472135954999578,-0.0373734656776976,0.09984785125451462,0.026278828630124818,False,0.2,0.2,0.1098096720495999,0.8282129042031772,0.564710242588396,0.44228959738930396,0.48625560405761925
7,19,0.0028819558065757,-0.2023859315760636,-0.2017561169529591,-1.445469133803612,0.0702772405866743,0.2163185110397885,-1.118033988749895,-0.4850584519619434,3.020013564160076,0.4736654667156743,-0.0391726365961394,0.9205184047662676,-0.1239149041920436,0.2084769619841985,0.1355751672288233,0.6155982653273172,-0.4434148743390795,-0.651023878672669,-0.2340519258299015,0.0,0.0,0.0,0.0,-0.2041974363935904,0.471780317446996,0.423187643973457,-0.3779644730092272,-0.7508058875955863,0.922603914117821,-0.922603914117821,2.4494897427831788,0.8212964252501512,0.9390096540689996,-0.4472135954999578,-0.0373734656776976,0.10061146943565485,0.026319359300397985,False,,,0.10061146943565485,0.9134725955840846,0.281792638093493,0.03389379180720582,0.3324426237301095
7,20,0.0027070374706426,-0.2023970782271649,-0.2019477385398947,-1.445469133803612,0.1699102537872593,0.2163185110397885,-1.118033988749895,-0.4850584519619434,3.020013564160076,0.4736654667156743,-0.0391726365961394,0.9205184047662676,-0.0322129873391618,0.2084769619841985,1.3208323688860522,1.1614167389005237,-0.2743681596538085,-0.605725005245392,-0.3453834823112849,0.0,0.0,0.0,0.0,-0.2041553459663584,0.639460227229294,0.5877723534065575,-0.3779644730092272,-0.7508058875955863,1.16863162454924,-1.16863162454924,2.4494897427831788,0.8212964252501512,1.0834726777719228,-0.4472135954999578,-0.0373734656776976,0.0994844688521273,0.026375681452419898,False,,,0.0994844688521273,0.9134725955840846,0.281792638093493,0.25,0.3861874256324262
7,21,0.002386920428701,-0.202385515141905,-0.2022203061346096,-0.9975923088699956,-0.1014812959035483,0.2163185110397885,-1.118033988749895,-0.4850584519619434,-0.331124340588225,0.4736654667156743,-0.0391726365961394,0.9205184047662676,-0.909171004102442,0.2084769619841985,0.1908645297865246,1.127729613749456,-0.1221802886071436,-0.9303245374068152,-0.5004801598247632,0.0,0.0,0.0,0.0,-0.2041990088741041,0.2643776568153829,0.2196134252132937,-0.3779644730092272,-0.7508058875955863,1.4146593349806589,-1.4146593349806589,2.4494897427831788,0.8212964252501512,1.2279357014748458,-0.4472135954999578,-0.5881403282963976,0.09980636556979608,0.026653814004553834,False,,,0.09980636556979608,0.6634725955840846,0.281792638093493,0.04771613244663115,0.27319693292350117
7,22,0.0026463932600765,-0.2024556005463427,-0.2017564870480001,-1.445469133803612,0.2014708082951112,0.2163185110397885,-1.118033988749895,-0.4850584519619434,3.020013564160076,0.4736654667156743,-0.0391726365961394,0.9205184047662676,-0.0526695732637346,0.2084769619841985,1.4874608384455954,0.6183914685660177,-0.4895506274767682,0.0473254373013744,-0.1667236393296026,0.0,0.0,0.0,0.0,-0.2039343621574632,0.6020547007146277,0.5510572948130655,-0.3779644730092272,-0.7508058875955863,1.6606870454120777,-1.6606870454120777,2.4494897427831788,0.8212964252501512,1.3723987251777687,-0.4472135954999578,-0.0373734656776976,0.101875695173689,0.02631082616894379,False,,,0.101875695173689,0.9134725955840846,0.281792638093493,0.26656390305548106,0.39092620797668687
7,23,0.0026853992844694,-0.2024189137873047,-0.2017405977571958,-1.445469133803612,0.1268618736025461,0.2163185110397885,-1.118033988749895,-0.4850584519619434,3.020013564160076,0.4736654667156743,-0.0391726365961394,0.9205184047662676,-0.1031543603421075,0.2084769619841985,1.2351887730877846,0.7860299491615564,-0.4167997574728663,-0.662030783576171,-0.2805512616070311,0.0,0.0,0.0,0.0,-0.2040728935735478,0.5097416408223137,0.4604482399836429,-0.3779644730092272,-0.7508058875955863,1.9067147558434967,-1.9067147558434967,2.4494897427831788,0.8212964252501512,1.516861748880692,-0.4472135954999578,-0.0373734656776976,0.0980938614362051,0.026434713933426106,False,,,0.0980938614362051,0.9134725955840846,0.281792638093493,0.25,0.3858397737784457
7,24,0.0030564814217546,-0.2024756610688944,-0.2013523234514863,-0.9975923088699956,-0.1516013883515397,0.2163185110397885,-1.118033988749895,-0.4850584519619434,-0.331124340588225,0.4736654667156743,-0.0391726365961394,0.9205184047662676,-0.8549001692231775,0.2084769619841985,-0.3360331609579402,0.8535059332884987,-0.2751161073475886,0.0588190182675591,-0.4155070359606785,0.0,0.0,0.0,0.0,-0.2038586124137043,0.2802554120618122,0.2351980932696888,-0.3779644730092272,-0.7508058875955863,2.1527424662749155,-2.1527424662749155,2.4494897427831788,0.8212964252501512,1.6613247725836149,-0.4472135954999578,-0.5881403282963976,0.000623633207975538,0.026661283347536067,False,,,0.000623633207975538,0.6634725955840846,0.281792638093493,0.020586656393645684,0.24161888081979968
8,1,0.0020047759736183,-0.2032188393551115,-0.2028924952362883,-0.5497154839363793,-0.2606079716273836,0.8821237852989039,0.0,0.4581107601862798,-0.331124340588225,-0.9473309334313376,-0.8617980051151334,-1.024671454159949,1.058762483368768,1.5351485382472794,1.4301409150325433,-0.1773823663383024,2.4119963984560537,4.187024922777583,0.3736358291079941,0.0,0.0,0.0,0.0,-0.2051032882330277,0.6675879473261225,0.615380864439051,-0.3779644730092272,-0.7508058875955863,-0.7995900589021115,0.7995900589021115,-0.408248290463863,0.4318313377612695,-1.661324772583615,-0.4472135954999578,1.0641602595597024,0.10164884860897938,0.026638500720116164,False,,,0.10164884860897938,0.39715048588043844,0.966553216359545,1.0,0.6163381377122408
8,2,0.0013500101581348,-0.2032084469807766,-0.2026621344053567,-0.5497154839363793,-0.2243021436413936,0.8821237852989039,0.0,0.4581107601862798,-0.331124340588225,-0.9473309334313376,-0.8617980051151334,-1.024671454159949,1.058762483368768,1.5351485382472794,0.6842477929970677,0.3967891250537566,2.4119963984560537,1.59555008065299,-0.0371661230013,0.0,0.0,0.0,0.0,-0.2051425304656706,0.6456779946006989,0.5938753471252078,-0.3779644730092272,-0.7508058875955863,-0.7995900589021115,0.7995900589021115,-0.408248290463863,0.4318313377612695,-1.516861748880692,-0.4472135954999578,1.0641602595597024,0.09708802381329393,0.02619442033546675,False,,,0.09708802381329393,0.39715048588043844,0.966553216359545,0.9210619482492669,0.5954634185756361
8,3,0.0016343524877565,-0.2032070807096952,-0.2026597152536027,-0.9975923088699956,-0.361247201717963,0.8821237852989039,0.0,0.4581107601862798,-0.331124340588225,-0.9473309334313376,-0.8617980051151334,-1.024671454159949,1.058762483368768,1.5351485382472794,0.5014189997995688,0.1519291745165418,2.4119963984560537,1.1278765857300606,0.0455586810648443,0.0,0.0,0.0,0.0,-0.2051476895877253,0.5512672431701348,0.5012073220067901,-0.3779644730092272,-0.623963662371313,-0.7995900589021115,0.7995900589021115,-0.408248290463863,0.4318313377612695,-1.3723987251777692,-0.4472135954999578,1.0641602595597024,0.10098315115845469,0.02618750817249879,False,,,0.10098315115845469,0.39715048588043844,0.966553216359545,0.8753547499498922,0.5850104008370826
8,4,0.0018035062474936,-0.2032086463388761,-0.2026838128951847,-0.5497154839363793,-0.2170378859925706,0.8821237852989039,0.0,0.4581107601862798,-0.331124340588225,-0.9473309334313376,-0.8617980051151334,-1.024671454159949,1.058762483368768,1.5351485382472794,0.3496718628521432,0.3789865609670484,-0.9316116651768734,1.317382682014098,-0.0032932556877075,0.0,0.0,0.0,0.0,-0.2051417776774562,0.6880247747342471,0.6354404488285446,-0.3779644730092272,-0.7508058875955863,-0.7995900589021115,0.7995900589021115,-0.408248290463863,0.4318313377612695,-1.2279357014748462,-0.4472135954999578,1.0641602595597024,0.09920549608345194,0.026079846380699517,False,,,0.09920549608345194,0.39715048588043844,0.966553216359545,0.43741796571303576,0.4750817910091178
8,5,0.0018654868923884,-0.2032076857676363,-0.2026980787978316,-0.5497154839363793,-0.2567877730397211,0.8821237852989039,0.0,0.4581107601862798,-0.331124340588225,-0.9473309334313376,-0.8617980051151334,-1.024671454159949,1.058762483368768,1.5351485382472794,0.6247347507338513,-0.0287098984853582,-0.9056259606151064,0.9627159863290292,0.2390732700034053,0.0,0.0,0.0,0.0,-0.205145404852426,0.6537378052519295,0.6017863818808972,-0.3779644730092272,-0.7508058875955863,-0.7995900589021115,0.7995900589021115,-0.408248290463863,0.4318313377612695,-1.0834726777719228,-0.4472135954999578,1.0641602595597024,0.10679133823075102,0.02569779349679839,False,,,0.10679133823075102,0.39715048588043844,0.966553216359545,0.49313428289862304,0.4909073308423394
8,6,0.0019033621361507,-0.2032077155486336,-0.2027105545568458,-0.5497154839363793,-0.2721137164728167,0.8821237852989039,0.0,0.4581107601862798,-0.331124340588225,-0.9473309334313376,-0.8617980051151334,-1.024671454159949,1.058762483368768,1.5351485382472794,0.105624274963821,0.2447090040413944,-0.7569898400653318,0.828935118905958,0.068958589445797,0.0,0.0,0.0,0.0,-0.2051452923975829,0.6799745333524088,0.627538806703281,-0.3779644730092272,-0.7508058875955863,-0.7995900589021115,0.7995900589021115,-0.408248290463863,0.4318313377612695,-0.939009654069,-0.4472135954999578,1.0641602595597024,0.09126680583589347,0.025989161570770972,False,0.2,0.1,0.09126680583589347,0.39715048588043844,0.966553216359545,0.3165333603580405,0.4428759671084794
8,7,0.0020356214248114,-0.20321168522202,-0.2028261163571303,-0.9975923088699956,-0.3328866824684733,0.8821237852989039,0.0,0.4581107601862798,-0.331124340588225,-0.9473309334313376,-0.8617980051151334,-1.024671454159949,1.058762483368768,1.5351485382472794,1.441865438424513,0.05335668785126,0.893620594313735,1.5008537736247007,0.1174071274750521,0.0,0.0,0.0,0.0,-0.205130302671316,0.5628232935187769,0.5125500594360676,-0.3779644730092272,-0.6728541793092709,-0.7995900589021115,0.7995900589021115,-0.408248290463863,0.4318313377612695,-0.7945466303660769,-0.4472135954999578,1.0641602595597024,0.10305678984049227,0.02652907726726356,False,,,0.10305678984049227,0.39715048588043844,0.966553216359545,0.957448237725494,0.6060521824514924
8,8,0.0020370256702212,-0.2032088344702186,-0.2028259921693298,-0.9975923088699956,-0.2017868180530959,0.8821237852989039,0.0,0.4581107601862798,-0.331124340588225,-0.9473309334313376,-0.8617980051151334,-1.024671454159949,1.058762483368768,1.5351485382472794,1.5385113370864698,0.3720851519990493,-0.5537477897120199,0.7887206915996583,-0.0534333714584513,0.0,0.0,0.0,0.0,-0.2051410672821537,0.594975129086501,0.5441084048665076,-0.3779644730092272,-0.7508058875955863,-0.7995900589021115,0.7995900589021115,-0.408248290463863,0.4318313377612695,-0.6500836066631539,-0.4472135954999578,1.0641602595597024,0.10976794593127875,0.02611769591238697,False,,,0.10976794593127875,0.39715048588043844,0.966553216359545,0.5260522420598803,0.49988097255778563
8,9,0.001996679915217,-0.2032062636841221,-0.2028188584836183,-0.9975923088699956,-0.2201690227594986,0.8821237852989039,0.0,0.4581107601862798,-0.331124340588225,-0.9473309334313376,-0.8617980051151334,-1.024671454159949,1.058762483368768,1.5351485382472794,1.20985182131719,-0.0448959599670336,-0.6880166779780711,0.1601818037172144,0.2042175838223254,0.0,0.0,0.0,0.0,-0.2051507747255949,0.58594683171295,0.5352467606669682,-0.3779644730092272,-0.7508058875955863,-0.7995900589021115,0.7995900589021115,-0.408248290463863,0.4318313377612695,-0.5056205829602308,-0.4472135954999578,1.0641602595597024,0.09116445299130224,0.026316179938604398,False,,,0.09116445299130224,0.39715048588043844,0.966553216359545,0.30606363130102504,0.44023294663307766
8,10,0.0020246739823484,-0.2032113377704535,-0.2028047034454867,-0.9975923088699956,-0.3483635568763608,0.8821237852989039,0.0,0.4581107601862798,-0.331124340588225,-0.9473309334313376,-0.8617980051151334,-1.024671454159949,0.5127020962303785,1.5351485382472794,1.622577470011259,0.0640028413081516,-0.5530721077988113,1.0159594396214904,-0.2473028390299219,0.0,0.0,0.0,0.0,-0.2051316146693986,0.0245483070585255,0.3791047445401163,2.6457513110645903,1.6044413973672471,-0.7995900589021115,0.7995900589021115,-0.408248290463863,0.4318313377612695,-0.3611575592573077,-0.4472135954999578,0.5133933969410024,0.09890445513863844,0.026542223429741163,False,,,0.09890445513863844,0.39715048588043844,0.7959989500401775,0.6,0.47301347276481365
8,11,0.0020566161113974,-0.2032141977853923,-0.202774106760951,-0.9975923088699956,-0.2967289776500146,0.8821237852989039,0.0,0.4581107601862798,-0.331124340588225,-0.9473309334313376,-0.8617980051151334,-1.024671454159949,0.6232501191297947,1.5351485382472794,0.3410668968896519,0.4478236330561972,0.1560372229970616,1.423864152432903,-0.4060305847063558,0.0,0.0,0.0,0.0,-0.2051208150803946,0.0355833933871301,0.3926439818831634,2.6457513110645903,1.557754937998899,-0.7995900589021115,0.7995900589021115,-0.408248290463863,0.4318313377612695,-0.2166945355543847,-0.4472135954999578,0.5133933969410024,0.10073482635289732,0.02652369418448074,False,,,0.10073482635289732,0.39715048588043844,0.8346907580549732,0.4976816134212376,0.45756442092738664
8,12,0.0020591126737902,-0.2032134894004838,-0.2027722746023338,-1.445469133803612,-0.3694487361092661,0.8821237852989039,0.0,0.4581107601862798,3.020013564160076,-0.9473309334313376,-0.8617980051151334,-1.024671454159949,0.0319846332397743,1.5351485382472794,0.5204239216403759,0.1842172206425574,-0.3157655710892654,1.1611767380974014,-0.3381871343817654,0.0,0.0,0.0,0.0,-0.2051234899845587,-0.0281524191774389,0.31444483890711,2.6457513110645903,1.8274038863620137,-0.7995900589021115,0.7995900589021115,-0.408248290463863,0.4318313377612695,-0.0722315118514616,-0.4472135954999578,-0.0373734656776976,0.10053868595698823,0.026655867435823488,False,0.2,0.39,0.11451415314412104,0.5733769528249486,0.7135147509972614,0.5298673633955602,0.4828183050904728
8,13,0.0021194616934978,-0.2032166689954172,-0.2027389550441918,-0.9975923088699956,-0.2775988234335462,0.8821237852989039,0.0,0.4581107601862798,-0.331124340588225,-0.9473309334313376,-0.8617980051151334,-1.024671454159949,0.3695829518616431,1.5351485382472794,0.442918632638008,0.3881016505234324,-0.5176501242406285,1.608494302324179,-0.168769616300134,0.0,0.0,0.0,0.0,-0.2051114836422092,0.409010402696116,0.3615763979164487,-0.3779644730092272,-0.0221135268228301,-0.5535623484706925,0.5535623484706925,-0.408248290463863,0.4318313377612695,0.0722315118514612,-0.4472135954999578,0.5133933969410024,0.29684635533353076,0.02661017004646813,False,,,0.29684635533353076,0.39715048588043844,0.7459072495111202,0.46072965815950195,0.47515843722114787
8,14,0.0021047611768426,-0.2032143153087217,-0.2027471300467689,-1.445469133803612,-0.3665773110873926,0.8821237852989039,0.0,0.4581107601862798,3.020013564160076,-0.9473309334313376,-0.8617980051151334,-1.024671454159949,-0.1141175453289677,1.5351485382472794,0.2899516184237355,0.0500804280979999,-0.5575115666647622,1.061340717418486,-0.0914369230544779,0.0,0.0,0.0,0.0,-0.2051203713052109,0.2470537247311251,0.2026092752705355,-0.3779644730092272,0.6630812818163643,-0.3075346380392736,0.3075346380392736,-0.408248290463863,0.4318313377612695,0.2166945355543845,2.2360679774997894,-0.0373734656776976,0.1026042445781688,0.02660527749787768,False,,,0.1026042445781688,0.6471504858804384,0.6165532163595451,0.4224879046059339,0.44719896285602156
8,15,0.0020272786813826,-0.2032131314617881,-0.2028218369950599,-1.445469133803612,-0.277477846923252,0.8821237852989039,0.0,0.4581107601862798,3.020013564160076,-0.9473309334313376,-0.8617980051151334,-1.024671454159949,-0.0302336727618589,1.5351485382472794,2.2636808836313507,0.1326052259088726,-0.3561421764935902,0.7370718401666877,-0.0958964814508638,0.0,0.0,0.0,0.0,-0.2051248415826743,0.3124711214451893,0.2668191334702015,-0.3779644730092272,0.3863180066838826,-0.0615069276078547,0.0615069276078547,-0.408248290463863,0.4318313377612695,0.3611575592573074,2.2360679774997894,-0.0373734656776976,0.10310099595814745,0.026388107600070272,False,,,0.10310099595814745,0.6471504858804384,0.6165532163595451,0.5079751440583407,0.4686949605641179
8,16,0.0019544911010805,-0.2032092964723965,-0.202795033767111,-0.9975923088699956,-0.3084695465365765,0.8821237852989039,0.0,0.4581107601862798,-0.331124340588225,-0.9473309334313376,-0.8617980051151334,-1.024671454159949,-0.5128336743083381,1.5351485382472794,-0.0269537819593992,0.2717817900941993,-0.2485583630586426,-0.0274221893474399,-0.237098726782109,0.0,0.0,0.0,0.0,-0.2051393227340491,0.2004111622355839,0.1568276869722678,-0.3779644730092272,0.8604133219961616,0.1845207828235641,-0.1845207828235641,-0.408248290463863,0.4318313377612695,0.5056205829602304,2.2360679774997894,-0.5881403282963976,0.09751857014201681,0.02659506620387167,False,,,0.09751857014201681,0.39715048588043844,0.6165532163595451,0.0,0.27780556809550006
8,17,0.0019907816706116,-0.2032165948709182,-0.2027823271438111,-1.445469133803612,-0.2105618909382414,0.8821237852989039,0.0,0.4581107601862798,3.020013564160076,-0.9473309334313376,-0.8617980051151334,-1.024671454159949,-0.0444971693400539,1.5351485382472794,1.7214319996383547,-0.0747170365400692,-0.4901862230386428,1.0989669777257292,0.0249534675829038,0.0,0.0,0.0,0.0,-0.2051117635407907,0.3013476386393734,0.255900978827489,-0.3779644730092272,0.4333784475888259,0.4305484932549831,-0.4305484932549831,-0.408248290463863,0.4318313377612695,0.6500836066631537,2.2360679774997894,-0.0373734656776976,0.09535586632004478,0.026474328965573207,False,,,0.09535586632004478,0.6471504858804384,0.6165532163595451,0.6,0.48976489214000707
8,18,0.0020351040836963,-0.2032194378080486,-0.2027506048338531,-0.9975923088699956,-0.334769018735278,0.8821237852989039,0.0,0.4581107601862798,-0.331124340588225,-0.9473309334313376,-0.8617980051151334,-1.024671454159949,-0.8986682194214822,1.5351485382472794,0.6299455950150027,0.0585895927415511,-0.4241800638255918,1.453400614887436,-0.1595111216798527,0.0,0.0,0.0,0.0,-0.2051010284386219,0.1522678598701109,0.1095730609335333,-0.3779644730092272,1.064094585813513,0.676576203686402,-0.676576203686402,-0.408248290463863,0.4318313377612695,0.7945466303660766,-0.4472135954999578,-0.5881403282963976,0.09951461629935016,0.026360907483712146,False,0.2,0.15,0.09979060647127308,0.3565303575139816,0.5634655792299541,0.5256535872009247,0.38636003260403334
8,19,0.0020626528773356,-0.2032155021342704,-0.2027540828887724,-0.9975923088699956,-0.3660818287191677,0.8821237852989039,0.0,0.4581107601862798,-0.331124340588225,-0.9473309334313376,-0.8617980051151334,-1.024671454159949,-1.1271543790448286,1.5351485382472794,1.1048311969993003,-0.0793759116447075,-0.4176829602374222,0.6993518917495684,-0.131665296370786,0.0,0.0,0.0,0.0,-0.2051158897803168,0.0771070507836193,0.035799643829972,-0.3779644730092272,1.38207959789383,0.922603914117821,-0.922603914117821,-0.408248290463863,0.4318313377612695,0.9390096540689996,-0.4472135954999578,-1.1389071909150976,0.10016994551414904,0.0259941019650009,False,,,0.10016994551414904,0.39715048588043844,0.6165532163595451,0.4947731621123489,0.4021617024666203
8,20,0.002086676483643,-0.2032179388913608,-0.2027448535554106,-0.9975923088699956,-0.3225573100576696,0.8821237852989039,0.0,0.4581107601862798,-0.331124340588225,-0.9473309334313376,-0.8617980051151334,-1.024671454159949,-0.692892363241259,1.5351485382472794,1.2506600149385652,-0.0690217639531344,-0.3942086984166291,0.9840250866910768,-0.0664048725360796,0.0,0.0,0.0,0.0,-0.205106688438491,0.1779439673858167,0.1347752136561343,-0.3779644730092272,0.9554659340229,1.16863162454924,-1.16863162454924,-0.408248290463863,0.4318313377612695,1.0834726777719228,-0.4472135954999578,-0.5881403282963976,0.10228210699083656,0.02615889471323705,False,,,0.10228210699083656,0.39715048588043844,0.6165532163595451,0.5944087803418769,0.42759864739317427
8,21,0.0020497709155585,-0.2032142762798744,-0.2027492586900917,-0.9975923088699956,-0.2766930229681792,0.8821237852989039,0.0,0.4581107601862798,-0.331124340588225,-0.9473309334313376,-0.8617980051151334,-1.024671454159949,-1.1271543790448286,1.5351485382472794,1.0165812674633106,-0.2503911901251521,-0.461123523226449,0.3051147190407907,0.0074272344083282,0.0,0.0,0.0,0.0,-0.2051205186804933,0.1102429620762017,0.0683238999496899,-0.3779644730092272,1.2418905381866767,1.4146593349806589,-1.4146593349806589,-0.408248290463863,0.4318313377612695,1.2279357014748458,-0.4472135954999578,-1.1389071909150976,0.10075633535264189,0.025977374048319367,False,,,0.10075633535264189,0.39715048588043844,0.6165532163595451,0.35679015166427674,0.3678125473142255
8,22,0.0020111646550664,-0.2032199142397768,-0.2028025789528837,-1.445469133803612,-0.2200341353539522,0.8821237852989039,0.0,0.4581107601862798,3.020013564160076,-0.9473309334313376,-0.8617980051151334,-1.024671454159949,-0.1503713005480916,1.5351485382472794,1.0275426019957523,-0.3779730630753632,-0.5242434276787956,1.0797158407700016,0.2003143253408493,0.0,0.0,0.0,0.0,-0.2050992294036649,0.218780992262239,0.1748584286466747,-0.3779644730092272,0.7826955500092027,1.6606870454120777,-1.6606870454120777,-0.408248290463863,0.4318313377612695,1.3723987251777687,-0.4472135954999578,-0.0373734656776976,0.10056884543642408,0.026661123662260162,False,,,0.10056884543642408,0.6471504858804384,0.6165532163595451,0.6,0.4910681369191019
8,23,0.0019658191707502,-0.2032131948390237,-0.2027795316500991,-0.9975923088699956,-0.2558218100394758,0.8821237852989039,0.0,0.4581107601862798,-0.331124340588225,-0.9473309334313376,-0.8617980051151334,-1.024671454159949,-0.7903241399357921,1.5351485382472794,0.4846097735243121,-0.3971578829200182,-0.4826905638807451,-0.0422151897132129,0.1729540375960007,0.0,0.0,0.0,0.0,-0.2051246022664081,0.1657867161888441,0.1228423729338516,-0.3779644730092272,1.006899968804034,1.9067147558434967,-1.9067147558434967,-0.408248290463863,0.4318313377612695,1.516861748880692,-0.4472135954999578,-0.5881403282963976,0.09527475103921346,0.026306203039955692,False,,,0.09527475103921346,0.39715048588043844,0.6165532163595451,0.12115244338107803,0.3075327241650687
8,24,0.0019581781394167,-0.2032120438021397,-0.2027721863374392,-0.9975923088699956,-0.3863434239824854,0.8821237852989039,0.0,0.4581107601862798,-0.331124340588225,-0.9473309334313376,-0.8617980051151334,-1.024671454159949,-1.1271543790448286,1.5351485382472794,1.0983696722728251,-0.0023505427790671,-0.2690857643619477,-0.2987481588873623,-0.1834554224338798,0.0,0.0,0.0,0.0,-0.2051289486511445,0.0668908487198313,0.0257720224508729,-0.3779644730092272,1.425301579883543,2.1527424662749155,-2.1527424662749155,-0.408248290463863,0.4318313377612695,1.6613247725836149,-0.4472135954999578,-1.1389071909150976,0.003052136987707288,0.026430481744253782,False,,,0.003052136987707288,0.39715048588043844,0.6165532163595451,0.25,0.3166889598069227
9,1,0.0020047759736183,5.864492150540137,-0.2028924952362883,2.137545465665319,0.2339703178730454,-1.6044710078951636,1.118033988749895,-0.4850584519619434,-0.331124340588225,-1.420996400147008,-1.136006461288131,0.5082386929138653,1.058762483368768,0.2084769619841985,-0.805793452016784,-0.5995117148420179,2.4119963984560537,2.284106955962472,1.425253663258413,0.0,0.0,0.0,0.0,5.01408343739572,1.2409494399036314,1.1781586878438697,-0.3779644730092272,-0.7508058875955863,-0.7995900589021115,0.7995900589021115,2.4494897427831788,2.569068374799781,-1.661324772583615,-0.4472135954999578,1.0641602595597024,0.09981825336654922,0.026740644309772483,False,,,0.09981825336654922,0.4,0.7967045228344539,0.75,0.5116306940502509
9,2,-17.25259228769675,6.13835530503314,5.867649403843171,1.689668640731703,0.1716211186970721,-1.6044710078951636,1.118033988749895,-0.4850584519619434,-0.331124340588225,-1.420996400147008,-1.136006461288131,0.5082386929138653,1.058762483368768,0.2084769619841985,-1.9667546375938287,-0.3055896116849906,2.4119963984560537,0.4010168006208499,0.8404032568646399,0.0,0.0,0.0,0.0,3.979959639053753,1.0918664671871634,1.031827634959722,-0.3779644730092272,-0.63963793368937,-0.7995900589021115,0.7995900589021115,2.4494897427831788,2.569068374799781,-1.516861748880692,-0.4472135954999578,1.0641602595597024,0.09797342199673667,0.026741724043380422,False,,,0.09797342199673667,0.4,0.7967045228344539,0.5403558802172974,0.458758456262122
9,3,-7.7247941253099315,6.109770033695579,5.246387609022346,1.689668640731703,0.1567773740777343,-1.6044710078951636,1.118033988749895,-0.4850584519619434,-0.331124340588225,-1.420996400147008,-1.136006461288131,0.5082386929138653,1.058762483368768,0.2084769619841985,-1.937722982972521,-0.2265155458275179,2.4119963984560537,0.2353113605226761,0.7926013443806607,0.0,0.0,0.0,0.0,4.087899348676101,1.151908208752925,1.0907610671299088,-0.3779644730092272,-0.7508058875955863,-0.7995900589021115,0.7995900589021115,2.4494897427831788,2.569068374799781,-1.3723987251777692,-0.4472135954999578,1.0641602595597024,0.0988475979081711,0.0267287963871921,False,,,0.0988475979081711,0.4,0.7967045228344539,0.48235897618293666,0.44447777423139045
9,4,-7.113409127698639,6.250470917763535,6.040439701138816,0.79391499086447,-0.174699752975701,-1.6044710078951636,1.118033988749895,-0.4850584519619434,-0.331124340588225,-1.420996400147008,-1.136006461288131,0.5082386929138653,1.058762483368768,0.2084769619841985,-0.9763626814889388,-0.217139366323892,-0.9591771836848176,-0.721613733405449,0.4632994362649746,0.0,0.0,0.0,0.0,3.55660431947879,0.7364661171785727,0.6829876134298358,-0.3779644730092272,0.5623595297887818,-0.7995900589021115,0.7995900589021115,2.4494897427831788,2.569068374799781,-1.2279357014748462,-0.4472135954999578,1.0641602595597024,0.09918566672486184,0.02670545183243874,False,,,0.09918566672486184,0.4,0.7967045228344539,0.0,0.32397254738982895
9,5,-4.709283113275851,6.182319679866483,5.612504972866224,1.689668640731703,0.0973755678149182,-1.6044710078951636,1.118033988749895,-0.4850584519619434,-0.331124340588225,-1.420996400147008,-1.136006461288131,0.5082386929138653,1.058762483368768,0.2084769619841985,-1.9056217792731849,-0.3351080398517035,-0.9423389517131656,-0.6382708548405104,0.8524500209755215,0.0,0.0,0.0,0.0,3.8139475065397854,1.0609915844382325,1.0015226710996423,-0.3779644730092272,-0.5352161717285193,-0.7995900589021115,0.7995900589021115,2.4494897427831788,2.569068374799781,-1.0834726777719228,-0.4472135954999578,1.0641602595597024,0.09899800669888906,0.026688920236814323,False,,,0.09899800669888906,0.4,0.7967045228344539,0.0,0.3239256323833357
9,6,-1.4717559528670254,5.973712978604745,5.5577030550499815,1.689668640731703,0.0871476331365748,-1.6044710078951636,1.118033988749895,-0.4850584519619434,-0.331124340588225,-1.420996400147008,-1.136006461288131,0.5082386929138653,1.058762483368768,0.2084769619841985,-0.9485196522016884,-0.503036052399772,-0.8752673794282307,0.0467840491481156,1.1260882563315429,0.0,0.0,0.0,0.0,4.601658999411998,1.101249270301358,1.041037241085003,-0.3779644730092272,-0.6713714577089843,-0.7995900589021115,0.7995900589021115,2.4494897427831788,2.569068374799781,-0.939009654069,-0.4472135954999578,1.0641602595597024,0.09974028560248695,0.026711315438739804,False,0.11,0.1,0.09974028560248695,0.4,0.7967045228344539,0.01637441720184046,0.32820480640969535
9,7,1.713936550774788,6.043418574896565,3.784265879165511,3.033299115532552,0.5013431472097108,-1.6044710078951636,1.118033988749895,-0.4850584519619434,-0.331124340588225,-1.420996400147008,-1.136006461288131,0.5082386929138653,1.058762483368768,0.2084769619841985,-2.544140620277645,-0.2556302788793113,0.7241717528465241,-0.4825441154224151,1.1157252871562326,0.0,0.0,0.0,0.0,4.338446461250597,1.5205874292925516,1.4526348447656257,-0.3779644730092272,-0.7508058875955863,-0.7995900589021115,0.7995900589021115,2.4494897427831788,2.569068374799781,-0.7945466303660769,-0.4472135954999578,1.0641602595597024,0.09976979704166378,0.02671270344386108,False,,,0.09976979704166378,0.4,0.7967045228344539,0.28966870113860965,0.39653575525368184
9,8,3.57878111436608,5.878331247931111,5.32915550048988,1.689668640731703,0.188861261836385,-1.6044710078951636,1.118033988749895,-0.4850584519619434,-0.331124340588225,-1.420996400147008,-1.136006461288131,0.5082386929138653,1.058762483368768,0.2084769619841985,-1.834358416024773,-0.3901982653851061,-0.7159059970008519,-0.0341184955484048,0.8904864431132746,0.0,0.0,0.0,0.0,4.961826170491474,1.0203714137428046,0.9616523073827856,-0.3779644730092272,-0.397834927898079,-0.7995900589021115,0.7995900589021115,2.4494897427831788,2.569068374799781,-0.6500836066631539,-0.4472135954999578,1.0641602595597024,0.10203699977243519,0.02667277904485554,False,,,0.10203699977243519,0.4,0.7967045228344539,0.0,0.32468538065172226
9,9,5.167668759105302,5.845000719829299,6.382101845280024,1.2417918157980865,0.0057829639535796,-1.6044710078951636,1.118033988749895,-0.4850584519619434,-0.331124340588225,-1.420996400147008,-1.136006461288131,0.5082386929138653,1.058762483368768,0.2084769619841985,0.1453320560478374,-0.6346739689265377,-0.7720396573045739,-0.124534697747981,1.0884598172965507,0.0,0.0,0.0,0.0,5.087684256020356,0.8332492434738107,0.7779842217892383,-0.3779644730092272,0.23502987940563,-0.7995900589021115,0.7995900589021115,2.4494897427831788,2.569068374799781,-0.5056205829602308,-0.4472135954999578,1.0641602595597024,0.297487578271266,0.026696794005010963,False,,,0.297487578271266,0.4,0.7967045228344539,0.03633301401195935,0.38263127877941977
9,10,4.3238794275052745,5.812390112959034,5.467337980930285,2.137545465665319,0.3514132883353782,-1.6044710078951636,1.118033988749895,-0.4850584519619434,-0.331124340588225,-1.420996400147008,-1.136006461288131,0.5082386929138653,1.058762483368768,0.2084769619841985,-1.646341018987005,-0.3276489979496701,-0.7003171891522838,-0.2106383304118136,0.4926073244274588,0.0,0.0,0.0,0.0,5.210823875533415,0.6316033020093066,1.123916467092361,2.6457513110645903,0.9170154490741436,-0.7995900589021115,0.7995900589021115,2.4494897427831788,2.569068374799781,-0.3611575592573077,-0.4472135954999578,1.0641602595597024,0.10085457355568292,0.026592707191540978,False,,,0.10085457355568292,0.4,0.7967045228344539,0.0,0.3243897740975342
9,11,3.272955464754499,5.755582858045596,4.10412877110073,2.137545465665319,0.4858209979018488,-1.6044710078951636,1.118033988749895,-0.4850584519619434,-0.331124340588225,-1.420996400147008,-1.136006461288131,0.5082386929138653,1.058762483368768,0.2084769619841985,-2.124261453971655,-0.2643466108747063,-0.1756542505441836,-0.2048378344823276,0.4823904280695123,0.0,0.0,0.0,0.0,5.425331498266463,0.7005891182146782,1.2085569774694496,2.6457513110645903,0.6836989200025705,-0.7995900589021115,0.7995900589021115,2.4494897427831788,2.569068374799781,-0.2166945355543847,-0.4472135954999578,1.0641602595597024,0.09928876916721815,0.026657896473087056,False,,,0.09928876916721815,0.4,0.7967045228344539,0.0,0.32399832300041803
9,12,4.759318544414871,5.595036634750609,5.76539827887217,1.2417918157980865,0.2194399811855759,-1.6044710078951636,1.118033988749895,-0.4850584519619434,-0.331124340588225,-1.420996400147008,-1.136006461288131,0.5082386929138653,1.058762483368768,0.2084769619841985,-1.2681680923372656,-0.4791608061963382,-0.5063906255980832,0.1541310552095397,0.5250569534107455,0.0,0.0,0.0,0.0,6.031563726003064,0.4716586458284884,0.927676166174121,2.6457513110645903,1.457963343530583,-0.7995900589021115,0.7995900589021115,2.4494897427831788,2.569068374799781,-0.0722315118514616,-0.4472135954999578,1.0641602595597024,0.10080192849762704,0.026645489739805583,False,0.34,0.25,0.1472666326251342,0.3535076795350767,0.6659662771042025,0.31013547409629244,0.36921901584017647
9,13,4.651535619624031,5.523093089436528,5.621164556951582,0.3460381659308536,-0.1733338184482072,-1.6044710078951636,1.118033988749895,-0.4850584519619434,-0.331124340588225,-1.420996400147008,-1.136006461288131,0.5082386929138653,1.058762483368768,0.2084769619841985,-0.9254607432029176,-0.166833650952067,-0.5096887485005943,0.1967646436643056,0.2517506592109249,0.0,0.0,0.0,0.0,6.303226894727304,0.5169512391866298,0.4675247565052759,-0.3779644730092272,1.3047795260990092,-0.5535623484706925,0.5535623484706925,2.4494897427831788,2.569068374799781,0.0722315118514612,-0.4472135954999578,1.0641602595597024,0.10109859959182427,0.026710268370116527,False,,,0.10109859959182427,0.4,0.7967045228344539,0.06886762528250695,0.34166768692719623
9,14,2.107793846625829,5.8167281360575664,5.197773107938697,-1.445469133803612,-0.6553605634368724,-1.6044710078951636,1.118033988749895,-0.4850584519619434,3.020013564160076,-1.420996400147008,-1.136006461288131,0.5082386929138653,0.0308316225824015,0.2084769619841985,1.982981116450324,-0.4114240374055841,-0.4749391022255916,-0.9264089776679532,0.0086346393471596,0.0,0.0,0.0,0.0,5.1944432385242,-0.0409304004542745,-0.0800589562816044,-0.3779644730092272,3.191587785441439,-0.3075346380392736,0.3075346380392736,2.4494897427831788,2.569068374799781,0.2166945355543845,2.2360679774997894,-0.0373734656776976,0.10010644797815507,0.02665842252459683,False,,,0.10010644797815507,0.65,0.45749559073829443,0.25,0.3644005096791124
9,15,0.5859717418584125,5.725211018266298,4.6590473156315335,-1.445469133803612,-0.7539065843685746,-1.6044710078951636,1.118033988749895,-0.4850584519619434,3.020013564160076,-1.420996400147008,-1.136006461288131,0.5082386929138653,-0.0652301050213844,0.2084769619841985,1.3386990980546398,-0.2918485968230362,-0.2642007896510124,-0.7914116988915946,-0.1746582949174195,0.0,0.0,0.0,0.0,5.540017398139872,-0.1568419662295057,-0.193830912610902,-0.3779644730092272,3.583611620100694,-0.0615069276078547,0.0615069276078547,2.4494897427831788,2.569068374799781,0.3611575592573074,2.2360679774997894,-0.0373734656776976,0.10001239134244828,0.02657645182165719,False,,,0.10001239134244828,0.65,0.44670452283445394,0.25,0.3616792285442256
9,16,-1.020941258649595,5.732403863654329,4.2401231362051925,-1.445469133803612,-0.6951404850562156,-1.6044710078951636,1.118033988749895,-0.4850584519619434,3.020013564160076,-1.420996400147008,-1.136006461288131,0.5082386929138653,-0.0710365428099524,0.2084769619841985,2.6108887165071297,-0.5251064881742847,-0.4515518154857485,-0.9592384221737188,-0.0052980210605135,0.0,0.0,0.0,0.0,5.512856779883911,-0.1638482247305533,-0.2007078427160366,-0.3779644730092272,3.607307446361214,0.1845207828235641,-0.1845207828235641,2.4494897427831788,2.569068374799781,0.5056205829602304,2.2360679774997894,-0.0373734656776976,0.09861448032045703,0.026268306716044645,False,,,0.09861448032045703,0.65,0.44670452283445394,0.25,0.36132975078872775
9,17,-1.0908765647008167,5.609176279707881,4.205039116423255,-1.445469133803612,-0.6959031910718855,-1.6044710078951636,1.118033988749895,-0.4850584519619434,3.020013564160076,-1.420996400147008,-1.136006461288131,0.5082386929138653,-0.0661755653051078,0.2084769619841985,2.7408912449262144,-0.5042112250388772,-0.4638096218342723,-0.739722372947735,-0.0178023465140776,0.0,0.0,0.0,0.0,5.978171573351167,-0.1579827929104152,-0.1949506807932371,-0.3779644730092272,3.587470003404729,0.4305484932549831,-0.4305484932549831,2.4494897427831788,2.569068374799781,0.6500836066631537,2.2360679774997894,-0.0373734656776976,0.10090955410080732,0.026374449869428798,False,,,0.10090955410080732,0.65,0.44670452283445394,0.25,0.36190351923381536
9,18,2.807889784277069,5.334442646674938,6.885325614559446,-1.445469133803612,-0.7775764820908977,-1.6044710078951636,1.118033988749895,-0.4850584519619434,3.020013564160076,-1.420996400147008,-1.136006461288131,0.5082386929138653,-0.150172858216905,0.2084769619841985,1.2801227524574492,-0.758319561261009,-0.525056841588451,-0.1078554548320871,0.1292108339637332,0.0,0.0,0.0,0.0,7.015582351191211,-0.2593369740723978,-0.2944339670022554,-0.3779644730092272,3.930259391953905,0.676576203686402,-0.676576203686402,2.4494897427831788,2.569068374799781,0.7945466303660766,-0.4472135954999578,-0.0373734656776976,0.10042652534888699,0.02672108019374343,False,0.05,0.3,0.11448077632228901,0.6339832869080779,0.5123823095117018,0.33082140165787494,0.3979169435999859
9,19,7.575213338137061,5.23442647300796,9.387679234863857,-0.9975923088699956,-0.7875506784907021,-1.6044710078951636,1.118033988749895,-0.4850584519619434,-0.331124340588225,-1.420996400147008,-1.136006461288131,0.5082386929138653,-0.5962228247936177,0.2084769619841985,1.071620867366735,-0.694660134589744,-0.3940147699975579,0.0115007879778936,0.0142921370050043,0.0,0.0,0.0,0.0,7.393249458690943,-0.3040984733751982,-0.3383692146184195,-0.3779644730092272,4.081646999259708,0.922603914117821,-0.922603914117821,2.4494897427831788,2.569068374799781,0.9390096540689996,-0.4472135954999578,-0.5881403282963976,0.10105574935309411,0.02672087790579213,False,,,0.10105574935309411,0.4,0.44670452283445394,0.25402527579226275,0.30044638699495274
9,20,6.609043170707443,5.344880637253364,8.637528423024731,-1.445469133803612,-0.6453437600085749,-1.6044710078951636,1.118033988749895,-0.4850584519619434,3.020013564160076,-1.420996400147008,-1.136006461288131,0.5082386929138653,-0.0384727238172757,0.2084769619841985,2.378264273784212,-0.7890143118147082,-0.530057025493624,-0.4337241904664692,0.3152639800556309,0.0,0.0,0.0,0.0,6.976167868859689,-0.1245555392748987,-0.1621404602134973,-0.3779644730092272,3.4744158826646667,1.16863162454924,-1.16863162454924,2.4494897427831788,2.569068374799781,1.0834726777719228,-0.4472135954999578,-0.0373734656776976,0.10036038444313294,0.026719610869023427,False,,,0.10036038444313294,0.65,0.44670452283445394,0.25,0.36176622681939674
9,21,4.695047341638182,5.389572128925611,7.456746283183972,-0.9975923088699956,-0.7727939574702553,-1.6044710078951636,1.118033988749895,-0.4850584519619434,-0.331124340588225,-1.420996400147008,-1.136006461288131,0.5082386929138653,-0.7105966325135927,0.2084769619841985,1.2909886648767224,-0.7268646942922437,-0.3950548432054689,-0.6852599058285482,0.023435442675688,0.0,0.0,0.0,0.0,6.807410099282278,-0.3261796871400442,-0.3600428316673299,-0.3779644730092272,4.156327744327129,1.4146593349806589,-1.4146593349806589,2.4494897427831788,2.569068374799781,1.2279357014748458,-0.4472135954999578,-0.5881403282963976,0.09986494908430785,0.026719227223050805,False,,,0.09986494908430785,0.4,0.44670452283445394,0.25,0.29914236797969046
9,22,1.1850943723921177,5.422562639775888,4.8654056049834935,-1.445469133803612,-0.6545084841311533,-1.6044710078951636,1.118033988749895,-0.4850584519619434,3.020013564160076,-1.420996400147008,-1.136006461288131,0.5082386929138653,-0.0813441633115686,0.2084769619841985,1.9296398077452288,-0.7172998048602758,-0.5010878343185614,-0.8941705387320624,0.1721152532792065,0.0,0.0,0.0,0.0,6.682835939414413,-0.1762857736021199,-0.2129158071033293,-0.3779644730092272,3.649372408298216,1.6606870454120777,-1.6606870454120777,2.4494897427831788,2.569068374799781,1.3723987251777687,-0.4472135954999578,-0.0373734656776976,0.09961340090069185,0.026706712178805124,False,,,0.09961340090069185,0.65,0.44670452283445394,0.25,0.36157948093378645
9,23,-0.9144162194617655,5.314440013593574,2.427829181262194,-1.445469133803612,-0.6092020264816139,-1.6044710078951636,1.118033988749895,-0.4850584519619434,3.020013564160076,-1.420996400147008,-1.136006461288131,0.5082386929138653,-0.0610767204651901,0.2084769619841985,2.7408912449262144,-0.6628735289643932,-0.4536985313689157,-0.7470571565086486,0.1380882915823888,0.0,0.0,0.0,0.0,7.091113500816778,-0.1518303417336312,-0.1889117975987803,-0.3779644730092272,3.566661833946008,1.9067147558434967,-1.9067147558434967,2.4494897427831788,2.569068374799781,1.516861748880692,-0.4472135954999578,-0.0373734656776976,0.09852490752296442,0.026640856729308812,False,,,0.09852490752296442,0.65,0.44670452283445394,0.25,0.3613073575893546
9,24,-0.7472031269800758,5.32933218971151,2.4327502692841323,-1.445469133803612,-0.7011136096285888,-1.6044710078951636,1.118033988749895,-0.4850584519619434,3.020013564160076,-1.420996400147008,-1.136006461288131,0.5082386929138653,-0.1169208266255798,0.2084769619841985,1.0527478857274395,-0.6695954223114103,-0.4543243795778054,-0.900797016335262,0.0765097392416113,0.0,0.0,0.0,0.0,7.034879745088784,-0.2192138663259363,-0.2550514909585958,-0.3779644730092272,3.794559261841649,2.1527424662749155,-2.1527424662749155,2.4494897427831788,2.569068374799781,1.6613247725836149,-0.4472135954999578,-0.0373734656776976,0.0024105926654759413,0.026651464179297795,False,,,0.0024105926654759413,0.65,0.44670452283445394,0.25,0.3372787788749825
10,1,0.0020047759736183,-0.1915623327474997,-0.2028924952362883,-0.9975923088699956,0.1676707014218704,-1.1719406592431405,-1.118033988749895,1.373539701388967,-0.331124340588225,4.206994456940467e-15,-1.190848152522731,1.8567659864110917,0.6111466133894237,-0.4548588261473418,1.5373048205810311,1.1167560306787627,2.4119963984560537,3.4107484726378754,-0.5860754974997054,0.0,0.0,0.0,0.0,-0.1933057080965248,0.0645604183595927,0.0234846094614937,-0.3779644730092272,0.7463614597401942,-0.7995900589021115,0.7995900589021115,2.4494897427831788,1.6324042226364168,-1.661324772583615,-0.4472135954999578,0.5133933969410024,0.09894742328849429,0.02668793061896365,False,,,0.09894742328849429,0.75,0.46390131468629825,1.0,0.5782121844936982
10,2,-0.0421768245637415,-0.1908610870186622,-0.1873484488444347,-0.9975923088699956,0.3236707939231791,-1.1719406592431405,-1.118033988749895,1.373539701388967,-0.331124340588225,4.206994456940467e-15,-1.190848152522731,1.8567659864110917,0.9223721818493744,-0.4548588261473418,0.3805643423528771,2.0623226021325336,2.4119963984560537,1.058091915302853,-0.7340920451440276,0.0,0.0,0.0,0.0,-0.1959536542870923,0.1240391341626584,0.0818654087511114,-0.3779644730092272,0.4698828381893709,-0.7995900589021115,0.7995900589021115,2.4494897427831788,1.6324042226364168,-1.516861748880692,-0.4472135954999578,0.5133933969410024,0.09625106856199547,0.026543725207839177,False,,,0.09625106856199547,0.75,0.5728302636472811,0.8451410855882193,0.566055604449374
10,3,-0.0226866945944423,-0.1907785318863277,-0.187303016776907,-0.5497154839363793,0.3549420168145636,-1.1719406592431405,-1.118033988749895,1.373539701388967,-0.331124340588225,4.206994456940467e-15,-1.190848152522731,1.8567659864110917,1.058762483368768,-0.4548588261473418,0.2023881087622421,1.1496464839658125,2.4119963984560537,0.506890336215404,-0.5364223843426449,0.0,0.0,0.0,0.0,-0.196265387448789,0.1951133001638481,0.1516276180383965,-0.3779644730092272,0.1395043628210361,-0.7995900589021115,0.7995900589021115,2.4494897427831788,1.6324042226364168,-1.3723987251777692,-0.4472135954999578,1.0641602595597024,0.10233340875882815,0.026537485424054826,False,,,0.10233340875882815,0.75,0.6,0.6280086448659519,0.520085513406195
10,4,-0.0147878863441434,-0.1907014132093931,-0.1876736884641752,-0.5497154839363793,0.3964273042432529,-1.1719406592431405,-1.118033988749895,1.373539701388967,-0.331124340588225,4.206994456940467e-15,-1.190848152522731,1.8567659864110917,1.058762483368768,-0.4548588261473418,0.3216599308382988,2.112698365175623,-0.8069071600863938,0.0237796017786172,-0.7155782470811753,0.0,0.0,0.0,0.0,-0.1965565922268189,0.2000612307649551,0.1564842148801745,-0.3779644730092272,0.1165045886387449,-0.7995900589021115,0.7995900589021115,2.4494897427831788,1.6324042226364168,-1.2279357014748462,-0.4472135954999578,1.0641602595597024,0.101079544307897,0.026469336784015904,False,,,0.101079544307897,0.75,0.6,0.08873784333209073,0.3849543469099969
10,5,-0.0110651818596911,-0.190604944654033,-0.1877746796842878,-0.9975923088699956,0.2224581144852475,-1.1719406592431405,-1.118033988749895,1.373539701388967,-0.331124340588225,4.206994456940467e-15,-1.190848152522731,1.8567659864110917,0.7390378743116331,-0.4548588261473418,0.5976049154682127,1.8555218347086044,-0.703011230293998,-0.4572885229257625,-0.7157602246567659,0.0,0.0,0.0,0.0,-0.1969208633135019,0.0890018805432073,0.0474749071473228,-0.3779644730092272,0.6327486878103732,-0.7995900589021115,0.7995900589021115,2.4494897427831788,1.6324042226364168,-1.0834726777719228,-0.4472135954999578,0.5133933969410024,0.10001267557837099,0.026507274884736542,False,,,0.10001267557837099,0.75,0.5086632560090716,0.14940122886705318,0.37701929011362395
10,6,-0.0057812279431795,-0.1908663914400529,-0.1890795834393608,-0.1018386590027628,0.539371286925833,-1.1719406592431405,-1.118033988749895,1.373539701388967,-0.331124340588225,4.206994456940467e-15,-1.190848152522731,1.8567659864110917,1.058762483368768,-0.4548588261473418,0.2180100994518345,1.1706963875890024,-0.6129763542059352,-0.1183139154249827,-0.4763038006679931,0.0,0.0,0.0,0.0,-0.195933624471812,0.3450269112851281,0.2987739765884262,-0.3779644730092272,-0.5573484187983895,-0.7995900589021115,0.7995900589021115,2.4494897427831788,1.6324042226364168,-0.939009654069,-0.4472135954999578,1.0641602595597024,0.09231567618090952,0.026351045618754402,False,0.1,0.05,0.09231567618090952,0.75,0.6,0.054502524862958625,0.37420455026096705
10,7,0.003974746523076,-0.1910465351588013,-0.1967132258528239,-0.5497154839363793,0.520113156219615,-1.1719406592431405,-1.118033988749895,1.373539701388967,-0.331124340588225,4.206994456940467e-15,-1.190848152522731,1.8567659864110917,1.058762483368768,-0.4548588261473418,0.4859613661960718,1.6080429978821675,0.9759345308823424,0.0225074983126501,-0.5975298703879804,0.0,0.0,0.0,0.0,-0.195253390918582,0.2913893525132638,0.2461265125205509,-0.3779644730092272,-0.3080216115132879,-0.7995900589021115,0.7995900589021115,2.4494897427831788,1.6324042226364168,-0.7945466303660769,-0.4472135954999578,1.0641602595597024,0.10045354465081233,0.026532180520118714,False,,,0.10045354465081233,0.75,0.6,0.5197417783113825,0.4925488307405487
10,8,0.0078699275899936,-0.1911708068576593,-0.1942454510621222,-0.1018386590027628,0.8040559677369207,-1.1719406592431405,-1.118033988749895,1.373539701388967,-0.331124340588225,4.206994456940467e-15,-1.190848152522731,1.8567659864110917,1.058762483368768,-0.4548588261473418,0.4965811441696393,1.6893611451716315,-0.3365836517325732,0.0405075541658692,-0.5799008330321356,0.0,0.0,0.0,0.0,-0.194784133484199,0.3802798589075348,0.3333761907035644,-0.3779644730092272,-0.7212168922959968,-0.7995900589021115,0.7995900589021115,2.4494897427831788,1.6324042226364168,-0.6500836066631539,-0.4472135954999578,1.0641602595597024,0.10994652524516885,0.025814952575274483,False,,,0.10994652524516885,0.75,0.6,0.13832293000046403,0.3995673638114082
10,9,0.0080482657278011,-0.1909973185911505,-0.1941772954958741,-0.1018386590027628,0.9532706374019008,-1.1719406592431405,-1.118033988749895,1.373539701388967,-0.331124340588225,4.206994456940467e-15,-1.190848152522731,1.8567659864110917,1.058762483368768,-0.4548588261473418,0.8718158228960834,1.985844000452824,-0.4039819250046119,-0.5112661267763857,-0.5966478210968775,0.0,0.0,0.0,0.0,-0.1954392356481316,0.4882667652236237,0.4393697687159092,-0.3779644730092272,-0.7508058875955863,-0.7995900589021115,0.7995900589021115,2.4494897427831788,1.6324042226364168,-0.5056205829602308,-0.4472135954999578,1.0641602595597024,0.09521334373262938,0.02627211779414323,False,,,0.09521334373262938,0.75,0.6,0.21795395572402085,0.41579182486416255
10,10,0.0104737470003712,-0.1914424643614695,-0.1914703147274516,-0.1018386590027628,0.9659020506823746,-1.1719406592431405,-1.118033988749895,1.373539701388967,-0.331124340588225,4.206994456940467e-15,-1.190848152522731,1.8567659864110917,1.058762483368768,-0.4548588261473418,0.4603457783807856,1.2701234638606065,-0.4238213589876566,0.1147748057814605,-0.6197543425470275,0.0,0.0,0.0,0.0,-0.1937583383559405,0.0649098255664393,0.4286253520217186,2.6457513110645903,0.7447372884445542,-0.7995900589021115,0.7995900589021115,2.4494897427831788,1.6324042226364168,-0.3611575592573077,-0.4472135954999578,1.0641602595597024,0.10305511237132747,0.02652527305054568,False,,,0.10305511237132747,0.75,0.6,0.15525762661870757,0.4020781847475087
10,11,0.0053529791917064,-0.1910355278833823,-0.1949178001930039,0.3460381659308536,1.0846066774994108,-1.1719406592431405,-1.118033988749895,1.373539701388967,-0.331124340588225,4.206994456940467e-15,-1.190848152522731,1.8567659864110917,1.058762483368768,-0.4548588261473418,0.1107924411732435,1.1937229894055492,-0.0237328751901267,-0.8114533544025089,-0.591698377885435,0.0,0.0,0.0,0.0,-0.1952949550548263,0.0917670963285059,0.4615772431448097,2.6457513110645903,0.6198949629394248,-0.7995900589021115,0.7995900589021115,2.4494897427831788,1.6324042226364168,-0.2166945355543847,-0.4472135954999578,1.0641602595597024,0.0974313250100918,0.026202260760638568,False,,,0.0974313250100918,0.75,0.6,0.027698110293310874,0.36878235882585064
10,12,0.0035735782393082,-0.1912129724441993,-0.1961923191738942,0.3460381659308536,1.2206038894802151,-1.1719406592431405,-1.118033988749895,1.373539701388967,-0.331124340588225,4.206994456940467e-15,-1.190848152522731,1.8567659864110917,1.058762483368768,-0.4548588261473418,0.5480323520038195,1.6066023261313775,-0.0905069226524317,-0.6756235312575303,-0.6479883209975732,0.0,0.0,0.0,0.0,-0.1946249136848331,0.1589366996838178,0.5439893942585274,2.6457513110645903,0.3076663094614191,-0.7995900589021115,0.7995900589021115,2.4494897427831788,1.6324042226364168,-0.0722315118514616,-0.4472135954999578,1.0641602595597024,0.09972850390539764,0.026360320035820662,False,0.2,0.21,0.10977151206477838,0.6177685950413224,0.5297216024832672,0.48505871523255206,0.43558010620548
10,13,0.0037126513836986,-0.1913125523768507,-0.1961091063389132,0.3460381659308536,1.2493108710613194,-1.1719406592431405,-1.118033988749895,1.373539701388967,-0.331124340588225,4.206994456940467e-15,-1.190848152522731,1.8567659864110917,1.058762483368768,-0.4548588261473418,-0.1775353156613725,1.8248885125423664,-0.3207454738529832,-0.6772819969332372,-0.5407717334458014,0.0,0.0,0.0,0.0,-0.1942488938497341,0.5599576953436016,0.5097373572845366,-0.3779644730092272,-0.7508058875955863,-0.5535623484706925,0.5535623484706925,2.4494897427831788,1.6324042226364168,0.0722315118514612,-0.4472135954999578,1.0641602595597024,0.09952990328249718,0.026645623983130008,False,,,0.09952990328249718,0.75,0.6,0.0,0.36238247582062433
10,14,0.0012600363166897,-0.1909570338618059,-0.1950238639332844,0.3460381659308536,1.4538755550321014,-1.1719406592431405,-1.118033988749895,1.373539701388967,-0.331124340588225,4.206994456940467e-15,-1.190848152522731,1.8567659864110917,1.058762483368768,-0.4548588261473418,-0.5912562030338051,1.4359255707737553,-0.429969702547274,-1.402700995309866,-0.4364696165834848,0.0,0.0,0.0,0.0,-0.1955913532172226,0.6035885877603744,0.552562867866243,-0.3779644730092272,-0.7508058875955863,-0.3075346380392736,0.3075346380392736,2.4494897427831788,1.6324042226364168,0.2166945355543845,2.2360679774997894,1.0641602595597024,0.0996916206409872,0.026428373944445922,False,,,0.0996916206409872,0.75,0.6,0.0,0.3624229051602468
10,15,0.0016498374736698,-0.1914302099614318,-0.1947051310702901,0.3460381659308536,1.473994045250836,-1.1719406592431405,-1.118033988749895,1.373539701388967,-0.331124340588225,4.206994456940467e-15,-1.190848152522731,1.8567659864110917,1.058762483368768,-0.4548588261473418,-0.7099332490116225,2.0791349892271938,-0.1831483989896488,-0.8057321348452418,-0.5788549146869156,0.0,0.0,0.0,0.0,-0.1938046117100064,0.5887776478107435,0.5380253227828399,-0.3779644730092272,-0.7508058875955863,-0.0615069276078547,0.0615069276078547,2.4494897427831788,1.6324042226364168,0.3611575592573074,2.2360679774997894,1.0641602595597024,0.09773131813998348,0.026280863143775413,False,,,0.09773131813998348,0.75,0.6,0.0,0.36193282953499584
10,16,0.0077844793096886,-0.1916184329912452,-0.1929039010592923,0.79391499086447,1.9298745493417904,-1.1719406592431405,-1.118033988749895,1.373539701388967,-0.331124340588225,4.206994456940467e-15,-1.190848152522731,1.8567659864110917,1.058762483368768,-0.4548588261473418,-0.1492974230742482,1.6220126660131375,-0.3006998881027713,-0.6709872980612712,-0.4247382066793631,0.0,0.0,0.0,0.0,-0.1930938701906283,0.7515193303284363,0.6977629595969554,-0.3779644730092272,-0.7508058875955863,0.1845207828235641,-0.1845207828235641,2.4494897427831788,1.6324042226364168,0.5056205829602304,2.2360679774997894,1.0641602595597024,0.10218367019961064,0.025771288087163464,False,,,0.10218367019961064,0.75,0.6,0.0,0.3630459175499027
10,17,0.0112694374361227,-0.191964142999372,-0.188824139531346,0.79391499086447,1.831276516440384,-1.1719406592431405,-1.118033988749895,1.373539701388967,-0.331124340588225,4.206994456940467e-15,-1.190848152522731,1.8567659864110917,1.058762483368768,-0.4548588261473418,0.0696361573201826,1.7840578039155093,-0.2601277190451545,-0.316685316463848,-0.4790089875730391,0.0,0.0,0.0,0.0,-0.1917884483371818,0.7063619409143566,0.6534391295977438,-0.3779644730092272,-0.7508058875955863,0.4305484932549831,-0.4305484932549831,2.4494897427831788,1.6324042226364168,0.6500836066631537,2.2360679774997894,1.0641602595597024,0.10009821883538478,0.02614697398304939,False,,,0.10009821883538478,0.75,0.6,0.01740903933004565,0.3668768145413576
10,18,0.0120990994773117,-0.1917921545942546,-0.1883153916333405,1.689668640731703,2.610803918911224,-1.1719406592431405,-1.118033988749895,1.373539701388967,-0.331124340588225,4.206994456940467e-15,-1.190848152522731,1.8567659864110917,1.058762483368768,-0.4548588261473418,-1.2317302953476028,1.7725888310538225,-0.4234717202437033,-0.7097905990180731,-0.3321546525854216,0.0,0.0,0.0,0.0,-0.1924378869339877,1.1002749868237005,1.0400809418880153,-0.3779644730092272,-0.7508058875955863,0.676576203686402,-0.676576203686402,2.4494897427831788,1.6324042226364168,0.7945466303660766,-0.4472135954999578,1.0641602595597024,0.09913159474767069,0.026478848538531205,False,0.2,0.29,0.11386874091517812,0.6177685950413224,0.6368488608407317,0.3480486244401791,0.4291337053093528
10,19,0.0175269343932189,-0.1923952875710231,-0.1831257024575066,1.2417918157980865,2.3095051972276632,-1.1719406592431405,-1.118033988749895,1.373539701388967,-0.331124340588225,4.206994456940467e-15,-1.190848152522731,1.8567659864110917,1.058762483368768,-0.4548588261473418,-1.1418003759649096,2.222873691652908,-0.1999956881920144,-0.0236667768104478,-0.5134036600845584,0.0,0.0,0.0,0.0,-0.1901604204160993,0.864362791759049,0.8085234456629095,-0.3779644730092272,-0.7508058875955863,0.922603914117821,-0.922603914117821,2.4494897427831788,1.6324042226364168,0.9390096540689996,-0.4472135954999578,1.0641602595597024,0.10344124140272168,0.026382580677422742,False,,,0.10344124140272168,0.75,0.6,0.0,0.3633603103506804
10,20,0.0095538736831314,-0.1918372243029149,-0.1895549259728333,1.689668640731703,2.4274978251425434,-1.1719406592431405,-1.118033988749895,1.373539701388967,-0.331124340588225,4.206994456940467e-15,-1.190848152522731,1.8567659864110917,1.058762483368768,-0.4548588261473418,-0.7129365551777531,2.288394599471768,-0.2737936578724947,-0.914808507115694,-0.475581084079973,0.0,0.0,0.0,0.0,-0.1922677009942391,1.0192030193570292,0.9605054803673382,-0.3779644730092272,-0.7508058875955863,1.16863162454924,-1.16863162454924,2.4494897427831788,1.6324042226364168,1.0834726777719228,-0.4472135954999578,1.0641602595597024,0.09795389845676128,0.02621501418455706,False,,,0.09795389845676128,0.75,0.6,0.0,0.3619884746141903
10,21,0.0083211488356889,-0.1922757272658789,-0.1907978557700065,1.689668640731703,2.760941065906652,-1.1719406592431405,-1.118033988749895,1.373539701388967,-0.331124340588225,4.206994456940467e-15,-1.190848152522731,1.8567659864110917,1.058762483368768,-0.4548588261473418,-1.0862043578278502,1.965422040642672,-0.3308131165700541,-0.4725482675248862,-0.4020894294926347,0.0,0.0,0.0,0.0,-0.1906118873434979,1.035586754650357,0.9765867885943178,-0.3779644730092272,-0.7508058875955863,1.4146593349806589,-1.4146593349806589,2.4494897427831788,1.6324042226364168,1.2279357014748458,-0.4472135954999578,1.0641602595597024,0.10105939500092737,0.02593208183604163,False,,,0.10105939500092737,0.75,0.6,0.0,0.36276484875023185
10,22,0.0069112605685253,-0.1923307385114322,-0.1921303909243012,1.2417918157980865,2.355040588923837,-1.1719406592431405,-1.118033988749895,1.373539701388967,-0.331124340588225,4.206994456940467e-15,-1.190848152522731,1.8567659864110917,1.058762483368768,-0.4548588261473418,-1.4787172282472696,1.5963863085513954,-0.3886496082401627,-0.5351239102818196,-0.3605368238333279,0.0,0.0,0.0,0.0,-0.1904041615604935,0.9022823534349848,0.845743050852149,-0.3779644730092272,-0.7508058875955863,1.6606870454120777,-1.6606870454120777,2.4494897427831788,1.6324042226364168,1.3723987251777687,-0.4472135954999578,1.0641602595597024,0.09854615904254538,0.026164223631470432,False,,,0.09854615904254538,0.75,0.6,0.0,0.3621365397606363
10,23,0.0108265915896896,-0.1927233159614275,-0.1885408443713514,0.79391499086447,2.1176851189759933,-1.1719406592431405,-1.118033988749895,1.373539701388967,-0.331124340588225,4.206994456940467e-15,-1.190848152522731,1.8567659864110917,1.058762483368768,-0.4548588261473418,-1.3182552112440966,2.3960346652541498,-0.1177375785185502,-0.1814701576048801,-0.5821500829953078,0.0,0.0,0.0,0.0,-0.1889217654182155,0.7455596823739025,0.6919133206736402,-0.3779644730092272,-0.7508058875955863,1.9067147558434967,-1.9067147558434967,2.4494897427831788,1.6324042226364168,1.516861748880692,-0.4472135954999578,1.0641602595597024,0.0983557160613518,0.026378046711500538,False,,,0.0983557160613518,0.75,0.6,0.0,0.36208892901533796
10,24,0.0070522648338976,-0.1924134228225731,-0.1912797878907169,0.79391499086447,1.9612810621891388,-1.1719406592431405,-1.118033988749895,1.373539701388967,-0.331124340588225,4.206994456940467e-15,-1.190848152522731,1.8567659864110917,1.058762483368768,-0.4548588261473418,-0.6407390477898051,1.7637353960287725,-0.2837799517449376,-0.6835015484983189,-0.4818162052895274,0.0,0.0,0.0,0.0,-0.1900919406118282,0.686540404197233,0.6339834782597824,-0.3779644730092272,-0.7508058875955863,2.1527424662749155,-2.1527424662749155,2.4494897427831788,1.6324042226364168,1.6613247725836149,-0.4472135954999578,1.0641602595597024,0.0024232587810298356,0.026514206587843786,False,,,0.0024232587810298356,0.75,0.6,0.0,0.33810581469525747
11,1,0.0020047759736183,-0.1996388200414363,-0.2028924952362883,0.3460381659308536,-1.346820141002438,0.4398334914735264,0.0,-1.400487393164631,-0.331124340588225,-0.4736654667156822,-1.3553732262265352,-0.8646395847076883,-1.1271543790448286,-1.1181946142788823,-1.3311284553603522,-1.4398981438641634,2.4119963984560537,3.469359421232662,0.0725505842487573,0.0,0.0,0.0,0.0,-0.2021927562609854,-0.9888833922668137,-1.0105137013746028,-0.3779644730092272,-0.7508058875955863,-0.7995900589021115,0.7995900589021115,2.4494897427831788,0.8553365005278835,-1.661324772583615,-0.4472135954999578,-1.1389071909150976,0.09884427152547934,0.026682493219923012,False,,,0.09884427152547934,0.5740666034105895,0.65,0.75,0.5182277187340172
11,2,-0.0139897752651459,-0.1993849562020905,-0.1972652648180059,0.3460381659308536,-1.331023681506651,0.4398334914735264,0.0,-1.400487393164631,-0.331124340588225,-0.4736654667156822,-1.3553732262265352,-0.8646395847076883,-1.1271543790448286,-1.1181946142788823,0.4598263546269844,-1.3297496045172768,2.4119963984560537,0.2346468811347621,-0.1547052095813799,0.0,0.0,0.0,0.0,-0.2031513614384214,-0.9948225304365848,-1.016343209102892,-0.3779644730092272,-0.7508058875955863,-0.7995900589021115,0.7995900589021115,2.4494897427831788,0.8553365005278835,-1.516861748880692,-0.4472135954999578,-1.1389071909150976,0.10067098132786248,0.0263258692572282,False,,,0.10067098132786248,0.5740666034105895,0.65,0.5970829970539129,0.4804551454480912
11,3,-0.0046047670849653,-0.199429008093339,-0.1979822430844646,0.3460381659308536,-1.3711975708362345,0.4398334914735264,0.0,-1.400487393164631,-0.331124340588225,-0.4736654667156822,-1.3553732262265352,-0.8646395847076883,-1.1271543790448286,-1.1181946142788823,-0.175304991172814,-1.4187272253942127,2.4119963984560537,0.2743845516022566,-0.0127752271063233,0.0,0.0,0.0,0.0,-0.2029850188386423,-1.0057449568770147,-1.0270640186759443,-0.3779644730092272,-0.7508058875955863,-0.7995900589021115,0.7995900589021115,2.4494897427831788,0.8553365005278835,-1.3723987251777692,-0.4472135954999578,-1.1389071909150976,0.09979421575201206,0.026239910829301633,False,,,0.09979421575201206,0.5740666034105895,0.65,0.49603459306078984,0.45497385305584787
11,4,-0.0016819291113178,-0.1994290860898449,-0.1985101678090392,0.3460381659308536,-1.2974461284413277,0.4398334914735264,0.0,-1.400487393164631,-0.331124340588225,-0.4736654667156822,-1.3553732262265352,-0.8646395847076883,-1.1271543790448286,-1.1181946142788823,-0.1096723933521224,-1.3258151757589207,-0.9234046308537508,-0.0842803032103868,-0.0983594923509086,0.0,0.0,0.0,0.0,-0.2029847243191295,-0.9627699641390506,-0.9848823005330224,-0.3779644730092272,-0.7508058875955863,-0.7995900589021115,0.7995900589021115,2.4494897427831788,0.8553365005278835,-1.2279357014748462,-0.4472135954999578,-1.1389071909150976,0.0995250003582234,0.0259012180782322,False,,,0.0995250003582234,0.5740666034105895,0.65,0.0,0.3308979009422032
11,5,0.000293741630541,-0.1994809683095768,-0.1989684018400937,0.3460381659308536,-1.3171624049771835,0.4398334914735264,0.0,-1.400487393164631,-0.331124340588225,-0.4736654667156822,-1.3553732262265352,-0.8646395847076883,-1.1271543790448286,-1.1181946142788823,-0.4471911246419325,-1.278242980379978,-0.8552822535233928,0.0354798104489435,-0.1937044986377763,0.0,0.0,0.0,0.0,-0.2027888139264556,-0.973247431117544,-0.9951663641426054,-0.3779644730092272,-0.7508058875955863,-0.7995900589021115,0.7995900589021115,2.4494897427831788,0.8553365005278835,-1.0834726777719228,-0.4472135954999578,-1.1389071909150976,0.10219861579018168,0.024733690104431973,False,,,0.10219861579018168,0.5740666034105895,0.65,0.012417933657130224,0.3346707882144753
11,6,0.0010454664823712,-0.1994746147603855,-0.1993101448018454,0.3460381659308536,-1.2968544201439245,0.4398334914735264,0.0,-1.400487393164631,-0.331124340588225,-0.4736654667156822,-1.3553732262265352,-0.8646395847076883,-1.1271543790448286,-1.1181946142788823,-0.5877985253246992,-1.2918048276093612,-0.71676875593679,-0.3212103909558755,-0.1240763025374859,0.0,0.0,0.0,0.0,-0.2028128053116232,-0.9468830076066655,-0.9692886010370388,-0.3779644730092272,-0.7508058875955863,-0.7995900589021115,0.7995900589021115,2.4494897427831788,0.8553365005278835,-0.939009654069,-0.4472135954999578,-1.1389071909150976,0.09878449986048439,0.025369506016810192,False,0.2,0.1,0.09878449986048439,0.5740666034105895,0.65,0.0,0.3307127758177685
11,7,0.0031568077623305,-0.1994752102517883,-0.2013572784591248,0.79391499086447,-1.507781242870366,0.4398334914735264,0.0,-1.400487393164631,-0.331124340588225,-0.4736654667156822,-1.3553732262265352,-0.8646395847076883,-1.1271543790448286,-1.1181946142788823,-0.2952024616328633,-1.255685787543921,1.68206880779266,-0.5879978719674639,-0.4617952107332737,0.0,0.0,0.0,0.0,-0.2028105567001499,-1.105523913463434,-1.1250011573506664,-0.3779644730092272,0.2356771065321983,-0.7995900589021115,0.7995900589021115,2.4494897427831788,0.8553365005278835,-0.7945466303660769,-0.4472135954999578,-1.1389071909150976,0.10251427933888252,0.026639772295178978,False,,,0.10251427933888252,0.5740666034105895,0.65,0.4,0.431645220687368
11,8,0.0030513548651481,-0.1995188826386328,-0.201503764870774,0.79391499086447,-1.3974419291760538,0.4398334914735264,0.0,-1.400487393164631,-0.331124340588225,-0.4736654667156822,-1.3553732262265352,-0.8646395847076883,-1.1271543790448286,-1.1181946142788823,-1.3493454085627872,-1.321031582231678,-0.6038278905653898,-0.5197787282606777,-0.291880618892907,0.0,0.0,0.0,0.0,-0.2026456471319024,-1.0581130183190377,-1.0784654190416787,-0.3779644730092272,-0.573341024700072,-0.7995900589021115,0.7995900589021115,2.4494897427831788,0.8553365005278835,-0.6500836066631539,-0.4472135954999578,-1.1389071909150976,0.10100474224343745,0.0264439288529388,False,,,0.10100474224343745,0.5740666034105895,0.65,0.0,0.33126783641350677
11,9,0.003730266309381,-0.1995979260053017,-0.2005672893705795,0.3460381659308536,-1.281815488076888,0.4398334914735264,0.0,-1.400487393164631,-0.331124340588225,-0.4736654667156822,-1.3553732262265352,-0.8646395847076883,-1.1271543790448286,-1.1181946142788823,0.3007294551801779,-1.3224162546389897,-0.6880118713689255,-0.2169405586247395,-0.1367345109017986,0.0,0.0,0.0,0.0,-0.2023471746092856,-0.9795021994087604,-1.001305675781774,-0.3779644730092272,-0.7508058875955863,-0.7995900589021115,0.7995900589021115,2.4494897427831788,0.8553365005278835,-0.5056205829602308,-0.4472135954999578,-1.1389071909150976,0.10023381621517077,0.026543659085335285,False,,,0.10023381621517077,0.5740666034105895,0.65,0.07518236379504448,0.3498706958552012
11,10,0.0043051920211523,-0.1996538308205199,-0.1998387608503029,0.3460381659308536,-1.3363020722878425,0.4398334914735264,0.0,-1.400487393164631,-0.331124340588225,-0.4736654667156822,-1.3553732262265352,-0.8646395847076883,-1.1271543790448286,-1.1181946142788823,-0.4428778532507866,-1.3941471424034568,-0.6193685959141656,-0.0921939193079703,-0.338780362136766,0.0,0.0,0.0,0.0,-0.2021360746533017,-1.133384620848811,-1.0415935872552613,2.6457513110645903,0.7110914043445111,-0.7995900589021115,0.7995900589021115,2.4494897427831788,0.8553365005278835,-0.3611575592573077,-0.4472135954999578,-1.1389071909150976,0.1004028415855448,0.026440271974164323,False,,,0.1004028415855448,0.5740666034105895,0.65,0.0,0.33111736124903357
11,11,0.0044848198308427,-0.1996271747173347,-0.1997110196690005,0.3460381659308536,-1.3318879142162032,0.4398334914735264,0.0,-1.400487393164631,-0.331124340588225,-0.4736654667156822,-1.3553732262265352,-0.8646395847076883,-1.1271543790448286,-1.1181946142788823,-0.1858451809281867,-1.371368183941137,0.244538765889623,-0.4921551196155633,-0.3866653938060749,0.0,0.0,0.0,0.0,-0.20223672970756,-1.1403454493570986,-1.0501340106349732,2.6457513110645903,0.8298707788838858,-0.7995900589021115,0.7995900589021115,2.4494897427831788,0.8553365005278835,-0.2166945355543847,-0.4472135954999578,-1.1389071909150976,0.10003694486860126,0.02624036011018401,False,,,0.10003694486860126,0.5740666034105895,0.65,0.09781550635584921,0.35547976365876
11,12,0.0040806992652614,-0.1996296958984883,-0.2000252502431468,0.79391499086447,-1.347772810807902,0.4398334914735264,0.0,-1.400487393164631,-0.331124340588225,-0.4736654667156822,-1.3553732262265352,-0.8646395847076883,-1.1271543790448286,-1.1181946142788823,-0.7404419928888866,-1.2836946480111957,-0.1710534394843697,-0.6847530552247276,-0.5104764050749826,0.0,0.0,0.0,0.0,-0.202227209575377,-1.1489875884271683,-1.0607372781162605,2.6457513110645903,0.9773399877866698,-0.7995900589021115,0.7995900589021115,2.4494897427831788,0.8553365005278835,-0.0722315118514616,-0.4472135954999578,-1.1389071909150976,0.10074052049569787,0.02639032759259261,False,0.23,0.2,0.13296777177455152,0.43139382671332904,0.5218492637883704,0.2694166829969299,0.33890688631829524
11,13,0.0041639249531246,-0.1997450404260312,-0.1999088462950746,0.79391499086447,-1.3830840854782127,0.4398334914735264,0.0,-1.400487393164631,-0.331124340588225,-0.4736654667156822,-1.3553732262265352,-0.8646395847076883,-1.1271543790448286,-1.1181946142788823,-0.2353239314977877,-1.4271304323328031,-0.5579048221507381,-0.2159062033531234,-0.1532764948812199,0.0,0.0,0.0,0.0,-0.2017916616786127,-1.0751618557785037,-1.095199552326229,-0.3779644730092272,-0.2824201597990415,-0.5535623484706925,0.5535623484706925,2.4494897427831788,0.8553365005278835,0.0722315118514612,-0.4472135954999578,-1.1389071909150976,0.09954180498048701,0.026624622598678465,False,,,0.09954180498048701,0.5740666034105895,0.65,0.0,0.33090210209776916
11,14,0.0031503174930289,-0.1996699694095218,-0.200829083377051,1.2417918157980865,-1.4582570050098436,0.4398334914735264,0.0,-1.400487393164631,-0.331124340588225,-0.4736654667156822,-1.3553732262265352,-0.8646395847076883,-1.1271543790448286,-1.1181946142788823,-1.3276729874466833,-1.3073377601379608,-0.3977295559263999,-0.831525530309778,-0.4651219360232295,0.0,0.0,0.0,0.0,-0.202075134367306,-1.138855839133221,-1.15771780962183,-0.3779644730092272,0.8044521134924044,-0.3075346380392736,0.3075346380392736,2.4494897427831788,0.8553365005278835,0.2166945355543845,2.2360679774997894,-1.1389071909150976,0.1005872609154668,0.026611146438002636,False,,,0.1005872609154668,0.5740666034105895,0.65,0.0,0.33116346608151404
11,15,0.0015482333988108,-0.1995543617287244,-0.200367745475141,0.3460381659308536,-1.265124593557324,0.4398334914735264,0.0,-1.400487393164631,-0.331124340588225,-0.4736654667156822,-1.3553732262265352,-0.8646395847076883,-1.1271543790448286,-1.1181946142788823,-1.348708999336006,-1.503375873388703,-0.5387884777568605,-1.6164662978127786,0.1294776252937625,0.0,0.0,0.0,0.0,-0.2025116759466399,-1.0301476497429904,-1.0510162626862511,-0.3779644730092272,-0.7508058875955863,-0.0615069276078547,0.0615069276078547,2.4494897427831788,0.8553365005278835,0.3611575592573074,2.2360679774997894,-1.1389071909150976,0.09904755414147975,0.02663630285044222,False,,,0.09904755414147975,0.5740666034105895,0.65,0.0,0.3307785393880173
11,16,0.0014251440282558,-0.1996229904204834,-0.2003450475358626,1.2417918157980865,-1.5259786880386257,0.4398334914735264,0.0,-1.400487393164631,-0.331124340588225,-0.4736654667156822,-1.3553732262265352,-0.8646395847076883,-1.1271543790448286,-1.1181946142788823,-1.046919048034198,-1.833117038877104,-0.696173051656521,-1.403416145893235,1.2784928056594005,0.0,0.0,0.0,0.0,-0.202252529864983,-1.201811302450726,-1.2195111792079083,-0.3779644730092272,1.8787223024198323,0.1845207828235641,-0.1845207828235641,2.4494897427831788,0.8553365005278835,0.5056205829602304,2.2360679774997894,-1.1389071909150976,0.09927680097776723,0.02662738300567425,False,,,0.09927680097776723,0.5740666034105895,0.65,0.0,0.3308358510970892
11,17,0.002407175240174,-0.1997707553105907,-0.199611376593023,0.79391499086447,-1.37939841938399,0.4398334914735264,0.0,-1.400487393164631,-0.331124340588225,-0.4736654667156822,-1.3553732262265352,-0.8646395847076883,-1.1271543790448286,-1.1181946142788823,-1.5384073205874096,-1.873805153598816,-0.7921164433426594,-0.8144201282235312,2.6341455355356493,0.0,0.0,0.0,0.0,-0.2016945607226852,-1.1168013094814475,-1.136070384124444,-0.3779644730092272,0.4281142630944688,0.4305484932549831,-0.4305484932549831,2.4494897427831788,0.8553365005278835,0.6500836066631537,2.2360679774997894,-1.1389071909150976,0.10034252604320888,0.026634066618050622,False,,,0.10034252604320888,0.5740666034105895,0.65,0.0,0.33110228236344963
11,18,0.0039408460792262,-0.1998859468583211,-0.198129645671581,0.79391499086447,-1.3512270111060916,0.4398334914735264,0.0,-1.400487393164631,-0.331124340588225,-0.4736654667156822,-1.3553732262265352,-0.8646395847076883,-1.1271543790448286,-1.1181946142788823,-0.545506632947904,-1.8636914781100615,-0.688140189308864,-0.4201221630677644,2.465225223948261,0.0,0.0,0.0,0.0,-0.201259590486925,-1.1094317836990453,-1.1288368922819731,-0.3779644730092272,0.3023608901959199,0.676576203686402,-0.676576203686402,2.4494897427831788,0.8553365005278835,0.7945466303660766,-0.4472135954999578,-1.1389071909150976,0.09847831657554046,0.02626363493014097,False,0.2,0.2,0.10921512545447082,0.44173504232395927,0.6222222222222222,0.34210526315789475,0.37881941328963675
11,19,0.0051818126467031,-0.199794444503249,-0.1979382947914685,0.79391499086447,-1.3164593001979952,0.4398334914735264,0.0,-1.400487393164631,-0.331124340588225,-0.4736654667156822,-1.3553732262265352,-0.8646395847076883,-1.1271543790448286,-1.1181946142788823,-0.4742136418846286,-1.8619963442468743,-0.6336124967999427,-1.0057373495671609,2.476744337376633,0.0,0.0,0.0,0.0,-0.2016051089016223,-1.103380775868805,-1.122897579893205,-0.3779644730092272,0.1991066691569929,0.922603914117821,-0.922603914117821,2.4494897427831788,0.8553365005278835,0.9390096540689996,-0.4472135954999578,-1.1389071909150976,0.1017903888534552,0.025985742212818512,False,,,0.1017903888534552,0.5740666034105895,0.65,0.0,0.33146424806601116
11,20,0.005867383417478,-0.199857599270501,-0.1975590831343791,0.79391499086447,-1.2372604416733863,0.4398334914735264,0.0,-1.400487393164631,-0.331124340588225,-0.4736654667156822,-1.3553732262265352,-0.8646395847076883,-1.1271543790448286,-1.1181946142788823,-0.6651327480036348,-1.8483828790758057,-0.6762817673578934,-0.8628914023372114,2.659378409433499,0.0,0.0,0.0,0.0,-0.201366632689242,-1.041455167338002,-1.0621150550233946,-0.3779644730092272,-0.7508058875955863,1.16863162454924,-1.16863162454924,2.4494897427831788,0.8553365005278835,1.0834726777719228,-0.4472135954999578,-1.1389071909150976,0.10231054425090724,0.02598988011760303,False,,,0.10231054425090724,0.5740666034105895,0.65,0.0,0.3315942869153742
11,21,0.0042963786861274,-0.1998437890605107,-0.1990642515297298,0.3460381659308536,-1.1514592067892402,0.4398334914735264,0.0,-1.400487393164631,-0.331124340588225,-0.4736654667156822,-1.3553732262265352,-0.8646395847076883,-1.1271543790448286,-1.1181946142788823,-1.004801233939594,-1.8353548160256767,-0.6992303956392705,-1.0625729389224805,2.4874859309413044,0.0,0.0,0.0,0.0,-0.2014187808755781,-1.0294689302594553,-1.0503500716730925,-0.3779644730092272,-0.7508058875955863,1.4146593349806589,-1.4146593349806589,2.4494897427831788,0.8553365005278835,1.2279357014748458,-0.4472135954999578,-1.1389071909150976,0.09856637555869935,0.026252014942178013,False,,,0.09856637555869935,0.5740666034105895,0.65,0.0,0.3306582447423222
11,22,0.0021773467677451,-0.199802592214612,-0.2011280669183869,0.3460381659308536,-1.1416347694512667,0.4398334914735264,0.0,-1.400487393164631,-0.331124340588225,-0.4736654667156822,-1.3553732262265352,-0.8646395847076883,-1.1271543790448286,-1.1181946142788823,-0.5721166615774163,-1.4037288231587437,-0.0183106815852298,-1.3658161637840696,-0.0428387504247733,0.0,0.0,0.0,0.0,-0.2015743426518212,-1.005430121189258,-1.026754994534317,-0.3779644730092272,-0.7508058875955863,1.6606870454120777,-1.6606870454120777,2.4494897427831788,0.8553365005278835,1.3723987251777687,-0.4472135954999578,-1.1389071909150976,0.10089663028816857,0.02642584695386992,False,,,0.10089663028816857,0.5740666034105895,0.65,0.0,0.3312408084246895
11,23,0.0030942609939192,-0.2000048656171464,-0.1997903409111336,0.3460381659308536,-1.176350127272815,0.4398334914735264,0.0,-1.400487393164631,-0.331124340588225,-0.4736654667156822,-1.3553732262265352,-0.8646395847076883,-1.1271543790448286,-1.1181946142788823,-1.1248498328091998,-1.4313311168498373,-0.3831085037888019,-0.6559217478271856,-0.0434162097226007,0.0,0.0,0.0,0.0,-0.2008105460771424,-1.030841601444647,-1.051697404746299,-0.3779644730092272,-0.7508058875955863,1.9067147558434967,-1.9067147558434967,2.4494897427831788,0.8553365005278835,1.516861748880692,-0.4472135954999578,-1.1389071909150976,0.09261138651652848,0.02556118353629185,False,,,0.09261138651652848,0.5740666034105895,0.65,0.0,0.3291694974817795
11,24,0.0047089716649732,-0.2000147690367394,-0.1989010193205611,0.3460381659308536,-1.1556101262739382,0.4398334914735264,0.0,-1.400487393164631,-0.331124340588225,-0.4736654667156822,-1.3553732262265352,-0.8646395847076883,-1.1271543790448286,-1.1181946142788823,-1.288296991822088,-1.383200129919424,-0.4527764550256252,-0.7504161718563659,-0.0993992738436039,0.0,0.0,0.0,0.0,-0.200773150167112,-1.0132850036128225,-1.0344648838286994,-0.3779644730092272,-0.7508058875955863,2.1527424662749155,-2.1527424662749155,2.4494897427831788,0.8553365005278835,1.6613247725836149,-0.4472135954999578,-1.1389071909150976,0.0066181797448834345,0.02606849462168092,False,,,0.0066181797448834345,0.5740666034105895,0.65,0.0,0.30767119578886826
12,1,0.0020047759736183,-0.2016784215928018,-0.2028924952362883,0.3460381659308536,-1.3579062384568652,0.9122357483337862,1.118033988749895,-0.4850584519619434,-0.331124340588225,-1.420996400147008,-1.6844233736341274,0.2032764186537813,-1.1271543790448286,0.2084769619841985,0.1655357526256644,-1.4329982935650671,2.4119963984560537,2.67623560791529,0.038982380534073,0.0,0.0,0.0,0.0,-0.2023679680345807,-0.9965946179937862,-1.018082585728695,-0.3779644730092272,-0.7508058875955863,-0.7995900589021115,0.7995900589021115,-0.408248290463863,-0.7250102411641544,-1.661324772583615,-0.4472135954999578,-1.1389071909150976,0.1044215773916824,0.026582727567453494,False,,,0.1044215773916824,0.03510570066648553,0.5686894325384875,0.7913839381564161,0.3749001621882678
12,2,-0.0063859780196713,-0.2015452444256563,-0.1999404457915418,0.3460381659308536,-1.32226792782774,0.9122357483337862,1.118033988749895,-0.4850584519619434,-0.331124340588225,-1.420996400147008,-1.6844233736341274,0.2032764186537813,-1.1271543790448286,0.2084769619841985,-1.0970216339262877,-1.3818563065910343,2.4119963984560537,1.1359046581456231,-0.0500821756737024,0.0,0.0,0.0,0.0,-0.2028708530546408,-0.988902115954351,-1.0105320794419386,-0.3779644730092272,-0.7508058875955863,-0.7995900589021115,0.7995900589021115,-0.408248290463863,-0.7250102411641544,-1.516861748880692,-0.4472135954999578,-1.1389071909150976,0.09335069518343583,0.026188148854748055,False,,,0.09335069518343583,0.03510570066648553,0.5686894325384875,0.75,0.3617864570971022
12,3,-0.0042824850990222,-0.201478840096448,-0.199213552662334,0.3460381659308536,-1.3676666593477644,0.9122357483337862,1.118033988749895,-0.4850584519619434,-0.331124340588225,-1.420996400147008,-1.6844233736341274,0.2032764186537813,-1.1271543790448286,0.2084769619841985,-1.316488413783358,-1.5120506217738114,2.4119963984560537,0.3359932177912627,0.2244185043882538,0.0,0.0,0.0,0.0,-0.2031215998090712,-1.0032885366395414,-1.0246529414541412,-0.3779644730092272,-0.7508058875955863,-0.7995900589021115,0.7995900589021115,-0.408248290463863,-0.7250102411641544,-1.3723987251777692,-0.4472135954999578,-1.1389071909150976,0.10353886560534789,0.02630943049247992,False,,,0.10353886560534789,0.03510570066648553,0.5686894325384875,0.5175976262269419,0.3062329062593157
12,4,-0.0035505806429869,-0.2014066429110997,-0.1984555597868366,0.79391499086447,-1.4449717622205087,0.9122357483337862,1.118033988749895,-0.4850584519619434,-0.331124340588225,-1.420996400147008,-1.6844233736341274,0.2032764186537813,-1.1271543790448286,0.2084769619841985,-0.5800717363615328,-1.47272745500832,-0.92923723977359,-0.4941509744821,-0.0322898346260023,0.0,0.0,0.0,0.0,-0.2033942207378716,-1.064045186771555,-1.0842880857065962,-0.3779644730092272,-0.0872622526145511,-0.7995900589021115,0.7995900589021115,-0.408248290463863,-0.7250102411641544,-1.2279357014748462,-0.4472135954999578,-1.1389071909150976,0.09967966883291912,0.026453307136172576,False,,,0.09967966883291912,0.03510570066648553,0.5686894325384875,0.0,0.17586870050947304
12,5,-0.0021880832978093,-0.201414979237569,-0.1984522868695357,0.3460381659308536,-1.389425559005402,0.9122357483337862,1.118033988749895,-0.4850584519619434,-0.331124340588225,-1.420996400147008,-1.6844233736341274,0.2032764186537813,-1.1271543790448286,0.2084769619841985,0.1457006156070674,-1.427041318490932,-0.8776692224406255,-0.497746296720827,-0.0346823191211044,0.0,0.0,0.0,0.0,-0.2033627422660464,-1.0231048373124887,-1.0441034533999691,-0.3779644730092272,-0.7508058875955863,-0.7995900589021115,0.7995900589021115,-0.408248290463863,-0.7250102411641544,-1.0834726777719228,-0.4472135954999578,-1.1389071909150976,0.10854243149972986,0.02525590582048783,False,,,0.10854243149972986,0.03510570066648553,0.5686894325384875,0.03642515390176685,0.18719067965161743
12,6,-0.0009157202477779,-0.201446543475174,-0.19872634948883,0.3460381659308536,-1.3159243309625703,0.9122357483337862,1.118033988749895,-0.4850584519619434,-0.331124340588225,-1.420996400147008,-1.6844233736341274,0.2032764186537813,-1.1271543790448286,0.2084769619841985,0.180946413043271,-1.4129319437722367,-0.7607781246727084,-0.2750200519434142,0.0765094959377815,0.0,0.0,0.0,0.0,-0.2032435538000245,-0.9602999894320128,-0.9824579190433578,-0.3779644730092272,-0.7508058875955863,-0.7995900589021115,0.7995900589021115,-0.408248290463863,-0.7250102411641544,-0.939009654069,-0.4472135954999578,-1.1389071909150976,0.08588171111360843,0.025136959559948983,False,0.3,0.05,0.08588171111360843,0.03510570066648553,0.5686894325384875,0.04523660326081775,0.1837283618948498
12,7,0.0013005027596614,-0.2014847080791381,-0.2008100356778358,0.3460381659308536,-1.2972194910758603,0.9122357483337862,1.118033988749895,-0.4850584519619434,-0.331124340588225,-1.420996400147008,-1.6844233736341274,0.2032764186537813,-1.1271543790448286,0.2084769619841985,-0.633787864647398,-1.4315899156882994,0.797323278497636,0.0034583424332939,0.1188541444521875,0.0,0.0,0.0,0.0,-0.2030994419523149,-0.9604786366871724,-0.9826332686521428,-0.3779644730092272,-0.7508058875955863,-0.7995900589021115,0.7995900589021115,-0.408248290463863,-0.7250102411641544,-0.7945466303660769,-0.4472135954999578,-1.1389071909150976,0.10121107846280757,0.026514922454200496,False,,,0.10121107846280757,0.03510570066648553,0.5686894325384875,0.32013973125070727,0.256286485729622
12,8,0.0020798593188588,-0.201434030152957,-0.2015856090185603,0.79391499086447,-1.3637503879435102,0.9122357483337862,1.118033988749895,-0.4850584519619434,-0.331124340588225,-1.420996400147008,-1.6844233736341274,0.2032764186537813,-1.1271543790448286,0.2084769619841985,0.0913105740176455,-1.362492388979183,-0.4810576739070525,-0.5639352056755378,-0.1837101757322823,0.0,0.0,0.0,0.0,-0.2032908048598648,-1.0360999730194578,-1.0568587121375963,-0.3779644730092272,-0.5434635711055387,-0.7995900589021115,0.7995900589021115,-0.408248290463863,-0.7250102411641544,-0.6500836066631539,-0.4472135954999578,-1.1389071909150976,0.1087582200167818,0.025614182826362818,False,,,0.1087582200167818,0.03510570066648553,0.5686894325384875,0.022827643504411375,0.18384524918154155
12,9,0.0025127071913975,-0.2014440122581008,-0.2017741240556579,0.79391499086447,-1.4251332950431657,0.9122357483337862,1.118033988749895,-0.4850584519619434,-0.331124340588225,-1.420996400147008,-1.6844233736341274,0.2032764186537813,-1.1271543790448286,0.2084769619841985,0.0388633778451363,-1.3652790338944094,-0.531103404704946,-0.5509196272057671,-0.2567794946811862,0.0,0.0,0.0,0.0,-0.2032531118284458,-1.0736182277560864,-1.0936844181048893,-0.3779644730092272,0.0690161697962887,-0.7995900589021115,0.7995900589021115,-0.408248290463863,-0.7250102411641544,-0.5056205829602308,-0.4472135954999578,-1.1389071909150976,0.09919868914397531,0.026096119810801562,False,,,0.09919868914397531,0.03510570066648553,0.5686894325384875,0.009715844461284075,0.1781774167025581
12,10,0.0027322470308584,-0.2015074579631829,-0.2015061335906787,0.3460381659308536,-1.3300127256493524,0.9122357483337862,1.118033988749895,-0.4850584519619434,-0.331124340588225,-1.420996400147008,-1.6844233736341274,0.2032764186537813,-1.1271543790448286,0.2084769619841985,-0.317465467578089,-1.4120844938138837,-0.5497112417757652,-0.0508384059536882,-0.3035418249045366,0.0,0.0,0.0,0.0,-0.2030135370172617,-1.1301110235716243,-1.0375771247481675,2.6457513110645903,0.9912523768589836,-0.7995900589021115,0.7995900589021115,-0.408248290463863,-0.7250102411641544,-0.3611575592573077,-0.4472135954999578,-1.1389071909150976,0.10313740570470892,0.026546114155483847,False,,,0.10313740570470892,0.03510570066648553,0.5686894325384875,0.0,0.1767331347274205
12,11,0.0021079653070472,-0.2014423617956438,-0.2017077755213801,0.79391499086447,-1.4090885658549752,0.9122357483337862,1.118033988749895,-0.4850584519619434,-0.331124340588225,-1.420996400147008,-1.6844233736341274,0.2032764186537813,-1.1271543790448286,0.2084769619841985,-1.3494959826015624,-1.441329390669864,-0.0621497847295273,-0.7201056441159736,-0.3698784792733792,0.0,0.0,0.0,0.0,-0.2032593440742848,-1.1797082071904212,-1.09842921240433,2.6457513110645903,1.8009187748709354,-0.7995900589021115,0.7995900589021115,-0.408248290463863,-0.7250102411641544,-0.2166945355543847,-0.4472135954999578,-1.1389071909150976,0.1010525252120632,0.026075075766914965,False,,,0.1010525252120632,0.03510570066648553,0.5686894325384875,0.0,0.17621191460425906
12,12,0.0021107618251294,-0.2014787953267264,-0.2017066216503764,0.79391499086447,-1.3829895962736705,0.9122357483337862,1.118033988749895,-0.4850584519619434,-0.331124340588225,-1.420996400147008,-1.6844233736341274,0.2032764186537813,-1.1271543790448286,0.2084769619841985,-1.26558172345138,-1.5554561528463695,-0.4350808101752888,-0.4715429098913964,-0.1097824079566396,0.0,0.0,0.0,0.0,-0.2031217688622417,-1.166921440986532,-1.082740793000148,2.6457513110645903,1.5921767822994055,-0.7995900589021115,0.7995900589021115,-0.408248290463863,-0.7250102411641544,-0.0722315118514616,-0.4472135954999578,-1.1389071909150976,0.09660437391744722,0.02616100192192191,False,0.1,0.15,0.0985287901296873,0.10469592301057164,0.3858321216583555,0.3268156424581005,0.22896811931417876
12,13,0.0022868191105113,-0.2014575154588557,-0.2017695069502399,-0.5497154839363793,-0.936451042541966,0.9122357483337862,1.118033988749895,-0.4850584519619434,-0.331124340588225,-1.420996400147008,-1.6844233736341274,0.2032764186537813,-1.1271543790448286,0.2084769619841985,-0.0530426656598067,-1.519722326532149,-0.7096902863228969,-0.7327727797831637,0.7997749545749449,0.0,0.0,0.0,0.0,-0.20320212292751,-0.7977344815662977,-0.8228932048765818,-0.3779644730092272,-0.7508058875955863,-0.5535623484706925,0.5535623484706925,-0.408248290463863,-0.7250102411641544,0.0722315118514612,-0.4472135954999578,-1.1389071909150976,0.09816884859198716,0.026640710972384084,False,,,0.09816884859198716,0.03510570066648553,0.5686894325384875,0.0,0.17549099544924004
12,14,0.0026199186775321,-0.2015350354177334,-0.2013820388838696,-1.445469133803612,-0.5394561624716079,0.9122357483337862,1.118033988749895,-0.4850584519619434,3.020013564160076,-1.420996400147008,-1.6844233736341274,0.2032764186537813,0.0207338900917505,0.2084769619841985,2.1477136818989395,-1.4769605137924813,-0.7334264737799543,-0.1392697529169442,1.157110374220265,0.0,0.0,0.0,0.0,-0.2029094028846464,-0.5891008487618935,-0.6181107364361671,-0.3779644730092272,-0.7508058875955863,-0.3075346380392736,0.3075346380392736,-0.408248290463863,-0.7250102411641544,0.2166945355543845,2.2360679774997894,-0.0373734656776976,0.10071797937704435,0.02650751102567045,False,,,0.10071797937704435,0.28510570066648555,0.5759462940706002,0.25,0.30294249352853253
12,15,0.00196270107525,-0.2014514351048922,-0.2014318357634551,-1.445469133803612,-0.5851430545574345,0.9122357483337862,1.118033988749895,-0.4850584519619434,3.020013564160076,-1.420996400147008,-1.6844233736341274,0.2032764186537813,-0.0769340486031465,0.2084769619841985,2.7126151673500485,-1.3809993194777364,-0.4657483883012469,-0.9240258559551496,0.7135101916071765,0.0,0.0,0.0,0.0,-0.2032250827110109,-0.6282522006888245,-0.6565393942829717,-0.3779644730092272,-0.7508058875955863,-0.0615069276078547,0.0615069276078547,-0.408248290463863,-0.7250102411641544,0.3611575592573074,2.2360679774997894,-0.0373734656776976,0.09787315632966187,0.026387238902715538,False,,,0.09787315632966187,0.28510570066648555,0.5686894325384875,0.25,0.3004170723836587
12,16,0.0026756317002247,-0.2015178081989827,-0.2013571400617801,-0.9975923088699956,-0.5727196117542311,0.9122357483337862,1.118033988749895,-0.4850584519619434,-0.331124340588225,-1.420996400147008,-1.6844233736341274,0.2032764186537813,-0.4484987789224262,0.2084769619841985,1.887518981701464,-1.1097535179122326,-0.1787086625041744,-0.4377692129477271,0.0690457825449033,0.0,0.0,0.0,0.0,-0.2029744539022701,-0.6630065480878006,-0.6906522118269691,-0.3779644730092272,-0.7508058875955863,0.1845207828235641,-0.1845207828235641,-0.408248290463863,-0.7250102411641544,0.5056205829602304,2.2360679774997894,-0.5881403282963976,0.10096068376592787,0.026649501426441045,False,,,0.10096068376592787,0.03510570066648553,0.5686894325384875,0.25,0.2386889542427252
12,17,0.002373777215174,-0.2015003369881886,-0.2015409866490589,-1.445469133803612,-0.5639867692212638,0.9122357483337862,1.118033988749895,-0.4850584519619434,3.020013564160076,-1.420996400147008,-1.6844233736341274,0.2032764186537813,-0.1406026262618354,0.2084769619841985,1.778051844946895,-1.1908564598802156,-0.4990107610788912,-0.6532681634543112,0.2166460311799759,0.0,0.0,0.0,0.0,-0.2030404262485738,-0.653774505386883,-0.6815905832312882,-0.3779644730092272,-0.7508058875955863,0.4305484932549831,-0.4305484932549831,-0.408248290463863,-0.7250102411641544,0.6500836066631537,2.2360679774997894,-0.0373734656776976,0.1007836700957806,0.026602258023537766,False,,,0.1007836700957806,0.28510570066648555,0.5686894325384875,0.25,0.3011447008251884
12,18,0.0030424893677168,-0.2015803532446698,-0.2009211421268042,-0.9975923088699956,-0.6423266557254595,0.9122357483337862,1.118033988749895,-0.4850584519619434,-0.331124340588225,-1.420996400147008,-1.6844233736341274,0.2032764186537813,-1.1271543790448286,0.2084769619841985,1.0427459543270965,-1.0829086929473022,-0.4658707592810998,-0.0742300172060197,-0.0443990027036562,0.0,0.0,0.0,0.0,-0.202738280035314,-0.7140633621547648,-0.7407665691086565,-0.3779644730092272,-0.7508058875955863,0.676576203686402,-0.676576203686402,-0.408248290463863,-0.7250102411641544,0.7945466303660766,-0.4472135954999578,-1.1389071909150976,0.10030280696501154,0.026394419357356754,False,0.1,0.15,0.10013053594341989,0.14161941463099786,0.44051927165434435,0.417910447761194,0.27504491749748905
12,19,0.0028630726784199,-0.2015565383428359,-0.2010629004344844,-0.9975923088699956,-0.5418657496339441,0.9122357483337862,1.118033988749895,-0.4850584519619434,-0.331124340588225,-1.420996400147008,-1.6844233736341274,0.2032764186537813,-0.760587251918227,0.2084769619841985,0.652365709619395,-1.194618394340741,-0.5498769793070108,-0.3393807457115382,0.1751056736423949,0.0,0.0,0.0,0.0,-0.2028282065418103,-0.6830232467946575,-0.7102994226631107,-0.3779644730092272,-0.7508058875955863,0.922603914117821,-0.922603914117821,-0.408248290463863,-0.7250102411641544,0.9390096540689996,-0.4472135954999578,-0.5881403282963976,0.09912710566891841,0.026129810112932073,False,,,0.09912710566891841,0.03510570066648553,0.5686894325384875,0.16309142740484875,0.21650341656968505
12,20,0.0027614746064808,-0.2014962654565168,-0.2010305400178796,-0.9975923088699956,-0.6425917257769987,0.9122357483337862,1.118033988749895,-0.4850584519619434,-0.331124340588225,-1.420996400147008,-1.6844233736341274,0.2032764186537813,-1.1271543790448286,0.2084769619841985,0.4670188392746062,-1.16352561391956,-0.3974680628814283,-0.8840078317450828,0.0837984331352425,0.0,0.0,0.0,0.0,-0.2030558005978734,-0.7070786904829568,-0.7339108273618803,-0.3779644730092272,-0.7508058875955863,1.16863162454924,-1.16863162454924,-0.408248290463863,-0.7250102411641544,1.0834726777719228,-0.4472135954999578,-1.1389071909150976,0.10212873544708315,0.02597074339773924,False,,,0.10212873544708315,0.03510570066648553,0.5686894325384875,0.11675470981865155,0.20566964461767692
12,21,0.0021190200931064,-0.2015377069931103,-0.2015561077882454,-0.9975923088699956,-0.613723330142744,0.9122357483337862,1.118033988749895,-0.4850584519619434,-0.331124340588225,-1.420996400147008,-1.6844233736341274,0.2032764186537813,-1.1271543790448286,0.2084769619841985,1.036313392099799,-1.3396303920517845,-0.5345136054242644,-0.6246799482690469,0.3591579211308532,0.0,0.0,0.0,0.0,-0.2028993148548003,-0.7456394517680753,-0.7717597962685919,-0.3779644730092272,-0.7508058875955863,1.4146593349806589,-1.4146593349806589,-0.408248290463863,-0.7250102411641544,1.2279357014748458,-0.4472135954999578,-1.1389071909150976,0.0987309735919113,0.025558336639547277,False,,,0.0987309735919113,0.03510570066648553,0.5686894325384875,0.25,0.23813152669922108
12,22,0.0027634948235055,-0.2016222754583297,-0.2009360184087915,-0.9975923088699956,-0.664082905535809,0.9122357483337862,1.118033988749895,-0.4850584519619434,-0.331124340588225,-1.420996400147008,-1.6844233736341274,0.2032764186537813,-1.1271543790448286,0.2084769619841985,1.5555340197257423,-1.3190459623812092,-0.4984256604926193,-0.0421405162904991,0.3127382623848516,0.0,0.0,0.0,0.0,-0.2025799792266305,-0.7448878761422565,-0.7710220939633307,-0.3779644730092272,-0.7508058875955863,1.6606870454120777,-1.6606870454120777,-0.408248290463863,-0.7250102411641544,1.3723987251777687,-0.4472135954999578,-1.1389071909150976,0.10271282742404836,0.025836366788012915,False,,,0.10271282742404836,0.03510570066648553,0.5686894325384875,0.25,0.23912699015725533
12,23,0.0026840731499,-0.2016080948026945,-0.2010035150049022,-0.5497154839363793,-0.6767480182884725,0.9122357483337862,1.118033988749895,-0.4850584519619434,-0.331124340588225,-1.420996400147008,-1.6844233736341274,0.2032764186537813,-1.1271543790448286,0.2084769619841985,1.3200279167223194,-1.221751980040907,-0.4325302284948176,-0.2209433265563433,0.0906590124528622,0.0,0.0,0.0,0.0,-0.202633526238077,-0.7614170927637205,-0.7872461980813042,-0.3779644730092272,-0.7508058875955863,1.9067147558434967,-1.9067147558434967,-0.408248290463863,-0.7250102411641544,1.516861748880692,-0.4472135954999578,-1.1389071909150976,0.09568516268674354,0.026036526097738242,False,,,0.09568516268674354,0.03510570066648553,0.5686894325384875,0.25,0.23737007397292914
12,24,0.0034170258267639,-0.2016294326127001,-0.2007339710510899,-0.9975923088699956,-0.5261991988679171,0.9122357483337862,1.118033988749895,-0.4850584519619434,-0.331124340588225,-1.420996400147008,-1.6844233736341274,0.2032764186537813,-0.5580033166102276,0.2084769619841985,1.596290880825315,-1.215158966561442,-0.4768223601553101,-0.1302694610981426,0.2342924352927226,0.0,0.0,0.0,0.0,-0.2025529533798106,-0.6700299389772162,-0.6975459580740322,-0.3779644730092272,-0.7508058875955863,2.1527424662749155,-2.1527424662749155,-0.408248290463863,-0.7250102411641544,1.6613247725836149,-0.4472135954999578,-0.5881403282963976,0.001877039725867946,0.026457715032218023,False,,,0.001877039725867946,0.03510570066648553,0.5686894325384875,0.25,0.21391804323271024
13,1,0.0020047759736183,-0.2036411714229681,-0.2028924952362883,-0.9975923088699956,0.1489656544835616,0.6374321243939683,-1.118033988749895,1.373539701388967,-0.331124340588225,-5.258743071175584e-16,1.0028194968612474,1.6758602080986122,0.9340420560249084,-0.4548588261473418,-0.1375685491879321,0.91754152565082,2.4119963984560537,2.660150969537197,0.4875434376091169,0.0,0.0,0.0,0.0,-0.1927059718525288,2.2332585066496558,2.1521507399046413,-0.3779644730092272,0.7840526372081756,-0.7995900589021115,0.7995900589021115,-0.408248290463863,-0.7250102411641544,-1.661324772583615,-0.4472135954999578,0.5133933969410024,0.11256111219523302,0.0266690831945325,False,,,0.11256111219523302,0.4950271502424126,0.5769147196087179,0.75,0.4836257455115909
13,2,-0.0673483847756894,-0.2025404053310808,-0.1784925474073873,-0.5497154839363793,0.5119544549477215,0.6374321243939683,-1.118033988749895,1.373539701388967,-0.331124340588225,-5.258743071175584e-16,1.0028194968612474,1.6758602080986122,1.058762483368768,-0.4548588261473418,-0.2436617983878718,0.6457478888174493,2.4119963984560537,0.109732269359834,0.9126245272982708,0.0,0.0,0.0,0.0,-0.1968625310440559,2.6994632898154616,2.609749857612219,-0.3779644730092272,-0.1474822260389,-0.7995900589021115,0.7995900589021115,-0.408248290463863,-0.7250102411641544,-1.516861748880692,-0.4472135954999578,1.0641602595597024,0.09547203246599753,0.026502915024795095,False,,,0.09547203246599753,0.4950271502424126,0.6,0.4384062942759419,0.407226369246088
13,3,-0.0311355228140742,-0.2025891727314486,-0.1803802803770903,-0.1018386590027628,0.5734452366467887,0.6374321243939683,-1.118033988749895,1.373539701388967,-0.331124340588225,-5.258743071175584e-16,1.0028194968612474,1.6758602080986122,1.058762483368768,-0.4548588261473418,0.3401421151336,1.4563245757957528,2.4119963984560537,0.3864690743922394,0.4851323868275038,0.0,0.0,0.0,0.0,-0.1966783823972728,2.922931637268733,2.8290932069785404,-0.3779644730092272,-0.5939996449966061,-0.7995900589021115,0.7995900589021115,-0.408248290463863,-0.7250102411641544,-1.3723987251777692,-0.4472135954999578,1.0641602595597024,0.09870567466910518,0.02656120356087787,False,,,0.09870567466910518,0.4950271502424126,0.6,0.6202997048206839,0.45350813243305044
13,4,-0.0188875599652637,-0.2025195790751732,-0.1819104132091622,-0.9975923088699956,0.2462229716262744,0.6374321243939683,-1.118033988749895,1.373539701388967,-0.331124340588225,-5.258743071175584e-16,1.0028194968612474,1.6758602080986122,1.058762483368768,-0.4548588261473418,0.0569095648196489,1.1468588542807103,-0.9565115151512316,0.3648086669708991,0.4041727573271431,0.0,0.0,0.0,0.0,-0.1969411722431769,2.3391859348587487,2.2561228556782256,-0.3779644730092272,0.5723965240280192,-0.7995900589021115,0.7995900589021115,-0.408248290463863,-0.7250102411641544,-1.2279357014748462,-0.4472135954999578,1.0641602595597024,0.09909575286144812,0.0266034743574561,False,,,0.09909575286144812,0.4950271502424126,0.6,0.14191042464472692,0.3340083319371469
13,5,-0.0158368943092745,-0.2022356789557153,-0.1814328538448978,-0.1018386590027628,0.7090358232330835,0.6374321243939683,-1.118033988749895,1.373539701388967,-0.331124340588225,-5.258743071175584e-16,1.0028194968612474,1.6758602080986122,1.058762483368768,-0.4548588261473418,0.070367686470187,0.6359078619202956,-0.9531504633883776,-0.242441239018545,1.132018453722325,0.0,0.0,0.0,0.0,-0.1980131962269329,3.1039716788849243,3.006791433819445,-0.3779644730092272,-0.7508058875955863,-0.7995900589021115,0.7995900589021115,-0.408248290463863,-0.7250102411641544,-1.0834726777719228,-0.4472135954999578,1.0641602595597024,0.10358958574564955,0.02655204597251506,False,,,0.10358958574564955,0.4950271502424126,0.6,0.01759192161754675,0.30405216440140226
13,6,-0.0149766794003459,-0.2019512308317061,-0.1796774279541604,-0.9975923088699956,0.2377988693129674,0.6374321243939683,-1.118033988749895,1.373539701388967,-0.331124340588225,-5.258743071175584e-16,1.0028194968612474,1.6758602080986122,1.058762483368768,-0.4548588261473418,1.3357100399010298,1.3793743421440887,-0.7953752565239783,-0.886949926203865,0.3214045161496504,0.0,0.0,0.0,0.0,-0.1990872895089451,2.4229597469342545,2.338350288508142,-0.3779644730092272,0.405006078040921,-0.7995900589021115,0.7995900589021115,-0.408248290463863,-0.7250102411641544,-0.939009654069,-0.4472135954999578,1.0641602595597024,0.09964217515013338,0.02660038373891649,False,0.05,0.1,0.09964217515013338,0.4950271502424126,0.6,0.25,0.3611673313481365
13,7,-0.0053419349430927,-0.2021637069200986,-0.1925376791703927,-0.5497154839363793,0.4997813840658257,0.6374321243939683,-1.118033988749895,1.373539701388967,-0.331124340588225,-5.258743071175584e-16,1.0028194968612474,1.6758602080986122,1.058762483368768,-0.4548588261473418,0.2852415424086791,0.881407415865844,0.6591288698138527,-0.1334317863175779,0.7618529670680413,0.0,0.0,0.0,0.0,-0.198284966976759,2.760204965490061,2.669370303820492,-0.3779644730092272,-0.2688516125962493,-0.7995900589021115,0.7995900589021115,-0.408248290463863,-0.7250102411641544,-0.7945466303660769,-0.4472135954999578,1.0641602595597024,0.09510801347682621,0.02651534346426656,False,,,0.09510801347682621,0.4950271502424126,0.6,0.33496193352771086,0.38127427431173744
13,8,-0.0046895557512734,-0.2021158235332368,-0.1929515824315212,-0.1018386590027628,0.836246341985402,0.6374321243939683,-1.118033988749895,1.373539701388967,-0.331124340588225,-5.258743071175584e-16,1.0028194968612474,1.6758602080986122,1.058762483368768,-0.4548588261473418,-0.6484424507855259,0.6190837168907302,-0.7465737839266454,-0.1092992415605275,1.1188235482749156,0.0,0.0,0.0,0.0,-0.1984657775351953,3.0493708993784248,2.953198529090636,-0.3779644730092272,-0.7508058875955863,-0.7995900589021115,0.7995900589021115,-0.408248290463863,-0.7250102411641544,-0.6500836066631539,-0.4472135954999578,1.0641602595597024,0.09423954809180005,0.02649232905697989,False,,,0.09423954809180005,0.4950271502424126,0.6,0.0,0.29731667458355315
13,9,-0.0026156354232305,-0.2020356543160912,-0.1948920723925729,-0.1018386590027628,0.915669414491915,0.6374321243939683,-1.118033988749895,1.373539701388967,-0.331124340588225,-5.258743071175584e-16,1.0028194968612474,1.6758602080986122,1.058762483368768,-0.4548588261473418,0.8246246272646363,0.9216207468306952,-0.7524376687085048,-0.1830031243856493,0.9385711413114348,0.0,0.0,0.0,0.0,-0.1987685013371547,3.1946492703705194,3.095795209323179,-0.3779644730092272,-0.7508058875955863,-0.7995900589021115,0.7995900589021115,-0.408248290463863,-0.7250102411641544,-0.5056205829602308,-0.4472135954999578,1.0641602595597024,0.1013017674556942,0.026547293251504317,False,,,0.1013017674556942,0.4950271502424126,0.6,0.20615615681615906,0.35062126862856646
13,10,0.0001671470274408,-0.2019904349654617,-0.1984937250756285,0.3460381659308536,0.9970148567577108,0.6374321243939683,-1.118033988749895,1.373539701388967,-0.331124340588225,-5.258743071175584e-16,1.0028194968612474,1.6758602080986122,1.058762483368768,-0.4548588261473418,0.3725634887973643,0.7715730377461258,-0.7111562804726516,-0.1504393886264732,0.615468667602029,0.0,0.0,0.0,0.0,-0.1989392523340097,2.302218704995694,3.173638397345956,2.6457513110645903,0.6462616250706571,-0.7995900589021115,0.7995900589021115,-0.408248290463863,-0.7250102411641544,-0.3611575592573077,-0.4472135954999578,1.0641602595597024,0.10177480236097003,0.026512218362623765,False,,,0.10177480236097003,0.4950271502424126,0.6,0.09314087219934107,0.3224857062006809
13,11,0.0012779677822617,-0.2019904770843479,-0.1995625383098107,0.3460381659308536,1.1426378615125246,0.6374321243939683,-1.118033988749895,1.373539701388967,-0.331124340588225,-5.258743071175584e-16,1.0028194968612474,1.6758602080986122,1.058762483368768,-0.4548588261473418,-0.29210425654505,1.4685669863035655,-0.0360051273887873,0.033319188215379,0.2690919656077309,0.0,0.0,0.0,0.0,-0.1989390932905535,2.3961395711849818,3.288872375670629,2.6457513110645903,0.4585961089694021,-0.7995900589021115,0.7995900589021115,-0.408248290463863,-0.7250102411641544,-0.2166945355543847,-0.4472135954999578,1.0641602595597024,0.10838673622041328,0.026317119082475134,False,,,0.10838673622041328,0.4950271502424126,0.6,0.01166171587538265,0.30376890058455214
13,12,-0.0005625207265719,-0.2019627236122441,-0.1996602966305997,0.79391499086447,1.2857466164270164,0.6374321243939683,-1.118033988749895,1.373539701388967,-0.331124340588225,-5.258743071175584e-16,1.0028194968612474,1.6758602080986122,1.058762483368768,-0.4548588261473418,0.0658135446232088,1.4853966808137165,-0.4972025097707271,0.1354652028461354,0.3269453291405233,0.0,0.0,0.0,0.0,-0.1990438920760722,2.5612329000507965,3.491429718377941,2.6457513110645903,0.128719202765878,-0.7995900589021115,0.7995900589021115,-0.408248290463863,-0.7250102411641544,-0.0722315118514616,-0.4472135954999578,1.0641602595597024,0.09386064662607968,0.026423509861177065,False,0.4,0.2,0.13977870456558372,0.49729239621620447,0.5242424242424243,0.5394216357106075,0.425183790183705
13,13,-0.0016122299528463,-0.2017577123614198,-0.1980580222777364,0.79391499086447,1.4122564622907012,0.6374321243939683,-1.118033988749895,1.373539701388967,-0.331124340588225,-5.258743071175584e-16,1.0028194968612474,1.6758602080986122,1.058762483368768,-0.4548588261473418,-1.0130483687261378,1.0534507994626048,-0.7134280215154225,-0.3813622211681478,1.0506916051036077,0.0,0.0,0.0,0.0,-0.1998180269311161,3.655710251349302,3.548345474193039,-0.3779644730092272,-0.7508058875955863,-0.5535623484706925,0.5535623484706925,-0.408248290463863,-0.7250102411641544,0.0722315118514612,-0.4472135954999578,1.0641602595597024,0.10040715944610384,0.026653463309981824,False,,,0.10040715944610384,0.4950271502424126,0.6,0.0,0.2988585774221291
13,14,-0.0016639345698794,-0.2017732328507869,-0.198002777221225,0.3460381659308536,1.4713761762070332,0.6374321243939683,-1.118033988749895,1.373539701388967,-0.331124340588225,-5.258743071175584e-16,1.0028194968612474,1.6758602080986122,1.058762483368768,-0.4548588261473418,0.0545066488889577,0.9210093731155738,-0.7202571612131049,-0.1284679008582715,1.1047094219334672,0.0,0.0,0.0,0.0,-0.1997594206266419,3.5457824724007345,3.440446850080195,-0.3779644730092272,-0.7508058875955863,-0.3075346380392736,0.3075346380392736,-0.408248290463863,-0.7250102411641544,0.2166945355543845,2.2360679774997894,1.0641602595597024,0.10228214573172328,0.026276328072780443,False,,,0.10228214573172328,0.4950271502424126,0.6,0.013626662222239424,0.3027339895490938
13,15,-0.0023116614763283,-0.2016822134590495,-0.1973380016439058,0.3460381659308536,1.3994286566213288,0.6374321243939683,-1.118033988749895,1.373539701388967,-0.331124340588225,-5.258743071175584e-16,1.0028194968612474,1.6758602080986122,1.058762483368768,-0.4548588261473418,0.6522459129893707,0.7419388274369461,-0.5515832994665386,-0.2620468664160014,1.1792999828258386,0.0,0.0,0.0,0.0,-0.2001031153426415,3.3839581267123537,3.2816096169918474,-0.3779644730092272,-0.7508058875955863,-0.0615069276078547,0.0615069276078547,-0.408248290463863,-0.7250102411641544,0.3611575592573074,2.2360679774997894,1.0641602595597024,0.09851746758163271,0.026149157740591768,False,,,0.09851746758163271,0.4950271502424126,0.6,0.16306147824734268,0.33915152401784704
13,16,-0.0016825256644372,-0.2017460078249234,-0.1977750112239097,1.689668640731703,2.329327595213565,0.6374321243939683,-1.118033988749895,1.373539701388967,-0.331124340588225,-5.258743071175584e-16,1.0028194968612474,1.6758602080986122,1.058762483368768,-0.4548588261473418,-0.9942071366376312,1.307185650483541,-0.5280925018067504,0.2088522712058583,1.17911409910595,0.0,0.0,0.0,0.0,-0.1998622239672665,4.393342030658268,4.272361322148866,-0.3779644730092272,-0.7508058875955863,0.1845207828235641,-0.1845207828235641,-0.408248290463863,-0.7250102411641544,0.5056205829602304,2.2360679774997894,1.0641602595597024,0.10075192451609927,0.02665423344148865,False,,,0.10075192451609927,0.4950271502424126,0.6,0.0730982949220504,0.31721934242014055
13,17,-0.0025785075493124,-0.2014787324456382,-0.1965604815627551,0.79391499086447,1.7266091139910331,0.6374321243939683,-1.118033988749895,1.373539701388967,-0.331124340588225,-5.258743071175584e-16,1.0028194968612474,1.6758602080986122,1.058762483368768,-0.4548588261473418,0.516350665139978,1.3830815616401275,-0.5240219928642457,-0.6530226426653611,0.8091748834041049,0.0,0.0,0.0,0.0,-0.2008714719288679,3.622472737119244,3.5157214906225867,-0.3779644730092272,-0.7508058875955863,0.4305484932549831,-0.4305484932549831,-0.408248290463863,-0.7250102411641544,0.6500836066631537,2.2360679774997894,1.0641602595597024,0.09861555155100564,0.0265502101032432,False,,,0.09861555155100564,0.4950271502424126,0.6,0.1290876662849945,0.33068259201960315
13,18,-0.001051187108192,-0.2015821262532034,-0.1981527716532322,1.2417918157980865,2.1398981494695213,0.6374321243939683,-1.118033988749895,1.373539701388967,-0.331124340588225,-5.258743071175584e-16,1.0028194968612474,1.6758602080986122,1.058762483368768,-0.4548588261473418,-1.0498610571684142,1.8934680923690743,-0.564648434982187,0.0146942436789171,0.6914163809702892,0.0,0.0,0.0,0.0,-0.2004810506719363,4.067471881086682,3.952506403633025,-0.3779644730092272,-0.7508058875955863,0.676576203686402,-0.676576203686402,-0.408248290463863,-0.7250102411641544,0.7945466303660766,-0.4472135954999578,1.0641602595597024,0.10239950426706138,0.026528615596847258,False,0.2,0.2,0.11094718393355762,0.49729239621620447,0.6,0.38099938953744544,0.3973097424218019
13,19,-0.00278736122097,-0.2013543181583338,-0.1962814824158728,1.2417918157980865,2.4241746506872834,0.6374321243939683,-1.118033988749895,1.373539701388967,-0.331124340588225,-5.258743071175584e-16,1.0028194968612474,1.6758602080986122,1.058762483368768,-0.4548588261473418,-0.4733129988111503,1.2989404719905575,-0.6468266382369375,-0.7591498271511081,1.1357716940275455,0.0,0.0,0.0,0.0,-0.2013412677858292,4.27502350275113,4.156226833757078,-0.3779644730092272,-0.7508058875955863,0.922603914117821,-0.922603914117821,-0.408248290463863,-0.7250102411641544,0.9390096540689996,-0.4472135954999578,1.0641602595597024,0.09847451066797779,0.026465808488010657,False,,,0.09847451066797779,0.4950271502424126,0.6,0.0,0.2983754152275976
13,20,-0.0033925823291678,-0.2012968843641043,-0.1956503338644514,0.3460381659308536,1.5110056012609796,0.6374321243939683,-1.118033988749895,1.373539701388967,-0.331124340588225,-5.258743071175584e-16,1.0028194968612474,1.6758602080986122,1.058762483368768,-0.4548588261473418,0.7433390547982248,1.3109222590738994,-0.5255916550283156,-0.7973957567209706,0.7157824573003514,0.0,0.0,0.0,0.0,-0.2015581412588301,3.2886687107508346,3.1880791465947778,-0.3779644730092272,-0.7508058875955863,1.16863162454924,-1.16863162454924,-0.408248290463863,-0.7250102411641544,1.0834726777719228,-0.4472135954999578,1.0641602595597024,0.10025948286554834,0.02662837605285841,False,,,0.10025948286554834,0.4950271502424126,0.6,0.1858347636995562,0.34528034920187933
13,21,-0.0031526547900746,-0.2013276708925472,-0.1958306913053293,1.2417918157980865,2.2891090311921927,0.6374321243939683,-1.118033988749895,1.373539701388967,-0.331124340588225,-5.258743071175584e-16,1.0028194968612474,1.6758602080986122,1.058762483368768,-0.4548588261473418,-1.3430366607494024,1.64559247892015,-0.540983365332062,-0.3965467355378532,0.7812586564837126,0.0,0.0,0.0,0.0,-0.2014418894695375,3.948242689504077,3.83547806148969,-0.3779644730092272,-0.7508058875955863,1.4146593349806589,-1.4146593349806589,-0.408248290463863,-0.7250102411641544,1.2279357014748458,-0.4472135954999578,1.0641602595597024,0.09934564831064002,0.02633236768796908,False,,,0.09934564831064002,0.4950271502424126,0.6,0.0,0.29859319963826314
13,22,-0.0011634691758297,-0.2012908900383573,-0.1981582762498699,1.689668640731703,2.5990595646178587,0.6374321243939683,-1.118033988749895,1.373539701388967,-0.331124340588225,-5.258743071175584e-16,1.0028194968612474,1.6758602080986122,1.058762483368768,-0.4548588261473418,-1.857756905034996,1.5435127693805393,-0.6078908596411927,-0.3093969934151184,1.067395074285802,0.0,0.0,0.0,0.0,-0.2015807761945939,4.528941961252293,4.405458216135403,-0.3779644730092272,-0.7508058875955863,1.6606870454120777,-1.6606870454120777,-0.408248290463863,-0.7250102411641544,1.3723987251777687,-0.4472135954999578,1.0641602595597024,0.10118709899869921,0.026507517931227752,False,,,0.10118709899869921,0.4950271502424126,0.6,0.0,0.29905356231027796
13,23,-0.002171217635538,-0.201150059292141,-0.1971953007387845,1.2417918157980865,2.3963266128361917,0.6374321243939683,-1.118033988749895,1.373539701388967,-0.331124340588225,-5.258743071175584e-16,1.0028194968612474,1.6758602080986122,1.058762483368768,-0.4548588261473418,-0.1942068077010915,1.551354981322737,-0.5950783956300173,-0.7961113391595142,0.9354916842563172,0.0,0.0,0.0,0.0,-0.2021125615910999,4.203234261172863,4.085762748459551,-0.3779644730092272,-0.7508058875955863,1.9067147558434967,-1.9067147558434967,-0.408248290463863,-0.7250102411641544,1.516861748880692,-0.4472135954999578,1.0641602595597024,0.09446154066397561,0.02622243130184923,False,,,0.09446154066397561,0.4950271502424126,0.6,0.0,0.29737217272659705
13,24,-0.0005934374879335,-0.2011610993718851,-0.1993837085624879,1.2417918157980865,2.171275703075282,0.6374321243939683,-1.118033988749895,1.373539701388967,-0.331124340588225,-5.258743071175584e-16,1.0028194968612474,1.6758602080986122,1.058762483368768,-0.4548588261473418,-0.4204482329387933,1.2720517688953388,-0.591717691045238,-0.4378040982506193,1.032134082592285,0.0,0.0,0.0,0.0,-0.2020708735837442,3.982122848240432,3.868732827003398,-0.3779644730092272,-0.7508058875955863,2.1527424662749155,-2.1527424662749155,-0.408248290463863,-0.7250102411641544,1.6613247725836149,-0.4472135954999578,1.0641602595597024,0.005650828709777123,0.02634768722380048,False,,,0.005650828709777123,0.4950271502424126,0.6,0.0,0.2751694947380474
14,1,0.0020047759736183,-0.2033069909308686,-0.2028924952362883,-0.5497154839363793,-0.316070375282685,0.7484199385384238,0.0,0.4581107601862798,-0.331124340588225,-0.4736654667156711,0.5640859669844501,-1.0538392726229702,1.058762483368768,1.5351485382472794,-0.2067836511681561,1.632898987214256,2.4119963984560537,4.154637637595989,-0.1508699579702165,0.0,0.0,0.0,0.0,-0.2050517393602552,1.4784998346550011,1.411324144258017,-0.3779644730092272,-0.7508058875955863,-0.7995900589021115,0.7995900589021115,-0.408248290463863,-0.7250102411641544,-1.661324772583615,-0.4472135954999578,1.0641602595597024,0.12114661432195462,0.026562922407744598,False,,,0.12114661432195462,0.4506320245846305,0.966553216359545,0.75,0.5720829638165326
14,2,0.0010719320791147,-0.2032921849304354,-0.2025643004991995,-0.5497154839363793,-0.3011454301544289,0.7484199385384238,0.0,0.4581107601862798,-0.331124340588225,-0.4736654667156711,0.5640859669844501,-1.0538392726229702,1.058762483368768,1.5351485382472794,0.4158326390354241,0.9343901864535384,2.4119963984560537,1.7459973963636173,0.0937419602877711,0.0,0.0,0.0,0.0,-0.2051076477113969,1.416603295402358,1.350570152077098,-0.3779644730092272,-0.7508058875955863,-0.7995900589021115,0.7995900589021115,-0.408248290463863,-0.7250102411641544,-1.516861748880692,-0.4472135954999578,1.0641602595597024,0.08141076824425753,0.025781001877289843,False,,,0.08141076824425753,0.4506320245846305,0.966553216359545,0.853958159758856,0.5881385422368223
14,3,0.0014218552577004,-0.2032884868179656,-0.2025380507481328,-0.5497154839363793,-0.3474108794241215,0.7484199385384238,0.0,0.4581107601862798,-0.331124340588225,-0.4736654667156711,0.5640859669844501,-1.0538392726229702,1.058762483368768,1.5351485382472794,0.1634303019962449,0.874807678467282,2.4119963984560537,1.2524524443016236,0.1280893520997435,0.0,0.0,0.0,0.0,-0.2051216120072551,1.4281271326405536,1.361881271017139,-0.3779644730092272,-0.7508058875955863,-0.7995900589021115,0.7995900589021115,-0.408248290463863,-0.7250102411641544,-1.3723987251777692,-0.4472135954999578,1.0641602595597024,0.11104664752611901,0.025845295536419316,False,,,0.11104664752611901,0.4506320245846305,0.966553216359545,0.7908575754990612,0.579772365992339
14,4,0.0016673505165286,-0.2032903716968346,-0.202567787697341,-0.9975923088699956,-0.4051476586389605,0.7484199385384238,0.0,0.4581107601862798,-0.331124340588225,-0.4736654667156711,0.5640859669844501,-1.0538392726229702,1.058762483368768,1.5351485382472794,1.5198673118670645,1.054349433182034,-0.9306283796128032,1.7845342897430083,-0.0154586210910873,0.0,0.0,0.0,0.0,-0.2051144945908976,1.2958103366764988,1.2320069083392449,-0.3779644730092272,-0.7508058875955863,-0.7995900589021115,0.7995900589021115,-0.408248290463863,-0.7250102411641544,-1.2279357014748462,-0.4472135954999578,1.0641602595597024,0.10044153140540424,0.02636888480873105,False,,,0.10044153140540424,0.4506320245846305,0.966553216359545,0.6,0.529406693087395
14,5,0.0017363393343731,-0.2032865945567808,-0.20256993772833,-0.5497154839363793,-0.2923283255289833,0.7484199385384238,0.0,0.4581107601862798,-0.331124340588225,-0.4736654667156711,0.5640859669844501,-1.0538392726229702,1.058762483368768,1.5351485382472794,-0.3177025543168851,1.2606977376592954,-0.8801911515369862,1.25006495628175,-0.0137810509601795,0.0,0.0,0.0,0.0,-0.2051287572996822,1.491910232555366,1.4244869998719027,-0.3779644730092272,-0.7508058875955863,-0.7995900589021115,0.7995900589021115,-0.408248290463863,-0.7250102411641544,-1.0834726777719228,-0.4472135954999578,1.0641602595597024,0.10158454162819758,0.026471145348579368,False,,,0.10158454162819758,0.4506320245846305,0.966553216359545,0.35,0.46719244564309326
14,6,0.0017750276381625,-0.203284442388938,-0.2025663849546263,-0.9975923088699956,-0.4562212370703928,0.7484199385384238,0.0,0.4581107601862798,-0.331124340588225,-0.4736654667156711,0.5640859669844501,-1.0538392726229702,1.058762483368768,1.5351485382472794,1.559200348097346,1.1359672228233595,-0.731858378609157,1.0089841909450297,-0.0542523767596994,0.0,0.0,0.0,0.0,-0.2051368840153346,1.2836153857873025,1.220037063822658,-0.3779644730092272,-0.7169185131809329,-0.7995900589021115,0.7995900589021115,-0.408248290463863,-0.7250102411641544,-0.939009654069,-0.4472135954999578,1.0641602595597024,0.09788659945056499,0.026051820599275435,False,0.2,0.1,0.09788659945056499,0.4506320245846305,0.966553216359545,0.6,0.5287679600986851
14,7,0.0019102792190896,-0.2032848681178401,-0.2027675852961246,-0.5497154839363793,-0.3365562572290432,0.7484199385384238,0.0,0.4581107601862798,-0.331124340588225,-0.4736654667156711,0.5640859669844501,-1.0538392726229702,1.058762483368768,1.5351485382472794,0.4030624378600332,1.367809430634648,1.0082779489862157,1.281315811065574,-0.0858607071014137,0.0,0.0,0.0,0.0,-0.2051352764373085,1.4159472590083777,1.3499262254467654,-0.3779644730092272,-0.7508058875955863,-0.7995900589021115,0.7995900589021115,-0.408248290463863,-0.7250102411641544,-0.7945466303660769,-0.4472135954999578,1.0641602595597024,0.09530126794060406,0.02642813620667155,False,,,0.09530126794060406,0.4506320245846305,0.966553216359545,0.8507656094650083,0.590813029587447
14,8,0.001916274964413,-0.2032823866477938,-0.2027749333771024,-0.9975923088699956,-0.3476891821720997,0.7484199385384238,0.0,0.4581107601862798,-0.331124340588225,-0.4736654667156711,0.5640859669844501,-1.0538392726229702,1.058762483368768,1.5351485382472794,0.9404430500965726,1.2996513842855482,-0.5554458061884344,0.957648886854114,-0.1325003420723835,0.0,0.0,0.0,0.0,-0.2051446466179543,1.2444254283847356,1.1815705131179777,-0.3779644730092272,-0.5921790782979482,-0.7995900589021115,0.7995900589021115,-0.408248290463863,-0.7250102411641544,-0.6500836066631539,-0.4472135954999578,1.0641602595597024,0.08832700920332939,0.02590488308993454,False,,,0.08832700920332939,0.4506320245846305,0.966553216359545,0.570287872923083,0.518950030767647
14,9,0.0019529453165062,-0.2032870527411799,-0.2027819244208872,-0.9975923088699956,-0.3714495556292258,0.7484199385384238,0.0,0.4581107601862798,-0.331124340588225,-0.4736654667156711,0.5640859669844501,-1.0538392726229702,1.058762483368768,1.5351485382472794,1.2623138941498335,1.5710062417953918,-0.572410704142366,2.1646541030049744,-0.2299693844639159,0.0,0.0,0.0,0.0,-0.2051270271677409,1.222413123079477,1.1599645325486752,-0.3779644730092272,-0.5221151459480284,-0.7995900589021115,0.7995900589021115,-0.408248290463863,-0.7250102411641544,-0.5056205829602308,-0.4472135954999578,1.0641602595597024,0.10973038012266856,0.026494776699648573,False,,,0.10973038012266856,0.4506320245846305,0.966553216359545,0.6,0.531728905266711
14,10,0.0019573065607307,-0.2032802506326541,-0.2027881533964186,-0.9975923088699956,-0.3104058429907155,0.7484199385384238,0.0,0.4581107601862798,-0.331124340588225,-0.4736654667156711,0.5640859669844501,-1.0538392726229702,1.058762483368768,1.5351485382472794,1.4704352350117855,1.0250488899062626,-0.5811930997039475,0.8819413436550984,-0.2680502496227507,0.0,0.0,0.0,0.0,-0.2051527123400251,0.7143599748860306,1.2254528033233187,2.6457513110645903,1.0949895103591798,-0.7995900589021115,0.7995900589021115,-0.408248290463863,-0.7250102411641544,-0.3611575592573077,-0.4472135954999578,1.0641602595597024,0.1001492249088099,0.026457428544720774,False,,,0.1001492249088099,0.4506320245846305,0.966553216359545,0.5586794702792843,0.5190034840330675
14,11,0.0019766874169281,-0.2032831589309964,-0.2027983260981826,-1.445469133803612,-0.4181325853966162,0.7484199385384238,0.0,0.4581107601862798,3.020013564160076,-0.4736654667156711,0.5640859669844501,-1.0538392726229702,0.0688529082805436,1.5351485382472794,1.1418923342919296,1.627241118950753,0.2225478325976899,1.7585169125737448,-0.5068620444073163,0.0,0.0,0.0,0.0,-0.2051417304299756,0.5392743987773231,1.010635709945888,2.6457513110645903,1.6522770724663949,-0.7995900589021115,0.7995900589021115,-0.408248290463863,-0.7250102411641544,-0.2166945355543847,-0.4472135954999578,-0.0373734656776976,0.10300232717068619,0.026669523305902314,False,,,0.10300232717068619,0.7006320245846305,0.6406517342577354,0.6890191330390759,0.533326304763032
14,12,0.0019671409971902,-0.2032815838008394,-0.2027940297469518,-0.9975923088699956,-0.399611585185938,0.7484199385384238,0.0,0.4581107601862798,-0.331124340588225,-0.4736654667156711,0.5640859669844501,-1.0538392726229702,0.3594479965471979,1.5351485382472794,-0.0258623668255391,1.362137547321714,-0.2923697049138569,1.6238421987056724,-0.435847651236268,0.0,0.0,0.0,0.0,-0.2051476782165037,0.5586390073577331,1.034394656982464,2.6457513110645903,1.5906406101901598,-0.7995900589021115,0.7995900589021115,-0.408248290463863,-0.7250102411641544,-0.0722315118514616,-0.4472135954999578,0.5133933969410024,0.10145207623328772,0.026607883027014577,False,0.2,0.3,0.11489530429731659,0.35807428251637474,0.7191518282395384,0.4421052631578947,0.40855666955278114
14,13,0.0019650765273401,-0.2032806756142031,-0.2027927057108104,-1.445469133803612,-0.3954309236722225,0.7484199385384238,0.0,0.4581107601862798,3.020013564160076,-0.4736654667156711,0.5640859669844501,-1.0538392726229702,0.0359062508362666,1.5351485382472794,1.3268160809227454,1.8002923440094352,-0.4277247832346169,1.644490801933983,-0.3627341735215775,0.0,0.0,0.0,0.0,-0.2051511075840494,1.0357266430976713,0.9767240948433734,-0.3779644730092272,0.0720974420885925,-0.5535623484706925,0.5535623484706925,-0.408248290463863,-0.7250102411641544,0.0722315118514612,-0.4472135954999578,-0.0373734656776976,0.10134224962093241,0.026607125080294884,False,,,0.10134224962093241,0.7006320245846305,0.6291204041522385,0.6,0.5077736695894504
14,14,0.0019739958612623,-0.2032836930072817,-0.2027909505393276,-1.445469133803612,-0.3875875259356919,0.7484199385384238,0.0,0.4581107601862798,3.020013564160076,-0.4736654667156711,0.5640859669844501,-1.0538392726229702,-0.0454287012239251,1.5351485382472794,0.8751410856933238,1.849245423617058,-0.4366583176811026,2.6701068849967724,-0.4053708977276788,0.0,0.0,0.0,0.0,-0.2051397137256923,0.9504351189082422,0.8930069653193364,-0.3779644730092272,0.3435755766119281,-0.3075346380392736,0.3075346380392736,-0.408248290463863,-0.7250102411641544,0.2166945355543845,2.2360679774997894,-0.0373734656776976,0.10745313999808775,0.02643765301922507,False,,,0.10745313999808775,0.7006320245846305,0.6165532163595451,0.5687852714233309,0.4983559130913986
14,15,0.0020509602632323,-0.2032852430496086,-0.2028144747062623,-1.445469133803612,-0.4089738482393929,0.7484199385384238,0.0,0.4581107601862798,3.020013564160076,-0.4736654667156711,0.5640859669844501,-1.0538392726229702,-0.1030531555390661,1.5351485382472794,1.4432729005615328,1.381924054503446,-0.313369648357105,3.382704409869823,-0.3056544079650645,0.0,0.0,0.0,0.0,-0.2051338606723246,0.8900074993593274,0.8336947780805409,-0.3779644730092272,0.53591329814673,-0.0615069276078547,0.0615069276078547,-0.408248290463863,-0.7250102411641544,0.3611575592573074,2.2360679774997894,-0.0373734656776976,0.49159978959963613,0.02601691811108665,False,,,0.49159978959963613,0.7006320245846305,0.6165532163595451,0.6,0.602196257635953
14,16,0.0020550771311624,-0.203285948525989,-0.2028100415005786,-1.445469133803612,-0.2852302293403421,0.7484199385384238,0.0,0.4581107601862798,3.020013564160076,-0.4736654667156711,0.5640859669844501,-1.0538392726229702,-0.0504994127907689,1.5351485382472794,1.8135393045563364,1.738954291008175,-0.2467909081802345,3.917614100370797,-0.3807545918619135,0.0,0.0,0.0,0.0,-0.2051311967509386,0.9451177404958104,0.8877877402965404,-0.3779644730092272,0.3605004936617814,0.1845207828235641,-0.1845207828235641,-0.408248290463863,-0.7250102411641544,0.5056205829602304,2.2360679774997894,-0.0373734656776976,0.5034161840195276,0.026408554868921325,False,,,0.5034161840195276,0.7006320245846305,0.6165532163595451,0.6,0.6051503562409258
14,17,0.0020080080394505,-0.2032784691383714,-0.2027763344676676,-0.9975923088699956,-0.3776529029871637,0.7484199385384238,0.0,0.4581107601862798,-0.331124340588225,-0.4736654667156711,0.5640859669844501,-1.0538392726229702,-0.4013645363409784,1.5351485382472794,1.3893954279636458,0.9549159888094898,-0.4381099302928242,2.151952021378528,-0.1875132902547686,0.0,0.0,0.0,0.0,-0.2051594393699455,0.8343889451139402,0.7791028856978995,-0.3779644730092272,0.712944034728338,0.4305484932549831,-0.4305484932549831,-0.408248290463863,-0.7250102411641544,0.6500836066631537,2.2360679774997894,-0.5881403282963976,0.10558346007951908,0.02656889765389488,False,,,0.10558346007951908,0.4506320245846305,0.6165532163595451,0.6,0.4431921752559237
14,18,0.0019342570872744,-0.2032758339617096,-0.2027301559425756,-0.9975923088699956,-0.4311584546859234,0.7484199385384238,0.0,0.4581107601862798,-0.331124340588225,-0.4736654667156711,0.5640859669844501,-1.0538392726229702,-1.1271543790448286,1.5351485382472794,0.7694291413464172,1.128178558857825,-0.3720535733104663,1.683859848695416,-0.2989637690870505,0.0,0.0,0.0,0.0,-0.2051693899560468,0.72163157833546,0.6684269050644883,-0.3779644730092272,1.071844404697096,0.676576203686402,-0.676576203686402,-0.408248290463863,-0.7250102411641544,0.7945466303660766,-0.4472135954999578,-1.1389071909150976,0.10419771729241056,0.02638739412915995,False,0.23,0.2,0.1344568032601795,0.41338648501605957,0.5565071263692257,0.5191507122141656,0.4058752817149076
14,19,0.001868618898953,-0.2032757068419063,-0.2027021134691442,-0.9975923088699956,-0.3067323144993869,0.7484199385384238,0.0,0.4581107601862798,-0.331124340588225,-0.4736654667156711,0.5640859669844501,-1.0538392726229702,-0.5050372577791804,1.5351485382472794,0.4212291947124103,1.057057281111844,-0.3949437561210093,1.9555730493669463,-0.2325858157750277,0.0,0.0,0.0,0.0,-0.2051698699680953,0.8169943973494578,0.7620294235684505,-0.3779644730092272,0.7683099039967877,0.922603914117821,-0.922603914117821,-0.408248290463863,-0.7250102411641544,0.9390096540689996,-0.4472135954999578,-0.5881403282963976,0.08936472510595506,0.025975671781192134,False,,,0.08936472510595506,0.4506320245846305,0.6165532163595451,0.45530729867810255,0.4029643161820583
14,20,0.0018638722116591,-0.2032762602272928,-0.2026993237641913,-0.9975923088699956,-0.415445668979069,0.7484199385384238,0.0,0.4581107601862798,-0.331124340588225,-0.4736654667156711,0.5640859669844501,-1.0538392726229702,-0.8379105270417482,1.5351485382472794,-0.1719655661486829,0.8164774908600485,-0.3835893244587397,2.4733872156994474,-0.1686317518421566,0.0,0.0,0.0,0.0,-0.2051677803514805,0.7611438331761378,0.7072098039248392,-0.3779644730092272,0.94607911515749,1.16863162454924,-1.16863162454924,-0.408248290463863,-0.7250102411641544,1.0834726777719228,-0.4472135954999578,-0.5881403282963976,0.10119416544634316,0.02627121642272961,False,,,0.10119416544634316,0.4506320245846305,0.6165532163595451,0.35,0.37959485159762973
14,21,0.001867281082721,-0.2032720231652062,-0.2027028943518123,-0.9975923088699956,-0.345569570948456,0.7484199385384238,0.0,0.4581107601862798,-0.331124340588225,-0.4736654667156711,0.5640859669844501,-1.0538392726229702,-1.1271543790448286,1.5351485382472794,0.6543413977113766,0.9792865377639162,-0.3486248047060525,1.407746371960936,-0.2572319613341344,0.0,0.0,0.0,0.0,-0.2051837797536159,0.703405460670612,0.6505372229680644,-0.3779644730092272,1.1298571142866964,1.4146593349806589,-1.4146593349806589,-0.408248290463863,-0.7250102411641544,1.2279357014748458,-0.4472135954999578,-1.1389071909150976,0.09607373693583088,0.026122612054742717,False,,,0.09607373693583088,0.4506320245846305,0.6165532163595451,0.5135853494278442,0.41921108182696265
14,22,0.0019420425103032,-0.2032736750465555,-0.2028023833359801,-0.9975923088699956,-0.4531273410826044,0.7484199385384238,0.0,0.4581107601862798,-0.331124340588225,-0.4736654667156711,0.5640859669844501,-1.0538392726229702,-1.1271543790448286,1.5351485382472794,0.4604794348433642,0.6718549844864976,-0.4095763202541582,2.343081235754735,-0.1680587125308822,0.0,0.0,0.0,0.0,-0.205177542149954,0.6434544560422668,0.5916928528238459,-0.3779644730092272,1.3206777972792534,1.6606870454120777,-1.6606870454120777,-0.408248290463863,-0.7250102411641544,1.3723987251777687,-0.4472135954999578,-1.1389071909150976,0.10666551094927323,0.025825120846609977,False,,,0.10666551094927323,0.4506320245846305,0.6165532163595451,0.46511985871084105,0.40974265265107246
14,23,0.0019602315537366,-0.2032729514208215,-0.2028212464613583,-0.9975923088699956,-0.3942639987697572,0.7484199385384238,0.0,0.4581107601862798,-0.331124340588225,-0.4736654667156711,0.5640859669844501,-1.0538392726229702,-1.1271543790448286,1.5351485382472794,-0.0983136391920025,0.3580468447418584,-0.489908068690467,2.4819793726498576,0.0103665189678895,0.0,0.0,0.0,0.0,-0.2051802746043944,0.6917902296214012,0.6391363972536737,-0.3779644730092272,1.166827742813559,1.9067147558434967,-1.9067147558434967,-0.408248290463863,-0.7250102411641544,1.516861748880692,-0.4472135954999578,-1.1389071909150976,0.09556103031358976,0.02602826293101051,False,,,0.09556103031358976,0.4506320245846305,0.6165532163595451,0.35,0.3781865678144414
14,24,0.0019648372702982,-0.2032729244291541,-0.202824157986319,-0.9975923088699956,-0.3672224916699057,0.7484199385384238,0.0,0.4581107601862798,-0.331124340588225,-0.4736654667156711,0.5640859669844501,-1.0538392726229702,-0.8931744166335139,1.5351485382472794,0.4893664739987524,0.4048075865993188,-0.4625644651610252,2.913323921952556,0.0193252292421188,0.0,0.0,0.0,0.0,-0.2051803765265597,0.7518714773064403,0.698108606300414,-0.3779644730092272,0.975592503481414,2.1527424662749155,-2.1527424662749155,-0.408248290463863,-0.7250102411641544,1.6613247725836149,-0.4472135954999578,-0.5881403282963976,0.003394891064009198,0.026425713067221947,False,,,0.003394891064009198,0.4506320245846305,0.6165532163595451,0.4723416184996881,0.3857304376269682
15,1,0.0020047759736183,-0.20158624071564,-0.2028924952362883,0.3460381659308536,-1.509507977936794,0.9122357483337862,1.118033988749895,-0.4850584519619434,-0.331124340588225,-1.4209964001470134,-0.3133810927691435,-0.0260562083494305,-1.1271543790448286,0.2084769619841985,0.3207373346556048,0.315142161115869,2.4119963984560537,2.5637323426920444,-0.647837781424869,0.0,0.0,0.0,0.0,-0.2021534149955966,-0.4584627283112919,-0.4898840626315128,-0.3779644730092272,-0.7508058875955863,-0.7995900589021115,0.7995900589021115,-0.408248290463863,-0.7250102411641544,-1.661324772583615,-0.4472135954999578,-1.1389071909150976,0.10136398638214911,0.026605068296954925,False,,,0.10136398638214911,0.03510570066648553,0.65,0.8301843336639012,0.40416350517813393
15,2,-0.013539834654508,-0.201339518286465,-0.1974235636944674,0.3460381659308536,-1.5180766854723298,0.9122357483337862,1.118033988749895,-0.4850584519619434,-0.331124340588225,-1.4209964001470134,-0.3133810927691435,-0.0260562083494305,-1.1271543790448286,0.2084769619841985,-1.0023869250793431,0.1117915291173422,2.4119963984560537,0.0584520802588815,-0.6138513322477681,0.0,0.0,0.0,0.0,-0.2030850537772608,-0.5033974966308692,-0.5339893808948816,-0.3779644730092272,-0.7508058875955863,-0.7995900589021115,0.7995900589021115,-0.408248290463863,-0.7250102411641544,-1.516861748880692,-0.4472135954999578,-1.1389071909150976,0.0998046888290334,0.026442865020020176,False,,,0.0998046888290334,0.03510570066648553,0.65,0.42045822809060857,0.3013421543965319
15,3,-0.0074561781666245,-0.2012859141724237,-0.197094467368748,0.3460381659308536,-1.554072698462034,0.9122357483337862,1.118033988749895,-0.4850584519619434,-0.331124340588225,-1.4209964001470134,-0.3133810927691435,-0.0260562083494305,-1.1271543790448286,0.2084769619841985,0.0970573848225058,0.1205823284126009,2.4119963984560537,-0.5393710845868848,-0.6343127565465599,0.0,0.0,0.0,0.0,-0.2032874661467588,-0.5306191809060127,-0.5607085806041426,-0.3779644730092272,-0.6104610383351862,-0.7995900589021115,0.7995900589021115,-0.408248290463863,-0.7250102411641544,-1.3723987251777692,-0.4472135954999578,-1.1389071909150976,0.09906314049584786,0.026434950020949477,False,,,0.09906314049584786,0.03510570066648553,0.65,0.4242643462056265,0.30210829684199
15,4,-0.0040496152978631,-0.201283793209913,-0.1973672764081512,0.3460381659308536,-1.4826604214930976,0.9122357483337862,1.118033988749895,-0.4850584519619434,-0.331124340588225,-1.4209964001470134,-0.3133810927691435,-0.0260562083494305,-1.1271543790448286,0.2084769619841985,-0.1234138446570465,-0.2309409377065058,-0.8819960214955278,-0.6392173547168722,-0.4242126025753066,0.0,0.0,0.0,0.0,-0.2032954750291941,-0.4301663519472357,-0.4621100085547041,-0.3779644730092272,-0.7508058875955863,-0.7995900589021115,0.7995900589021115,-0.408248290463863,-0.7250102411641544,-1.2279357014748462,-0.4472135954999578,-1.1389071909150976,0.10142446918746928,0.026150107398858227,False,,,0.10142446918746928,0.03510570066648553,0.65,0.0,0.1966325424634887
15,5,-0.0011606197545537,-0.2013628991092648,-0.1979467637697053,0.3460381659308536,-1.4808652981827726,0.9122357483337862,1.118033988749895,-0.4850584519619434,-0.331124340588225,-1.4209964001470134,-0.3133810927691435,-0.0260562083494305,-1.1271543790448286,0.2084769619841985,-0.6529018601084124,-0.1455148098191449,-0.8007745897096588,0.0071176453509527,-0.4580292696614056,0.0,0.0,0.0,0.0,-0.2029967663793928,-0.4214742575135702,-0.4535783613312102,-0.3779644730092272,-0.7508058875955863,-0.7995900589021115,0.7995900589021115,-0.408248290463863,-0.7250102411641544,-1.0834726777719228,-0.4472135954999578,-1.1389071909150976,0.10472773007830671,0.02604615882043853,False,,,0.10472773007830671,0.03510570066648553,0.65,0.002491175872833445,0.19808115165440643
15,6,-0.0004170760795132,-0.2013035607424097,-0.1982395458011324,0.3460381659308536,-1.477703887801394,0.9122357483337862,1.118033988749895,-0.4850584519619434,-0.331124340588225,-1.4209964001470134,-0.3133810927691435,-0.0260562083494305,-1.1271543790448286,0.2084769619841985,-0.3168943948793751,-0.0492306410691366,-0.5920615583943254,-0.6133263127606566,-0.4797731495938268,0.0,0.0,0.0,0.0,-0.203220831633564,-0.3933108119055052,-0.4259347842440307,-0.3779644730092272,-0.7508058875955863,-0.7995900589021115,0.7995900589021115,-0.408248290463863,-0.7250102411641544,-0.939009654069,-0.4472135954999578,-1.1389071909150976,0.09361830193396917,0.025551835183076008,False,0.1,0.05,0.09361830193396917,0.03510570066648553,0.65,0.0,0.19468100065011368
15,7,0.0016887038989796,-0.2012779925249262,-0.2014910582417274,0.3460381659308536,-1.5570182024825274,0.9122357483337862,1.118033988749895,-0.4850584519619434,-0.331124340588225,-1.4209964001470134,-0.3133810927691435,-0.0260562083494305,-1.1271543790448286,0.2084769619841985,0.0832550913264071,0.2741862582342489,1.6876875885714506,-0.9152255515338727,-0.6886895342783624,0.0,0.0,0.0,0.0,-0.2033173787657617,-0.5457190517827053,-0.5755297232439759,-0.3779644730092272,-0.4812043471159445,-0.7995900589021115,0.7995900589021115,-0.408248290463863,-0.7250102411641544,-0.7945466303660769,-0.4472135954999578,-1.1389071909150976,0.10193993172059918,0.026551242537558674,False,,,0.10193993172059918,0.03510570066648553,0.65,0.4208137728316018,0.30196485130467166
15,8,0.0017626448485224,-0.2012743606980703,-0.2015441957241594,0.3460381659308536,-1.473603710822389,0.9122357483337862,1.118033988749895,-0.4850584519619434,-0.331124340588225,-1.4209964001470134,-0.3133810927691435,-0.0260562083494305,-1.1271543790448286,0.2084769619841985,0.4615379967848347,0.2766507527989947,-0.4119295841988519,-1.0164421783557294,-0.6449365880657258,0.0,0.0,0.0,0.0,-0.2033310927631412,-0.4720652822555037,-0.5032355272843906,-0.3779644730092272,-0.7508058875955863,-0.7995900589021115,0.7995900589021115,-0.408248290463863,-0.7250102411641544,-0.6500836066631539,-0.4472135954999578,-1.1389071909150976,0.10676185698614472,0.025992087093873528,False,,,0.10676185698614472,0.03510570066648553,0.65,0.11538449919620868,0.22681301421220973
15,9,0.0016867370993877,-0.201306694742592,-0.2015620546371278,0.3460381659308536,-1.5117713814271243,0.9122357483337862,1.118033988749895,-0.4850584519619434,-0.331124340588225,-1.4209964001470134,-0.3133810927691435,-0.0260562083494305,-1.1271543790448286,0.2084769619841985,0.0263607650674596,-0.0585272383349075,-0.5332217288233435,-0.8053941654487409,-0.568630349807202,0.0,0.0,0.0,0.0,-0.2032089974597463,-0.5248876133643862,-0.5550828119616169,-0.3779644730092272,-0.6595239384076486,-0.7995900589021115,0.7995900589021115,-0.408248290463863,-0.7250102411641544,-0.5056205829602308,-0.4472135954999578,-1.1389071909150976,0.0914636711133055,0.02591743388915524,False,,,0.0914636711133055,0.03510570066648553,0.65,0.0065901912668649,0.195789890761664
15,10,0.0014865794201777,-0.2013041717451847,-0.2016093868275137,0.79391499086447,-1.5415659459596311,0.9122357483337862,1.118033988749895,-0.4850584519619434,-0.331124340588225,-1.4209964001470134,-0.3133810927691435,-0.0260562083494305,-1.1271543790448286,0.2084769619841985,-1.5422829351474077,0.2096683688724268,-0.2945001262654029,-0.8958485452159135,-0.8167432076439294,0.0,0.0,0.0,0.0,-0.2032185244502131,-0.7808804768201928,-0.609096991552188,2.6457513110645903,1.5318054296540955,-0.7995900589021115,0.7995900589021115,-0.408248290463863,-0.7250102411641544,-0.3611575592573077,-0.4472135954999578,-1.1389071909150976,0.0935149690554446,0.02640856484353428,False,,,0.0935149690554446,0.03510570066648553,0.65,0.0,0.19465516743048253
15,11,0.0024015698652723,-0.2013254714985076,-0.202112904630624,0.79391499086447,-1.606379923099971,0.9122357483337862,1.118033988749895,-0.4850584519619434,-0.331124340588225,-1.4209964001470134,-0.3133810927691435,-0.0260562083494305,-1.1271543790448286,0.2084769619841985,-1.5299326397121993,-0.1309186992946256,0.4312917827385688,-0.784815506205052,-0.7960866785713832,0.0,0.0,0.0,0.0,-0.2031380952962772,-0.8743960752869036,-0.7238337362603704,2.6457513110645903,2.332310078594632,-0.7995900589021115,0.7995900589021115,-0.408248290463863,-0.7250102411641544,-0.2166945355543847,-0.4472135954999578,-1.1389071909150976,0.10220439158850259,0.026366954701316603,False,,,0.10220439158850259,0.03510570066648553,0.65,0.17251671309542752,0.2399567013376039
15,12,0.0034784220091375,-0.2014115575311209,-0.2008590769717176,0.79391499086447,-1.5231310335821882,0.9122357483337862,1.118033988749895,-0.4850584519619434,-0.331124340588225,-1.4209964001470134,-0.3133810927691435,-0.0260562083494305,-1.1271543790448286,0.2084769619841985,-1.412026518382722,0.0499375907310622,-0.0633012526146113,-0.1439669682123841,-0.7755519663369942,0.0,0.0,0.0,0.0,-0.2028130292420467,-0.776360984648072,-0.6035519078649156,2.6457513110645903,1.493118038951882,-0.7995900589021115,0.7995900589021115,-0.408248290463863,-0.7250102411641544,-0.0722315118514616,-0.4472135954999578,-1.1389071909150976,0.10569018026738608,0.026400371631513608,False,0.3,0.25,0.1491893810445979,0.14161941463099786,0.4372340425531915,0.35379310344827586,0.27045898541926583
15,13,0.0035632820111053,-0.2013803381846067,-0.2007953092489454,-0.5497154839363793,-1.2557451614527382,0.9122357483337862,1.118033988749895,-0.4850584519619434,-0.331124340588225,-1.4209964001470134,-0.3133810927691435,-0.0260562083494305,-1.1271543790448286,0.2084769619841985,0.2456881221909118,-0.0679449676975987,-0.5759566384769139,-0.4726913180806875,-0.342787595935804,0.0,0.0,0.0,0.0,-0.2029309153784958,-0.2111754586890128,-0.2471614641393685,-0.3779644730092272,-0.7508058875955863,-0.5535623484706925,0.5535623484706925,-0.408248290463863,-0.7250102411641544,0.0722315118514612,-0.4472135954999578,-1.1389071909150976,0.10317718085612365,0.02657042299261461,False,,,0.10317718085612365,0.03510570066648553,0.65,0.06142203054772795,0.2124262280175843
15,14,0.0034168192222049,-0.2014006602885897,-0.2009336235706539,-1.445469133803612,-0.9011395886051496,0.9122357483337862,1.118033988749895,-0.4850584519619434,3.020013564160076,-1.4209964001470134,-0.3133810927691435,-0.0260562083494305,-0.0110502090475983,0.2084769619841985,2.7408912449262144,0.1611637355958428,-0.610498936897291,-0.3800391090963023,-0.1618892127605779,0.0,0.0,0.0,0.0,-0.2028541778874665,0.2334517882528402,0.1892584166857924,-0.3779644730092272,-0.7508058875955863,-0.3075346380392736,0.3075346380392736,-0.408248290463863,-0.7250102411641544,0.2166945355543845,2.2360679774997894,-0.0373734656776976,0.10135429363735365,0.026218168377705957,False,,,0.10135429363735365,0.28510570066648555,0.65,0.25,0.32161499857595977
15,15,0.0028144190758566,-0.2013552563331175,-0.2011749442663292,-1.445469133803612,-0.8779574787832337,0.9122357483337862,1.118033988749895,-0.4850584519619434,3.020013564160076,-1.4209964001470134,-0.3133810927691435,-0.0260562083494305,0.0021453335725813,0.2084769619841985,2.7408912449262144,-0.0026996457276729,-0.4246307149343587,-0.8083325760037522,-0.0623190516206439,0.0,0.0,0.0,0.0,-0.2030256259633481,0.2432366524547586,0.1988626622606256,-0.3779644730092272,-0.7508058875955863,-0.0615069276078547,0.0615069276078547,-0.408248290463863,-0.7250102411641544,0.3611575592573074,2.2360679774997894,-0.0373734656776976,0.09950058466883044,0.026162526631363866,False,,,0.09950058466883044,0.28510570066648555,0.6507508667504035,0.25,0.32133928802142986
15,16,0.0017908356663076,-0.2013314183297142,-0.2014419220633669,-0.9975923088699956,-0.97899176287177,0.9122357483337862,1.118033988749895,-0.4850584519619434,-0.331124340588225,-1.4209964001470134,-0.3133810927691435,-0.0260562083494305,-1.1271543790448286,0.2084769619841985,1.038759900333096,0.7539962976176131,0.1426301437520191,-1.0572041510158663,-0.5084905181223877,0.0,0.0,0.0,0.0,-0.2031156397027644,0.0301464405546479,-0.010294121364505,-0.3779644730092272,-0.7508058875955863,0.1845207828235641,-0.1845207828235641,-0.408248290463863,-0.7250102411641544,0.5056205829602304,2.2360679774997894,-1.1389071909150976,0.09984699137154993,0.02653630697032839,False,,,0.09984699137154993,0.03510570066648553,0.65,0.30705205750080766,0.2730011873847108
15,17,0.00148735342854,-0.2013925029006656,-0.2016729841225917,-0.9975923088699956,-0.9209387004777834,0.9122357483337862,1.118033988749895,-0.4850584519619434,-0.331124340588225,-1.4209964001470134,-0.3133810927691435,-0.0260562083494305,-0.4970106780366556,0.2084769619841985,-0.0969678860149012,1.1581190739203524,-0.1694999678408457,-0.6475610156084611,-0.5736801563716619,0.0,0.0,0.0,0.0,-0.2028849806765464,0.1145516272377763,0.0725530315408448,-0.3779644730092272,-0.7508058875955863,0.4305484932549831,-0.4305484932549831,-0.408248290463863,-0.7250102411641544,0.6500836066631537,2.2360679774997894,-0.5881403282963976,0.0986953229650118,0.026546872025974323,False,,,0.0986953229650118,0.03510570066648553,0.65,0.0,0.19595025590787435
15,18,0.002045902696384,-0.201394569531247,-0.2017973070368374,-1.445469133803612,-0.8780299379336797,0.9122357483337862,1.118033988749895,-0.4850584519619434,3.020013564160076,-1.4209964001470134,-0.3133810927691435,-0.0260562083494305,-0.1369465801540086,0.2084769619841985,0.0402420455567796,1.3080053052987788,-0.2906529712964638,-0.6957684976072941,-0.5962605649312328,0.0,0.0,0.0,0.0,-0.2028771769547547,0.1400961051825069,0.0976259844402837,-0.3779644730092272,-0.7508058875955863,0.676576203686402,-0.676576203686402,-0.408248290463863,-0.7250102411641544,0.7945466303660766,-0.4472135954999578,-0.0373734656776976,0.09792924133790801,0.026608299072063503,False,0.05,0.25,0.11338371740610553,0.26635213682924597,0.6222222222222222,0.27464484264282085,0.3191507297750986
15,19,0.0024757830973666,-0.20141718588512,-0.2015964111545979,-0.9975923088699956,-0.8652394306143902,0.9122357483337862,1.118033988749895,-0.4850584519619434,-0.331124340588225,-1.4209964001470134,-0.3133810927691435,-0.0260562083494305,-0.5372197113117233,0.2084769619841985,0.5149652877947934,0.6401942904175507,-0.4579821323266587,-0.5891016030523651,-0.4326833414741353,0.0,0.0,0.0,0.0,-0.2027917762376883,0.1097810474550515,0.067870511801977,-0.3779644730092272,-0.7508058875955863,0.922603914117821,-0.922603914117821,-0.408248290463863,-0.7250102411641544,0.9390096540689996,-0.4472135954999578,-0.5881403282963976,0.09938931223719813,0.026485242024292158,False,,,0.09938931223719813,0.03510570066648553,0.65,0.12874132194869836,0.22830908371309552
15,20,0.0038158076709638,-0.2015045940095497,-0.2004627399014659,-1.445469133803612,-0.7826849810330048,0.9122357483337862,1.118033988749895,-0.4850584519619434,3.020013564160076,-1.4209964001470134,-0.3133810927691435,-0.0260562083494305,0.0508086835311944,0.2084769619841985,0.9971384988472604,1.236991528680217,-0.2171820428843108,-0.0070863145773806,-0.5213059707593661,0.0,0.0,0.0,0.0,-0.2024617178849739,0.2793218885576892,0.2342818016586396,-0.3779644730092272,-0.7508058875955863,1.16863162454924,-1.16863162454924,-0.408248290463863,-0.7250102411641544,1.0834726777719228,-0.4472135954999578,-0.0373734656776976,0.1033216134601278,0.02651142319659202,False,,,0.1033216134601278,0.28510570066648555,0.6677830392359181,0.2492846247118151,0.3263737445185866
15,21,0.0032156187059354,-0.2013941689753724,-0.2006131520731903,-0.9975923088699956,-0.8284044538631496,0.9122357483337862,1.118033988749895,-0.4850584519619434,-0.331124340588225,-1.4209964001470134,-0.3133810927691435,-0.0260562083494305,-0.5458926172203566,0.2084769619841985,1.524841748162884,1.1207061968636125,-0.1473076832464056,-0.8811159789957027,-0.5674549823967979,0.0,0.0,0.0,0.0,-0.20287868947791,0.1087520550566977,0.066860513555247,-0.3779644730092272,-0.7508058875955863,1.4146593349806589,-1.4146593349806589,-0.408248290463863,-0.7250102411641544,1.2279357014748458,-0.4472135954999578,-0.5881403282963976,0.10112199373174272,0.02653089978161502,False,,,0.10112199373174272,0.03510570066648553,0.65,0.25,0.25905692359955707
15,22,0.0024729286467805,-0.201427274900121,-0.2011499937653771,-0.9975923088699956,-0.940114235814746,0.9122357483337862,1.118033988749895,-0.4850584519619434,-0.331124340588225,-1.4209964001470134,-0.3133810927691435,-0.0260562083494305,-1.1271543790448286,0.2084769619841985,-0.2585471287543807,0.5546448732948511,-0.3161091889207106,-0.7006830990698154,-0.45000418558955,0.0,0.0,0.0,0.0,-0.2027536795081968,0.0235115910922847,-0.0168064982635213,-0.3779644730092272,-0.7508058875955863,1.6606870454120777,-1.6606870454120777,-0.408248290463863,-0.7250102411641544,1.3723987251777687,-0.4472135954999578,-1.1389071909150976,0.10058939811286216,0.026571014826412727,False,,,0.10058939811286216,0.03510570066648553,0.65,0.0,0.19642377469483693
15,23,0.0027797942896549,-0.2014967081949412,-0.2008909691467471,-1.445469133803612,-0.8061139915328553,0.9122357483337862,1.118033988749895,-0.4850584519619434,3.020013564160076,-1.4209964001470134,-0.3133810927691435,-0.0260562083494305,-0.0918278453867716,0.2084769619841985,1.9979388942493108,1.3703472359617122,-0.2209202686132277,-0.2666457092221924,-0.5957147806171145,0.0,0.0,0.0,0.0,-0.2024914951968253,0.1735529099056907,0.1304652106247106,-0.3779644730092272,-0.7508058875955863,1.9067147558434967,-1.9067147558434967,-0.408248290463863,-0.7250102411641544,1.516861748880692,-0.4472135954999578,-0.0373734656776976,0.09469646028816064,0.02629530948379943,False,,,0.09469646028816064,0.28510570066648555,0.65,0.25,0.31995054023866154
15,24,0.0031572319426231,-0.2015433378106232,-0.2005031355300771,-1.445469133803612,-0.8333914821980599,0.9122357483337862,1.118033988749895,-0.4850584519619434,3.020013564160076,-1.4209964001470134,-0.3133810927691435,-0.0260562083494305,-0.1118995806386935,0.2084769619841985,1.8018178795738775,0.7680687612195229,-0.3582475897185345,-0.0032660779113276,-0.4485947339215434,0.0,0.0,0.0,0.0,-0.2023154189540261,0.1586691563996721,0.1158561960490088,-0.3779644730092272,-0.7508058875955863,2.1527424662749155,-2.1527424662749155,-0.408248290463863,-0.7250102411641544,1.6613247725836149,-0.4472135954999578,-0.0373734656776976,0.004466638317847327,0.026387805571288187,False,,,0.004466638317847327,0.28510570066648555,0.65,0.25,0.2973930847460832
16,1,0.0020047759736183,-0.201826201096752,-0.2028924952362883,-0.5497154839363793,0.3636759877572102,0.9122357483337862,-1.118033988749895,1.373539701388967,-0.331124340588225,0.9473309334313454,0.7834527319228549,1.3650626577269656,1.058762483368768,-0.4548588261473418,1.4284066998469325,-0.6209740270468624,2.4119963984560537,3.373001501634448,1.7613564662150476,0.0,0.0,0.0,0.0,-0.203497844491649,1.5401188265813068,1.471805712353554,-0.3779644730092272,0.1776436615529501,-0.7995900589021115,0.7995900589021115,-0.408248290463863,-0.7250102411641544,-1.661324772583615,-0.4472135954999578,1.0641602595597024,0.0953500102049191,0.026685295796661297,False,,,0.0953500102049191,0.38510570066648553,0.6,1.0,0.5201139277178511
16,2,-0.0059273525562275,-0.2017003031848499,-0.2001018001877961,-0.1018386590027628,0.6280296848488999,0.9122357483337862,-1.118033988749895,1.373539701388967,-0.331124340588225,0.9473309334313454,0.7834527319228549,1.3650626577269656,1.058762483368768,-0.4548588261473418,-0.4626210126724708,-0.6906324758270839,2.4119963984560537,0.6996438803500895,2.154000368480657,0.0,0.0,0.0,0.0,-0.2039732426046245,1.765766838160589,1.693288491466152,-0.3779644730092272,-0.4170287263810671,-0.7995900589021115,0.7995900589021115,-0.408248290463863,-0.7250102411641544,-1.516861748880692,-0.4472135954999578,1.0641602595597024,0.09855904450201602,0.026635166520613745,False,,,0.09855904450201602,0.38510570066648553,0.6,0.6448753581225313,0.4321350258227582
16,3,-0.0033218343045948,-0.2016571142976615,-0.1997125414647227,-0.9975923088699956,0.0814537920067711,0.9122357483337862,-1.118033988749895,1.373539701388967,-0.331124340588225,0.9473309334313454,0.7834527319228549,1.3650626577269656,0.4564761820673815,-0.4548588261473418,0.5178251614747934,-0.6587629518687116,2.4119963984560537,-0.3117332403789437,1.4984795613492548,0.0,0.0,0.0,0.0,-0.2041363264489925,1.197036944589491,1.1350567724674625,-0.3779644730092272,1.08180107288155,-0.7995900589021115,0.7995900589021115,-0.408248290463863,-0.7250102411641544,-1.3723987251777692,-0.4472135954999578,0.5133933969410024,0.10087404044350123,0.026663377613277008,False,,,0.10087404044350123,0.38510570066648553,0.4097666637235835,0.5294562903686983,0.3563006738005672
16,4,-0.0008113454853631,-0.2016916067779134,-0.2000519399952763,-0.1018386590027628,0.6138045365407113,0.9122357483337862,-1.118033988749895,1.373539701388967,-0.331124340588225,0.9473309334313454,0.7834527319228549,1.3650626577269656,1.058762483368768,-0.4548588261473418,-0.2395376394005433,-0.5652414562119659,-0.9937029240967564,0.0522654499422458,1.8910707204004231,0.0,0.0,0.0,0.0,-0.2040060807620237,1.7998048427086315,1.7266981891186353,-0.3779644730092272,-0.5067324259768494,-0.7995900589021115,0.7995900589021115,-0.408248290463863,-0.7250102411641544,-1.2279357014748462,-0.4472135954999578,1.0641602595597024,0.09969832044530705,0.02644649736307651,False,,,0.09969832044530705,0.38510570066648553,0.6,0.018292907479786027,0.2757742321478946
16,5,0.0005712660726917,-0.2017167867063979,-0.2003515729775881,-0.5497154839363793,0.4357305190632115,0.9122357483337862,-1.118033988749895,1.373539701388967,-0.331124340588225,0.9473309334313454,0.7834527319228549,1.3650626577269656,1.058762483368768,-0.4548588261473418,0.6454083259563032,-0.6256096569384144,-0.9713947943266948,0.238843751845091,1.8323973319427336,0.0,0.0,0.0,0.0,-0.2039109998325191,1.601807198948977,1.5323553801981735,-0.3779644730092272,0.0150702293879779,-0.7995900589021115,0.7995900589021115,-0.408248290463863,-0.7250102411641544,-1.0834726777719228,-0.4472135954999578,1.0641602595597024,0.0995398643454608,0.025878447800982994,False,,,0.0995398643454608,0.38510570066648553,0.6,0.24494739463485762,0.332398239911701
16,6,0.0011610155997408,-0.2017156679547991,-0.2005725212408184,-0.5497154839363793,0.3827701272292911,0.9122357483337862,-1.118033988749895,1.373539701388967,-0.331124340588225,0.9473309334313454,0.7834527319228549,1.3650626577269656,1.058762483368768,-0.4548588261473418,1.2455928897926285,-0.4644078631442177,-0.894613036782196,0.0065702381388599,1.508111191729304,0.0,0.0,0.0,0.0,-0.2039152243060698,1.599531833326917,1.530122015507991,-0.3779644730092272,0.0210667240985812,-0.7995900589021115,0.7995900589021115,-0.408248290463863,-0.7250102411641544,-0.939009654069,-0.4472135954999578,1.0641602595597024,0.09635697197643793,0.025998496431866795,False,0.2,0.1,0.09635697197643793,0.38510570066648553,0.6,0.252299583348601,0.3334405639978811
16,7,0.002725241050152,-0.2017401810276686,-0.2017516541835049,-0.5497154839363793,0.5302640107871756,0.9122357483337862,-1.118033988749895,1.373539701388967,-0.331124340588225,0.9473309334313454,0.7834527319228549,1.3650626577269656,1.058762483368768,-0.4548588261473418,0.7733164164936487,-0.4698258921110604,0.9067005996426732,0.1713792741597913,1.616810234572294,0.0,0.0,0.0,0.0,-0.2038226614636102,1.710717096743036,1.63925491220589,-0.3779644730092272,-0.2719507309898945,-0.7995900589021115,0.7995900589021115,-0.408248290463863,-0.7250102411641544,-0.7945466303660769,-0.4472135954999578,1.0641602595597024,0.10639430959377419,0.026558738757984274,False,,,0.10639430959377419,0.38510570066648553,0.6,0.6159920899364084,0.426873025049167
16,8,0.0029377575655299,-0.2017318507997918,-0.2016657726892893,-0.1018386590027628,0.8869403798550406,0.9122357483337862,-1.118033988749895,1.373539701388967,-0.331124340588225,0.9473309334313454,0.7834527319228549,1.3650626577269656,1.058762483368768,-0.4548588261473418,0.9486866725496128,-0.4677544631261553,-0.8253820519497235,-0.1455077930430051,1.824555413638744,0.0,0.0,0.0,0.0,-0.2038541169067821,1.948808612864496,1.8729515014407787,-0.3779644730092272,-0.7508058875955863,-0.7995900589021115,0.7995900589021115,-0.408248290463863,-0.7250102411641544,-0.6500836066631539,-0.4472135954999578,1.0641602595597024,0.10654411758298027,0.02613909873922508,False,,,0.10654411758298027,0.38510570066648553,0.6,0.2371716681374032,0.33220537159671726
16,9,0.0027910611791167,-0.2017650245613756,-0.2018801926597136,0.3460381659308536,0.9312673345318676,0.9122357483337862,-1.118033988749895,1.373539701388967,-0.331124340588225,0.9473309334313454,0.7834527319228549,1.3650626577269656,1.058762483368768,-0.4548588261473418,0.443852503691532,-0.6849663854316002,-0.8694354325125285,0.1330846893788252,2.399338900510929,0.0,0.0,0.0,0.0,-0.2037288507810858,2.017729318990621,1.9406000015289504,-0.3779644730092272,-0.7508058875955863,-0.7995900589021115,0.7995900589021115,-0.408248290463863,-0.7250102411641544,-0.5056205829602308,-0.4472135954999578,1.0641602595597024,0.0975905866356867,0.026384872953079522,False,,,0.0975905866356867,0.38510570066648553,0.6,0.15754276720547183,0.310059763626911
16,10,0.002644206042026,-0.2017598815567897,-0.202043570048908,-0.1018386590027628,0.9337233962823104,0.9122357483337862,-1.118033988749895,1.373539701388967,-0.331124340588225,0.9473309334313454,0.7834527319228549,1.3650626577269656,1.058762483368768,-0.4548588261473418,-0.6577937971708515,-0.7572174273950337,-0.8392423687883758,-0.1191778487558448,1.797189705155597,0.0,0.0,0.0,0.0,-0.2037482710767697,1.2728305486302118,1.9106550230313848,2.6457513110645903,0.8820547370305714,-0.7995900589021115,0.7995900589021115,-0.408248290463863,-0.7250102411641544,-0.3611575592573077,-0.4472135954999578,1.0641602595597024,0.10020395442392449,0.02651066382150579,False,,,0.10020395442392449,0.38510570066648553,0.6,0.0,0.2713274137726025
16,11,0.0028906033396738,-0.201795631198191,-0.201748005926728,-0.1018386590027628,1.011683076487814,0.9122357483337862,-1.118033988749895,1.373539701388967,-0.331124340588225,0.9473309334313454,0.7834527319228549,1.3650626577269656,1.058762483368768,-0.4548588261473418,0.4274791031186976,-0.7382673575675659,-0.2321627406438342,0.1743026838377828,1.763913315738968,0.0,0.0,0.0,0.0,-0.2036132782734346,1.2840729490108374,1.924448619431648,2.6457513110645903,0.8524265340888946,-0.7995900589021115,0.7995900589021115,-0.408248290463863,-0.7250102411641544,-0.2166945355543847,-0.4472135954999578,1.0641602595597024,0.09879476155293229,0.026535327365801043,False,,,0.09879476155293229,0.38510570066648553,0.6,0.16787571512289837,0.31294404433557904
16,12,0.0025474373931332,-0.201763232845403,-0.2019898189844837,0.79391499086447,1.4016349758907771,0.9122357483337862,-1.118033988749895,1.373539701388967,-0.331124340588225,0.9473309334313454,0.7834527319228549,1.3650626577269656,1.058762483368768,-0.4548588261473418,-1.0903238600889618,-0.4789153433269329,-0.612200797809372,-0.4059869469428005,1.5598677603900204,0.0,0.0,0.0,0.0,-0.203735616408724,1.6280182252826267,2.3464441154154505,2.6457513110645903,-0.0540062650643399,-0.7995900589021115,0.7995900589021115,-0.408248290463863,-0.7250102411641544,-0.0722315118514616,-0.4472135954999578,1.0641602595597024,0.0989665730515058,0.026619439050089715,False,0.2,0.2,0.10948699160973242,0.47232049556698114,0.5423076923076924,0.44285714285714284,0.3917430805853872
16,13,0.0020126807702293,-0.2017266541498129,-0.2018755371360916,0.79391499086447,1.4063880743304116,0.9122357483337862,-1.118033988749895,1.373539701388967,-0.331124340588225,0.9473309334313454,0.7834527319228549,1.3650626577269656,1.058762483368768,-0.4548588261473418,0.4357268858719483,-0.3387892950860942,-0.7262336224606801,-1.0026359845380763,1.907048519688844,0.0,0.0,0.0,0.0,-0.2038737397707073,2.3392206427362194,2.2561569228836293,-0.3779644730092272,-0.7508058875955863,-0.5535623484706925,0.5535623484706925,-0.408248290463863,-0.7250102411641544,0.0722315118514612,-0.4472135954999578,1.0641602595597024,0.09880623004956647,0.02664018843710858,False,,,0.09880623004956647,0.38510570066648553,0.6,0.10893172146798707,0.2982109130460097
16,14,0.0021136279887173,-0.2018035344904706,-0.2017728236466099,0.3460381659308536,1.3982810694441867,0.9122357483337862,-1.118033988749895,1.373539701388967,-0.331124340588225,0.9473309334313454,0.7834527319228549,1.3650626577269656,1.058762483368768,-0.4548588261473418,-0.6285227897747601,-0.4203689752037748,-0.7517439025608806,-0.2224603427697582,1.9378029778946095,0.0,0.0,0.0,0.0,-0.2035834349648423,2.186616370306396,2.106369569892318,-0.3779644730092272,-0.7508058875955863,-0.3075346380392736,0.3075346380392736,-0.408248290463863,-0.7250102411641544,0.2166945355543845,2.2360679774997894,1.0641602595597024,0.0971896391833596,0.02640882403138379,False,,,0.0971896391833596,0.38510570066648553,0.6,0.0,0.2705738349624613
16,15,0.0024434474037726,-0.2018111931489826,-0.2015827334008487,0.3460381659308536,1.3539785633559112,0.9122357483337862,-1.118033988749895,1.373539701388967,-0.331124340588225,0.9473309334313454,0.7834527319228549,1.3650626577269656,1.058762483368768,-0.4548588261473418,0.0770364534930282,-0.6629261777914196,-0.6618971839094485,-0.2820732440605161,2.4180305861643654,0.0,0.0,0.0,0.0,-0.2035545154081194,2.0947757470489776,2.016224230998696,-0.3779644730092272,-0.7508058875955863,-0.0615069276078547,0.0615069276078547,-0.408248290463863,-0.7250102411641544,0.3611575592573074,2.2360679774997894,1.0641602595597024,0.10235300876555634,0.02617003406906073,False,,,0.10235300876555634,0.38510570066648553,0.6,0.01925911337325705,0.27667945570132474
16,16,0.0021241703432915,-0.201764744052284,-0.2016008325318791,0.79391499086447,1.8212499613418955,0.9122357483337862,-1.118033988749895,1.373539701388967,-0.331124340588225,0.9473309334313454,0.7834527319228549,1.3650626577269656,1.058762483368768,-0.4548588261473418,0.1357471500464416,-0.5120122257659148,-0.6326068979430002,-0.943555025967454,2.3247771016651355,0.0,0.0,0.0,0.0,-0.2037299100003437,2.396262733752123,2.312146074997904,-0.3779644730092272,-0.7508058875955863,0.1845207828235641,-0.1845207828235641,-0.408248290463863,-0.7250102411641544,0.5056205829602304,2.2360679774997894,1.0641602595597024,0.09824817048753802,0.026343806738296605,False,,,0.09824817048753802,0.38510570066648553,0.6,0.0339367875116104,0.2793226646664084
16,17,0.0030519679405418,-0.2018551936195179,-0.2010637339472919,0.79391499086447,1.7928261115466408,0.9122357483337862,-1.118033988749895,1.373539701388967,-0.331124340588225,0.9473309334313454,0.7834527319228549,1.3650626577269656,1.058762483368768,-0.4548588261473418,-0.4530950126726009,-0.5858719202768539,-0.6851290672872218,-0.0795312085904278,2.5003889687122185,0.0,0.0,0.0,0.0,-0.2033883669760567,2.386473192569964,2.3025372387751206,-0.3779644730092272,-0.7508058875955863,0.4305484932549831,-0.4305484932549831,-0.408248290463863,-0.7250102411641544,0.6500836066631537,2.2360679774997894,1.0641602595597024,0.10175075365465905,0.026474225487641622,False,,,0.10175075365465905,0.38510570066648553,0.6,0.0,0.27171411358028613
16,18,0.0031989543978985,-0.2018376256144446,-0.2009752067864481,0.3460381659308536,1.713420364351791,0.9122357483337862,-1.118033988749895,1.373539701388967,-0.331124340588225,0.9473309334313454,0.7834527319228549,1.3650626577269656,1.058762483368768,-0.4548588261473418,-0.7494320570958266,-0.6703740501336858,-0.7129947239505631,-0.4057135228748901,2.584660763901548,0.0,0.0,0.0,0.0,-0.2034547048233998,2.238173779461025,2.1569752817862176,-0.3779644730092272,-0.7508058875955863,0.676576203686402,-0.676576203686402,-0.408248290463863,-0.7250102411641544,0.7945466303660766,-0.4472135954999578,1.0641602595597024,0.10263407228079574,0.02615390147516939,False,0.2,0.2,0.11099651145042838,0.4351107471626173,0.6115681233933161,0.523696682464455,0.4203430161177042
16,19,0.0026487234915299,-0.2018411297699013,-0.2015636980855762,0.79391499086447,2.0273832321879426,0.9122357483337862,-1.118033988749895,1.373539701388967,-0.331124340588225,0.9473309334313454,0.7834527319228549,1.3650626577269656,1.058762483368768,-0.4548588261473418,-0.8413279755952086,-0.6484145091400481,-0.7089572011095744,-0.4976101842431869,2.7189802654535646,0.0,0.0,0.0,0.0,-0.2034414729209279,2.433254792042389,2.348455297569292,-0.3779644730092272,-0.7508058875955863,0.922603914117821,-0.922603914117821,-0.408248290463863,-0.7250102411641544,0.9390096540689996,-0.4472135954999578,1.0641602595597024,0.09636378219679925,0.02595124135473785,False,,,0.09636378219679925,0.38510570066648553,0.6,0.0,0.2703673707158212
16,20,0.0033286697322244,-0.2019159642393972,-0.200871566621371,0.3460381659308536,1.4594046293617209,0.9122357483337862,-1.118033988749895,1.373539701388967,-0.331124340588225,0.9473309334313454,0.7834527319228549,1.3650626577269656,1.058762483368768,-0.4548588261473418,-0.348540799217827,-0.4640259882709128,-0.5913942719982294,0.1341148179762931,1.879840242463768,0.0,0.0,0.0,0.0,-0.2031588934480331,2.019542752893412,1.942379961288916,-0.3779644730092272,-0.7508058875955863,1.16863162454924,-1.16863162454924,-0.408248290463863,-0.7250102411641544,1.0834726777719228,-0.4472135954999578,1.0641602595597024,0.10068159654614489,0.026345575312845145,False,,,0.10068159654614489,0.38510570066648553,0.6,0.04694018629170258,0.2831818708760832
16,21,0.0035296664428451,-0.2018970011601726,-0.2007460513713352,1.689668640731703,2.6002764073753646,0.9122357483337862,-1.118033988749895,1.373539701388967,-0.331124340588225,0.9473309334313454,0.7834527319228549,1.3650626577269656,1.058762483368768,-0.4548588261473418,-1.0457645438350291,-0.5941008809972994,-0.7332183649308256,-0.1873934606380231,2.9724512444402333,0.0,0.0,0.0,0.0,-0.2032304991795609,2.852421399207291,2.759884516095607,-0.3779644730092272,-0.7508058875955863,1.4146593349806589,-1.4146593349806589,-0.408248290463863,-0.7250102411641544,1.2279357014748458,-0.4472135954999578,1.0641602595597024,0.1024557963872984,0.02650779767849652,False,,,0.1024557963872984,0.38510570066648553,0.6,0.0,0.271890374263446
16,22,0.0029491797705927,-0.2019095277441291,-0.201457812474006,0.3460381659308536,1.585670153768918,0.9122357483337862,-1.118033988749895,1.373539701388967,-0.331124340588225,0.9473309334313454,0.7834527319228549,1.3650626577269656,1.058762483368768,-0.4548588261473418,-0.5633995667011535,-0.6428341804137168,-0.6702667584734756,-0.1912591792660263,2.302492706881662,0.0,0.0,0.0,0.0,-0.2031831980425922,2.0329765843624577,1.9555658179116715,-0.3779644730092272,-0.7508058875955863,1.6606870454120777,-1.6606870454120777,-0.408248290463863,-0.7250102411641544,1.3723987251777687,-0.4472135954999578,1.0641602595597024,0.10089972016552451,0.02632834792269966,False,,,0.10089972016552451,0.38510570066648553,0.6,0.0,0.2715013552080025
16,23,0.0026857168017649,-0.2018760341954823,-0.2015170706691151,0.79391499086447,2.171273931516466,0.9122357483337862,-1.118033988749895,1.373539701388967,-0.331124340588225,0.9473309334313454,0.7834527319228549,1.3650626577269656,1.058762483368768,-0.4548588261473418,-1.4350103892882682,-0.6224399037331662,-0.7222257242830517,-0.6269401607181013,2.754035730413442,0.0,0.0,0.0,0.0,-0.2033096717035367,2.5438521952730198,2.457011185381979,-0.3779644730092272,-0.7508058875955863,1.9067147558434967,-1.9067147558434967,-0.408248290463863,-0.7250102411641544,1.516861748880692,-0.4472135954999578,1.0641602595597024,0.09675018388160045,0.026346913649691415,False,,,0.09675018388160045,0.38510570066648553,0.6,0.0,0.2704639711370215
16,24,0.0017604720694697,-0.2018354395178941,-0.2014949487574455,1.689668640731703,2.528466201436615,0.9122357483337862,-1.118033988749895,1.373539701388967,-0.331124340588225,0.9473309334313454,0.7834527319228549,1.3650626577269656,1.058762483368768,-0.4548588261473418,-0.9229283839236028,-0.6049196702104804,-0.7069705790812385,-1.1082343727765795,3.081611488946208,0.0,0.0,0.0,0.0,-0.2034629596559001,2.931304122817868,2.8373111449719843,-0.3779644730092272,-0.7508058875955863,2.1527424662749155,-2.1527424662749155,-0.408248290463863,-0.7250102411641544,1.6613247725836149,-0.4472135954999578,1.0641602595597024,0.001204294567743458,0.02656733566573709,False,,,0.001204294567743458,0.38510570066648553,0.6,0.0,0.24657749880855723
17,1,0.0020047759736183,-0.2017495209827272,-0.2028924952362883,-0.5497154839363793,-0.5086159828422844,-0.1976444385925112,0.0,0.4581107601862798,-0.331124340588225,-0.9473309334313376,-0.5327478577075354,-1.0817165749318618,1.058762483368768,1.5351485382472794,-0.0049149786372571,0.5219341188580704,2.4119963984560537,4.159223747960129,-0.1909219778980773,0.0,0.0,0.0,0.0,-0.2015368588535075,0.4783141160104805,0.4296008352702658,-0.3779644730092272,-0.7508058875955863,-0.7995900589021115,0.7995900589021115,-0.408248290463863,-0.7250102411641544,-1.661324772583615,-0.4472135954999578,1.0641602595597024,0.09293399620362514,0.026559290197045806,False,,,0.09293399620362514,0.75,0.966553216359545,0.75,0.6398718031407926
17,2,-0.0155951916611529,-0.2014701761427609,-0.196700444471204,-0.9975923088699956,-0.5788262793854795,-0.1976444385925112,0.0,0.4581107601862798,-0.331124340588225,-0.9473309334313376,-0.5327478577075354,-1.0817165749318618,1.058762483368768,1.5351485382472794,-0.3269042403838925,0.4411889320077503,2.4119963984560537,1.3137524352748968,-0.233483538126135,0.0,0.0,0.0,0.0,-0.2025916818270028,0.3376883844224311,0.2915709114571762,-0.3779644730092272,-0.6048533837321627,-0.7995900589021115,0.7995900589021115,-0.408248290463863,-0.7250102411641544,-1.516861748880692,-0.4472135954999578,1.0641602595597024,0.09985695897873384,0.02647036487566689,False,,,0.09985695897873384,0.75,0.966553216359545,0.75,0.6416025438345697
17,3,-0.0114938356666239,-0.2013210238869757,-0.1950188215770568,-0.9975923088699956,-0.604363101504692,-0.1976444385925112,0.0,0.4581107601862798,-0.331124340588225,-0.9473309334313376,-0.5327478577075354,-1.0817165749318618,1.058762483368768,1.5351485382472794,0.2788460934613862,0.224729538842332,2.4119963984560537,-0.2076194606932071,-0.1149356512539721,0.0,0.0,0.0,0.0,-0.2031548897458245,0.3620838798165872,0.3155160908536625,-0.3779644730092272,-0.7192882054958829,-0.7995900589021115,0.7995900589021115,-0.408248290463863,-0.7250102411641544,-1.3723987251777692,-0.4472135954999578,1.0641602595597024,0.1014957796238943,0.02648103858662768,False,,,0.1014957796238943,0.75,0.966553216359545,0.4697115233653466,0.5719401298371964
17,4,-0.0054930356649436,-0.2014025568021029,-0.1957484178771035,-0.9975923088699956,-0.6413818976170886,-0.1976444385925112,0.0,0.4581107601862798,-0.331124340588225,-0.9473309334313376,-0.5327478577075354,-1.0817165749318618,1.058762483368768,1.5351485382472794,0.2115446131952475,0.7822502291156739,-0.8881917260499994,0.4647621118477647,-0.3870154589338567,0.0,0.0,0.0,0.0,-0.2028470165379907,0.291871990367295,0.2466002413713732,-0.3779644730092272,-0.3899370312316175,-0.7995900589021115,0.7995900589021115,-0.408248290463863,-0.7250102411641544,-1.2279357014748462,-0.4472135954999578,1.0641602595597024,0.10503733535966941,0.02628792377123084,False,,,0.10503733535966941,0.75,0.966553216359545,0.21555289244552953,0.509285861041186
17,5,-0.002583875441666,-0.2014191776836124,-0.1963942772736337,-0.5497154839363793,-0.5786359197593832,-0.1976444385925112,0.0,0.4581107601862798,-0.331124340588225,-0.9473309334313376,-0.5327478577075354,-1.0817165749318618,1.058762483368768,1.5351485382472794,-0.3932393635790546,0.390446917538668,-0.8570634597567593,0.5219041309173843,-0.1882424809799043,0.0,0.0,0.0,0.0,-0.202784255086381,0.3770621620175682,0.3302178892208968,-0.3779644730092272,-0.7508058875955863,-0.7995900589021115,0.7995900589021115,-0.408248290463863,-0.7250102411641544,-1.0834726777719228,-0.4472135954999578,1.0641602595597024,0.09779665869674103,0.025735199803844862,False,,,0.09779665869674103,0.75,0.966553216359545,0.1826664458210845,0.49925408021934264
17,6,-0.0007877332232313,-0.2014535565840305,-0.1969522179094833,-0.5497154839363793,-0.6077844879776929,-0.1976444385925112,0.0,0.4581107601862798,-0.331124340588225,-0.9473309334313376,-0.5327478577075354,-1.0817165749318618,1.058762483368768,1.5351485382472794,0.1796386431874594,0.2276277498572185,-0.7244718881568318,0.7371298355570913,-0.1054833787815216,0.0,0.0,0.0,0.0,-0.202654438283719,0.3799171512047651,0.3330201782155627,-0.3779644730092272,-0.7508058875955863,-0.7995900589021115,0.7995900589021115,-0.408248290463863,-0.7250102411641544,-0.939009654069,-0.4472135954999578,1.0641602595597024,0.09099942578197182,0.025793892966523884,False,0.05,0.05,0.09099942578197182,0.75,0.966553216359545,0.30290510324184683,0.5276144363458409
17,7,0.002030796110221,-0.2013902232703757,-0.200753775754973,-0.5497154839363793,-0.5100608450409254,-0.1976444385925112,0.0,0.4581107601862798,-0.331124340588225,-0.9473309334313376,-0.5327478577075354,-1.0817165749318618,1.058762483368768,1.5351485382472794,0.5405225938031802,0.6586497803370824,1.0724998282562372,0.0795788829100979,-0.259165237953372,0.0,0.0,0.0,0.0,-0.2028935886980913,0.4566200948495942,0.4083072636442098,-0.3779644730092272,-0.7508058875955863,-0.7995900589021115,0.7995900589021115,-0.408248290463863,-0.7250102411641544,-0.7945466303660769,-0.4472135954999578,1.0641602595597024,0.09953781254360272,0.026459726723512,False,,,0.09953781254360272,0.75,0.966553216359545,0.5629832574693293,0.5947685715931192
17,8,0.0030487511369757,-0.2014375372758471,-0.2010039825047326,-0.5497154839363793,-0.493660248699711,-0.1976444385925112,0.0,0.4581107601862798,-0.331124340588225,-0.9473309334313376,-0.5327478577075354,-1.0817165749318618,1.058762483368768,1.5351485382472794,-0.4554696665877151,0.5711251456877365,-0.5120352380561245,0.4078935363880414,-0.2699532959178777,0.0,0.0,0.0,0.0,-0.2027149281581458,0.3702330902230484,0.3235148751361559,-0.3779644730092272,-0.7508058875955863,-0.7995900589021115,0.7995900589021115,-0.408248290463863,-0.7250102411641544,-0.6500836066631539,-0.4472135954999578,1.0641602595597024,0.11618052842899035,0.02612676271247975,False,,,0.11618052842899035,0.75,0.966553216359545,0.14276273773581447,0.4938741206310875
17,9,0.0023774965814069,-0.2014456181861977,-0.2018775944164352,-0.9975923088699956,-0.5812198953828216,-0.1976444385925112,0.0,0.4581107601862798,-0.331124340588225,-0.9473309334313376,-0.5327478577075354,-1.0817165749318618,1.058762483368768,1.5351485382472794,0.4324536683249571,0.7412056788499749,-0.5192992851156282,0.3890330592654484,-0.3794892406974164,0.0,0.0,0.0,0.0,-0.2026844141529985,0.2795555042151138,0.2345111050089705,-0.3779644730092272,-0.3321626399020688,-0.7995900589021115,0.7995900589021115,-0.408248290463863,-0.7250102411641544,-0.5056205829602308,-0.4472135954999578,1.0641602595597024,0.09262209660776483,0.026239491631633024,False,,,0.09262209660776483,0.75,0.966553216359545,0.2442749878241462,0.513362575197864
17,10,0.001875648685533,-0.2014001314578254,-0.2018595686318443,-0.9975923088699956,-0.5575678369254844,-0.1976444385925112,0.0,0.4581107601862798,-0.331124340588225,-0.9473309334313376,-0.5327478577075354,-1.0817165749318618,1.058762483368768,1.5351485382472794,0.1062735538680779,0.7763461517552831,-0.4275773913962091,-0.0830168578447966,-0.5722912975613003,0.0,0.0,0.0,0.0,-0.202856174784346,-0.085546179824893,0.2440269260538479,2.6457513110645903,1.380462804415029,-0.7995900589021115,0.7995900589021115,-0.408248290463863,-0.7250102411641544,-0.3611575592573077,-0.4472135954999578,1.0641602595597024,0.09827837671957973,0.02655286416293824,False,,,0.09827837671957973,0.75,0.966553216359545,0.026568388467019474,0.46034999538653604
17,11,0.0012105072835819,-0.2013577496442146,-0.2013739156703954,-1.445469133803612,-0.6195835713384249,-0.1976444385925112,0.0,0.4581107601862798,3.020013564160076,-0.9473309334313376,-0.5327478577075354,-1.0817165749318618,0.0807665033363472,1.5351485382472794,0.9135277660669626,0.8470819898974727,0.2274663816902356,-0.5153874332118549,-0.6321003387087881,0.0,0.0,0.0,0.0,-0.2030162110701799,-0.1714784893463885,0.1385943177894404,2.6457513110645903,1.7835556035140303,-0.7995900589021115,0.7995900589021115,-0.408248290463863,-0.7250102411641544,-0.2166945355543847,-0.4472135954999578,-0.0373734656776976,0.09679540017630654,0.02666532044929494,False,,,0.09679540017630654,1.0,0.6448214925272666,0.31936849419283486,0.515246346724102
17,12,0.0017071288759469,-0.2014141236304636,-0.2015839978967927,-0.9975923088699956,-0.5991357999932223,-0.1976444385925112,0.0,0.4581107601862798,-0.331124340588225,-0.9473309334313376,-0.5327478577075354,-1.0817165749318618,0.4748548962325108,1.5351485382472794,1.881883264241973,0.5257694441092305,-0.2697049829407501,-0.1228552972383514,-0.5374673574152187,0.0,0.0,0.0,0.0,-0.2028033394960705,-0.1550143071915356,0.1587946554411618,2.6457513110645903,1.7063251263322743,-0.7995900589021115,0.7995900589021115,-0.408248290463863,-0.7250102411641544,-0.0722315118514616,-0.4472135954999578,0.5133933969410024,0.09950425085802278,0.026569053230157985,False,0.23,0.15,0.12260830043426682,0.41194570402214237,0.7864119504573237,0.46302122951386493,0.44599679610689946
17,13,0.0023211406221313,-0.2015000595175995,-0.2009540680328408,-0.9975923088699956,-0.5651776864591591,-0.1976444385925112,0.0,0.4581107601862798,-0.331124340588225,-0.9473309334313376,-0.5327478577075354,-1.0817165749318618,0.4179695509756343,1.5351485382472794,0.0954566261241437,0.2777452107256202,-0.5330585489144073,0.4983220872019088,-0.2424777939549268,0.0,0.0,0.0,0.0,-0.2024788404002235,0.1960942858354906,0.152590495713694,-0.3779644730092272,0.0593387211132523,-0.5535623484706925,0.5535623484706925,-0.408248290463863,-0.7250102411641544,0.0722315118514612,-0.4472135954999578,0.5133933969410024,0.10132793587452066,0.026541605535456928,False,,,0.10132793587452066,0.75,0.7628425592010171,0.19827688705170401,0.45311184553181044
17,14,0.0035032677961745,-0.2015408738881369,-0.2001607809060666,-1.445469133803612,-0.5961331458895934,-0.1976444385925112,0.0,0.4581107601862798,3.020013564160076,-0.9473309334313376,-0.5327478577075354,-1.0817165749318618,-0.0395531516097666,1.5351485382472794,2.7408912449262144,0.4891961427841188,-0.4309475127041629,0.7412962042006752,-0.3862882437791332,0.0,0.0,0.0,0.0,-0.202324722874026,0.0982763789574449,0.0565782077670983,-0.3779644730092272,0.5181846907495485,-0.3075346380392736,0.3075346380392736,-0.408248290463863,-0.7250102411641544,0.2166945355543845,2.2360679774997894,-0.0373734656776976,0.10993667219784198,0.02641765746789429,False,,,0.10993667219784198,1.0,0.6165532163595451,0.5094536714702362,0.5589858900069058
17,15,0.0046432642343721,-0.2015662143962248,-0.1994819649049176,-1.445469133803612,-0.5542450105427527,-0.1976444385925112,0.0,0.4581107601862798,3.020013564160076,-0.9473309334313376,-0.5327478577075354,-1.0817165749318618,-0.0067372614037003,1.5351485382472794,1.6008925064112762,0.7400593773316129,-0.1492179650377941,0.8555316781346625,-0.4587504732891768,0.0,0.0,0.0,0.0,-0.202229035586248,0.1210660641398067,0.0789472185727494,-0.3779644730092272,0.4112824319612481,-0.0615069276078547,0.0615069276078547,-0.408248290463863,-0.7250102411641544,0.3611575592573074,2.2360679774997894,-0.0373734656776976,0.2743749104730196,0.02584815905627938,False,,,0.2743749104730196,1.0,0.6165532163595451,0.5494360873471318,0.6100910535449241
17,16,0.0046485514912958,-0.2015520644043409,-0.1994783950935957,-1.445469133803612,-0.5451647907122675,-0.1976444385925112,0.0,0.4581107601862798,3.020013564160076,-0.9473309334313376,-0.5327478577075354,-1.0817165749318618,-0.1010866005291131,1.5351485382472794,1.0206547295438853,0.7930184144546084,-0.152926686697487,0.6594261500916242,-0.5070916137902756,0.0,0.0,0.0,0.0,-0.202282466809519,0.0555431810996098,0.0146338212170912,-0.3779644730092272,0.7186383319339197,0.1845207828235641,-0.1845207828235641,-0.408248290463863,-0.7250102411641544,0.5056205829602304,2.2360679774997894,-0.0373734656776976,0.11718249697043598,0.026208215605012613,False,,,0.11718249697043598,1.0,0.6165532163595451,0.48079915253206845,0.5536337164655124
17,17,0.0035590955678674,-0.2015505425796042,-0.2005933583856865,-0.9975923088699956,-0.5970329613588972,-0.1976444385925112,0.0,0.4581107601862798,-0.331124340588225,-0.9473309334313376,-0.5327478577075354,-1.0817165749318618,-0.4530140502910748,1.5351485382472794,0.0394013005245047,0.4624704132300492,-0.3628600755689126,0.5655085143723997,-0.4247454061105472,0.0,0.0,0.0,0.0,-0.2022882133115632,0.0116047258877832,-0.0284935748637311,-0.3779644730092272,0.9247456156557772,0.4305484932549831,-0.4305484932549831,-0.408248290463863,-0.7250102411641544,0.6500836066631537,2.2360679774997894,-0.5881403282963976,0.10055780278829202,0.02655297843514703,False,,,0.10055780278829202,0.75,0.6165532163595451,0.20777830516146606,0.4187223310773258
17,18,0.0017514841529143,-0.2014689467526502,-0.2013823393388512,-0.9975923088699956,-0.5701738322403703,-0.1976444385925112,0.0,0.4581107601862798,-0.331124340588225,-0.9473309334313376,-0.5327478577075354,-1.0817165749318618,-0.4732148872692161,1.5351485382472794,1.3361987609740726,0.2733860556188985,-0.4302853217215342,-0.1324207823272734,-0.3532324288287284,0.0,0.0,0.0,0.0,-0.2025963240782517,0.0093601025067996,-0.0306967647832961,-0.3779644730092272,0.9352747347566364,0.676576203686402,-0.676576203686402,-0.408248290463863,-0.7250102411641544,0.7945466303660766,-0.4472135954999578,-0.5881403282963976,0.10009465374967483,0.026331996199766058,False,0.2,0.27,0.11424918056932289,0.4518633540372671,0.6157744769360063,0.46659919028340074,0.4121215504564993
17,19,0.0009037753345837,-0.2014772140727366,-0.2011990050027087,-0.9975923088699956,-0.6070417304687606,-0.1976444385925112,0.0,0.4581107601862798,-0.331124340588225,-0.9473309334313376,-0.5327478577075354,-1.0817165749318618,-1.1271543790448286,1.5351485382472794,1.181033046913052,0.448454592033124,-0.2617315654392304,-0.1403718725736626,-0.4647767294380793,0.0,0.0,0.0,0.0,-0.2025651061786929,-0.0686388040218276,-0.1072558909408707,-0.3779644730092272,1.3011533866206475,0.922603914117821,-0.922603914117821,-0.408248290463863,-0.7250102411641544,0.9390096540689996,-0.4472135954999578,-1.1389071909150976,0.09604835798053168,0.026191639122574713,False,,,0.09604835798053168,0.75,0.6165532163595451,0.25,0.42815039358501916
17,20,0.0014975763472641,-0.2015710922257478,-0.2010453074010719,-1.445469133803612,-0.5235915256129908,-0.1976444385925112,0.0,0.4581107601862798,3.020013564160076,-0.9473309334313376,-0.5327478577075354,-1.0817165749318618,-0.0827772855373611,1.5351485382472794,1.7161349082108464,0.2767281699845396,-0.3399507311574241,0.4836030638922557,-0.3191014024753168,0.0,0.0,0.0,0.0,-0.2022106166076037,0.0682584700022275,0.027114398837346,-0.3779644730092272,0.6589932296010597,1.16863162454924,-1.16863162454924,-0.408248290463863,-0.7250102411641544,1.0834726777719228,-0.4472135954999578,-0.0373734656776976,0.09852390774760342,0.026603238421819657,False,,,0.09852390774760342,1.0,0.6165532163595451,0.4192610723622895,0.5335845491173595
17,21,0.0016067533107931,-0.2014938595349902,-0.2011113359767612,-0.9975923088699956,-0.4994695451494905,-0.1976444385925112,0.0,0.4581107601862798,-0.331124340588225,-0.9473309334313376,-0.5327478577075354,-1.0817165749318618,-0.6545127290788866,1.5351485382472794,1.190329127116618,-0.2075980754654865,-0.4643683271081295,-0.1548597490769823,-0.1157806539186898,0.0,0.0,0.0,0.0,-0.2025022519087097,-0.0107848734210885,-0.0504698849736216,-0.3779644730092272,1.0297711445444264,1.4146593349806589,-1.4146593349806589,-0.408248290463863,-0.7250102411641544,1.2279357014748458,-0.4472135954999578,-0.5881403282963976,0.10061917836117201,0.026227413344010374,False,,,0.10061917836117201,0.75,0.6165532163595451,0.25,0.4292930986801793
17,22,0.0015169958262956,-0.2014626253123055,-0.2010442541005426,-0.9975923088699956,-0.6424579985033563,-0.1976444385925112,0.0,0.4581107601862798,-0.331124340588225,-0.9473309334313376,-0.5327478577075354,-1.0817165749318618,-1.1271543790448286,1.5351485382472794,0.6681701046806411,0.0121876091789175,-0.3484551157418157,-0.4463869419566832,-0.3012673126495946,0.0,0.0,0.0,0.0,-0.202620194218477,-0.0943581013406617,-0.1325004362268243,-0.3779644730092272,1.421797921893088,1.6606870454120777,-1.6606870454120777,-0.408248290463863,-0.7250102411641544,1.3723987251777687,-0.4472135954999578,-1.1389071909150976,0.10790712933939595,0.025330080455461056,False,,,0.10790712933939595,0.75,0.6165532163595451,0.16704252617016027,0.41037571796727534
17,23,0.0017047947843433,-0.2014598176572948,-0.2011897716785696,-0.9975923088699956,-0.6161116901791824,-0.1976444385925112,0.0,0.4581107601862798,-0.331124340588225,-0.9473309334313376,-0.5327478577075354,-1.0817165749318618,-1.1271543790448286,1.5351485382472794,0.8036604710524365,0.1922884512699708,-0.2588527086658874,-0.5287283920971214,-0.3783723964757737,0.0,0.0,0.0,0.0,-0.2026307960932322,-0.0867061615033334,-0.1249897434052377,-0.3779644730092272,1.3859040670119471,1.9067147558434967,-1.9067147558434967,-0.408248290463863,-0.7250102411641544,1.516861748880692,-0.4472135954999578,-1.1389071909150976,0.09150632892785898,0.02545814011923814,False,,,0.09150632892785898,0.75,0.6165532163595451,0.20091511776310914,0.41474366576262833
17,24,0.0015664771481407,-0.2015015292274991,-0.2012303917714978,-0.9975923088699956,-0.5572765920023593,-0.1976444385925112,0.0,0.4581107601862798,-0.331124340588225,-0.9473309334313376,-0.5327478577075354,-1.0817165749318618,-0.6804146701580555,1.5351485382472794,-0.0195660555952259,0.1703695870271952,-0.3315211471238175,-0.2966482191487145,-0.3229004516132386,0.0,0.0,0.0,0.0,-0.2024732906869491,-0.0136629770670946,-0.0532948617577295,-0.3779644730092272,1.0432718040894309,2.1527424662749155,-2.1527424662749155,-0.408248290463863,-0.7250102411641544,1.6613247725836149,-0.4472135954999578,-0.5881403282963976,0.00190632559521009,0.02640466287659653,False,,,0.00190632559521009,0.75,0.6165532163595451,0.0,0.3421148854886888
18,1,0.0020047759736183,-0.2015351414798735,-0.2028924952362883,-0.5497154839363793,-1.0667605400279985,-1.6037731453035462,1.118033988749895,0.4581107601862798,-0.331124340588225,-1.894661866862679,-1.1908481525227308,-1.1697136607654002,1.058762483368768,0.871812750115739,0.8582425493215929,0.2613627978923254,2.4119963984560537,2.937659673749449,-0.4759678130093198,0.0,0.0,0.0,0.0,-0.2012211016054867,-0.2010920231884837,-0.2372641585879961,-0.3779644730092272,-0.7508058875955863,-0.7995900589021115,0.7995900589021115,-0.408248290463863,-0.7250102411641544,-1.661324772583615,-0.4472135954999578,1.0641602595597024,0.10759840479500582,0.02660277443978878,False,,,0.10759840479500582,0.4,1.0,0.9645606373303982,0.618039760531351
18,2,-0.0149535672016132,-0.2012659804360191,-0.1969261818877741,-0.5497154839363793,-1.0433112520815313,-1.6037731453035462,1.118033988749895,0.4581107601862798,-0.331124340588225,-1.894661866862679,-1.1908481525227308,-1.1697136607654002,1.058762483368768,0.871812750115739,0.4909592227894871,0.833511276578903,2.4119963984560537,0.7521355656555636,-0.6485413258259726,0.0,0.0,0.0,0.0,-0.2022374699502962,-0.2119389126620178,-0.2479108255296259,-0.3779644730092272,-0.7508058875955863,-0.7995900589021115,0.7995900589021115,-0.408248290463863,-0.7250102411641544,-1.516861748880692,-0.4472135954999578,1.0641602595597024,0.09530863551257485,0.026418612205166427,False,,,0.09530863551257485,0.4,1.0,0.785987253676819,0.5703239722973484
18,3,-0.0103118170487309,-0.2011441661351279,-0.1956507676533467,-0.5497154839363793,-1.0384638052453263,-1.6037731453035462,1.118033988749895,0.4581107601862798,-0.331124340588225,-1.894661866862679,-1.1908481525227308,-1.1697136607654002,1.058762483368768,0.871812750115739,0.0669937838417833,0.267351271717451,2.4119963984560537,-0.2523542530815484,-0.457150923430574,0.0,0.0,0.0,0.0,-0.2026974481016587,-0.166415368944276,-0.2032276000622622,-0.3779644730092272,-0.7508058875955863,-0.7995900589021115,0.7995900589021115,-0.408248290463863,-0.7250102411641544,-1.3723987251777692,-0.4472135954999578,1.0641602595597024,0.10202457826886199,0.02645682347415572,False,,,0.10202457826886199,0.4,1.0,0.41674844596044586,0.479693256057327
18,4,-0.0057780834133662,-0.2011639838210848,-0.1959825860241269,-0.5497154839363793,-1.0293833551160354,-1.6037731453035462,1.118033988749895,0.4581107601862798,-0.331124340588225,-1.894661866862679,-1.1908481525227308,-1.1697136607654002,1.058762483368768,0.871812750115739,-0.2435858882925342,0.6797080877589521,-0.8462858443018708,-0.1570172915702936,-0.5914297611634121,0.0,0.0,0.0,0.0,-0.2026226153235362,-0.1742580829007115,-0.210925545507025,-0.3779644730092272,-0.7508058875955863,-0.7995900589021115,0.7995900589021115,-0.408248290463863,-0.7250102411641544,-1.2279357014748462,-0.4472135954999578,1.0641602595597024,0.09797085195501753,0.026149293722893915,False,,,0.09797085195501753,0.4,1.0,0.0,0.3744927129887544
18,5,-0.0035591782145203,-0.201144587301416,-0.196279063279387,-0.5497154839363793,-1.0565825080107751,-1.6037731453035462,1.118033988749895,0.4581107601862798,-0.331124340588225,-1.894661866862679,-1.1908481525227308,-1.1697136607654002,1.058762483368768,0.871812750115739,0.3449597379414273,0.8066503810146274,-0.7403499751122228,-0.3591402936015494,-0.6363872570805637,0.0,0.0,0.0,0.0,-0.2026958577523384,-0.2000100768457765,-0.2362021838727913,-0.3779644730092272,-0.7508058875955863,-0.7995900589021115,0.7995900589021115,-0.408248290463863,-0.7250102411641544,-1.0834726777719228,-0.4472135954999578,1.0641602595597024,0.10510873582650002,0.02576582750270432,False,,,0.10510873582650002,0.4,1.0,0.08623993448535683,0.3978371675779642
18,6,-0.0011845337088481,-0.2012496711025153,-0.1968552580695398,-0.5497154839363793,-1.075197580154625,-1.6037731453035462,1.118033988749895,0.4581107601862798,-0.331124340588225,-1.894661866862679,-1.1908481525227308,-1.1697136607654002,1.058762483368768,0.871812750115739,0.8516475453997203,0.4362696360781002,-0.5739006668069799,0.3710542015659069,-0.5322100771053233,0.0,0.0,0.0,0.0,-0.2022990549778351,-0.1955825346111266,-0.2318563695582516,-0.3779644730092272,-0.7508058875955863,-0.7995900589021115,0.7995900589021115,-0.408248290463863,-0.7250102411641544,-0.939009654069,-0.4472135954999578,1.0641602595597024,0.0873861823989899,0.026142946023229346,False,0.05,0.1,0.0873861823989899,0.4,1.0,0.3427808568979975,0.4575417598242469
18,7,0.0015012897695241,-0.2011506177980299,-0.2006282668601165,-0.5497154839363793,-1.066321423859477,-1.6037731453035462,1.118033988749895,0.4581107601862798,-0.331124340588225,-1.894661866862679,-1.1908481525227308,-1.1697136607654002,1.058762483368768,0.871812750115739,1.2688818710294645,0.5728234183433593,1.0142396655904236,-0.4201316184672964,-0.5830022951040403,0.0,0.0,0.0,0.0,-0.2026730862331985,-0.2139442199985415,-0.2498791169351632,-0.3779644730092272,-0.7508058875955863,-0.7995900589021115,0.7995900589021115,-0.408248290463863,-0.7250102411641544,-0.7945466303660769,-0.4472135954999578,1.0641602595597024,0.10091715453254352,0.026543616930892005,False,,,0.10091715453254352,0.4,1.0,0.65,0.5377292886331358
18,8,0.0032408686094439,-0.2012685029172416,-0.2005990675534917,-0.9975923088699956,-1.0305392200965475,-1.6037731453035462,1.118033988749895,0.4581107601862798,-0.331124340588225,-1.894661866862679,-1.1908481525227308,-1.1697136607654002,1.058762483368768,0.871812750115739,0.0332640621726626,0.2303841989958054,-0.4211704413684394,0.3892801653304174,-0.4906817954093151,0.0,0.0,0.0,0.0,-0.2022279449089744,-0.2436330672588252,-0.2790199383137137,-0.3779644730092272,-0.6726478232460376,-0.7995900589021115,0.7995900589021115,-0.408248290463863,-0.7250102411641544,-0.6500836066631539,-0.4472135954999578,1.0641602595597024,0.11816350673310877,0.02616214785489239,False,,,0.11816350673310877,0.4,1.0,0.14456407340881175,0.41568189503548014
18,9,0.0023881962708932,-0.2011520443596347,-0.2006439219828969,-0.9975923088699956,-1.0321945299777084,-1.6037731453035462,1.118033988749895,0.4581107601862798,-0.331124340588225,-1.894661866862679,-1.1908481525227308,-1.1697136607654002,1.058762483368768,0.871812750115739,-0.1687743776863991,0.4850675379601185,-0.4241740480072187,-0.5119447069191851,-0.5712247470911817,0.0,0.0,0.0,0.0,-0.2026676994504891,-0.2387115498644099,-0.2741892671177347,-0.3779644730092272,-0.7059895355089203,-0.7995900589021115,0.7995900589021115,-0.408248290463863,-0.7250102411641544,-0.5056205829602308,-0.4472135954999578,1.0641602595597024,0.08895182098830223,0.026323280237660715,False,,,0.08895182098830223,0.4,1.0,0.0,0.3722379552470756
18,10,0.0026849018385429,-0.2012551505279561,-0.2004683581195244,-0.9975923088699956,-1.0499105969431748,-1.6037731453035462,1.118033988749895,0.4581107601862798,-0.331124340588225,-1.894661866862679,-1.1908481525227308,-1.1697136607654002,1.058762483368768,0.871812750115739,0.5855653817840866,0.4360688848797628,-0.3023879926798848,0.1764149165348415,-0.7231054909782312,0.0,0.0,0.0,0.0,-0.2022783643367006,-0.5340078436092461,-0.3062024717438772,2.6457513110645903,1.294548767882724,-0.7995900589021115,0.7995900589021115,-0.408248290463863,-0.7250102411641544,-0.3611575592573077,-0.4472135954999578,1.0641602595597024,0.10348905676976217,0.026477905357937172,False,,,0.10348905676976217,0.4,1.0,0.20813656623321616,0.4279064057507446
18,11,0.0014923485220323,-0.201153310812795,-0.2005343323523112,-0.9975923088699956,-1.0145551856234176,-1.6037731453035462,1.118033988749895,0.4581107601862798,-0.331124340588225,-1.894661866862679,-1.1908481525227308,-1.1697136607654002,1.058762483368768,0.871812750115739,-0.1798043461666265,0.4839273852133334,0.2020995479055331,-0.601256281736026,-0.7287583904382956,0.0,0.0,0.0,0.0,-0.2026629172469284,-0.5239049317363478,-0.2938069437316957,2.6457513110645903,1.2261047589139296,-0.7995900589021115,0.7995900589021115,-0.408248290463863,-0.7250102411641544,-0.2166945355543847,-0.4472135954999578,1.0641602595597024,0.09573273093075516,0.02623089516442244,False,,,0.09573273093075516,0.4,1.0,0.08083981916221325,0.39414313752324215
18,12,0.0017892066670355,-0.2011751613730958,-0.2006811347264493,-0.9975923088699956,-1.0448458108058956,-1.6037731453035462,1.118033988749895,0.4581107601862798,-0.331124340588225,-1.894661866862679,-1.1908481525227308,-1.1697136607654002,1.058762483368768,0.871812750115739,0.3134974329568923,0.2195740971523752,-0.1719354668410347,-0.4957108914776451,-0.677542473486511,0.0,0.0,0.0,0.0,-0.2025804082126046,-0.5522189539743624,-0.3285461615140779,2.6457513110645903,1.4179232382178928,-0.7995900589021115,0.7995900589021115,-0.408248290463863,-0.7250102411641544,-0.0722315118514616,-0.4472135954999578,1.0641602595597024,0.10219859921642374,0.026275385150298744,False,0.1,0.15,0.10095022405941426,0.3242424242424243,0.9228028503562945,0.4395508422455473,0.44688658522592006
18,13,0.0018727032061359,-0.2012603269364249,-0.2006191873425127,-0.9975923088699956,-1.0229676425371317,-1.6037731453035462,1.118033988749895,0.4581107601862798,-0.331124340588225,-1.894661866862679,-1.1908481525227308,-1.1697136607654002,1.058762483368768,0.871812750115739,0.3597015141974694,0.7495813524158815,-0.2539694147077028,0.0477700053369622,-0.6733248747178937,0.0,0.0,0.0,0.0,-0.2022588179059387,-0.3015313781455177,-0.3358495053520402,-0.3779644730092272,-0.2804052144356751,-0.5535623484706925,0.5535623484706925,-0.408248290463863,-0.7250102411641544,0.0722315118514612,-0.4472135954999578,1.0641602595597024,0.10011043940394823,0.026628295497776552,False,,,0.10011043940394823,0.4,1.0,0.1066448804173041,0.4016888299553131
18,14,0.0036939727736488,-0.2013322436833221,-0.1999448410153219,-1.445469133803612,-1.0623010958741337,-1.6037731453035462,1.118033988749895,0.4581107601862798,3.020013564160076,-1.894661866862679,-1.1908481525227308,-1.1697136607654002,-0.0690286022697578,0.871812750115739,0.9090333466536428,0.4964378185432971,-0.2852393999480633,0.4896167112020779,-0.6578124696391996,0.0,0.0,0.0,0.0,-0.2019872559296542,-0.3898454791566412,-0.4225334180081988,-0.3779644730092272,0.3178946814479345,-0.3075346380392736,0.3075346380392736,-0.408248290463863,-0.7250102411641544,0.2166945355543845,2.2360679774997894,-0.0373734656776976,0.10319158824548919,0.026530630777167413,False,,,0.10319158824548919,0.65,0.65,0.3986241855841379,0.4504539434574068
18,15,0.0027473959429451,-0.2012132651967119,-0.2002597859840352,-1.445469133803612,-1.0497653712779744,-1.6037731453035462,1.118033988749895,0.4581107601862798,3.020013564160076,-1.894661866862679,-1.1908481525227308,-1.1697136607654002,-0.075542995502248,0.871812750115739,1.7067149835741486,0.2160057928121551,-0.23148772208681,-0.3782429775332145,-0.5769713853112828,0.0,0.0,0.0,0.0,-0.2024365258751568,-0.391459484459086,-0.4241176304166575,-0.3779644730092272,0.3288290531207745,-0.0615069276078547,0.0615069276078547,-0.408248290463863,-0.7250102411641544,0.3611575592573074,2.2360679774997894,-0.0373734656776976,0.0980174036203374,0.026521665633983938,False,,,0.0980174036203374,0.65,0.65,0.25,0.41200435090508436
18,16,0.0032549368062589,-0.2012549621203547,-0.2002603368221762,-0.9975923088699956,-1.0616370468772915,-1.6037731453035462,1.118033988749895,0.4581107601862798,-0.331124340588225,-1.894661866862679,-1.1908481525227308,-1.1697136607654002,-1.1271543790448286,0.871812750115739,1.3958899795972397,0.29330924090563,-0.134395287008092,-0.1447723991519322,-0.6397027135467614,0.0,0.0,0.0,0.0,-0.2022790757751736,-0.4553210735111389,-0.4868003995791313,-0.3779644730092272,0.7614709714933865,0.1845207828235641,-0.1845207828235641,-0.408248290463863,-0.7250102411641544,0.5056205829602304,2.2360679774997894,-1.1389071909150976,0.104654377887267,0.026296090112704312,False,,,0.104654377887267,0.4,0.65,0.25,0.3511635944718168
18,17,0.0020832284859145,-0.2012108922903754,-0.2006829533144748,-0.9975923088699956,-1.0769807948451318,-1.6037731453035462,1.118033988749895,0.4581107601862798,-0.331124340588225,-1.894661866862679,-1.1908481525227308,-1.1697136607654002,-1.1271543790448286,0.871812750115739,1.0024425358647573,0.1258734423675574,-0.2327669035101728,-0.4893905130146015,-0.5938623855534192,0.0,0.0,0.0,0.0,-0.2024454861126826,-0.465332591597272,-0.4966271152383282,-0.3779644730092272,0.8292958166765567,0.4305484932549831,-0.4305484932549831,-0.408248290463863,-0.7250102411641544,0.6500836066631537,2.2360679774997894,-1.1389071909150976,0.09604741151348803,0.026271089176475644,False,,,0.09604741151348803,0.4,0.65,0.25,0.349011852878372
18,18,0.0016286019294345,-0.2012830042226984,-0.2010499010017579,-0.9975923088699956,-1.0590134630839994,-1.6037731453035462,1.118033988749895,0.4581107601862798,-0.331124340588225,-1.894661866862679,-1.1908481525227308,-1.1697136607654002,-1.1271543790448286,0.871812750115739,0.6837330588842095,0.2228172204542106,-0.2125364475989469,-0.0576412152251714,-0.6263041181076471,0.0,0.0,0.0,0.0,-0.2021731871044511,-0.467752887483917,-0.4990027349280262,-0.3779644730092272,0.845692550158618,0.676576203686402,-0.676576203686402,-0.408248290463863,-0.7250102411641544,0.7945466303660766,-0.4472135954999578,-1.1389071909150976,0.09879496610270871,0.026308547039740553,False,0.1,0.15,0.09947956307233861,0.3054054054054054,0.4769230769230769,0.4272671341422903,0.3272687948857778
18,19,0.0017984436794813,-0.2012762900420359,-0.2010277221908079,-0.9975923088699956,-1.0663961480097428,-1.6037731453035462,1.118033988749895,0.4581107601862798,-0.331124340588225,-1.894661866862679,-1.1908481525227308,-1.1697136607654002,-1.1271543790448286,0.871812750115739,1.367968536907025,0.0342003366604966,-0.2611344003111752,-0.1514350683764981,-0.5885782385428017,0.0,0.0,0.0,0.0,-0.2021985402558169,-0.5048842434860122,-0.5354486839173607,-0.3779644730092272,1.0972456563525272,0.922603914117821,-0.922603914117821,-0.408248290463863,-0.7250102411641544,0.9390096540689996,-0.4472135954999578,-1.1389071909150976,0.1005524326657985,0.02624250873096054,False,,,0.1005524326657985,0.4,0.65,0.25,0.35013810816644964
18,20,0.0023399075730009,-0.2012232802723564,-0.2015932488431714,-0.9975923088699956,-1.0163448110303908,-1.6037731453035462,1.118033988749895,0.4581107601862798,-0.331124340588225,-1.894661866862679,-1.1908481525227308,-1.1697136607654002,-0.5325033556026358,0.871812750115739,0.7019489791434188,0.071906338971414,-0.2682132345342192,-0.5447654417375675,-0.5431718622806182,0.0,0.0,0.0,0.0,-0.2023987083451376,-0.4166147551756743,-0.4488085604569702,-0.3779644730092272,0.499247997302329,1.16863162454924,-1.16863162454924,-0.408248290463863,-0.7250102411641544,1.0834726777719228,-0.4472135954999578,-0.5881403282963976,0.10060402288312476,0.026417326481462108,False,,,0.10060402288312476,0.4,0.65,0.1754872447858547,0.33152281691724483
18,21,0.00240184830056,-0.2012929881995257,-0.2015368391921388,-0.5497154839363793,-1.062123891964915,-1.6037731453035462,1.118033988749895,0.4581107601862798,-0.331124340588225,-1.894661866862679,-1.1908481525227308,-1.1697136607654002,-1.1271543790448286,0.871812750115739,-0.0813901564976754,0.1255010465258722,-0.1505043282087522,-0.1396879236151355,-0.6357869429694076,0.0,0.0,0.0,0.0,-0.2021354870054423,-0.5305034180364413,-0.560594954599237,-0.3779644730092272,1.2708074012002173,1.4146593349806589,-1.4146593349806589,-0.408248290463863,-0.7250102411641544,1.2279357014748458,-0.4472135954999578,-1.1389071909150976,0.1017015852090995,0.026300799818717698,False,,,0.1017015852090995,0.4,0.65,0.0,0.28792539630227487
18,22,0.0028405248787291,-0.2013083582908459,-0.2012961892201722,-0.9975923088699956,-1.0773174372154557,-1.6037731453035462,1.118033988749895,0.4581107601862798,-0.331124340588225,-1.894661866862679,-1.1908481525227308,-1.1697136607654002,-1.1271543790448286,0.871812750115739,0.4949187749751577,0.3388329773881237,-0.1065106002073123,-0.0891022933169344,-0.6844965334230679,0.0,0.0,0.0,0.0,-0.2020774486130694,-0.5095458751831209,-0.5400242666413072,-0.3779644730092272,1.1288267258204323,1.6606870454120777,-1.6606870454120777,-0.408248290463863,-0.7250102411641544,1.3723987251777687,-0.4472135954999578,-1.1389071909150976,0.1023605530897837,0.02599172831713041,False,,,0.1023605530897837,0.4,0.65,0.12372969374378942,0.31902256170839327
18,23,0.0023443776934022,-0.2012875525480708,-0.2017115299579664,-0.9975923088699956,-1.064030403546641,-1.6037731453035462,1.118033988749895,0.4581107601862798,-0.331124340588225,-1.894661866862679,-1.1908481525227308,-1.1697136607654002,-1.1271543790448286,0.871812750115739,0.1958675310995027,-0.2164805997842539,-0.3664534794108657,-0.2685559922410784,-0.4920187256057541,0.0,0.0,0.0,0.0,-0.2021560123533643,-0.5094235298624696,-0.5399041796906636,-0.3779644730092272,1.1279978752544475,1.9067147558434967,-1.9067147558434967,-0.408248290463863,-0.7250102411641544,1.516861748880692,-0.4472135954999578,-1.1389071909150976,0.09150665476088377,0.02569200828069464,False,,,0.09150665476088377,0.4,0.65,0.048966882774875674,0.2976183843839399
18,24,0.0027480222219097,-0.2013172297437192,-0.2015457744271027,-0.9975923088699956,-1.0249227605684372,-1.6037731453035462,1.118033988749895,0.4581107601862798,-0.331124340588225,-1.894661866862679,-1.1908481525227308,-1.1697136607654002,-1.1271543790448286,0.871812750115739,-0.2352369803676981,-0.0873523605616659,-0.3234167822665867,-0.127898671483643,-0.5111439367273296,0.0,0.0,0.0,0.0,-0.2020439494716491,-0.4599745049567881,-0.4913679334199078,-0.3779644730092272,0.7929964868704013,2.1527424662749155,-2.1527424662749155,-0.408248290463863,-0.7250102411641544,1.6613247725836149,-0.4472135954999578,-1.1389071909150976,0.005673263232009451,0.02623033679942239,False,,,0.005673263232009451,0.4,0.65,0.0,0.2639183158080024
19,1,0.0020047759736183,-0.2016755810545011,-0.2028924952362883,0.3460381659308536,-0.6693164411005796,-1.423822943028113,-1.118033988749895,-1.400487393164631,-0.331124340588225,1.420996400147024,-0.0940143278307387,-0.2904350415705322,-1.1271543790448286,-1.1181946142788823,-0.92245209701587,-1.0556136862595376,2.4119963984560537,3.580846046445159,0.4517812138680571,0.0,0.0,0.0,0.0,-0.2014784803281605,-0.3397772499219073,-0.3733893972896326,-0.3779644730092272,-0.7508058875955863,-0.7995900589021115,0.7995900589021115,-0.408248290463863,-0.7250102411641544,-1.661324772583615,-0.4472135954999578,-1.1389071909150976,0.09965230525782892,0.026582550571471523,False,,,0.09965230525782892,0.75,0.65,0.75,0.5624130763144572
19,2,-0.0140941884914166,-0.2014200599793815,-0.1972285299778613,0.3460381659308536,-0.4508819808989666,-1.423822943028113,-1.118033988749895,-1.400487393164631,-0.331124340588225,1.420996400147024,-0.0940143278307387,-0.2904350415705322,-1.1271543790448286,-1.1181946142788823,0.026852959552531,-0.8630619123207021,2.4119963984560537,1.173537476873761,0.3257727277218247,0.0,0.0,0.0,0.0,-0.2024433433278887,-0.2021870164745419,-0.2383389394132669,-0.3779644730092272,-0.7508058875955863,-0.7995900589021115,0.7995900589021115,-0.408248290463863,-0.7250102411641544,-1.516861748880692,-0.4472135954999578,-1.1389071909150976,0.09876051169733643,0.02647574188088134,False,,,0.09876051169733643,0.75,0.65,0.7567132398881328,0.5638684378963673
19,3,-0.0086465279688369,-0.2013374682969119,-0.1965118650593838,1.2417918157980865,-0.9610782230631966,-1.423822943028113,-1.118033988749895,-1.400487393164631,-0.331124340588225,1.420996400147024,-0.0940143278307387,-0.2904350415705322,-1.1271543790448286,-1.1181946142788823,-0.9715135676499228,-0.8086850297507618,2.4119963984560537,0.353865846653234,-0.1714868530891279,0.0,0.0,0.0,0.0,-0.2027552145051015,-0.576378471167673,-0.605623200974337,-0.3779644730092272,-0.2061984878175158,-0.7995900589021115,0.7995900589021115,-0.408248290463863,-0.7250102411641544,-1.3723987251777692,-0.4472135954999578,-1.1389071909150976,0.10190447477830533,0.02650706070209374,False,,,0.10190447477830533,0.75,0.65,0.5238530463286319,0.5064393802767343
19,4,-0.0047958691605812,-0.2013433145281738,-0.1967941574089472,0.79391499086447,-0.7166332337979507,-1.423822943028113,-1.118033988749895,-1.400487393164631,-0.331124340588225,1.420996400147024,-0.0940143278307387,-0.2904350415705322,-1.1271543790448286,-1.1181946142788823,0.069105817994304,-0.9331125153587692,-0.9449589109845428,0.3233674307214007,0.1876279025769592,0.0,0.0,0.0,0.0,-0.2027331387830506,-0.3939320606180737,-0.4265445653381192,-0.3779644730092272,-0.7508058875955863,-0.7995900589021115,0.7995900589021115,-0.408248290463863,-0.7250102411641544,-1.2279357014748462,-0.4472135954999578,-1.1389071909150976,0.10217131440201468,0.025948684606331266,False,,,0.10217131440201468,0.75,0.65,0.13045505525106624,0.40815659241327024
19,5,-0.0030729315998868,-0.201310989570468,-0.1969490928664045,0.79391499086447,-0.8046156498058334,-1.423822943028113,-1.118033988749895,-1.400487393164631,-0.331124340588225,1.420996400147024,-0.0940143278307387,-0.2904350415705322,-1.1271543790448286,-1.1181946142788823,0.0121626240662709,-0.8070683574433776,-0.8766880094202162,-0.0325199402377816,-0.0396734941607619,0.0,0.0,0.0,0.0,-0.2028551997740803,-0.4587677016414656,-0.4901834064646326,-0.3779644730092272,-0.7508058875955863,-0.7995900589021115,0.7995900589021115,-0.408248290463863,-0.7250102411641544,-1.0834726777719228,-0.4472135954999578,-1.1389071909150976,0.10018891786139517,0.02543735631590381,False,,,0.10018891786139517,0.75,0.65,0.003040656016567725,0.3758073934694907
19,6,-0.002387974959335,-0.2012518050797071,-0.1968155329659954,0.3460381659308536,-0.4990727806667,-1.423822943028113,-1.118033988749895,-1.400487393164631,-0.331124340588225,1.420996400147024,-0.0940143278307387,-0.2904350415705322,-1.1271543790448286,-1.1181946142788823,-0.1700015212965162,-1.015474682794492,-0.8345980429562136,-0.6052092126965922,0.5926329432560092,0.0,0.0,0.0,0.0,-0.2030786839828339,-0.1857321299279182,-0.2221877933126581,-0.3779644730092272,-0.7508058875955863,-0.7995900589021115,0.7995900589021115,-0.408248290463863,-0.7250102411641544,-0.939009654069,-0.4472135954999578,-1.1389071909150976,0.09923743820355221,0.026372934183536825,False,0.05,0.05,0.09923743820355221,0.75,0.65,0.0,0.37480935955088807
19,7,-0.0002196034032016,-0.2012307870884102,-0.2001214157886663,0.79391499086447,-0.7471990584387299,-1.423822943028113,-1.118033988749895,-1.400487393164631,-0.331124340588225,1.420996400147024,-0.0940143278307387,-0.2904350415705322,-1.1271543790448286,-1.1181946142788823,-0.327638699909442,-1.0247269107032166,0.9152102750112944,-0.8451233532530499,0.2952169284939412,0.0,0.0,0.0,0.0,-0.2031580491863556,-0.4144084681233495,-0.4466429992164831,-0.3779644730092272,-0.7508058875955863,-0.7995900589021115,0.7995900589021115,-0.408248290463863,-0.7250102411641544,-0.7945466303660769,-0.4472135954999578,-1.1389071909150976,0.09697408974242208,0.026447973737625034,False,,,0.09697408974242208,0.75,0.65,0.3660841100045178,0.465764549936735
19,8,0.0005058615916079,-0.2012502873761335,-0.2009066513215297,1.2417918157980865,-0.92082727744139,-1.423822943028113,-1.118033988749895,-1.400487393164631,-0.331124340588225,1.420996400147024,-0.0940143278307387,-0.2904350415705322,-1.1271543790448286,-1.1181946142788823,-0.5167385131159643,-0.9998671443517584,-0.5671615918763767,-0.7461242965861492,-0.0021700506360517,0.0,0.0,0.0,0.0,-0.2030844149231174,-0.6070364671176777,-0.635715281544894,-0.3779644730092272,0.0558558041714422,-0.7995900589021115,0.7995900589021115,-0.408248290463863,-0.7250102411641544,-0.6500836066631539,-0.4472135954999578,-1.1389071909150976,0.09897054587233584,0.02627857710792443,False,,,0.09897054587233584,0.75,0.65,0.0,0.374742636468084
19,9,0.0007552762644869,-0.201245115944906,-0.2010911061209889,0.79391499086447,-0.8092114621722921,-1.423822943028113,-1.118033988749895,-1.400487393164631,-0.331124340588225,1.420996400147024,-0.0940143278307387,-0.2904350415705322,-1.1271543790448286,-1.1181946142788823,-1.1344112580503634,-1.0681653874546508,-0.6825541240819569,-0.849578741833485,0.2203813616131443,0.0,0.0,0.0,0.0,-0.2031039425595158,-0.516547971150044,-0.5468971110484573,-0.3779644730092272,-0.7176095841929383,-0.7995900589021115,0.7995900589021115,-0.408248290463863,-0.7250102411641544,-0.5056205829602308,-0.4472135954999578,-1.1389071909150976,0.09739149255704653,0.026378400005224917,False,,,0.09739149255704653,0.75,0.65,0.0,0.37434787313926166
19,10,0.0013362550605679,-0.201236828137201,-0.2017225687175707,0.79391499086447,-0.8598505099084549,-1.423822943028113,-1.118033988749895,-1.400487393164631,-0.331124340588225,1.420996400147024,-0.0940143278307387,-0.2904350415705322,-1.1271543790448286,-1.1181946142788823,-0.2956628708981615,-1.1477841907031925,-0.6343725432511538,-0.9752972920399006,-0.0376762043946532,0.0,0.0,0.0,0.0,-0.2031352378215591,-0.7688355185243185,-0.59431871575998,2.6457513110645903,1.4388599617163809,-0.7995900589021115,0.7995900589021115,-0.408248290463863,-0.7250102411641544,-0.3611575592573077,-0.4472135954999578,-1.1389071909150976,0.09657315169653478,0.026462727989149618,False,,,0.09657315169653478,0.75,0.65,0.0,0.3741432879241337
19,11,0.0027186899163652,-0.2013285329071188,-0.2014418900052198,0.79391499086447,-0.6597888028281839,-1.423822943028113,-1.118033988749895,-1.400487393164631,-0.331124340588225,1.420996400147024,-0.0940143278307387,-0.2904350415705322,-1.1271543790448286,-1.1181946142788823,-1.0277477260255572,-1.7793437933392495,-0.8007613285597194,-0.3082965907750359,3.6184629055896966,0.0,0.0,0.0,0.0,-0.2027889550761893,-0.6664792959526493,-0.4687351770663781,2.6457513110645903,0.5639532169825027,-0.7995900589021115,0.7995900589021115,-0.408248290463863,-0.7250102411641544,-0.2166945355543847,-0.4472135954999578,-1.1389071909150976,0.09837673171987171,0.026541164001199342,False,,,0.09837673171987171,0.75,0.65,0.0,0.37459418292996793
19,12,0.0033716181015995,-0.2013373579554228,-0.2009435551919143,0.79391499086447,-0.7142713743700198,-1.423822943028113,-1.118033988749895,-1.400487393164631,-0.331124340588225,1.420996400147024,-0.0940143278307387,-0.2904350415705322,-1.1271543790448286,-1.1181946142788823,-0.9904462727019724,-1.716913705460706,-0.6615116645986693,-0.3042177181910869,2.5175856426168086,0.0,0.0,0.0,0.0,-0.202755631161223,-0.6999906753765012,-0.5098511689310106,2.6457513110645903,0.8503972762358113,-0.7995900589021115,0.7995900589021115,-0.408248290463863,-0.7250102411641544,-0.0722315118514616,-0.4472135954999578,-1.1389071909150976,0.10315873083988511,0.026442228696667302,False,0.2,0.35,0.11559422005659165,0.6250842886041807,0.4648245548125328,0.36480038174009866,0.392575861303351
19,13,0.0031382211088924,-0.2013025306718172,-0.2010785120603966,1.2417918157980865,-1.0103847692621335,-1.423822943028113,-1.118033988749895,-1.400487393164631,-0.331124340588225,1.420996400147024,-0.0940143278307387,-0.2904350415705322,-1.1271543790448286,-1.1181946142788823,-0.9181384944204506,-1.0855218462467815,0.0757344819276384,-0.6363846164125874,-0.0498234015360852,0.0,0.0,0.0,0.0,-0.2028871410858597,-0.7201463913333656,-0.7467373117643088,-0.3779644730092272,1.0226815926412305,-0.5535623484706925,0.5535623484706925,-0.408248290463863,-0.7250102411641544,0.0722315118514612,-0.4472135954999578,-1.1389071909150976,0.10142522518035635,0.026601286487109806,False,,,0.10142522518035635,0.75,0.65,0.030293792771055362,0.38292975448785294
19,14,0.0034983993286125,-0.2013698758468839,-0.2007484680460537,1.2417918157980865,-0.7771177010004356,-1.423822943028113,-1.118033988749895,-1.400487393164631,-0.331124340588225,1.420996400147024,-0.0940143278307387,-0.2904350415705322,-1.1271543790448286,-1.1181946142788823,-1.1328526787589357,-0.9643766958573504,-0.3965453516217491,-0.1832687675887201,-0.0221971001595359,0.0,0.0,0.0,0.0,-0.2026328416406901,-0.5890650332468872,-0.6180755820390887,-0.3779644730092272,-0.0977579997678744,-0.3075346380392736,0.3075346380392736,-0.408248290463863,-0.7250102411641544,0.2166945355543845,2.2360679774997894,-1.1389071909150976,0.09703701383299301,0.026486977912003908,False,,,0.09703701383299301,0.75,0.65,0.0,0.3742592534582483
19,15,0.0038930244998274,-0.2014287784077058,-0.2002857824739842,1.2417918157980865,-0.7431842066631587,-1.423822943028113,-1.118033988749895,-1.400487393164631,-0.331124340588225,1.420996400147024,-0.0940143278307387,-0.2904350415705322,-1.1271543790448286,-1.1181946142788823,-1.765733784434152,-1.720726693513457,-0.8847707718851398,0.1954631910135766,3.0991955346619227,0.0,0.0,0.0,0.0,-0.2024104220164003,-0.5778154188986072,-0.6070336241137182,-0.3779644730092272,-0.1939159393799355,-0.0615069276078547,0.0615069276078547,-0.408248290463863,-0.7250102411641544,0.3611575592573074,2.2360679774997894,-1.1389071909150976,0.100729844936429,0.026504325557156365,False,,,0.100729844936429,0.75,0.65,0.0684121168547518,0.3922854904477952
19,16,0.0032513078751963,-0.2013987053657525,-0.2009834346314755,1.2417918157980865,-0.9250551669449102,-1.423822943028113,-1.118033988749895,-1.400487393164631,-0.331124340588225,1.420996400147024,-0.0940143278307387,-0.2904350415705322,-1.1271543790448286,-1.1181946142788823,-1.303357031330292,-1.7662294615102434,-0.8629160459253429,-0.0954770850973045,2.996518363691015,0.0,0.0,0.0,0.0,-0.2025239796376509,-0.7417254997856052,-0.7679180918532789,-0.3779644730092272,1.207132591865912,0.1845207828235641,-0.1845207828235641,-0.408248290463863,-0.7250102411641544,0.5056205829602304,2.2360679774997894,-1.1389071909150976,0.10000212528743374,0.026493784316196495,False,,,0.10000212528743374,0.75,0.65,0.0,0.37500053132185845
19,17,0.0029417536047156,-0.2013719739015642,-0.2010934168778497,1.2417918157980865,-0.7049372308000558,-1.423822943028113,-1.118033988749895,-1.400487393164631,-0.331124340588225,1.420996400147024,-0.0940143278307387,-0.2904350415705322,-1.1271543790448286,-1.1181946142788823,-1.3787625944818898,-1.7432006945483922,-0.7211607605248188,-0.3550392403771866,3.367470315319005,0.0,0.0,0.0,0.0,-0.2026249192596049,-0.591992477198999,-0.6209489883575057,-0.3779644730092272,-0.072735188314086,0.4305484932549831,-0.4305484932549831,-0.408248290463863,-0.7250102411641544,0.6500836066631537,2.2360679774997894,-1.1389071909150976,0.10022417515238718,0.026422558023243715,False,,,0.10022417515238718,0.75,0.65,0.0,0.3750560437880968
19,18,0.0025767995025681,-0.2013708401295014,-0.2011995413852512,1.2417918157980865,-0.6670211119572144,-1.423822943028113,-1.118033988749895,-1.400487393164631,-0.331124340588225,1.420996400147024,-0.0940143278307387,-0.2904350415705322,-1.1271543790448286,-1.1181946142788823,-0.8806603700510698,-1.8012591470132278,-0.6573069397435124,-0.4229211721186717,4.55087949182909,0.0,0.0,0.0,0.0,-0.2026292004513344,-0.5850199637785092,-0.6141051804331121,-0.3779644730092272,-0.1323339002054174,0.676576203686402,-0.676576203686402,-0.408248290463863,-0.7250102411641544,0.7945466303660766,-0.4472135954999578,-1.1389071909150976,0.09993484580927467,0.026450108805981178,False,0.2,0.2,0.1098750857695378,0.6361171366594359,0.65,0.30000000000000004,0.4239980556072434
19,19,0.0020561263231236,-0.2014156902981671,-0.2018536502298679,0.79391499086447,-0.4994408110152558,-1.423822943028113,-1.118033988749895,-1.400487393164631,-0.331124340588225,1.420996400147024,-0.0940143278307387,-0.2904350415705322,-1.1271543790448286,-1.1181946142788823,-1.1623676292867613,-1.8006417602587332,-0.7765175219284545,-0.1596096387194108,4.998946991403573,0.0,0.0,0.0,0.0,-0.2024598435078538,-0.5058780204359319,-0.5364241167569668,-0.3779644730092272,-0.7508058875955863,0.922603914117821,-0.922603914117821,-0.408248290463863,-0.7250102411641544,0.9390096540689996,-0.4472135954999578,-1.1389071909150976,0.10173826177930995,0.026263959514494013,False,,,0.10173826177930995,0.75,0.65,0.0,0.3754345654448275
19,20,0.0008661575249992,-0.2012923099746853,-0.2009231066349505,0.79391499086447,-0.4299077108484127,-1.423822943028113,-1.118033988749895,-1.400487393164631,-0.331124340588225,1.420996400147024,-0.0940143278307387,-0.2904350415705322,-1.1271543790448286,-1.1181946142788823,-1.009870487313519,-1.7946942569759563,-0.81179275670908,-1.0945015011500252,5.328510799658049,0.0,0.0,0.0,0.0,-0.2029257350550242,-0.4212812724844612,-0.4533889386091794,-0.3779644730092272,-0.7508058875955863,1.16863162454924,-1.16863162454924,-0.408248290463863,-0.7250102411641544,1.0834726777719228,-0.4472135954999578,-1.1389071909150976,0.0969846244813197,0.026159201213231637,False,,,0.0969846244813197,0.75,0.65,0.0,0.37424615612032996
19,21,0.0010416580037726,-0.2013305281364794,-0.2010606795309464,0.3460381659308536,-0.1858036945825059,-1.423822943028113,-1.118033988749895,-1.400487393164631,-0.331124340588225,1.420996400147024,-0.0940143278307387,-0.2904350415705322,-1.1271543790448286,-1.1181946142788823,-0.4813994951497843,-1.7754478935345444,-0.7857010477618306,-0.8760282938098136,5.262023701572177,0.0,0.0,0.0,0.0,-0.2027814209697165,-0.3422804531501343,-0.3758463939358298,-0.3779644730092272,-0.7508058875955863,1.4146593349806589,-1.4146593349806589,-0.408248290463863,-0.7250102411641544,1.2279357014748458,-0.4472135954999578,-1.1389071909150976,0.10122007116549223,0.026431897698475516,False,,,0.10122007116549223,0.75,0.65,0.0,0.37530501779137304
19,22,0.0011443677301291,-0.2013252429964198,-0.2011242430363149,0.3460381659308536,-0.1408790543293489,-1.423822943028113,-1.118033988749895,-1.400487393164631,-0.331124340588225,1.420996400147024,-0.0940143278307387,-0.2904350415705322,-1.1271543790448286,-1.1181946142788823,0.1931178845120224,-0.8811560721114081,0.1880558749343747,-0.9638520988093396,0.267358693739733,0.0,0.0,0.0,0.0,-0.2028013779775265,-0.2718900085445512,-0.3067552852435727,-0.3779644730092272,-0.7508058875955863,1.6606870454120777,-1.6606870454120777,-0.408248290463863,-0.7250102411641544,1.3723987251777687,-0.4472135954999578,-1.1389071909150976,0.09979102052599217,0.026531805129102796,False,,,0.09979102052599217,0.75,0.65,0.12350182110175548,0.4058232104069369
19,23,0.0012845380947938,-0.2013374440978003,-0.2011662486611751,0.3460381659308536,-0.2356454545341365,-1.423822943028113,-1.118033988749895,-1.400487393164631,-0.331124340588225,1.420996400147024,-0.0940143278307387,-0.2904350415705322,-1.1271543790448286,-1.1181946142788823,-1.2542235848549468,-0.9445887794107164,-0.5053445535474747,-0.929914535443666,0.2636882999294025,0.0,0.0,0.0,0.0,-0.2027553058824073,-0.3466747929214263,-0.3801596186706677,-0.3779644730092272,-0.7508058875955863,1.9067147558434967,-1.9067147558434967,-0.408248290463863,-0.7250102411641544,1.516861748880692,-0.4472135954999578,-1.1389071909150976,0.09580310742410614,0.026039349202995058,False,,,0.09580310742410614,0.75,0.65,0.0,0.3739507768560265
19,24,0.0010508393669736,-0.2012836813800776,-0.2009957421104246,0.3460381659308536,-0.1948761962650829,-1.423822943028113,-1.118033988749895,-1.400487393164631,-0.331124340588225,1.420996400147024,-0.0940143278307387,-0.2904350415705322,-1.1271543790448286,-1.1181946142788823,-1.0258920582348896,-0.8641508301261905,-0.5684789468272575,-1.343821907559022,0.2029824596204343,0.0,0.0,0.0,0.0,-0.2029583171489777,-0.3067745208347819,-0.3409958649675078,-0.3779644730092272,-0.7508058875955863,2.1527424662749155,-2.1527424662749155,-0.408248290463863,-0.7250102411641544,1.6613247725836149,-0.4472135954999578,-1.1389071909150976,0.004368476901048829,0.026148650907377106,False,,,0.004368476901048829,0.75,0.65,0.0,0.3510921192252622
20,1,0.0020047759736183,-0.2019060852004277,-0.2028924952362883,0.79391499086447,-1.0008869600937969,0.9122357483337862,1.118033988749895,-0.4850584519619434,-0.331124340588225,0.4736654667156811,-0.5327478577075354,0.9485958427677504,-1.1271543790448286,0.2084769619841985,0.1075315017764693,-0.3538076318522823,2.4119963984560537,4.220730799675917,-0.5072766292915539,0.0,0.0,0.0,0.0,-0.1992690148089622,-0.6088485783453106,-0.6374939430449368,-0.3779644730092272,-0.3777091298578031,-0.7995900589021115,0.7995900589021115,-0.408248290463863,-0.7250102411641544,-1.661324772583615,-0.4472135954999578,-1.1389071909150976,0.10234773972940509,0.026636461242846722,False,,,0.10234773972940509,0.03510570066648553,0.27056166289289985,0.7768828754441173,0.2962244946832269
20,2,-0.0244062303256603,-0.2014868924791046,-0.1936005297534086,0.3460381659308536,-0.7668955649542897,0.9122357483337862,1.118033988749895,-0.4850584519619434,-0.331124340588225,0.4736654667156811,-0.5327478577075354,0.9485958427677504,-1.1271543790448286,0.2084769619841985,0.5570567166013559,-0.2029411807339218,2.4119963984560537,1.6515940596840104,-0.4540219645962594,0.0,0.0,0.0,0.0,-0.2008519118219415,-0.451480610105259,-0.4830308272161344,-0.3779644730092272,-0.7508058875955863,-0.7995900589021115,0.7995900589021115,-0.408248290463863,-0.7250102411641544,-1.516861748880692,-0.4472135954999578,-1.1389071909150976,0.0960684463224678,0.02656050749554513,False,,,0.0960684463224678,0.03510570066648553,0.27056166289289985,0.889264179150339,0.32274999725804804
20,3,-0.0207421026918536,-0.2011840130566149,-0.1897675079312268,0.3460381659308536,-0.8746517985636714,0.9122357483337862,1.118033988749895,-0.4850584519619434,-0.331124340588225,0.4736654667156811,-0.5327478577075354,0.9485958427677504,-1.1271543790448286,0.2084769619841985,-0.485359187874783,-0.4438955518453876,2.4119963984560537,-0.2029108990656481,-0.3717700249691357,0.0,0.0,0.0,0.0,-0.2019956027993002,-0.5062314599212117,-0.5367710321093334,-0.3779644730092272,-0.7508058875955863,-0.7995900589021115,0.7995900589021115,-0.408248290463863,-0.7250102411641544,-1.3723987251777692,-0.4472135954999578,-1.1389071909150976,0.10330842200407098,0.026521972858424645,False,,,0.10330842200407098,0.03510570066648553,0.27056166289289985,0.4,0.2022439463908641
20,4,-0.0129790240936279,-0.201214307331975,-0.1900502484432023,0.3460381659308536,-0.8295983708338338,0.9122357483337862,1.118033988749895,-0.4850584519619434,-0.331124340588225,0.4736654667156811,-0.5327478577075354,0.9485958427677504,-1.1271543790448286,0.2084769619841985,0.0794836371130489,-0.3566489812436204,-0.88565521388959,-0.0237248407575031,-0.402612766177588,0.0,0.0,0.0,0.0,-0.2018812097873543,-0.4844067166373048,-0.5153491513575054,-0.3779644730092272,-0.7508058875955863,-0.7995900589021115,0.7995900589021115,-0.408248290463863,-0.7250102411641544,-1.2279357014748462,-0.4472135954999578,-1.1389071909150976,0.10160406524319093,0.026320688135812717,False,,,0.10160406524319093,0.03510570066648553,0.27056166289289985,0.019870909278262225,0.10678558452020964
20,5,-0.0098335226126322,-0.2011028966076989,-0.18987897153663,0.3460381659308536,-0.7954871776764727,0.9122357483337862,1.118033988749895,-0.4850584519619434,-0.331124340588225,0.4736654667156811,-0.5327478577075354,0.9485958427677504,-1.1271543790448286,0.2084769619841985,-1.085720846843901,-0.355540427375593,-0.8212880819083057,-0.7073789364463658,-0.3758500476060665,0.0,0.0,0.0,0.0,-0.2023019034055876,-0.4514198961494131,-0.4829712339780747,-0.3779644730092272,-0.7508058875955863,-0.7995900589021115,0.7995900589021115,-0.408248290463863,-0.7250102411641544,-1.0834726777719228,-0.4472135954999578,-1.1389071909150976,0.10014999978485067,0.02639579388659355,False,,,0.10014999978485067,0.03510570066648553,0.27056166289289985,0.0,0.10145434083605902
20,6,-0.0062471485786151,-0.2012136081024517,-0.1907031999184224,0.79391499086447,-1.017542362307638,0.9122357483337862,1.118033988749895,-0.4850584519619434,-0.331124340588225,0.4736654667156811,-0.5327478577075354,0.9485958427677504,-1.1271543790448286,0.2084769619841985,0.1650088176604898,-0.0081466944388185,-0.4777238283666163,-0.0390908628689562,-0.6465956531381516,0.0,0.0,0.0,0.0,-0.2018838501202309,-0.6113072601263254,-0.6399072400644913,-0.3779644730092272,-0.3555617744374382,-0.7995900589021115,0.7995900589021115,-0.408248290463863,-0.7250102411641544,-0.939009654069,-0.4472135954999578,-1.1389071909150976,0.09661225131088916,0.02633136878837626,False,0.1,0.1,0.09661225131088916,0.03510570066648553,0.27056166289289985,0.04125220441512245,0.11088295482134924
20,7,-0.001461249682441,-0.2011063308272021,-0.19719182468701,0.3460381659308536,-0.8469661316213551,0.9122357483337862,1.118033988749895,-0.4850584519619434,-0.331124340588225,0.4736654667156811,-0.5327478577075354,0.9485958427677504,-1.1271543790448286,0.2084769619841985,-1.092858710782317,-0.2042035930759833,0.8222969529371835,-0.6962303200664941,-0.48623869697092,0.0,0.0,0.0,0.0,-0.2022889355854967,-0.4945870050903242,-0.525341522054511,-0.3779644730092272,-0.7508058875955863,-0.7995900589021115,0.7995900589021115,-0.408248290463863,-0.7250102411641544,-0.7945466303660769,-0.4472135954999578,-1.1389071909150976,0.09189457963502834,0.026427955971871822,False,,,0.09189457963502834,0.03510570066648553,0.27056166289289985,0.32891878117487344,0.1816201810923218
20,8,0.0011140407592278,-0.2011276930693694,-0.2007846387293976,0.3460381659308536,-0.8867264495086212,0.9122357483337862,1.118033988749895,-0.4850584519619434,-0.331124340588225,0.4736654667156811,-0.5327478577075354,0.9485958427677504,-1.1271543790448286,0.2084769619841985,-0.3311275244747627,-0.503434036819842,-0.4428199689246407,-0.5714696378073527,-0.4032015267054376,0.0,0.0,0.0,0.0,-0.2022082704699137,-0.5810425959657052,-0.6102012307791027,-0.3779644730092272,-0.6281803292333178,-0.7995900589021115,0.7995900589021115,-0.408248290463863,-0.7250102411641544,-0.6500836066631539,-0.4472135954999578,-1.1389071909150976,0.10794424936515366,0.026172834154922216,False,,,0.10794424936515366,0.03510570066648553,0.27056166289289985,0.0,0.10340290323113477
20,9,0.0013966469725427,-0.2011533197920596,-0.2008479924155514,0.79391499086447,-0.952931893131176,0.9122357483337862,1.118033988749895,-0.4850584519619434,-0.331124340588225,0.4736654667156811,-0.5327478577075354,0.9485958427677504,-1.1271543790448286,0.2084769619841985,-1.2233861872367946,-0.2015258024261713,-0.3857852669813558,-0.4211126746860437,-0.5878252474753383,0.0,0.0,0.0,0.0,-0.202111502418525,-0.6266584720521787,-0.6549750842537135,-0.3779644730092272,-0.2172808674569192,-0.7995900589021115,0.7995900589021115,-0.408248290463863,-0.7250102411641544,-0.5056205829602308,-0.4472135954999578,-1.1389071909150976,0.09980508510120362,0.026403421654862622,False,,,0.09980508510120362,0.03510570066648553,0.27056166289289985,0.0,0.10136811216514725
20,10,0.0015246950738943,-0.2010814585897596,-0.2009783156834615,0.79391499086447,-0.987176689127721,0.9122357483337862,1.118033988749895,-0.4850584519619434,-0.331124340588225,0.4736654667156811,-0.5327478577075354,0.9485958427677504,-1.1271543790448286,0.2084769619841985,-0.2344885587843967,-0.3235927257901225,-0.2717703457069105,-0.8614003729217593,-0.7147090821571646,0.0,0.0,0.0,0.0,-0.2023828546550587,-0.8461541602146795,-0.6891829886541789,2.6457513110645903,1.7598961127075825,-0.7995900589021115,0.7995900589021115,-0.408248290463863,-0.7250102411641544,-0.3611575592573077,-0.4472135954999578,-1.1389071909150976,0.09939496499053942,0.02636737119823857,False,,,0.09939496499053942,0.03510570066648553,0.27056166289289985,0.0,0.1012655821374812
20,11,0.0020355039650627,-0.2012268200805759,-0.2005294728480809,0.79391499086447,-0.9197840494585156,0.9122357483337862,1.118033988749895,-0.4850584519619434,-0.331124340588225,0.4736654667156811,-0.5327478577075354,0.9485958427677504,-1.1271543790448286,0.2084769619841985,-0.1376434759009086,-0.6086157647170363,-0.0838883667169513,0.0132657127978186,-0.5704966291814303,0.0,0.0,0.0,0.0,-0.2018339608935233,-0.8211388486804273,-0.6584910457017649,2.6457513110645903,1.534562765473216,-0.7995900589021115,0.7995900589021115,-0.408248290463863,-0.7250102411641544,-0.2166945355543847,-0.4472135954999578,-1.1389071909150976,0.09649891788239756,0.0262921958167077,False,,,0.09649891788239756,0.03510570066648553,0.27056166289289985,0.00464299947923651,0.10170232023025487
20,12,0.0029743471930055,-0.2011689493897037,-0.2008158869971162,0.79391499086447,-1.0500375065737109,0.9122357483337862,1.118033988749895,-0.4850584519619434,-0.331124340588225,0.4736654667156811,-0.5327478577075354,0.9485958427677504,-1.1271543790448286,0.2084769619841985,-1.0002427792813051,-0.2267868407717434,0.1045864473508618,-0.3420218629791386,-0.7879132635792042,0.0,0.0,0.0,0.0,-0.2020524841146125,-0.8994744424121282,-0.7546030437740175,2.6457513110645903,2.240195454435979,-0.7995900589021115,0.7995900589021115,-0.408248290463863,-0.7250102411641544,-0.0722315118514616,-0.4472135954999578,-1.1389071909150976,0.10301219810521772,0.026460584198231166,False,0.3,0.15,0.13384110148404643,0.10469592301057164,0.2855899383100051,0.3327888171611408,0.21422894499144102
20,13,0.0025403525793483,-0.2011487473225282,-0.2009549684348515,-0.5497154839363793,-0.389511382885347,0.9122357483337862,1.118033988749895,-0.4850584519619434,-0.331124340588225,0.4736654667156811,-0.5327478577075354,0.9485958427677504,-1.1271543790448286,0.2084769619841985,-0.0671675841264188,-0.5819254958893966,-0.640389985902186,-0.4691800238163628,-0.0561374739777473,0.0,0.0,0.0,0.0,-0.2021287683394127,-0.2702129272459461,-0.3051091611575983,-0.3779644730092272,-0.7508058875955863,-0.5535623484706925,0.5535623484706925,-0.408248290463863,-0.7250102411641544,0.0722315118514612,-0.4472135954999578,-1.1389071909150976,0.09931869837044127,0.026596486081810197,False,,,0.09931869837044127,0.03510570066648553,0.27056166289289985,0.0,0.10124651548245667
20,14,0.0029459445619797,-0.201229087594278,-0.2006561503994172,-1.445469133803612,0.2583462644993519,0.9122357483337862,1.118033988749895,-0.4850584519619434,3.020013564160076,0.4736654667156811,-0.5327478577075354,0.9485958427677504,0.0778729439530989,0.2084769619841985,0.3591121561805096,-0.4161582592743506,-0.6490965552562753,0.0102919423193601,0.1628188489911293,0.0,0.0,0.0,0.0,-0.2018253986249452,0.1337539920517542,0.0914009402583538,-0.3779644730092272,-0.7508058875955863,-0.3075346380392736,0.3075346380392736,-0.408248290463863,-0.7250102411641544,0.2166945355543845,2.2360679774997894,-0.0373734656776976,0.10126134318819785,0.02658681776475176,False,,,0.10126134318819785,0.28510570066648555,0.2978171932764844,0.09338021885690344,0.1943911139970178
20,15,0.0021429341659979,-0.2010994883213247,-0.2003800803781966,-1.445469133803612,0.250239555694551,0.9122357483337862,1.118033988749895,-0.4850584519619434,3.020013564160076,0.4736654667156811,-0.5327478577075354,0.9485958427677504,0.001067984449291,0.2084769619841985,1.691203753121807,-0.2551322926230518,-0.4769007312848407,-0.7760756367547069,0.0085580627116656,0.0,0.0,0.0,0.0,-0.2023147733006182,0.1071951937001148,0.0653323902736124,-0.3779644730092272,-0.7508058875955863,-0.0615069276078547,0.0615069276078547,-0.408248290463863,-0.7250102411641544,0.3611575592573074,2.2360679774997894,-0.0373734656776976,0.10011415139643909,0.026534960691684047,False,,,0.10011415139643909,0.28510570066648555,0.2709354574501517,0.25,0.22653882737826908
20,16,0.0013051744135866,-0.2011747006492718,-0.2009067502760255,-0.9975923088699956,0.0754291859451432,0.9122357483337862,1.118033988749895,-0.4850584519619434,-0.331124340588225,0.4736654667156811,-0.5327478577075354,0.9485958427677504,-1.1271543790448286,0.2084769619841985,1.1902646165207522,0.5438040878602309,0.2707020070104489,-0.3281259634720717,-0.5034106035395834,0.0,0.0,0.0,0.0,-0.2020307670114088,-0.0819782922149388,-0.1203491457684765,-0.3779644730092272,-0.7508058875955863,0.1845207828235641,-0.1845207828235641,-0.408248290463863,-0.7250102411641544,0.5056205829602304,2.2360679774997894,-1.1389071909150976,0.09898264562423725,0.02653738751996421,False,,,0.09898264562423725,0.03510570066648553,0.27056166289289985,0.35828080280417957,0.19073270299695055
20,17,0.0026494558439946,-0.2012509232871534,-0.2006730692780573,-0.9975923088699956,0.2184208875353553,0.9122357483337862,1.118033988749895,-0.4850584519619434,-0.331124340588225,0.4736654667156811,-0.5327478577075354,0.9485958427677504,-1.000197005213127,0.2084769619841985,0.0035072611518961,0.4817970021219219,-0.3244721759236725,0.1249953591302472,-0.427082559127087,0.0,0.0,0.0,0.0,-0.2017429457309167,0.0197183703988714,-0.0205296999664061,-0.3779644730092272,-0.7508058875955863,0.4305484932549831,-0.4305484932549831,-0.408248290463863,-0.7250102411641544,0.6500836066631537,2.2360679774997894,-0.5881403282963976,0.10087206255320846,0.02654114869922429,False,,,0.10087206255320846,0.03510570066648553,0.27056166289289985,0.04462519098356054,0.1127911542740386
20,18,0.0035550121824739,-0.2012928397465645,-0.2000066111275118,-1.445469133803612,0.36867275671828,0.9122357483337862,1.118033988749895,-0.4850584519619434,3.020013564160076,0.4736654667156811,-0.5327478577075354,0.9485958427677504,-0.051899462625124,0.2084769619841985,2.1104112187754405,0.3945419090936272,-0.4604957201898497,0.3711361987266578,-0.3555238073616089,0.0,0.0,0.0,0.0,-0.2015846666506239,0.088879296456777,0.0473545858382738,-0.3779644730092272,-0.7508058875955863,0.676576203686402,-0.676576203686402,-0.408248290463863,-0.7250102411641544,0.7945466303660766,-0.4472135954999578,-0.0373734656776976,0.10095440376445391,0.02664353908460457,False,0.1,0.38,0.11468963474579798,0.3216886725754291,0.505414169540067,0.41652866637496744,0.3395802858090654
20,19,0.0025788892763937,-0.201161618074356,-0.2000733987957513,-0.9975923088699956,0.323225214780007,0.9122357483337862,1.118033988749895,-0.4850584519619434,-0.331124340588225,0.4736654667156811,-0.5327478577075354,0.9485958427677504,-1.1271543790448286,0.2084769619841985,0.3986317966063,0.2541338683592888,-0.4722437088991333,-0.4221654511196235,-0.3417308148470317,0.0,0.0,0.0,0.0,-0.2020801676037924,0.0149751425407654,-0.0251853726693254,-0.3779644730092272,-0.7508058875955863,0.922603914117821,-0.922603914117821,-0.408248290463863,-0.7250102411641544,0.9390096540689996,-0.4472135954999578,-1.1389071909150976,0.10080451225720591,0.02649653651902112,False,,,0.10080451225720591,0.03510570066648553,0.27056166289289985,0.099657949151575,0.12653245624204157
20,20,0.0019686509315658,-0.2010949409642478,-0.1996629460653453,-1.445469133803612,0.4054967814185211,0.9122357483337862,1.118033988749895,-0.4850584519619434,3.020013564160076,0.4736654667156811,-0.5327478577075354,0.9485958427677504,0.057614125740929,0.2084769619841985,0.647551047821875,0.2398521015052686,-0.3021643577095108,-0.8269502540484196,-0.2671269579292043,0.0,0.0,0.0,0.0,-0.2023319443953627,0.1267485867860583,0.0845248476387156,-0.3779644730092272,-0.7508058875955863,1.16863162454924,-1.16863162454924,-0.408248290463863,-0.7250102411641544,1.0834726777719228,-0.4472135954999578,-0.0373734656776976,0.09912590894582529,0.026640405587388546,False,,,0.09912590894582529,0.28510570066648555,0.29072660690222496,0.16188776195546875,0.20921149461750113
20,21,0.0004620609958836,-0.2011231337054453,-0.1998347852087807,-0.9975923088699956,0.201893291599363,0.9122357483337862,1.118033988749895,-0.4850584519619434,-0.331124340588225,0.4736654667156811,-0.5327478577075354,0.9485958427677504,-1.1271543790448286,0.2084769619841985,1.2007964348279483,0.7675222570401874,-0.0038816534286398,-0.6627813668736251,-0.5789069912185133,0.0,0.0,0.0,0.0,-0.2022254869032375,-0.1035390724657243,-0.1415119359759232,-0.3779644730092272,-0.7508058875955863,1.4146593349806589,-1.4146593349806589,-0.408248290463863,-0.7250102411641544,1.2279357014748458,-0.4472135954999578,-1.1389071909150976,0.10051418747880811,0.0258601865139003,False,,,0.10051418747880811,0.03510570066648553,0.27056166289289985,0.25,0.16404538775954838
20,22,-8.363253710807823e-05,-0.2011340533282692,-0.1997266947560769,-0.9975923088699956,0.2554787530693173,0.9122357483337862,1.118033988749895,-0.4850584519619434,-0.331124340588225,0.4736654667156811,-0.5327478577075354,0.9485958427677504,-1.1271543790448286,0.2084769619841985,1.5350450469074095,0.721293868630738,-0.2636158130161777,-0.6022804452621202,-0.5240966818643746,0.0,0.0,0.0,0.0,-0.2021842537484819,-0.0196047855518713,-0.0591269905097291,-0.3779644730092272,-0.7508058875955863,1.6606870454120777,-1.6606870454120777,-0.408248290463863,-0.7250102411641544,1.3723987251777687,-0.4472135954999578,-1.1389071909150976,0.09864802954250892,0.026047619670358603,False,,,0.09864802954250892,0.03510570066648553,0.27056166289289985,0.25,0.1635788482754736
20,23,0.0002604923108335,-0.2011099444348014,-0.1999682934474332,-0.5497154839363793,0.1097174352242126,0.9122357483337862,1.118033988749895,-0.4850584519619434,-0.331124340588225,0.4736654667156811,-0.5327478577075354,0.9485958427677504,-1.1271543790448286,0.2084769619841985,-0.1234506163990286,0.0696790779933557,-0.4537129144424458,-0.7512533641173117,-0.3521285449303944,0.0,0.0,0.0,0.0,-0.2022752903851295,-0.1293870164705094,-0.1668827532610345,-0.3779644730092272,-0.7508058875955863,1.9067147558434967,-1.9067147558434967,-0.408248290463863,-0.7250102411641544,1.516861748880692,-0.4472135954999578,-1.1389071909150976,0.09560948129895175,0.026081062912671628,False,,,0.09560948129895175,0.03510570066648553,0.27056166289289985,0.0,0.10031921121458429
20,24,0.0016182329132807,-0.2011074858711367,-0.2019340762461208,-0.9975923088699956,0.297001735726521,0.9122357483337862,1.118033988749895,-0.4850584519619434,-0.331124340588225,0.4736654667156811,-0.5327478577075354,0.9485958427677504,-1.1271543790448286,0.2084769619841985,-0.0871087992817023,0.1601391993556374,-0.4452342820251467,-0.7706614829244979,-0.3056773955521539,0.0,0.0,0.0,0.0,-0.2022845740698955,0.0061840165077172,-0.0338142234697434,-0.3779644730092272,-0.7508058875955863,2.1527424662749155,-2.1527424662749155,-0.408248290463863,-0.7250102411641544,1.6613247725836149,-0.4472135954999578,-1.1389071909150976,0.003715134654572183,0.026216140940223454,False,,,0.003715134654572183,0.03510570066648553,0.27056166289289985,0.0,0.0773456245534894
21,1,0.0020047759736183,-0.2018254161641566,-0.2028924952362883,-0.5497154839363793,1.4530654431278969,-0.1226428083294002,-1.118033988749895,0.4581107601862798,-0.331124340588225,1.894661866862676,-1.190848152522737,-1.0355954904193585,1.058762483368768,0.871812750115739,-0.5216836845406106,1.084910436818262,2.4119963984560537,3.4157860077574145,-0.6526936507102282,0.0,0.0,0.0,0.0,-0.2029381748504585,-0.1010922587697774,-0.1391102879686744,-0.3779644730092272,-0.7508058875955863,-0.7995900589021115,0.7995900589021115,-0.408248290463863,-0.7250102411641544,-1.661324772583615,-0.4472135954999578,1.0641602595597024,0.09690636517937273,0.026678975334030883,False,,,0.09690636517937273,0.75,1.0,0.75,0.6492265912948432
21,2,-0.0099922449810531,-0.2016350007061171,-0.1986716827710231,-0.9975923088699956,1.287429549975459,-0.1226428083294002,-1.118033988749895,0.4581107601862798,-0.331124340588225,1.894661866862676,-1.190848152522737,-1.0355954904193585,1.058762483368768,0.871812750115739,0.7688157576236225,1.2549765851013732,2.4119963984560537,0.4818864011865967,-0.7321829608869067,0.0,0.0,0.0,0.0,-0.203657195111126,-0.207808727727125,-0.2438568796019539,-0.3779644730092272,-0.7508058875955863,-0.7995900589021115,0.7995900589021115,-0.408248290463863,-0.7250102411641544,-1.516861748880692,-0.4472135954999578,1.0641602595597024,0.10243738362536639,0.02646106305198653,False,,,0.10243738362536639,0.75,1.0,0.7608641798212145,0.6533253908616452
21,3,-0.0058304259619519,-0.2015766971578249,-0.1981840754075822,-0.5497154839363793,1.4116443226035584,-0.1226428083294002,-1.118033988749895,0.4581107601862798,-0.331124340588225,1.894661866862676,-1.190848152522737,-1.0355954904193585,1.058762483368768,0.871812750115739,1.0671173972679755,1.2012485048647583,2.4119963984560537,-0.4832069026209726,-0.6836470667015256,0.0,0.0,0.0,0.0,-0.2038773528279551,-0.1176587946333329,-0.1553710224535411,-0.3779644730092272,-0.7508058875955863,-0.7995900589021115,0.7995900589021115,-0.408248290463863,-0.7250102411641544,-1.3723987251777692,-0.4472135954999578,1.0641602595597024,0.09780271369304519,0.026480676868363928,False,,,0.09780271369304519,0.75,1.0,0.65,0.6244506784232613
21,4,-0.0027471178141999,-0.201593445481252,-0.1984962871964694,-0.5497154839363793,1.4047488649500828,-0.1226428083294002,-1.118033988749895,0.4581107601862798,-0.331124340588225,1.894661866862676,-1.190848152522737,-1.0355954904193585,1.058762483368768,0.871812750115739,0.5903624337884982,1.1923447040001731,-0.8157749452393873,-0.3998830250207942,-0.6914814835697243,0.0,0.0,0.0,0.0,-0.2038141101479738,-0.139816338523441,-0.1771195606513446,-0.3779644730092272,-0.7508058875955863,-0.7995900589021115,0.7995900589021115,-0.408248290463863,-0.7250102411641544,-1.2279357014748462,-0.4472135954999578,1.0641602595597024,0.09905502663321392,0.025756608768274913,False,,,0.09905502663321392,0.75,1.0,0.14759060844712454,0.49916140877008464
21,5,-0.0010188867882231,-0.2016062374858032,-0.1988561369139926,-0.5497154839363793,1.397805780464095,-0.1226428083294002,-1.118033988749895,0.4581107601862798,-0.331124340588225,1.894661866862676,-1.190848152522737,-1.0355954904193585,1.058762483368768,0.871812750115739,0.4331815209656849,1.4420354904616326,-0.6918385862867608,-0.3720862242986888,-0.7344808474541702,0.0,0.0,0.0,0.0,-0.2037658067668219,-0.1353493753618099,-0.172735053079985,-0.3779644730092272,-0.7508058875955863,-0.7995900589021115,0.7995900589021115,-0.408248290463863,-0.7250102411641544,-1.0834726777719228,-0.4472135954999578,1.0641602595597024,0.10258700497018466,0.02514793593042718,False,,,0.10258700497018466,0.75,1.0,0.10829538024142123,0.4902205963029015
21,6,0.0005397386359278,-0.2016765539991257,-0.1991763839659057,-0.5497154839363793,1.3699380604199098,-0.1226428083294002,-1.118033988749895,0.4581107601862798,-0.331124340588225,1.894661866862676,-1.190848152522737,-1.0355954904193585,1.058762483368768,0.871812750115739,-0.2686005334535005,1.7888906129928233,-0.3721399198282599,0.3765955608385646,-0.7808980634171919,0.0,0.0,0.0,0.0,-0.2035002873690852,-0.1181624544338484,-0.1558653852071268,-0.3779644730092272,-0.7508058875955863,-0.7995900589021115,0.7995900589021115,-0.408248290463863,-0.7250102411641544,-0.939009654069,-0.4472135954999578,1.0641602595597024,0.0968121228058937,0.02632754307775173,False,0.05,0.05,0.0968121228058937,0.75,1.0,0.1318084462934976,0.49465514227484786
21,7,0.0032685169912364,-0.2017129339544344,-0.200771016093549,-0.5497154839363793,1.278391951564735,-0.1226428083294002,-1.118033988749895,0.4581107601862798,-0.331124340588225,1.894661866862676,-1.190848152522737,-1.0355954904193585,1.058762483368768,0.871812750115739,0.3602665674929061,1.1910250129098892,0.8812293026695256,0.6716614406249373,-0.7110353204685105,0.0,0.0,0.0,0.0,-0.2033629144623977,-0.1856297414636521,-0.222087294835158,-0.3779644730092272,-0.7508058875955863,-0.7995900589021115,0.7995900589021115,-0.408248290463863,-0.7250102411641544,-0.7945466303660769,-0.4472135954999578,1.0641602595597024,0.3025599069019765,0.02651219409752682,False,,,0.3025599069019765,0.75,1.0,0.6776398671597648,0.6825499435154352
21,8,0.0034693326632671,-0.2016536578022176,-0.2007444027539019,-0.9975923088699956,1.3867375009874017,-0.1226428083294002,-1.118033988749895,0.4581107601862798,-0.331124340588225,1.894661866862676,-1.190848152522737,-1.0355954904193585,1.058762483368768,0.871812750115739,0.3303278350853537,1.6600056508458163,-0.0927963569925534,-0.1891421185675275,-0.7993451613919718,0.0,0.0,0.0,0.0,-0.2035867447903402,-0.2163961920976365,-0.2522858281266921,-0.3779644730092272,-0.6973636403599645,-0.7995900589021115,0.7995900589021115,-0.408248290463863,-0.7250102411641544,-0.6500836066631539,-0.4472135954999578,1.0641602595597024,0.29019983197147053,0.025697339434150392,False,,,0.29019983197147053,0.75,1.0,0.08258195877133842,0.5306954476857023
21,9,0.0031780890601167,-0.2016880762158952,-0.2009871049068994,-0.9975923088699956,1.3511092969092229,-0.1226428083294002,-1.118033988749895,0.4581107601862798,-0.331124340588225,1.894661866862676,-1.190848152522737,-1.0355954904193585,1.058762483368768,0.871812750115739,0.7827216520496062,1.7634594927043752,-0.2272730764731708,0.0824995774920205,-0.8158560933459451,0.0,0.0,0.0,0.0,-0.203456778783226,-0.2230819411075229,-0.2588481650194267,-0.3779644730092272,-0.6528506369036069,-0.7995900589021115,0.7995900589021115,-0.408248290463863,-0.7250102411641544,-0.5056205829602308,-0.4472135954999578,1.0641602595597024,0.10938420412350675,0.026041515467092602,False,,,0.10938420412350675,0.75,1.0,0.22455526513460872,0.5209848673145289
21,10,0.0022737384626392,-0.2016410619970556,-0.2013678534854185,-0.9975923088699956,1.331768481358797,-0.1226428083294002,-1.118033988749895,0.4581107601862798,-0.331124340588225,1.894661866862676,-1.190848152522737,-1.0355954904193585,1.058762483368768,0.871812750115739,-0.0825874179175105,1.8126536219386755,-0.0376388796471743,-0.5839742270694197,-0.926772625231483,0.0,0.0,0.0,0.0,-0.2036343073107581,-0.5113550091795731,-0.278409114020787,2.6457513110645903,1.2664406880460732,-0.7995900589021115,0.7995900589021115,-0.408248290463863,-0.7250102411641544,-0.3611575592573077,-0.4472135954999578,1.0641602595597024,0.1038069649413059,0.026399497686019686,False,,,0.1038069649413059,0.75,1.0,0.0,0.46345174123532645
21,11,0.0018515908603277,-0.2016957741244802,-0.2018070418239909,-0.9975923088699956,1.3236609071518142,-0.1226428083294002,-1.118033988749895,0.4581107601862798,-0.331124340588225,1.894661866862676,-1.190848152522737,-1.0355954904193585,1.058762483368768,0.871812750115739,0.6910880839571563,1.574947688159245,0.2426375826172318,-0.0905839399553855,-0.910571942618191,0.0,0.0,0.0,0.0,-0.203427711015859,-0.5356728645812151,-0.308245329719732,2.6457513110645903,1.4283463742966072,-0.7995900589021115,0.7995900589021115,-0.408248290463863,-0.7250102411641544,-0.2166945355543847,-0.4472135954999578,1.0641602595597024,0.08994103061968264,0.02563628172461413,False,,,0.08994103061968264,0.75,1.0,0.2698270540361818,0.5274420211639661
21,12,0.0022952300580239,-0.2017293374021471,-0.2015183079988836,-0.9975923088699956,1.3760387157083878,-0.1226428083294002,-1.118033988749895,0.4581107601862798,-0.331124340588225,1.894661866862676,-1.190848152522737,-1.0355954904193585,1.058762483368768,0.871812750115739,1.2826889834027064,1.5154333332205172,0.0698483576468922,0.1510229315506908,-0.898183594291175,0.0,0.0,0.0,0.0,-0.2033009740539265,-0.5214188373413362,-0.2907566892009242,2.6457513110645903,1.3334445820131249,-0.7995900589021115,0.7995900589021115,-0.408248290463863,-0.7250102411641544,-0.0722315118514616,-0.4472135954999578,1.0641602595597024,0.1056824641089183,0.02619059445538184,False,0.21,0.28,0.11663572752468401,0.580928961748634,0.9566200441686823,0.5582828821573069,0.5531169038998268
21,13,0.0025428336262747,-0.201677738627306,-0.2016180939595019,-0.9975923088699956,1.365337522202367,-0.1226428083294002,-1.118033988749895,0.4581107601862798,-0.331124340588225,1.894661866862676,-1.190848152522737,-1.0355954904193585,1.058762483368768,0.871812750115739,1.7212423275122457,1.378684459770459,-0.2386013493370059,-0.5211560886488672,-0.7875626645748016,0.0,0.0,0.0,0.0,-0.2034958141415871,-0.2916220230406511,-0.3261230668495308,-0.3779644730092272,-0.1965180854607006,-0.5535623484706925,0.5535623484706925,-0.408248290463863,-0.7250102411641544,0.0722315118514612,-0.4472135954999578,1.0641602595597024,0.09812641509226894,0.026659313497280478,False,,,0.09812641509226894,0.75,1.0,0.25,0.5245316037730672
21,14,0.0027236768904504,-0.2017392298217588,-0.201445627491309,-1.445469133803612,1.303909284205137,-0.1226428083294002,-1.118033988749895,0.4581107601862798,3.020013564160076,1.894661866862676,-1.190848152522737,-1.0355954904193585,-0.0757169594657813,0.871812750115739,1.386787116094896,1.2503261073566003,-0.1741081687798443,0.0090126386399572,-0.7962118925836951,0.0,0.0,0.0,0.0,-0.2032636196804889,-0.3605546150550833,-0.3937832334246174,-0.3779644730092272,0.2624277562178849,-0.3075346380392736,0.3075346380392736,-0.408248290463863,-0.7250102411641544,0.2166945355543845,2.2360679774997894,-0.0373734656776976,0.09983869225498165,0.026448699148494823,False,,,0.09983869225498165,1.0,0.65,0.25315442352398504,0.5007482789447417
21,15,0.0025836307978455,-0.2016896209949723,-0.2014478966311492,-1.445469133803612,1.3509825359172836,-0.1226428083294002,-1.118033988749895,0.4581107601862798,3.020013564160076,1.894661866862676,-1.190848152522737,-1.0355954904193585,-0.0706331445202789,0.871812750115739,0.8639665534528329,1.4960081956881113,0.0288002287176222,-0.6113382836016108,-0.8318227358799869,0.0,0.0,0.0,0.0,-0.2034509456042071,-0.3592623811803104,-0.3925148528710066,-0.3779644730092272,0.2538242009768598,-0.0615069276078547,0.0615069276078547,-0.408248290463863,-0.7250102411641544,0.3611575592573074,2.2360679774997894,-0.0373734656776976,0.1005501939522346,0.026452383119567047,False,,,0.1005501939522346,1.0,0.65,0.2275117298502571,0.494515480950623
21,16,0.0024049562822877,-0.2017517670690411,-0.2016730796440443,-0.9975923088699956,1.2846413260344434,-0.1226428083294002,-1.118033988749895,0.4581107601862798,-0.331124340588225,1.894661866862676,-1.190848152522737,-1.0355954904193585,-1.1271543790448286,0.871812750115739,-0.1860968941048968,1.354599971584311,0.069652893946062,-0.0948708786298637,-0.8426795976710474,0.0,0.0,0.0,0.0,-0.2032162782781586,-0.4346610998255144,-0.4665217879651419,-0.3779644730092272,0.7558208237480606,0.1845207828235641,-0.1845207828235641,-0.408248290463863,-0.7250102411641544,0.5056205829602304,2.2360679774997894,-1.1389071909150976,0.10043036153691076,0.026244170169160315,False,,,0.10043036153691076,0.75,0.65,0.027861157578424802,0.3820728797788339
21,17,0.0023002868846072,-0.2017276743297129,-0.2017153332461396,-0.9975923088699956,1.3424923574645933,-0.1226428083294002,-1.118033988749895,0.4581107601862798,-0.331124340588225,1.894661866862676,-1.190848152522737,-1.0355954904193585,-1.1271543790448286,0.871812750115739,-0.0832206838155984,1.415956269824718,-0.0458692883625917,-0.4392991660223598,-0.8411827956902899,0.0,0.0,0.0,0.0,-0.2033072539158005,-0.4101666161516932,-0.4424794475118118,-0.3779644730092272,0.5927391653097619,0.4305484932549831,-0.4305484932549831,-0.408248290463863,-0.7250102411641544,0.6500836066631537,2.2360679774997894,-1.1389071909150976,0.09925824699216845,0.026220236299080126,False,,,0.09925824699216845,0.75,0.65,0.0,0.3748145617480421
21,18,0.0026139667144163,-0.2017399257884334,-0.2016732986769856,-0.9975923088699956,1.4436012924362969,-0.1226428083294002,-1.118033988749895,0.4581107601862798,-0.331124340588225,1.894661866862676,-1.190848152522737,-1.0355954904193585,-0.8249601028752855,0.871812750115739,0.5535770239268683,1.0416064416372546,-0.1975858829710276,-0.4230999033263162,-0.7780710651237903,0.0,0.0,0.0,0.0,-0.2032609916683259,-0.3982122407138987,-0.4307457376688254,-0.3779644730092272,0.5131482093234889,0.676576203686402,-0.676576203686402,-0.408248290463863,-0.7250102411641544,0.7945466303660766,-0.4472135954999578,-0.5881403282963976,0.09957212861384435,0.026515292582729742,False,0.2,0.28,0.11406687673051571,0.695632798573975,0.6340203798054656,0.4459136351381458,0.47240842256202553
21,19,0.003192060330941,-0.2018457766629155,-0.200787134843801,-0.9975923088699956,1.4206352343264848,-0.1226428083294002,-1.118033988749895,0.4581107601862798,-0.331124340588225,1.894661866862676,-1.190848152522737,-1.0355954904193585,-1.1271543790448286,0.871812750115739,1.1923483158742645,0.7630007908365227,-0.1864884832306355,0.4682139988587475,-0.7441617897888968,0.0,0.0,0.0,0.0,-0.2028612923784382,-0.437477756443559,-0.469286451970839,-0.3779644730092272,0.7745738229391746,0.922603914117821,-0.922603914117821,-0.408248290463863,-0.7250102411641544,0.9390096540689996,-0.4472135954999578,-1.1389071909150976,0.09889311600229728,0.026353333862653473,False,,,0.09889311600229728,0.75,0.65,0.4138748996005616,0.47819200390071476
21,20,0.0041077413473791,-0.201864411267502,-0.2000802160797888,-0.9975923088699956,1.3288171497763055,-0.1226428083294002,-1.118033988749895,0.4581107601862798,-0.331124340588225,1.894661866862676,-1.190848152522737,-1.0355954904193585,-1.1271543790448286,0.871812750115739,-0.2953923523884434,0.8688251542552479,-0.0795166538399846,0.5249125329790465,-0.7595249068351961,0.0,0.0,0.0,0.0,-0.2027909269869666,-0.426140143671201,-0.4581581199826706,-0.3779644730092272,0.6990892069632322,1.16863162454924,-1.16863162454924,-0.408248290463863,-0.7250102411641544,1.0834726777719228,-0.4472135954999578,-1.1389071909150976,0.10166578593211245,0.026417292995971828,False,,,0.10166578593211245,0.75,0.65,0.18371938654266626,0.4213462931186947
21,21,0.0039246237001386,-0.2018618560834609,-0.2002557558707154,-0.9975923088699956,1.4244280807147651,-0.1226428083294002,-1.118033988749895,0.4581107601862798,-0.331124340588225,1.894661866862676,-1.190848152522737,-1.0355954904193585,-1.1271543790448286,0.871812750115739,1.4760521696513966,1.4632378488631237,0.1742555010097748,0.3886936753734248,-0.8705437694640181,0.0,0.0,0.0,0.0,-0.2028005755161048,-0.4677209070499401,-0.4989713448202877,-0.3779644730092272,0.9759294923611486,1.4146593349806589,-1.4146593349806589,-0.408248290463863,-0.7250102411641544,1.2279357014748458,-0.4472135954999578,-1.1389071909150976,0.10289804222210208,0.02638191272616951,False,,,0.10289804222210208,0.75,0.65,0.4557449867846086,0.4896607572516777
21,22,0.003800245486692,-0.2018502717580776,-0.2003271838997717,-0.9975923088699956,1.390101902060573,-0.1226428083294002,-1.118033988749895,0.4581107601862798,-0.331124340588225,1.894661866862676,-1.190848152522737,-1.0355954904193585,-1.1271543790448286,0.871812750115739,0.4273872826797227,1.0927747987525278,-0.1093603115625621,0.1777333845216337,-0.8059711357184594,0.0,0.0,0.0,0.0,-0.202844318627838,-0.4410696081633897,-0.4728120017662955,-0.3779644730092272,0.7984879883951498,1.6606870454120777,-1.6606870454120777,-0.408248290463863,-0.7250102411641544,1.3723987251777687,-0.4472135954999578,-1.1389071909150976,0.09980719670756522,0.02595369576071572,False,,,0.09980719670756522,0.75,0.65,0.16905350525250246,0.4172151754900169
21,23,0.0025547444125734,-0.2017988430577231,-0.2009195438767658,-0.9975923088699956,1.2828959940523876,-0.1226428083294002,-1.118033988749895,0.4581107601862798,-0.331124340588225,1.894661866862676,-1.190848152522737,-1.0355954904193585,-1.1271543790448286,0.871812750115739,0.8392336068924284,0.5735572268069196,-0.2500903300846324,-0.3712413640368637,-0.7297101971655263,0.0,0.0,0.0,0.0,-0.2030385165039738,-0.488002264318864,-0.5188783288910003,-0.3779644730092272,1.1109606047879323,1.9067147558434967,-1.9067147558434967,-0.408248290463863,-0.7250102411641544,1.516861748880692,-0.4472135954999578,-1.1389071909150976,0.09282762964777491,0.025950049142101583,False,,,0.09282762964777491,0.75,0.65,0.2098084017231071,0.4256590078427205
21,24,0.0015206278931743,-0.2018336440210583,-0.2019161277961121,-0.9975923088699956,1.2644379189013384,-0.1226428083294002,-1.118033988749895,0.4581107601862798,-0.331124340588225,1.894661866862676,-1.190848152522737,-1.0355954904193585,-1.1271543790448286,0.871812750115739,0.4127167761866727,0.6116386821254141,-0.197055736372905,-0.1658493696159154,-0.7347101413878199,0.0,0.0,0.0,0.0,-0.2029071059662666,-0.4815071843105877,-0.5125031414443063,-0.3779644730092272,1.0677170551975723,2.1527424662749155,-2.1527424662749155,-0.408248290463863,-0.7250102411641544,1.6613247725836149,-0.4472135954999578,-1.1389071909150976,0.005577991690654149,0.02618699663694155,False,,,0.005577991690654149,0.75,0.65,0.10317919404666817,0.3771892964343306
22,1,0.0020047759736183,-0.2031083698159492,-0.2028924952362883,-0.9975923088699956,-0.2340613372502951,-0.2495211530004709,1.118033988749895,1.373539701388967,-0.331124340588225,-1.2095109063703844e-14,-1.6295816823995342,1.3265096084621246,0.5198997404990449,0.2084769619841985,1.7086692567860862,-0.6722880010456717,2.4119963984560537,3.865109675683589,-0.4995099527630531,0.0,0.0,0.0,0.0,-0.2050703210042413,-0.7856486623267928,-0.8110304775505865,-0.3779644730092272,0.5765433810871883,-0.7995900589021115,0.7995900589021115,-0.408248290463863,-0.7250102411641544,-1.661324772583615,-0.4472135954999578,0.5133933969410024,0.09850328796030401,0.026680326113703072,False,,,0.09850328796030401,0.4,0.4319649091746657,1.0,0.48261704928374244
22,2,0.0013312325721825,-0.20309767940574,-0.2026555280428977,-0.5497154839363793,-0.0102082002624863,-0.2495211530004709,1.118033988749895,1.373539701388967,-0.331124340588225,-1.2095109063703844e-14,-1.6295816823995342,1.3265096084621246,1.058762483368768,0.2084769619841985,-0.2342585778668903,-0.7117510098352926,2.4119963984560537,1.4292762182020478,-0.4057908329174398,0.0,0.0,0.0,0.0,-0.2051106886383316,-0.7196423866420283,-0.7462426104862343,-0.3779644730092272,-0.0707567388512033,-0.7995900589021115,0.7995900589021115,-0.408248290463863,-0.7250102411641544,-1.516861748880692,-0.4472135954999578,1.0641602595597024,0.09879128985705807,0.026602584261103075,False,,,0.09879128985705807,0.4,0.6,0.75,0.46219782246426455
22,3,0.0014466943641446,-0.2030906541904297,-0.2025695855623993,-0.5497154839363793,-0.0259921575747901,-0.2495211530004709,1.118033988749895,1.373539701388967,-0.331124340588225,-1.2095109063703844e-14,-1.6295816823995342,1.3265096084621246,1.058762483368768,0.2084769619841985,1.2120134776694036,-0.8151903210745846,2.4119963984560537,-0.1234945958861117,-0.3076941318011955,0.0,0.0,0.0,0.0,-0.205137216275298,-0.7010793337067018,-0.7280222126012487,-0.3779644730092272,-0.2527980109394121,-0.7995900589021115,0.7995900589021115,-0.408248290463863,-0.7250102411641544,-1.3723987251777692,-0.4472135954999578,1.0641602595597024,0.10190786730533302,0.026604099869721554,False,,,0.10190786730533302,0.4,0.6,0.65,0.43797696682633325
22,4,0.0016278095733399,-0.2030907676505214,-0.2025722121704968,-0.5497154839363793,0.0979665997799579,-0.2495211530004709,1.118033988749895,1.373539701388967,-0.331124340588225,-1.2095109063703844e-14,-1.6295816823995342,1.3265096084621246,1.058762483368768,0.2084769619841985,-0.4990736963662135,-0.9016665052371768,-0.9147832239275366,-0.3967055960323749,-0.1844441296143449,0.0,0.0,0.0,0.0,-0.2051367878431448,-0.6631223736223213,-0.6907658993400931,-0.3779644730092272,-0.6250284475187542,-0.7995900589021115,0.7995900589021115,-0.408248290463863,-0.7250102411641544,-1.2279357014748462,-0.4472135954999578,1.0641602595597024,0.10128797541400109,0.026579546624509405,False,,,0.10128797541400109,0.4,0.6,0.0,0.2753219938535003
22,5,0.0017941907501583,-0.2030951137606825,-0.2026043417258766,-1.445469133803612,-0.3310994649963132,-0.2495211530004709,1.118033988749895,1.373539701388967,3.020013564160076,-1.2095109063703844e-14,-1.6295816823995342,1.3265096084621246,0.0397702343220143,0.2084769619841985,2.250675805797665,-0.7190726066666329,-0.7816197928648466,-0.0170972370811373,-0.5187420589946463,0.0,0.0,0.0,0.0,-0.2051203766688994,-0.8311755376048887,-0.8557169730810933,-0.3779644730092272,1.02300928939981,-0.7995900589021115,0.7995900589021115,-0.408248290463863,-0.7250102411641544,-1.0834726777719228,-0.4472135954999578,-0.0373734656776976,0.0993706118171068,0.026724770676638452,False,,,0.0993706118171068,0.65,0.263919582012705,0.25,0.31582254845745295
22,6,0.0018442849653313,-0.2030920554358354,-0.2026193153662025,-0.5497154839363793,0.0721407872070011,-0.2495211530004709,1.118033988749895,1.373539701388967,-0.331124340588225,-1.2095109063703844e-14,-1.6295816823995342,1.3265096084621246,1.058762483368768,0.2084769619841985,0.7424950837134533,-0.6316221879918498,-0.6340485530821198,-0.7138838659435994,-0.3892920295322814,0.0,0.0,0.0,0.0,-0.2051319250880844,-0.650797601293071,-0.6786686297550107,-0.3779644730092272,-0.7458931156760358,-0.7995900589021115,0.7995900589021115,-0.408248290463863,-0.7250102411641544,-0.939009654069,-0.4472135954999578,1.0641602595597024,0.09743996904745886,0.026410801652604017,False,0.1,0.1,0.09743996904745886,0.4,0.6,0.18562377092836332,0.3207659349939555
22,7,0.0019711399098981,-0.2030922323599411,-0.2027805016924579,-0.9975923088699956,-0.168235402246011,-0.2495211530004709,1.118033988749895,1.373539701388967,-0.331124340588225,-1.2095109063703844e-14,-1.6295816823995342,1.3265096084621246,0.7199638292702515,0.2084769619841985,0.6869408851774428,-0.9544452618039826,0.7021293697517925,-0.9127153012461708,-0.2630415694052146,0.0,0.0,0.0,0.0,-0.2051312570119844,-0.7669260603034,-0.7926534756911963,-0.3779644730092272,0.3929374677164657,-0.7995900589021115,0.7995900589021115,-0.408248290463863,-0.7250102411641544,-0.7945466303660769,-0.4472135954999578,0.5133933969410024,0.100027600850517,0.02659568222099636,False,,,0.100027600850517,0.4,0.501987340244588,0.45258696919507774,0.36365047757254565
22,8,0.0020433370178246,-0.203094671287686,-0.2028153199592797,-0.1018386590027628,0.3146819325973545,-0.2495211530004709,1.118033988749895,1.373539701388967,-0.331124340588225,-1.2095109063703844e-14,-1.6295816823995342,1.3265096084621246,1.058762483368768,0.2084769619841985,-0.1489473721430265,-0.8071241064725628,-0.4892007424954218,-0.8046769035715845,-0.228043384344371,0.0,0.0,0.0,0.0,-0.2051220474736363,-0.6249914667846058,-0.6533388502055014,-0.3779644730092272,-0.7508058875955863,-0.7995900589021115,0.7995900589021115,-0.408248290463863,-0.7250102411641544,-0.6500836066631539,-0.4472135954999578,1.0641602595597024,0.09964012965006908,0.02637733803878053,False,,,0.09964012965006908,0.4,0.6,0.0,0.27491003241251727
22,9,0.0021080260507675,-0.2031024691702492,-0.2027218036746842,0.3460381659308536,0.4742752236481096,-0.2495211530004709,1.118033988749895,1.373539701388967,-0.331124340588225,-1.2095109063703844e-14,-1.6295816823995342,1.3265096084621246,1.058762483368768,0.2084769619841985,0.8114219163221748,-0.8824433047707229,-0.6080587124143353,-0.0501915172765665,-0.0774982323128705,0.0,0.0,0.0,0.0,-0.2050926021984941,-0.5589723860869891,-0.5885384144957921,-0.3779644730092272,-0.7508058875955863,-0.7995900589021115,0.7995900589021115,-0.408248290463863,-0.7250102411641544,-0.5056205829602308,-0.4472135954999578,1.0641602595597024,0.10056292476982803,0.026507076974704877,False,,,0.10056292476982803,0.4,0.6,0.2028554790805437,0.3258546009625929
22,10,0.0020997141636243,-0.2030989256774308,-0.2027279378959315,0.3460381659308536,0.5214012268167926,-0.2495211530004709,1.118033988749895,1.373539701388967,-0.331124340588225,-1.2095109063703844e-14,-1.6295816823995342,1.3265096084621246,1.058762483368768,0.2084769619841985,-0.1211942786800235,-0.692788969024086,-0.424032522523067,-0.6883231305911737,-0.4577779073219313,0.0,0.0,0.0,0.0,-0.2051059826412175,-0.7574021919966871,-0.5802908670537227,2.6457513110645903,0.2995402712641951,-0.7995900589021115,0.7995900589021115,-0.408248290463863,-0.7250102411641544,-0.3611575592573077,-0.4472135954999578,1.0641602595597024,0.09633203813467256,0.026308611353463792,False,,,0.09633203813467256,0.4,0.6,0.0,0.27408300953366815
22,11,0.0021794757431222,-0.2031058895837311,-0.2026619614457663,0.3460381659308536,0.6010184725197945,-0.2495211530004709,1.118033988749895,1.373539701388967,-0.331124340588225,-1.2095109063703844e-14,-1.6295816823995342,1.3265096084621246,1.058762483368768,0.2084769619841985,0.1960737844251119,-0.8882795211540756,-0.149067287683661,-0.0918313382953247,-0.3037678169995311,0.0,0.0,0.0,0.0,-0.2050796865107729,-0.7506067088933935,-0.5719533102955426,2.6457513110645903,0.2328993801948539,-0.7995900589021115,0.7995900589021115,-0.408248290463863,-0.7250102411641544,-0.2166945355543847,-0.4472135954999578,1.0641602595597024,0.11242798093235584,0.026011766992996496,False,,,0.11242798093235584,0.4,0.6,0.04901844610627797,0.29036160675965844
22,12,0.0022327824078136,-0.2031115423403086,-0.2026015487135603,0.79391499086447,0.8020236216180069,-0.2495211530004709,1.118033988749895,1.373539701388967,-0.331124340588225,-1.2095109063703844e-14,-1.6295816823995342,1.3265096084621246,1.058762483368768,0.2084769619841985,-0.2916610730584945,-0.6390357373658706,-0.2057081556942468,0.3172791629014097,-0.4254195241432102,0.0,0.0,0.0,0.0,-0.205058341360806,-0.6919343871868968,-0.4999666972871143,2.6457513110645903,-0.3424792559072492,-0.7995900589021115,0.7995900589021115,-0.408248290463863,-0.7250102411641544,-0.0722315118514616,-0.4472135954999578,1.0641602595597024,0.2905064983185128,0.026443302698734877,False,0.29,0.3,0.22880777323574625,0.2898037841625789,0.550906880129699,0.4324312517069931,0.3754874223087543
22,13,0.002161257098794,-0.2031052201684117,-0.2026548472112349,0.79391499086447,0.8690813153056492,-0.2495211530004709,1.118033988749895,1.373539701388967,-0.331124340588225,-1.2095109063703844e-14,-1.6295816823995342,1.3265096084621246,1.058762483368768,0.2084769619841985,-0.9945759388257772,-0.6489438589952654,-0.4892144289427411,-0.554741610543674,-0.197557562131692,0.0,0.0,0.0,0.0,-0.2050822142634165,-0.4714350728050527,-0.5026169508585142,-0.3779644730092272,-0.7508058875955863,-0.5535623484706925,0.5535623484706925,-0.408248290463863,-0.7250102411641544,0.0722315118514612,-0.4472135954999578,1.0641602595597024,0.10163189816138121,0.02662321749177634,False,,,0.10163189816138121,0.4,0.6,0.0,0.27540797454034527
22,14,0.002077947835102,-0.2031056915571106,-0.2027232828079422,0.79391499086447,1.0072408544811229,-0.2495211530004709,1.118033988749895,1.373539701388967,-0.331124340588225,-1.2095109063703844e-14,-1.6295816823995342,1.3265096084621246,1.058762483368768,0.2084769619841985,-0.0564759814679075,-0.7546398983130154,-0.519693309189645,-0.6804834829294651,-0.09756178227893,0.0,0.0,0.0,0.0,-0.2050804342712423,-0.4641012339403132,-0.4954184871895543,-0.3779644730092272,-0.7508058875955863,-0.3075346380392736,0.3075346380392736,-0.408248290463863,-0.7250102411641544,0.2166945355543845,2.2360679774997894,1.0641602595597024,0.10045365912104073,0.02623612185711446,False,,,0.10045365912104073,0.4,0.6,0.0,0.2751134147802602
22,15,0.0020533887540739,-0.203105709966444,-0.2027305723519804,0.3460381659308536,0.8086250263443576,-0.2495211530004709,1.118033988749895,1.373539701388967,-0.331124340588225,-1.2095109063703844e-14,-1.6295816823995342,1.3265096084621246,1.058762483368768,0.2084769619841985,-0.3289548503973818,-0.7275990077440462,-0.3556624264935156,-0.8417837634508247,-0.2101591647798073,0.0,0.0,0.0,0.0,-0.2050803647564883,-0.5462523969004554,-0.5760532233540755,-0.3779644730092272,-0.7508058875955863,-0.0615069276078547,0.0615069276078547,-0.408248290463863,-0.7250102411641544,0.3611575592573074,2.2360679774997894,1.0641602595597024,0.0993731926258313,0.026156326104139163,False,,,0.0993731926258313,0.4,0.6,0.0,0.2748432981564578
22,16,0.0020730774959143,-0.2031168832524868,-0.2027002927192139,0.79391499086447,1.3143138150179787,-0.2495211530004709,1.118033988749895,1.373539701388967,-0.331124340588225,-1.2095109063703844e-14,-1.6295816823995342,1.3265096084621246,1.058762483368768,0.2084769619841985,-0.3297686443702791,-0.4825670223389267,-0.2508483660422386,0.0580847134465933,-0.2753201651120976,0.0,0.0,0.0,0.0,-0.2050381737541101,-0.4248776675849157,-0.4569189479190805,-0.3779644730092272,-0.7508058875955863,0.1845207828235641,-0.1845207828235641,-0.408248290463863,-0.7250102411641544,0.5056205829602304,2.2360679774997894,1.0641602595597024,0.09721382489652822,0.0258982461569241,False,,,0.09721382489652822,0.4,0.6,0.020329649706307653,0.27938586865070897
22,17,0.0021485572581237,-0.2031205153782465,-0.2026271232067318,0.79391499086447,1.134522566517219,-0.2495211530004709,1.118033988749895,1.373539701388967,-0.331124340588225,-1.2095109063703844e-14,-1.6295816823995342,1.3265096084621246,1.058762483368768,0.2084769619841985,-0.8177485358913655,-0.4655974323817707,-0.3034801156823826,0.2130350758719443,-0.3346279237763593,0.0,0.0,0.0,0.0,-0.2050244586280517,-0.4790550433875486,-0.5100962645451512,-0.3779644730092272,-0.7508058875955863,0.4305484932549831,-0.4305484932549831,-0.408248290463863,-0.7250102411641544,0.6500836066631537,2.2360679774997894,1.0641602595597024,0.10258801525508493,0.02616898208759809,False,,,0.10258801525508493,0.4,0.6,0.07456227655518051,0.2942875729525664
22,18,0.0021754616213868,-0.2031130549513903,-0.2026248078580025,0.3460381659308536,1.133094913011307,-0.2495211530004709,1.118033988749895,1.373539701388967,-0.331124340588225,-1.2095109063703844e-14,-1.6295816823995342,1.3265096084621246,1.058762483368768,0.2084769619841985,0.1642051116891723,-0.7994530643865372,-0.5061272512734495,-0.6217797968057903,-0.093098060823946,0.0,0.0,0.0,0.0,-0.2050526296500793,-0.4992314828478889,-0.529900267483166,-0.3779644730092272,-0.7508058875955863,0.676576203686402,-0.676576203686402,-0.408248290463863,-0.7250102411641544,0.7945466303660766,-0.4472135954999578,1.0641602595597024,0.10039052996137271,0.02645992003466147,False,0.2,0.1,0.10016811477982801,0.34230769230769237,0.5725274725274725,0.5268828390353621,0.38547152966258874
22,19,0.0022138607506729,-0.2031237881425218,-0.202587077278534,1.2417918157980865,1.5022149487141292,-0.2495211530004709,1.118033988749895,1.373539701388967,-0.331124340588225,-1.2095109063703844e-14,-1.6295816823995342,1.3265096084621246,1.058762483368768,0.2084769619841985,0.126464057497685,-0.7488394178262515,-0.4881831113465499,0.1529503103019694,-0.0462693358768369,0.0,0.0,0.0,0.0,-0.2050121004726445,-0.411652542479931,-0.4439379451534763,-0.3779644730092272,-0.7508058875955863,0.922603914117821,-0.922603914117821,-0.408248290463863,-0.7250102411641544,0.9390096540689996,-0.4472135954999578,1.0641602595597024,0.10025778020697901,0.026478463080547823,False,,,0.10025778020697901,0.4,0.6,0.08514862298011053,0.2963516007967724
22,20,0.0021694418090951,-0.2031213540298587,-0.2026238305629546,0.3460381659308536,0.9800641401027592,-0.2495211530004709,1.118033988749895,1.373539701388967,-0.331124340588225,-1.2095109063703844e-14,-1.6295816823995342,1.3265096084621246,1.058762483368768,0.2084769619841985,-0.8884725810349838,-0.7279396460496177,-0.3284930969140288,-0.2132516178065104,-0.2037790370355341,0.0,0.0,0.0,0.0,-0.2050212918289534,-0.5405320727192039,-0.5704384905309436,-0.3779644730092272,-0.7508058875955863,1.16863162454924,-1.16863162454924,-0.408248290463863,-0.7250102411641544,1.0834726777719228,-0.4472135954999578,1.0641602595597024,0.10035602893126866,0.026202914743177423,False,,,0.10035602893126866,0.4,0.6,0.0,0.27508900723281715
22,21,0.0020680455071746,-0.2031212628750882,-0.202736439420732,0.79391499086447,1.5984731256359377,-0.2495211530004709,1.118033988749895,1.373539701388967,-0.331124340588225,-1.2095109063703844e-14,-1.6295816823995342,1.3265096084621246,1.058762483368768,0.2084769619841985,-1.3896061144773448,-0.7927444890621385,-0.4277843448730156,-0.3692727258926876,-0.0043264735520735,0.0,0.0,0.0,0.0,-0.2050216360348677,-0.4141329816768643,-0.4463725979692118,-0.3779644730092272,-0.7508058875955863,1.4146593349806589,-1.4146593349806589,-0.408248290463863,-0.7250102411641544,1.2279357014748458,-0.4472135954999578,1.0641602595597024,0.09933752624326883,0.02604699504430971,False,,,0.09933752624326883,0.4,0.6,0.0,0.2748343815608172
22,22,0.0020885924434074,-0.2031253897300702,-0.2027202913269685,1.689668640731703,1.7727728485641667,-0.2495211530004709,1.118033988749895,1.373539701388967,-0.331124340588225,-1.2095109063703844e-14,-1.6295816823995342,1.3265096084621246,1.058762483368768,0.2084769619841985,-1.624265597925626,-0.4789100314094701,-0.3612134223735032,-0.1849531780612936,-0.1832376902558925,0.0,0.0,0.0,0.0,-0.2050060527814101,-0.3192829002073953,-0.3532733523969408,-0.3779644730092272,-0.7508058875955863,1.6606870454120777,-1.6606870454120777,-0.408248290463863,-0.7250102411641544,1.3723987251777687,-0.4472135954999578,1.0641602595597024,0.1005568165715128,0.025970720754380835,False,,,0.1005568165715128,0.4,0.6,0.0,0.2751392041428782
22,23,0.0021407425916686,-0.2031272185651018,-0.2026918563338563,1.689668640731703,1.910938111003879,-0.2495211530004709,1.118033988749895,1.373539701388967,-0.331124340588225,-1.2095109063703844e-14,-1.6295816823995342,1.3265096084621246,1.058762483368768,0.2084769619841985,-1.7793776390226872,-0.8212103471439132,-0.5540087459617584,-0.1864084124186557,0.1681717215499906,0.0,0.0,0.0,0.0,-0.204999146989965,-0.2904334473486887,-0.3249564310542538,-0.3779644730092272,-0.7508058875955863,1.9067147558434967,-1.9067147558434967,-0.408248290463863,-0.7250102411641544,1.516861748880692,-0.4472135954999578,1.0641602595597024,0.09869767105537874,0.026200913754699778,False,,,0.09869767105537874,0.4,0.6,0.0,0.2746744177638447
22,24,0.0020898703149681,-0.2031288983095929,-0.202766749173836,1.689668640731703,1.7997875247656532,-0.2495211530004709,1.118033988749895,1.373539701388967,-0.331124340588225,-1.2095109063703844e-14,-1.6295816823995342,1.3265096084621246,1.058762483368768,0.2084769619841985,-0.4509751266154609,-0.4033786121655447,-0.2937671721574803,-0.1989038204028423,-0.2286359653901019,0.0,0.0,0.0,0.0,-0.2049928041733981,-0.3111984362236344,-0.3453381193841297,-0.3779644730092272,-0.7508058875955863,2.1527424662749155,-2.1527424662749155,-0.408248290463863,-0.7250102411641544,1.6613247725836149,-0.4472135954999578,1.0641602595597024,0.0013304193857968105,0.02657495424918197,False,,,0.0013304193857968105,0.4,0.6,0.0,0.2503326048464492
23,1,0.0020047759736183,-0.2034337342916642,-0.2028924952362883,-0.5497154839363793,0.0054841949779412,-0.0762898653552064,-1.118033988749895,1.373539701388967,-0.331124340588225,4.206994456940467e-15,1.0028194968612536,0.9552828816057752,1.058762483368768,-0.4548588261473418,0.9782266428176744,1.1440443856349496,2.4119963984560537,3.4246920297114123,-0.6418309536078436,0.0,0.0,0.0,0.0,-0.2036166716713697,-0.0482526582166799,-0.0872460526235836,-0.3779644730092272,-0.0081080876863769,-0.7995900589021115,0.7995900589021115,-0.408248290463863,0.4163922365065373,-1.661324772583615,-0.4472135954999578,1.0641602595597024,0.1091489834403565,0.026630608609097564,False,,,0.1091489834403565,0.75,0.61788684735769,0.9945566607044186,0.6178981228756163
23,2,-0.0071365113802708,-0.2032886447377543,-0.1996763918588209,-0.9975923088699956,-0.1467850551110212,-0.0762898653552064,-1.118033988749895,1.373539701388967,-0.331124340588225,4.206994456940467e-15,1.0028194968612536,0.9552828816057752,0.8812825309618483,-0.4548588261473418,0.3485162931685331,0.3881383098198356,2.4119963984560537,0.6320620030395292,-0.5157993620896457,0.0,0.0,0.0,0.0,-0.2041645385827358,-0.1940709593844433,-0.2303726964706827,-0.3779644730092272,0.7910778898958948,-0.7995900589021115,0.7995900589021115,-0.408248290463863,0.4163922365065373,-1.516861748880692,-0.4472135954999578,0.5133933969410024,0.09737797057909381,0.02654113599708138,False,,,0.09737797057909381,0.75,0.5763357331943368,0.7083507743559685,0.5330161195323497
23,3,-0.0045091562027303,-0.2032269573953524,-0.1990499616511703,-0.9975923088699956,-0.1203781619330835,-0.0762898653552064,-1.118033988749895,1.373539701388967,-0.331124340588225,4.206994456940467e-15,1.0028194968612536,0.9552828816057752,1.058762483368768,-0.4548588261473418,-0.2776564963436447,0.9645753381511204,2.4119963984560537,-0.5208455869644085,-0.6421497555883917,0.0,0.0,0.0,0.0,-0.2043974737103268,-0.1355622520747022,-0.1729440003055763,-0.3779644730092272,0.4704093724742441,-0.7995900589021115,0.7995900589021115,-0.408248290463863,0.4163922365065373,-1.3723987251777692,-0.4472135954999578,1.0641602595597024,0.0997841659589507,0.02655884161375928,False,,,0.0997841659589507,0.75,0.61788684735769,0.4,0.4669177533291602
23,4,-0.0026526662639021,-0.2032078886237889,-0.1989661057431147,-0.5497154839363793,-0.0012794163384886,-0.0762898653552064,-1.118033988749895,1.373539701388967,-0.331124340588225,4.206994456940467e-15,1.0028194968612536,0.9552828816057752,1.058762483368768,-0.4548588261473418,1.1780633488815762,0.7966093267186589,-0.8514071401078102,-0.7925368854152636,-0.5714069601161341,0.0,0.0,0.0,0.0,-0.2044694785425044,-0.07296140020132,-0.1114986963975416,-0.3779644730092272,0.1273130491646419,-0.7995900589021115,0.7995900589021115,-0.408248290463863,0.4163922365065373,-1.2279357014748462,-0.4472135954999578,1.0641602595597024,0.10121246485883337,0.026367674722461647,False,,,0.10121246485883337,0.75,0.61788684735769,0.25,0.4297748280541308
23,5,-0.0010842523900735,-0.2032289686779841,-0.1992212469204235,-0.5497154839363793,-0.0243268562037133,-0.0762898653552064,-1.118033988749895,1.373539701388967,-0.331124340588225,4.206994456940467e-15,1.0028194968612536,0.9552828816057752,1.058762483368768,-0.4548588261473418,0.7018537180892673,0.930715981326486,-0.7516521726911741,-0.1547570477501205,-0.6089329567272495,0.0,0.0,0.0,0.0,-0.2043898789857333,-0.0812655080299835,-0.1196495188535898,-0.3779644730092272,0.1728253509803359,-0.7995900589021115,0.7995900589021115,-0.408248290463863,0.4163922365065373,-1.0834726777719228,-0.4472135954999578,1.0641602595597024,0.10382601711465111,0.025655178344532382,False,,,0.10382601711465111,0.75,0.61788684735769,0.17546342952231683,0.4117940734986644
23,6,-0.0003361984261032,-0.2032132637811994,-0.1993783905951289,-0.5497154839363793,0.0032551408443839,-0.0762898653552064,-1.118033988749895,1.373539701388967,-0.331124340588225,4.206994456940467e-15,1.0028194968612536,0.9552828816057752,1.058762483368768,-0.4548588261473418,0.5230223577226231,0.5677731810487693,-0.598789814440017,-0.3521004015133383,-0.4841951059262207,0.0,0.0,0.0,0.0,-0.2044491816237447,-0.0321673323930831,-0.0714576455314605,-0.3779644730092272,-0.0962668903888627,-0.7995900589021115,0.7995900589021115,-0.408248290463863,0.4163922365065373,-0.939009654069,-0.4472135954999578,1.0641602595597024,0.08918748156414455,0.025693781114458008,False,0.05,0.05,0.08918748156414455,0.75,0.61788684735769,0.13075558943065577,0.3969574795881226
23,7,0.0013406361256319,-0.2032188567894396,-0.2017002823033112,-0.1018386590027628,0.205129344224056,-0.0762898653552064,-1.118033988749895,1.373539701388967,-0.331124340588225,4.206994456940467e-15,1.0028194968612536,0.9552828816057752,1.058762483368768,-0.4548588261473418,0.2354280542764807,1.0739610012935237,1.0747375087853115,-0.0373907932737032,-0.5716217095617353,0.0,0.0,0.0,0.0,-0.2044280620871051,0.0744130317827765,0.0331553536759719,-0.3779644730092272,-0.6804016104673981,-0.7995900589021115,0.7995900589021115,-0.408248290463863,0.4163922365065373,-0.7945466303660769,-0.4472135954999578,1.0641602595597024,0.0972429313511247,0.026522772379760712,False,,,0.0972429313511247,0.75,0.61788684735769,0.4588570135691202,0.4809966980694837
23,8,0.0016336514823526,-0.2031822843323722,-0.2022024254495586,-0.1018386590027628,0.3251931851494558,-0.0762898653552064,-1.118033988749895,1.373539701388967,-0.331124340588225,4.206994456940467e-15,1.0028194968612536,0.9552828816057752,1.058762483368768,-0.4548588261473418,-0.0372013276832134,0.7337523090879257,-0.4314747893482551,-0.7780741047822369,-0.4838288526678839,0.0,0.0,0.0,0.0,-0.2045661618920507,0.0674052399453463,0.0262769185382828,-0.3779644730092272,-0.6419940242766472,-0.7995900589021115,0.7995900589021115,-0.408248290463863,0.4163922365065373,-0.6500836066631539,-0.4472135954999578,1.0641602595597024,0.13892416511850075,0.02539459283050485,False,,,0.13892416511850075,0.75,0.61788684735769,0.0,0.37670275311904766
23,9,0.0014918593540324,-0.2031777939180598,-0.2020632716411927,-0.1018386590027628,0.3924188131906657,-0.0762898653552064,-1.118033988749895,1.373539701388967,-0.331124340588225,4.206994456940467e-15,1.0028194968612536,0.9552828816057752,1.058762483368768,-0.4548588261473418,-0.094687523915345,0.4217095853141656,-0.5689786176986503,-0.7231378728362657,-0.34848779270275,0.0,0.0,0.0,0.0,-0.2045831179674798,0.1199584070128784,0.077860007668213,-0.3779644730092272,-0.7508058875955863,-0.7995900589021115,0.7995900589021115,-0.408248290463863,0.4163922365065373,-0.5056205829602308,-0.4472135954999578,1.0641602595597024,0.06898860352462216,0.025780491129441783,False,,,0.06898860352462216,0.75,0.61788684735769,0.0,0.359218862720578
23,10,0.0014138235968157,-0.203191908348368,-0.2020407724923884,0.3460381659308536,0.5541288147071936,-0.0762898653552064,-1.118033988749895,1.373539701388967,-0.331124340588225,4.206994456940467e-15,1.0028194968612536,0.9552828816057752,1.058762483368768,-0.4548588261473418,0.6452760147868493,0.9740424448708932,-0.3628773794018523,-0.151797570045086,-0.650689025034542,0.0,0.0,0.0,0.0,-0.2045298210268646,-0.1494176430226171,0.1656613497520068,2.6457513110645903,0.5463465770008178,-0.7995900589021115,0.7995900589021115,-0.408248290463863,0.4163922365065373,-0.3611575592573077,-0.4472135954999578,1.0641602595597024,0.09315403103370438,0.026313614151615962,False,,,0.09315403103370438,0.75,0.61788684735769,0.16131900369671232,0.40558997052202667
23,11,0.0015477890739896,-0.2031795581917915,-0.2021681456473056,-0.1018386590027628,0.4920136043322297,-0.0762898653552064,-1.118033988749895,1.373539701388967,-0.331124340588225,4.206994456940467e-15,1.0028194968612536,0.9552828816057752,1.058762483368768,-0.4548588261473418,0.836990044292377,1.213296636594246,0.3480364350201596,-0.2924434465147682,-0.7258067970372193,0.0,0.0,0.0,0.0,-0.2045764559633995,-0.210381876997894,0.0908627293652565,2.6457513110645903,0.8804730929244384,-0.7995900589021115,0.7995900589021115,-0.408248290463863,0.4163922365065373,-0.2166945355543847,-0.4472135954999578,1.0641602595597024,0.10323141320938578,0.02640663819329904,False,,,0.10323141320938578,0.75,0.61788684735769,0.34846208508115806,0.45489508641205845
23,12,0.001594140515615,-0.2031720466473458,-0.2022093102561978,0.3460381659308536,0.7180690050984415,-0.0762898653552064,-1.118033988749895,1.373539701388967,-0.331124340588225,4.206994456940467e-15,1.0028194968612536,0.9552828816057752,1.058762483368768,-0.4548588261473418,0.2986442604394071,0.536471562147368,-0.3362776199805055,-0.3005059474004189,-0.5092295281115673,0.0,0.0,0.0,0.0,-0.20460482000853,-0.0969749743444647,0.2300046377873491,2.6457513110645903,0.2589241814652019,-0.7995900589021115,0.7995900589021115,-0.408248290463863,0.4163922365065373,-0.0722315118514616,-0.4472135954999578,1.0641602595597024,0.10392719502220471,0.026449286201710942,False,0.28,0.32,0.13870344736296697,0.4894710743801653,0.6085784374935372,0.4651708977635476,0.42548096425005427
23,13,0.001841901719844,-0.2031701068646294,-0.2025755862759916,0.3460381659308536,0.6534299661820798,-0.0762898653552064,-1.118033988749895,1.373539701388967,-0.331124340588225,4.206994456940467e-15,1.0028194968612536,0.9552828816057752,1.058762483368768,-0.4548588261473418,-0.927853145724411,0.7338319251595212,-0.4578099032690489,-0.1358759223797102,-0.4221938158580552,0.0,0.0,0.0,0.0,-0.2046121447451282,0.1898245907774046,0.1464365328405693,-0.3779644730092272,-0.7508058875955863,-0.5535623484706925,0.5535623484706925,-0.408248290463863,0.4163922365065373,0.0722315118514612,-0.4472135954999578,1.0641602595597024,0.10606390184975767,0.0265955769236553,False,,,0.10606390184975767,0.75,0.61788684735769,0.0,0.3684876873018619
23,14,0.0017131687110963,-0.2031599785980353,-0.2024594625408642,0.3460381659308536,0.9182092345145504,-0.0762898653552064,-1.118033988749895,1.373539701388967,-0.331124340588225,4.206994456940467e-15,1.0028194968612536,0.9552828816057752,1.058762483368768,-0.4548588261473418,0.5493281420287416,0.3984558295275049,-0.5360032393297331,-0.222688728394006,-0.2457969890610957,0.0,0.0,0.0,0.0,-0.2046503896910039,0.2830781797977093,0.2379687555882275,-0.3779644730092272,-0.7508058875955863,-0.3075346380392736,0.3075346380392736,-0.408248290463863,0.4163922365065373,0.2166945355543845,2.2360679774997894,1.0641602595597024,0.10267816404648494,0.02632635336788108,False,,,0.10267816404648494,0.75,0.61788684735769,0.1373320355071854,0.40197426172784007
23,15,0.0016505165872976,-0.2031646846864535,-0.2024315980191676,0.79391499086447,1.0203095579014194,-0.0762898653552064,-1.118033988749895,1.373539701388967,-0.331124340588225,4.206994456940467e-15,1.0028194968612536,0.9552828816057752,1.058762483368768,-0.4548588261473418,0.2316142540046992,0.6233861587118662,-0.2343162000818722,0.1878430411295965,-0.316502801386928,0.0,0.0,0.0,0.0,-0.2046326192171358,0.3206325286941602,0.2748298894539147,-0.3779644730092272,-0.7508058875955863,-0.0615069276078547,0.0615069276078547,-0.408248290463863,0.4163922365065373,0.3611575592573074,2.2360679774997894,1.0641602595597024,0.09526795244659897,0.026169083382121677,False,,,0.09526795244659897,0.75,0.61788684735769,0.12364862789653357,0.3967008569252056
23,16,0.0017140095155384,-0.2031536959186081,-0.2025198772437641,0.79391499086447,1.258639226401525,-0.0762898653552064,-1.118033988749895,1.373539701388967,-0.331124340588225,4.206994456940467e-15,1.0028194968612536,0.9552828816057752,1.058762483368768,-0.4548588261473418,-1.3816955887890074,1.164434651249138,-0.1475977336733762,0.0777392150143278,-0.4628502842437785,0.0,0.0,0.0,0.0,-0.2046741134676652,0.3721211244322569,0.3253680581568635,-0.3779644730092272,-0.7508058875955863,0.1845207828235641,-0.1845207828235641,-0.408248290463863,0.4163922365065373,0.5056205829602304,2.2360679774997894,1.0641602595597024,0.10035147305840625,0.026522210613670456,False,,,0.10035147305840625,0.75,0.61788684735769,0.02720872525501473,0.37386176141777777
23,17,0.0016910025065252,-0.2031460907404028,-0.2024897593318669,2.137545465665319,1.858063214458085,-0.0762898653552064,-1.118033988749895,1.373539701388967,-0.331124340588225,4.206994456940467e-15,1.0028194968612536,0.9552828816057752,1.058762483368768,-0.4548588261473418,-0.6925264536758516,1.0510238937342635,-0.4119971461763635,0.0835109618874774,-0.2735986184499096,0.0,0.0,0.0,0.0,-0.2047028310795224,0.7215726129386123,0.6683690281088094,-0.3779644730092272,-0.7508058875955863,0.4305484932549831,-0.4305484932549831,-0.408248290463863,0.4163922365065373,0.6500836066631537,2.2360679774997894,1.0641602595597024,0.10267699652204937,0.0265765626070001,False,,,0.10267699652204937,0.75,0.61788684735769,0.02922883666061709,0.3749481701350891
23,18,0.0014858814522689,-0.203122986456922,-0.2022088329814987,1.2417918157980865,1.564072949381116,-0.0762898653552064,-1.118033988749895,1.373539701388967,-0.331124340588225,4.206994456940467e-15,1.0028194968612536,0.9552828816057752,1.058762483368768,-0.4548588261473418,-1.3773183377941578,1.3342300756331498,-0.3282567777441806,-0.5263906755427814,-0.4460169677830518,0.0,0.0,0.0,0.0,-0.2047900742482334,0.5164914295670162,0.467073434502915,-0.3779644730092272,-0.7508058875955863,0.676576203686402,-0.676576203686402,-0.408248290463863,0.4163922365065373,0.7945466303660766,-0.4472135954999578,1.0641602595597024,0.09964103618353759,0.02640021450223447,False,0.2,0.2,0.10974036206029261,0.6042857142857142,0.6349393772484796,0.45947771274200805,0.4521107915841236
23,19,0.0013936523861546,-0.2031186207451051,-0.2021105703576366,0.79391499086447,1.2859189526337311,-0.0762898653552064,-1.118033988749895,1.373539701388967,-0.331124340588225,4.206994456940467e-15,1.0028194968612536,0.9552828816057752,1.058762483368768,-0.4548588261473418,-0.8060396361258545,0.730487264280616,-0.3639922789924228,-0.419083678508427,-0.3610766950057373,0.0,0.0,0.0,0.0,-0.2048065594395144,0.3088815535555147,0.2632958253477225,-0.3779644730092272,-0.7508058875955863,0.922603914117821,-0.922603914117821,-0.408248290463863,0.4163922365065373,0.9390096540689996,-0.4472135954999578,1.0641602595597024,0.09873212041335261,0.025962651550309527,False,,,0.09873212041335261,0.75,0.61788684735769,0.0,0.36665474194276065
23,20,0.0012300941473142,-0.2031042809665003,-0.2019503234794628,0.79391499086447,1.2314572970839437,-0.0762898653552064,-1.118033988749895,1.373539701388967,-0.331124340588225,4.206994456940467e-15,1.0028194968612536,0.9552828816057752,1.058762483368768,-0.4548588261473418,-0.7087124366576698,1.1721162896866633,-0.1894940634913652,-0.7445541828324804,-0.4759556601412629,0.0,0.0,0.0,0.0,-0.2048607073088968,0.346680979341451,0.3003975122331312,-0.3779644730092272,-0.7508058875955863,1.16863162454924,-1.16863162454924,-0.408248290463863,0.4163922365065373,1.0834726777719228,-0.4472135954999578,1.0641602595597024,0.09699188140475917,0.02609159795273077,False,,,0.09699188140475917,0.75,0.61788684735769,0.0,0.3662196821906123
23,21,0.0014152457903875,-0.20311415619675,-0.2021153484102487,0.3460381659308536,1.155692336612362,-0.0762898653552064,-1.118033988749895,1.373539701388967,-0.331124340588225,4.206994456940467e-15,1.0028194968612536,0.9552828816057752,1.058762483368768,-0.4548588261473418,0.3032267311944273,0.8483372680115816,-0.2897223606823571,0.0420574798570481,-0.458374177200932,0.0,0.0,0.0,0.0,-0.2048234178435279,0.1882992116916631,0.1449393106991209,-0.3779644730092272,-0.7508058875955863,1.4146593349806589,-1.4146593349806589,-0.408248290463863,0.4163922365065373,1.2279357014748458,-0.4472135954999578,1.0641602595597024,0.10198650261967268,0.02619929827997788,False,,,0.10198650261967268,0.75,0.61788684735769,0.09052680074857365,0.39010003768148405
23,22,0.0016363840538977,-0.2031133273069027,-0.2023152441087769,0.3460381659308536,1.0991518794254331,-0.0762898653552064,-1.118033988749895,1.373539701388967,-0.331124340588225,4.206994456940467e-15,1.0028194968612536,0.9552828816057752,1.058762483368768,-0.4548588261473418,-0.6126129959112275,0.6547504522005585,-0.3625976231323269,0.3937852271163398,-0.3818180518630577,0.0,0.0,0.0,0.0,-0.2048265477816127,0.2170959085134287,0.173204449827575,-0.3779644730092272,-0.7508058875955863,1.6606870454120777,-1.6606870454120777,-0.408248290463863,0.4163922365065373,1.3723987251777687,-0.4472135954999578,1.0641602595597024,0.1034282677980689,0.026217340144752223,False,,,0.1034282677980689,0.75,0.61788684735769,0.13782482949071892,0.40228498616161945
23,23,0.0017561397552521,-0.2030965631779712,-0.2025009113875752,-0.1018386590027628,0.902484299045048,-0.0762898653552064,-1.118033988749895,1.373539701388967,-0.331124340588225,4.206994456940467e-15,1.0028194968612536,0.9552828816057752,1.058762483368768,-0.4548588261473418,0.372540588926241,0.4559742972361563,-0.3654574131753398,-0.0777467756200197,-0.3784150585062401,0.0,0.0,0.0,0.0,-0.2048898501441323,0.0902284138087102,0.0486787998579938,-0.3779644730092272,-0.7508058875955863,1.9067147558434967,-1.9067147558434967,-0.408248290463863,0.4163922365065373,1.516861748880692,-0.4472135954999578,1.0641602595597024,0.09730726984191079,0.026429114731054627,False,,,0.09730726984191079,0.75,0.61788684735769,0.09313514723156024,0.38958231610779026
23,24,0.0016767453601297,-0.2030869719237963,-0.202402540144204,0.79391499086447,1.397385697743866,-0.0762898653552064,-1.118033988749895,1.373539701388967,-0.331124340588225,4.206994456940467e-15,1.0028194968612536,0.9552828816057752,1.058762483368768,-0.4548588261473418,-1.2160857902655249,0.5579771571599956,-0.3906504009090334,-0.2000284186553661,-0.2599353832427841,0.0,0.0,0.0,0.0,-0.2049260672987056,0.3790148571462854,0.332134539586398,-0.3779644730092272,-0.7508058875955863,2.1527424662749155,-2.1527424662749155,-0.408248290463863,0.4163922365065373,1.6613247725836149,-0.4472135954999578,1.0641602595597024,0.00027649653785721817,0.026534753424247763,False,,,0.00027649653785721817,0.75,0.61788684735769,0.0,0.3420408359738868
24,1,0.0020047759736183,-0.2035603350048234,-0.2028924952362883,0.79391499086447,-1.265795696068395,-0.80633086448194,0.0,-1.400487393164631,-0.331124340588225,-0.4736654667156822,0.5640859669844422,-0.7093612531636904,-1.1271543790448286,-1.1181946142788823,-1.0344283104831182,-1.1351487159943634,2.4119963984560537,4.385786048816531,-0.3084176200638753,0.0,0.0,0.0,0.0,-0.2038137800512823,-0.9325247153872774,-0.9551953482678088,-0.3779644730092272,-0.7508058875955863,-0.7995900589021115,0.7995900589021115,-0.408248290463863,0.6558829133804082,-1.661324772583615,-0.4472135954999578,-1.1389071909150976,0.11965418233880465,0.026628749124985317,False,,,0.11965418233880465,0.75,0.65,0.75,0.5674135455847011
24,2,-0.0078049815877435,-0.2034046355619066,-0.1994412095252216,0.79391499086447,-1.288722725575433,-0.80633086448194,0.0,-1.400487393164631,-0.331124340588225,-0.4736654667156822,0.5640859669844422,-0.7093612531636904,-1.1271543790448286,-1.1181946142788823,-1.4536266907495523,-1.1884541067320196,2.4119963984560537,0.5953950774287204,-0.3006060142557253,0.0,0.0,0.0,0.0,-0.2044017105438192,-0.966219716642185,-0.988268374118592,-0.3779644730092272,-0.3524965375112728,-0.7995900589021115,0.7995900589021115,-0.408248290463863,0.6558829133804082,-1.516861748880692,-0.4472135954999578,-1.1389071909150976,0.8824122819458085,0.02644994291459427,False,,,0.8824122819458085,0.75,0.65,0.6083882771000522,0.7227001397614652
24,3,-0.0043373876854138,-0.2033590106922864,-0.1990715490638606,0.3460381659308536,-1.2267148782116508,-0.80633086448194,0.0,-1.400487393164631,-0.331124340588225,-0.4736654667156822,0.5640859669844422,-0.7093612531636904,-1.1271543790448286,-1.1181946142788823,-1.1630718567609497,-1.075232506505062,2.4119963984560537,-0.4350590371551665,-0.3314938365504652,0.0,0.0,0.0,0.0,-0.2045739928048556,-0.9052297750927544,-0.9284042447706734,-0.3779644730092272,-0.7508058875955863,-0.7995900589021115,0.7995900589021115,-0.408248290463863,0.6558829133804082,-1.3723987251777692,-0.4472135954999578,-1.1389071909150976,0.8945036562742599,0.026430598925641934,False,,,0.8945036562742599,0.75,0.65,0.4,0.673625914068565
24,4,-0.0020934164135395,-0.2033587230292096,-0.1992231325180214,0.3460381659308536,-1.1830895351064092,-0.80633086448194,0.0,-1.400487393164631,-0.331124340588225,-0.4736654667156822,0.5640859669844422,-0.7093612531636904,-1.1271543790448286,-1.1181946142788823,0.1729300780656472,-1.1821774190665315,-0.9158469765721312,-0.2401210821340867,-0.1744866437060428,0.0,0.0,0.0,0.0,-0.2045750790379934,-0.8842650348409733,-0.9078264922709276,-0.3779644730092272,-0.7508058875955863,-0.7995900589021115,0.7995900589021115,-0.408248290463863,0.6558829133804082,-1.2279357014748462,-0.4472135954999578,-1.1389071909150976,0.8842577381835288,0.026131754440565782,False,,,0.8842577381835288,0.75,0.65,0.0432325195164118,0.5818725644249851
24,5,-0.0009590915686364,-0.2033480802976482,-0.1993670680085845,0.3460381659308536,-1.2383896624576394,-0.80633086448194,0.0,-1.400487393164631,-0.331124340588225,-0.4736654667156822,0.5640859669844422,-0.7093612531636904,-1.1271543790448286,-1.1181946142788823,-0.3203175699180225,-0.9557288925436418,-0.7997291076175005,-0.3402202905734724,-0.4576941355182816,0.0,0.0,0.0,0.0,-0.2046152666346322,-0.9188987845119302,-0.941820938198134,-0.3779644730092272,-0.7508058875955863,-0.7995900589021115,0.7995900589021115,-0.408248290463863,0.6558829133804082,-1.0834726777719228,-0.4472135954999578,-1.1389071909150976,0.906355936901134,0.025707819178159487,False,,,0.906355936901134,0.75,0.65,0.0,0.5765889842252835
24,6,-0.0001296075092375,-0.2033571887208741,-0.199574099764504,0.79391499086447,-1.4186410020021298,-0.80633086448194,0.0,-1.400487393164631,-0.331124340588225,-0.4736654667156822,0.5640859669844422,-0.7093612531636904,-1.1271543790448286,-1.1181946142788823,-1.2745507184722724,-1.019350751218657,-0.5407520303326931,0.1709489115933082,-0.5598194596642294,0.0,0.0,0.0,0.0,-0.2045808726788597,-1.0325681673801994,-1.0533921000332236,-0.3779644730092272,0.5877733715695758,-0.7995900589021115,0.7995900589021115,-0.408248290463863,0.6558829133804082,-0.939009654069,-0.4472135954999578,-1.1389071909150976,0.8942471174801696,0.026523735295338927,False,0.23,0.2,0.8942471174801696,0.75,0.65,0.05983211905765786,0.5885198091344569
24,7,0.0013435029146634,-0.2033343876947222,-0.2019347606116238,0.79391499086447,-1.3966522703461572,-0.80633086448194,0.0,-1.400487393164631,-0.331124340588225,-0.4736654667156822,0.5640859669844422,-0.7093612531636904,-1.1271543790448286,-1.1181946142788823,-0.1264531448978963,-0.9409274969961614,1.3290120042988676,-0.3186718027471909,-0.6092390938026694,0.0,0.0,0.0,0.0,-0.2046669707295957,-1.0289728188782872,-1.0498631180027211,-0.3779644730092272,0.5368211945194132,-0.7995900589021115,0.7995900589021115,-0.408248290463863,0.6558829133804082,-0.7945466303660769,-0.4472135954999578,-1.1389071909150976,0.8868834956015403,0.02656655875454211,False,,,0.8868834956015403,0.75,0.65,0.4,0.671720873900385
24,8,0.0015192822824032,-0.2033178502737814,-0.2022182535030181,0.3460381659308536,-1.1470465103826326,-0.80633086448194,0.0,-1.400487393164631,-0.331124340588225,-0.4736654667156822,0.5640859669844422,-0.7093612531636904,-1.1271543790448286,-1.1181946142788823,-0.2160991639468662,-1.0854397791174528,-0.5808987944189558,-0.639830658087863,-0.3052640323016099,0.0,0.0,0.0,0.0,-0.2047294170290617,-0.8945121412127448,-0.9178844474959617,-0.3779644730092272,-0.7508058875955863,-0.7995900589021115,0.7995900589021115,-0.408248290463863,0.6558829133804082,-0.6500836066631539,-0.4472135954999578,-1.1389071909150976,0.8967092125458727,0.026127518277035657,False,,,0.8967092125458727,0.75,0.65,0.0,0.5741773031364682
24,9,0.0014871895265388,-0.2033239157042272,-0.2021933814765548,0.3460381659308536,-1.1468273910983164,-0.80633086448194,0.0,-1.400487393164631,-0.331124340588225,-0.4736654667156822,0.5640859669844422,-0.7093612531636904,-1.1271543790448286,-1.1181946142788823,-1.1542869386795995,-1.1197789312559636,-0.6284566892405195,-0.1763463117871589,-0.2619640262733713,0.0,0.0,0.0,0.0,-0.2047065135976642,-0.8908562465386036,-0.9142960369139024,-0.3779644730092272,-0.7508058875955863,-0.7995900589021115,0.7995900589021115,-0.408248290463863,0.6558829133804082,-0.5056205829602308,-0.4472135954999578,-1.1389071909150976,0.8830643633119082,0.02632704507975798,False,,,0.8830643633119082,0.75,0.65,0.0,0.570766090827977
24,10,0.0016080666967218,-0.203327275895643,-0.2022813680078821,1.2417918157980865,-1.4129183036751638,-0.80633086448194,0.0,-1.400487393164631,-0.331124340588225,-0.4736654667156822,0.5640859669844422,-0.7093612531636904,-1.1271543790448286,-1.1181946142788823,-1.5508542044770683,-0.9935076112951372,-0.2324319053731816,0.233449868154964,-0.7664206316364351,0.0,0.0,0.0,0.0,-0.2046938253120989,-1.1732632761168955,-1.0905217571415788,2.6457513110645903,2.5816613317021044,-0.7995900589021115,0.7995900589021115,-0.408248290463863,0.6558829133804082,-0.3611575592573077,-0.4472135954999578,-1.1389071909150976,0.8991940656064747,0.026505326370444653,False,,,0.8991940656064747,0.75,0.65,0.08170745385423739,0.5952253798651781
24,11,0.0015857120331685,-0.2033136833419275,-0.2022625773236132,1.2417918157980865,-1.3491366808253964,-0.80633086448194,0.0,-1.400487393164631,-0.331124340588225,-0.4736654667156822,0.5640859669844422,-0.7093612531636904,-1.1271543790448286,-1.1181946142788823,-0.4375323590294702,-1.1638623553146483,0.194479473162215,0.0075982030304489,-0.6209849927780018,0.0,0.0,0.0,0.0,-0.2047451516152062,-1.1491401811184063,-1.0609244980982315,2.6457513110645903,2.2397962227406034,-0.7995900589021115,0.7995900589021115,-0.408248290463863,0.6558829133804082,-0.2166945355543847,-0.4472135954999578,-1.1389071909150976,0.8872757854284914,0.02641865860631303,False,,,0.8872757854284914,0.75,0.65,0.08045116032554311,0.5919317364385086
24,12,0.0016694654886571,-0.2032989617256617,-0.2023936002101491,0.79391499086447,-1.224384874824175,-0.80633086448194,0.0,-1.400487393164631,-0.331124340588225,-0.4736654667156822,0.5640859669844422,-0.7093612531636904,-1.1271543790448286,-1.1181946142788823,-1.3401777461704003,-0.9612069429054124,-0.1323495993297944,-0.2932441138377019,-0.6700272722477802,0.0,0.0,0.0,0.0,-0.2048007413266398,-1.0861533171479991,-0.983644259829594,2.6457513110645903,1.3471656910557164,-0.7995900589021115,0.7995900589021115,-0.408248290463863,0.6558829133804082,-0.0722315118514616,-0.4472135954999578,-1.1389071909150976,0.8914610722867882,0.0264571932193484,False,0.29,0.25,0.4875070713754619,0.4812854257606359,0.5218492637883704,0.3300204861303361,0.45516556176370104
24,13,0.0016374689204705,-0.2032947321585585,-0.2023564192113051,0.79391499086447,-1.2917504757350562,-0.80633086448194,0.0,-1.400487393164631,-0.331124340588225,-0.4736654667156822,0.5640859669844422,-0.7093612531636904,-1.1271543790448286,-1.1181946142788823,-0.1820163518019254,-1.7939795535418366,-0.8861407063293419,-0.1568635651252052,1.908757875083052,0.0,0.0,0.0,0.0,-0.2048167124272654,-1.0184297265079356,-1.039514640379173,-0.3779644730092272,0.3874077207422263,-0.5535623484706925,0.5535623484706925,-0.408248290463863,0.6558829133804082,0.0722315118514612,-0.4472135954999578,-1.1389071909150976,0.10974079592436214,0.02663938955478636,False,,,0.10974079592436214,0.75,0.65,0.0,0.37743519898109057
24,14,0.0014643906527844,-0.2032863476958707,-0.2022196374650049,1.2417918157980865,-1.3532770675994503,-0.80633086448194,0.0,-1.400487393164631,-0.331124340588225,-0.4736654667156822,0.5640859669844422,-0.7093612531636904,-1.1271543790448286,-1.1181946142788823,-0.5472562791880273,-1.7469167743273288,-0.7797859393771965,-0.2029933961126972,1.1143707864511632,0.0,0.0,0.0,0.0,-0.2048483726643563,-1.0760421783176766,-1.0960636250079552,-0.3779644730092272,1.2038737304607083,-0.3075346380392736,0.3075346380392736,-0.408248290463863,0.6558829133804082,0.2166945355543845,2.2360679774997894,-1.1389071909150976,0.09629981085444872,0.026544933674274664,False,,,0.09629981085444872,0.75,0.65,0.0,0.3740749527136122
24,15,0.0014780017578763,-0.2032859968610623,-0.2022313713175587,0.79391499086447,-1.2761094900557453,-0.80633086448194,0.0,-1.400487393164631,-0.331124340588225,-0.4736654667156822,0.5640859669844422,-0.7093612531636904,-1.1271543790448286,-1.1181946142788823,-0.3783068168416639,-1.0651637016509905,0.3479537964343471,0.1608697216974767,-0.5300947752662903,0.0,0.0,0.0,0.0,-0.204849697437765,-1.0366401494034074,-1.0573889174156792,-0.3779644730092272,0.6454802528027007,-0.0615069276078547,0.0615069276078547,-0.408248290463863,0.6558829133804082,0.3611575592573074,2.2360679774997894,-1.1389071909150976,0.1009402396787793,0.02658674720831531,False,,,0.1009402396787793,0.75,0.65,0.19548592116785568,0.4241065402116588
24,16,0.0015192400730748,-0.2032691945290782,-0.2022888031143583,0.79391499086447,-1.1865511833678553,-0.80633086448194,0.0,-1.400487393164631,-0.331124340588225,-0.4736654667156822,0.5640859669844422,-0.7093612531636904,-1.1271543790448286,-1.1181946142788823,-0.8579034631783363,-1.8139547494641035,-0.8131702203423777,-0.3383627641702087,2.247171198394176,0.0,0.0,0.0,0.0,-0.2049131440573167,-1.009958785303967,-1.0312000641220052,-0.3779644730092272,0.2673601382126037,0.1845207828235641,-0.1845207828235641,-0.408248290463863,0.6558829133804082,0.5056205829602304,2.2360679774997894,-1.1389071909150976,0.10127350711304875,0.026364678582894405,False,,,0.10127350711304875,0.75,0.65,0.0,0.3753183767782622
24,17,0.0014822216916792,-0.2032562969831025,-0.2022376126438193,1.2417918157980865,-1.257981713151302,-0.80633086448194,0.0,-1.400487393164631,-0.331124340588225,-0.4736654667156822,0.5640859669844422,-0.7093612531636904,-1.1271543790448286,-1.1181946142788823,-0.6961811802641594,-1.783898904487231,-0.776074497108856,-0.6853553420338218,1.620510794411476,0.0,0.0,0.0,0.0,-0.2049618459692566,-1.047855532904193,-1.0683972763601357,-0.3779644730092272,0.8044212304335242,0.4305484932549831,-0.4305484932549831,-0.408248290463863,0.6558829133804082,0.6500836066631537,2.2360679774997894,-1.1389071909150976,0.09888124447074478,0.02638766481407811,False,,,0.09888124447074478,0.75,0.65,0.0,0.3747203111176862
24,18,0.0014513194303289,-0.2032546322232549,-0.2022066258460088,0.79391499086447,-1.1874569700921895,-0.80633086448194,0.0,-1.400487393164631,-0.331124340588225,-0.4736654667156822,0.5640859669844422,-0.7093612531636904,-1.1271543790448286,-1.1181946142788823,-1.4331053683783288,-1.8000439332110512,-0.8058384519945915,-0.3521616392750876,1.992469545664329,0.0,0.0,0.0,0.0,-0.2049681322029054,-1.0180938373706896,-1.039184951413291,-0.3779644730092272,0.3826476028340236,0.676576203686402,-0.676576203686402,-0.408248290463863,0.6558829133804082,0.7945466303660766,-0.4472135954999578,-1.1389071909150976,0.1000970647642037,0.02646984708019708,False,0.2,0.15,0.10004177537491621,0.47222222222222227,0.6368035190615836,0.25496688741721857,0.3660086010189852
24,19,0.0013737155329646,-0.2032376331119638,-0.202114804461365,0.79391499086447,-1.0930818879888706,-0.80633086448194,0.0,-1.400487393164631,-0.331124340588225,-0.4736654667156822,0.5640859669844422,-0.7093612531636904,-1.1271543790448286,-1.1181946142788823,-0.5791942777729048,-1.7678312396110103,-0.3928814231899721,-1.0709426854013846,1.7847474758876845,0.0,0.0,0.0,0.0,-0.2050323218729959,-0.9821580042890142,-1.0039124572089295,-0.3779644730092272,-0.1266240098201001,0.922603914117821,-0.922603914117821,-0.408248290463863,0.6558829133804082,0.9390096540689996,-0.4472135954999578,-1.1389071909150976,0.09491925411381727,0.026173239471807067,False,,,0.09491925411381727,0.75,0.65,0.0,0.37372981352845436
24,20,0.0013720725871475,-0.2032349712508684,-0.2021131603412341,0.79391499086447,-1.0885662532632248,-0.80633086448194,0.0,-1.400487393164631,-0.331124340588225,-0.4736654667156822,0.5640859669844422,-0.7093612531636904,-1.1271543790448286,-1.1181946142788823,0.0806496882538065,-1.7950657681940336,-0.6860519097550771,-0.786940655783756,2.2696243190365686,0.0,0.0,0.0,0.0,-0.2050423732211289,-0.9578458609791436,-0.9800490913021488,-0.3779644730092272,-0.4711682535101045,1.16863162454924,-1.16863162454924,-0.408248290463863,0.6558829133804082,1.0834726777719228,-0.4472135954999578,-1.1389071909150976,0.09997970657474028,0.026386972046681913,False,,,0.09997970657474028,0.75,0.65,0.020162422063451625,0.38003553215954794
24,21,0.0014713623632174,-0.203226125796613,-0.2022389845317823,0.79391499086447,-0.969608801038814,-0.80633086448194,0.0,-1.400487393164631,-0.331124340588225,-0.4736654667156822,0.5640859669844422,-0.7093612531636904,-1.1271543790448286,-1.1181946142788823,-0.986426671610768,-1.0766094154238888,0.1962200197499923,-0.9975507393621866,-0.371080207129575,0.0,0.0,0.0,0.0,-0.2050757741901989,-0.9334840646978066,-0.9561369889671828,-0.3779644730092272,-0.7508058875955863,1.4146593349806589,-1.4146593349806589,-0.408248290463863,0.6558829133804082,1.2279357014748458,-0.4472135954999578,-1.1389071909150976,0.09863568897705742,0.026209971591098998,False,,,0.09863568897705742,0.75,0.65,0.07848800789999694,0.3942809242192636
24,22,0.0015313457608382,-0.203221333568604,-0.2023093922809351,0.79391499086447,-1.0283990221263262,-0.80633086448194,0.0,-1.400487393164631,-0.331124340588225,-0.4736654667156822,0.5640859669844422,-0.7093612531636904,-1.1271543790448286,-1.1181946142788823,-1.4270893084606018,-1.1393205510356526,-0.3925687793233734,-0.8434661844931692,-0.3210151806404956,0.0,0.0,0.0,0.0,-0.2050938699323604,-0.943651080928119,-0.9661163324331952,-0.3779644730092272,-0.6723323259117587,1.6606870454120777,-1.6606870454120777,-0.408248290463863,0.6558829133804082,1.3723987251777687,-0.4472135954999578,-1.1389071909150976,0.10454028720649364,0.02580267672260006,False,,,0.10454028720649364,0.75,0.65,0.0,0.3761350718016234
24,23,0.0015501093860332,-0.2032156660974539,-0.2023295675264477,0.3460381659308536,-0.9429388564439584,-0.80633086448194,0.0,-1.400487393164631,-0.331124340588225,-0.4736654667156822,0.5640859669844422,-0.7093612531636904,-1.1271543790448286,-1.1181946142788823,-1.122871049995282,-0.9924197434699012,-0.3301597550267304,-0.7442603058991331,-0.409024984106697,0.0,0.0,0.0,0.0,-0.2051152706454411,-0.904967999566745,-0.9281473013542504,-0.3779644730092272,-0.7508058875955863,1.9067147558434967,-1.9067147558434967,-0.408248290463863,0.6558829133804082,1.516861748880692,-0.4472135954999578,-1.1389071909150976,0.09695853944441782,0.025988749186801295,False,,,0.09695853944441782,0.75,0.65,0.0,0.37423963486110445
24,24,0.0016635609842388,-0.2032122645500015,-0.2024788393490085,0.3460381659308536,-0.9141952459729172,-0.80633086448194,0.0,-1.400487393164631,-0.331124340588225,-0.4736654667156822,0.5640859669844422,-0.7093612531636904,-1.1271543790448286,-1.1181946142788823,0.4641114356615921,-0.9072061980166632,-0.3997655480879948,-0.2658308999150503,-0.4484970830668094,0.0,0.0,0.0,0.0,-0.2051281150938966,-0.8816271681137763,-0.9052373178767942,-0.3779644730092272,-0.7508058875955863,2.1527424662749155,-2.1527424662749155,-0.408248290463863,0.6558829133804082,1.6613247725836149,-0.4472135954999578,-1.1389071909150976,0.0004956527408551126,0.02652396797450633,False,,,0.0004956527408551126,0.75,0.65,0.11602785891539802,0.3791308779140633
25,1,0.0020047759736183,-0.2017214778126244,-0.2028924952362883,-0.9975923088699956,-0.8080720154168082,-1.6447745341454294,1.118033988749895,1.373539701388967,-0.331124340588225,-1.420996400147008,-0.313381092769137,0.4460492716217685,1.058762483368768,-0.4548588261473418,1.3807329533467227,0.2092562008335945,2.4119963984560537,2.8838853225671133,-0.7130785081575071,0.0,0.0,0.0,0.0,-0.2033306523382712,-0.6141430092373106,-0.6426906441351556,-0.3779644730092272,0.0553754261375366,-0.7995900589021115,0.7995900589021115,-0.408248290463863,-0.7250102411641544,-1.661324772583615,-0.4472135954999578,1.0641602595597024,0.09773874378695935,0.02662077015027175,False,,,0.09773874378695935,0.4,0.8215802913512926,1.0,0.579829758784563
25,2,-0.0043334275622767,-0.2016208785110149,-0.2006625776098398,-0.5497154839363793,-0.7533871595437143,-1.6447745341454294,1.118033988749895,1.373539701388967,-0.331124340588225,-1.420996400147008,-0.313381092769137,0.4460492716217685,1.058762483368768,-0.4548588261473418,0.0204227546177569,0.4563704867041786,2.4119963984560537,0.9798435882162322,-0.7672349078582277,0.0,0.0,0.0,0.0,-0.2037105213720723,-0.6042396342624228,-0.6329700753755163,-0.3779644730092272,-0.0299000142894289,-0.7995900589021115,0.7995900589021115,-0.408248290463863,-0.7250102411641544,-1.516861748880692,-0.4472135954999578,1.0641602595597024,0.09880355572638774,0.02655072945096674,False,,,0.09880355572638774,0.4,0.8215802913512926,0.7480509445301206,0.5171086979019502
25,3,-0.003307703740588,-0.201552839571193,-0.1998214513771326,-0.9975923088699956,-0.839197796496232,-1.6447745341454294,1.118033988749895,1.373539701388967,-0.331124340588225,-1.420996400147008,-0.313381092769137,0.4460492716217685,1.058762483368768,-0.4548588261473418,1.324569849707279,0.0048800613518147,2.4119963984560537,-0.289920838977031,-0.6674862045276009,0.0,0.0,0.0,0.0,-0.2039674405148246,-0.6356379699736419,-0.6637888297893467,-0.3779644730092272,0.2404630602419648,-0.7995900589021115,0.7995900589021115,-0.408248290463863,-0.7250102411641544,-1.3723987251777692,-0.4472135954999578,1.0641602595597024,0.10136872594195143,0.02657735685880772,False,,,0.10136872594195143,0.4,0.8215802913512926,0.65,0.493237254323311
25,4,-0.0011137755289809,-0.2015791663849112,-0.2000478991540872,-0.9975923088699956,-0.8426810418365491,-1.6447745341454294,1.118033988749895,1.373539701388967,-0.331124340588225,-1.420996400147008,-0.313381092769137,0.4460492716217685,1.058762483368768,-0.4548588261473418,0.2471612615548376,-0.1201508371470641,-0.8337705503086184,-0.0905514220942842,-0.6361089722901785,0.0,0.0,0.0,0.0,-0.2038680288774653,-0.6505771999966011,-0.6784522968419905,-0.3779644730092272,0.3691009663172154,-0.7995900589021115,0.7995900589021115,-0.408248290463863,-0.7250102411641544,-1.2279357014748462,-0.4472135954999578,1.0641602595597024,0.10541140366020427,0.02632439076288164,False,,,0.10541140366020427,0.4,0.8215802913512926,0.0617903153887094,0.34719550260005155
25,5,-0.000157768555374,-0.2015707154761691,-0.2002103067033611,-0.1018386590027628,-0.6523212138824993,-1.6447745341454294,1.118033988749895,1.373539701388967,-0.331124340588225,-1.420996400147008,-0.313381092769137,0.4460492716217685,1.058762483368768,-0.4548588261473418,-0.1121297808609233,0.0759227155098884,-0.7522101515270389,-0.395425380144676,-0.6093060127321689,0.0,0.0,0.0,0.0,-0.2038999400188672,-0.5145453752040349,-0.5449314809839271,-0.3779644730092272,-0.7508058875955863,-0.7995900589021115,0.7995900589021115,-0.408248290463863,-0.7250102411641544,-1.0834726777719228,-0.4472135954999578,1.0641602595597024,0.09914794906721824,0.026430537156107856,False,,,0.09914794906721824,0.4,0.8215802913512926,0.0,0.3301820601046277
25,6,0.000630857886735,-0.2015936634845838,-0.2004309006296531,-0.9975923088699956,-0.880861627962831,-1.6447745341454294,1.118033988749895,1.373539701388967,-0.331124340588225,-1.420996400147008,-0.313381092769137,0.4460492716217685,1.058762483368768,-0.4548588261473418,0.5387607469945219,-0.0616859434440507,-0.484865514415405,-0.2518955652948506,-0.6587701166446864,0.0,0.0,0.0,0.0,-0.2038132869542369,-0.6542037294890158,-0.6820118842936691,-0.3779644730092272,0.4003280884317697,-0.7995900589021115,0.7995900589021115,-0.408248290463863,-0.7250102411641544,-0.939009654069,-0.4472135954999578,1.0641602595597024,0.09380129571861368,0.02623657775296226,False,0.05,0.1,0.09380129571861368,0.4,0.8215802913512926,0.13469018674863048,0.36251794345463423
25,7,0.0017747676431925,-0.2015725196680892,-0.2019481758802303,-0.9975923088699956,-0.8934659749608396,-1.6447745341454294,1.118033988749895,1.373539701388967,-0.331124340588225,-1.420996400147008,-0.313381092769137,0.4460492716217685,0.658280705422617,-0.4548588261473418,1.6588311205862487,0.1875652249021762,1.39013453515525,-0.6993627929255971,-0.7499890632949532,0.0,0.0,0.0,0.0,-0.2038931272812987,-0.6823533836666458,-0.7096419245261729,-0.3779644730092272,0.6427175934188175,-0.7995900589021115,0.7995900589021115,-0.408248290463863,-0.7250102411641544,-0.7945466303660769,-0.4472135954999578,0.5133933969410024,0.10195305382947525,0.026606872395145115,False,,,0.10195305382947525,0.4,0.7019785382492085,0.65,0.4634828980196709
25,8,0.0024274682445813,-0.2015992004912773,-0.2022123319349532,-0.1018386590027628,-0.464556818472632,-1.6447745341454294,1.118033988749895,1.373539701388967,-0.331124340588225,-1.420996400147008,-0.313381092769137,0.4460492716217685,1.058762483368768,-0.4548588261473418,0.4492365322431849,0.0701470441429416,-0.455181273111685,-0.5075947352160866,-0.563701913698234,0.0,0.0,0.0,0.0,-0.2037923788828174,-0.4485937903478796,-0.4801972952111917,-0.3779644730092272,-0.7508058875955863,-0.7995900589021115,0.7995900589021115,-0.408248290463863,-0.7250102411641544,-0.6500836066631539,-0.4472135954999578,1.0641602595597024,0.10462229333542933,0.02602729578643444,False,,,0.10462229333542933,0.4,0.8215802913512926,0.11230913306079622,0.35962792943687955
25,9,0.0028428970840326,-0.2016594221315323,-0.2015488197478537,0.3460381659308536,-0.4459696456003242,-1.6447745341454294,1.118033988749895,1.373539701388967,-0.331124340588225,-1.420996400147008,-0.313381092769137,0.4460492716217685,1.058762483368768,-0.4548588261473418,0.1301740829177961,0.0736244979944085,-0.5111412357054917,0.0882606078914883,-0.5530497139759334,0.0,0.0,0.0,0.0,-0.2035649783349845,-0.4306067573857806,-0.4625422845574156,-0.3779644730092272,-0.7508058875955863,-0.7995900589021115,0.7995900589021115,-0.408248290463863,-0.7250102411641544,-0.5056205829602308,-0.4472135954999578,1.0641602595597024,0.09933795898427561,0.026233217905436663,False,,,0.09933795898427561,0.4,0.8215802913512926,0.06343473349146994,0.3460882459567595
25,10,0.0026292190404863,-0.2015953017873113,-0.2015883096938593,0.3460381659308536,-0.3653387933387726,-1.6447745341454294,1.118033988749895,1.373539701388967,-0.331124340588225,-1.420996400147008,-0.313381092769137,0.4460492716217685,1.058762483368768,-0.4548588261473418,-0.0591346644662952,0.404750256866057,-0.2978864227752592,-0.8467195384462382,-0.7692231373481805,0.0,0.0,0.0,0.0,-0.2038071006242704,-0.6279994148937854,-0.4215232000075588,2.6457513110645903,0.1746894072890962,-0.7995900589021115,0.7995900589021115,-0.408248290463863,-0.7250102411641544,-0.3611575592573077,-0.4472135954999578,1.0641602595597024,0.10086405404595453,0.0263736787883892,False,,,0.10086405404595453,0.4,0.8215802913512926,0.0,0.3306110863493118
25,11,0.0027267610568314,-0.2016481647855035,-0.2015032458850706,0.3460381659308536,-0.3644314439433386,-1.6447745341454294,1.118033988749895,1.373539701388967,-0.331124340588225,-1.420996400147008,-0.313381092769137,0.4460492716217685,1.058762483368768,-0.4548588261473418,-0.4384009627931254,0.3325124041537013,0.3638339812296708,-0.3612161744683834,-0.7637964690961538,0.0,0.0,0.0,0.0,-0.2036074867529428,-0.6470626344422821,-0.4449123649224419,2.6457513110645903,0.3388379371666506,-0.7995900589021115,0.7995900589021115,-0.408248290463863,-0.7250102411641544,-0.2166945355543847,-0.4472135954999578,1.0641602595597024,0.09998316433255725,0.026216337216761643,False,,,0.09998316433255725,0.4,0.8215802913512926,0.14553359249186834,0.3667742620439296
25,12,0.0024928428887148,-0.2016101909885263,-0.2015461061203104,0.3460381659308536,-0.3075726688881555,-1.6447745341454294,1.118033988749895,1.373539701388967,-0.331124340588225,-1.420996400147008,-0.313381092769137,0.4460492716217685,1.058762483368768,-0.4548588261473418,-0.9305542070542228,0.2767517010889713,-0.1166665614248987,-0.9347088699207008,-0.7337435787641688,0.0,0.0,0.0,0.0,-0.2037508781019553,-0.6192743925549616,-0.4108182408662323,2.6457513110645903,0.099560461392877,-0.7995900589021115,0.7995900589021115,-0.408248290463863,-0.7250102411641544,-0.0722315118514616,-0.4472135954999578,1.0641602595597024,0.10067382180015907,0.026405085995435035,False,0.2,0.25,0.1145157275638995,0.37252747252747254,0.7110044433613576,0.5487804878048781,0.43670703281440193
25,13,0.0026045211669316,-0.2016848002269845,-0.2014115988858822,0.79391499086447,-0.1798381379699909,-1.6447745341454294,1.118033988749895,1.373539701388967,-0.331124340588225,-1.420996400147008,-0.313381092769137,0.4460492716217685,1.058762483368768,-0.4548588261473418,-0.5181987198632251,0.3431902371441678,-0.4035025991675515,-0.23268282931259,-0.5790799559012466,0.0,0.0,0.0,0.0,-0.2034691491150508,-0.327762242095347,-0.3615961742700221,-0.3779644730092272,-0.7508058875955863,-0.5535623484706925,0.5535623484706925,-0.408248290463863,-0.7250102411641544,0.0722315118514612,-0.4472135954999578,1.0641602595597024,0.09821046303134406,0.026586151585159378,False,,,0.09821046303134406,0.4,0.8215802913512926,0.0,0.32994768859565915
25,14,0.002861263013718,-0.2017084763342759,-0.2011478109376095,0.3460381659308536,-0.2123710668100498,-1.6447745341454294,1.118033988749895,1.373539701388967,-0.331124340588225,-1.420996400147008,-0.313381092769137,0.4460492716217685,1.058762483368768,-0.4548588261473418,-0.8835756294907865,0.0190870885343844,-0.4388677102501729,-0.1158157461003976,-0.5075831545102988,0.0,0.0,0.0,0.0,-0.2033797467051229,-0.3933928614691614,-0.4260153192563108,-0.3779644730092272,-0.7508058875955863,-0.3075346380392736,0.3075346380392736,-0.408248290463863,-0.7250102411641544,0.2166945355543845,2.2360679774997894,1.0641602595597024,0.09838070293297416,0.02648834551952339,False,,,0.09838070293297416,0.4,0.8215802913512926,0.0,0.32999024857106674
25,15,0.0034469531988749,-0.2017044236097452,-0.2009320685254188,0.3460381659308536,-0.1188475349269575,-1.6447745341454294,1.118033988749895,1.373539701388967,-0.331124340588225,-1.420996400147008,-0.313381092769137,0.4460492716217685,1.058762483368768,-0.4548588261473418,0.2190692404063614,0.3615407644601504,-0.1108527983791298,-0.2957437963563759,-0.599193547667082,0.0,0.0,0.0,0.0,-0.2033950500375229,-0.3526534726270809,-0.3860279380383625,-0.3779644730092272,-0.7508058875955863,-0.0615069276078547,0.0615069276078547,-0.408248290463863,-0.7250102411641544,0.3611575592573074,2.2360679774997894,1.0641602595597024,0.10245782646511589,0.026505473611821775,False,,,0.10245782646511589,0.4,0.8215802913512926,0.05476731010159035,0.3447013569794997
25,16,0.0026703894044698,-0.2016608418171498,-0.2013760174875461,1.2417918157980865,0.2601336727869963,-1.6447745341454294,1.118033988749895,1.373539701388967,-0.331124340588225,-1.420996400147008,-0.313381092769137,0.4460492716217685,1.058762483368768,-0.4548588261473418,-1.3992861110374044,0.2826590983253163,-0.246554428685016,-0.8708667163429178,-0.4783583299898021,0.0,0.0,0.0,0.0,-0.2035596175164183,-0.1922580175343778,-0.2285932196806517,-0.3779644730092272,-0.7508058875955863,0.1845207828235641,-0.1845207828235641,-0.408248290463863,-0.7250102411641544,0.5056205829602304,2.2360679774997894,1.0641602595597024,0.09998375201613657,0.026418704565785784,False,,,0.09998375201613657,0.4,0.8215802913512926,0.0,0.3303910108418573
25,17,0.0028317245106837,-0.2017172532623354,-0.2012683796842216,2.137545465665319,0.5210824440356514,-1.6447745341454294,1.118033988749895,1.373539701388967,-0.331124340588225,-1.420996400147008,-0.313381092769137,0.4460492716217685,1.058762483368768,-0.4548588261473418,-1.0346887852241071,-0.038656371051296,-0.4655139960772804,-0.420425173386758,-0.2358701745650868,0.0,0.0,0.0,0.0,-0.203346604495104,-0.0376242088642744,-0.0768137936209328,-0.3779644730092272,-0.7508058875955863,0.4305484932549831,-0.4305484932549831,-0.408248290463863,-0.7250102411641544,0.6500836066631537,2.2360679774997894,1.0641602595597024,0.09951777156611674,0.026510110114159186,False,,,0.09951777156611674,0.4,0.8215802913512926,0.0,0.33027451572935235
25,18,0.0029370838323809,-0.2017918328763785,-0.2010985732383355,0.3460381659308536,0.0023553228616667,-1.6447745341454294,1.118033988749895,1.373539701388967,-0.331124340588225,-1.420996400147008,-0.313381092769137,0.4460492716217685,1.058762483368768,-0.4548588261473418,-1.0658204072124382,0.747380298483366,-0.0244808741859666,0.1854929986084727,-0.6993716928376447,0.0,0.0,0.0,0.0,-0.2030649873717785,-0.3545108603998765,-0.3878510403246594,-0.3779644730092272,-0.7508058875955863,0.676576203686402,-0.676576203686402,-0.408248290463863,-0.7250102411641544,0.7945466303660766,-0.4472135954999578,1.0641602595597024,0.09926627338548716,0.02649519644522551,False,0.2,0.2,0.10959478670812048,0.37252747252747254,0.7110044433613576,0.3500846343593532,0.385802834239076
25,19,0.0033923267270477,-0.2017989099052362,-0.2007030621500359,1.2417918157980865,0.3308861757488715,-1.6447745341454294,1.118033988749895,1.373539701388967,-0.331124340588225,-1.420996400147008,-0.313381092769137,0.4460492716217685,1.058762483368768,-0.4548588261473418,-1.5934094775383716,0.1875107095937461,-0.3395271874638664,0.1211590500963013,-0.4533174205395205,0.0,0.0,0.0,0.0,-0.2030382640837304,-0.2093969913456217,-0.2454158254917319,-0.3779644730092272,-0.7508058875955863,0.922603914117821,-0.922603914117821,-0.408248290463863,-0.7250102411641544,0.9390096540689996,-0.4472135954999578,1.0641602595597024,0.1015265642395903,0.02638032443423311,False,,,0.1015265642395903,0.4,0.8215802913512926,0.042405667533705456,0.3413781307811471
25,20,0.0031107990627726,-0.2017295496111871,-0.2007445448831951,0.79391499086447,0.0156364498398104,-1.6447745341454294,1.118033988749895,1.373539701388967,-0.331124340588225,-1.420996400147008,-0.313381092769137,0.4460492716217685,1.058762483368768,-0.4548588261473418,-0.518484402342156,0.1475941402558451,-0.2512579457636296,-0.6507818052382504,-0.5190465884992735,0.0,0.0,0.0,0.0,-0.2033001727397852,-0.3369633431543088,-0.3706274323749431,-0.3779644730092272,-0.7508058875955863,1.16863162454924,-1.16863162454924,-0.408248290463863,-0.7250102411641544,1.0834726777719228,-0.4472135954999578,1.0641602595597024,0.10133174343498758,0.026308160235200113,False,,,0.10133174343498758,0.4,0.8215802913512926,0.0,0.33072800869657004
25,21,0.0024511854526117,-0.2017016461530058,-0.2007316498331578,1.689668640731703,0.5165066523798986,-1.6447745341454294,1.118033988749895,1.373539701388967,-0.331124340588225,-1.420996400147008,-0.313381092769137,0.4460492716217685,1.058762483368768,-0.4548588261473418,-1.66803260398653,0.4448315759359321,-0.3278585212010821,-1.0116114958682618,-0.5087634600340518,0.0,0.0,0.0,0.0,-0.2034055378817837,-0.1490778302610726,-0.1862100946845164,-0.3779644730092272,-0.7508058875955863,1.4146593349806589,-1.4146593349806589,-0.408248290463863,-0.7250102411641544,1.2279357014748458,-0.4472135954999578,1.0641602595597024,0.09980522411966525,0.026465459585171137,False,,,0.09980522411966525,0.4,0.8215802913512926,0.0,0.33034637886773943
25,22,0.002059819859073,-0.2017913529105975,-0.201126092369154,0.3460381659308536,0.0300183414541195,-1.6447745341454294,1.118033988749895,1.373539701388967,-0.331124340588225,-1.420996400147008,-0.313381092769137,0.4460492716217685,1.058762483368768,-0.4548588261473418,-0.0815914283621891,0.6083170643175213,-0.023359563987359,-0.3110277667264546,-0.6731513137062016,0.0,0.0,0.0,0.0,-0.2030667997515322,-0.3662008457997384,-0.3993252405005266,-0.3779644730092272,-0.7508058875955863,1.6606870454120777,-1.6606870454120777,-0.408248290463863,-0.7250102411641544,1.3723987251777687,-0.4472135954999578,1.0641602595597024,0.09795880858969827,0.026340234824389172,False,,,0.09795880858969827,0.4,0.8215802913512926,0.0,0.3298847749852477
25,23,0.0019113612016115,-0.2017915690785669,-0.2012234904802955,0.79391499086447,0.2306692322623389,-1.6447745341454294,1.118033988749895,1.373539701388967,-0.331124340588225,-1.420996400147008,-0.313381092769137,0.4460492716217685,1.058762483368768,-0.4548588261473418,-1.4782817484306463,0.3872458642961435,-0.2832766309302601,-0.4190272690016035,-0.5604002875056447,0.0,0.0,0.0,0.0,-0.2030659834882346,-0.2720667827835199,-0.3069287964101382,-0.3779644730092272,-0.7508058875955863,1.9067147558434967,-1.9067147558434967,-0.408248290463863,-0.7250102411641544,1.516861748880692,-0.4472135954999578,1.0641602595597024,0.09731928793417069,0.026362333086162565,False,,,0.09731928793417069,0.4,0.8215802913512926,0.0,0.3297248948213658
25,24,0.0026295186895005,-0.2018131678292228,-0.2010896485251632,0.79391499086447,0.0955095452970203,-1.6447745341454294,1.118033988749895,1.373539701388967,-0.331124340588225,-1.420996400147008,-0.313381092769137,0.4460492716217685,1.058762483368768,-0.4548588261473418,-0.3259818351907346,0.4456753217211207,-0.2184317819643129,-0.3403264155359584,-0.6112777735324376,0.0,0.0,0.0,0.0,-0.2029844253023258,-0.3309753311356302,-0.364749952959218,-0.3779644730092272,-0.7508058875955863,2.1527424662749155,-2.1527424662749155,-0.408248290463863,-0.7250102411641544,1.6613247725836149,-0.4472135954999578,1.0641602595597024,0.002958028688641312,0.026399670703319944,False,,,0.002958028688641312,0.4,0.8215802913512926,0.0,0.3061345800099835
26,1,0.0020047759736183,-0.2016484905948892,-0.2028924952362883,0.3460381659308536,-0.4645688356592479,0.9122357483337862,-1.118033988749895,-0.4850584519619434,-0.331124340588225,1.4209964001470166,1.7157614829110486,1.764961998489199,-1.1271543790448286,0.871812750115739,-1.0143831666289869,-0.1215317863194486,2.4119963984560537,2.6156893361729163,-0.545178899825297,0.0,0.0,0.0,0.0,-0.2002360812487442,-0.5264005739853995,-0.5565678448705476,-0.3779644730092272,-0.7508058875955863,-0.7995900589021115,0.7995900589021115,-0.408248290463863,-0.7250102411641544,-1.661324772583615,-0.4472135954999578,-1.1389071909150976,0.10279568883436435,0.02661877251632004,False,,,0.10279568883436435,0.38510570066648553,0.25,0.75,0.3719753473752125
26,2,-0.0154823145596464,-0.2013709373284367,-0.1967401570864342,0.3460381659308536,-0.371795955281317,0.9122357483337862,-1.118033988749895,-0.4850584519619434,-0.331124340588225,1.4209964001470166,1.7157614829110486,1.764961998489199,-1.1271543790448286,0.871812750115739,-0.3897730085791404,-0.4594268311176459,2.4119963984560537,0.9224862845582464,-0.3578905267593403,0.0,0.0,0.0,0.0,-0.2012841391325348,-0.5010318312923666,-0.53166738332905,-0.3779644730092272,-0.7508058875955863,-0.7995900589021115,0.7995900589021115,-0.408248290463863,-0.7250102411641544,-1.516861748880692,-0.4472135954999578,-1.1389071909150976,0.09725439970455035,0.02640382790795109,False,,,0.09725439970455035,0.38510570066648553,0.25,0.7228701995953862,0.36380757499160554
26,3,-0.010411682577078,-0.2012543451397647,-0.195563361178713,0.79391499086447,-0.5259660612319308,0.9122357483337862,-1.118033988749895,-0.4850584519619434,-0.331124340588225,1.4209964001470166,1.7157614829110486,1.764961998489199,-1.1271543790448286,0.871812750115739,-1.2094416544475488,-0.4211945135008085,2.4119963984560537,0.2093280481696234,-0.4345392459248078,0.0,0.0,0.0,0.0,-0.2017243982730156,-0.5636015310154187,-0.5930821101237206,-0.3779644730092272,-0.6009287211864637,-0.7995900589021115,0.7995900589021115,-0.408248290463863,-0.7250102411641544,-1.3723987251777692,-0.4472135954999578,-1.1389071909150976,0.0996104135034715,0.026491679096598896,False,,,0.0996104135034715,0.38510570066648553,0.25,0.4732648168593682,0.3019952327573313
26,4,-0.0087361226643322,-0.2011190932697714,-0.1942507503604723,0.3460381659308536,-0.333477460822266,0.9122357483337862,-1.118033988749895,-0.4850584519619434,-0.331124340588225,1.4209964001470166,1.7157614829110486,1.764961998489199,-1.1271543790448286,0.871812750115739,-1.1291953113999926,-0.1827702681012422,-0.8734460289200384,-0.6158466093292577,-0.4709085431951426,0.0,0.0,0.0,0.0,-0.2022351174962324,-0.4614777243652664,-0.492843404929165,-0.3779644730092272,-0.7508058875955863,-0.7995900589021115,0.7995900589021115,-0.408248290463863,-0.7250102411641544,-1.2279357014748462,-0.4472135954999578,-1.1389071909150976,0.09984758211322747,0.026390036645524025,False,,,0.09984758211322747,0.38510570066648553,0.25,0.0,0.18373832069492824
26,5,-0.0046675643180581,-0.2012448991984993,-0.1949489117392512,0.3460381659308536,-0.3311624082495416,0.9122357483337862,-1.118033988749895,-0.4850584519619434,-0.331124340588225,1.4209964001470166,1.7157614829110486,1.764961998489199,-1.1271543790448286,0.871812750115739,-0.8091076479955117,-0.4321373227377171,-0.8308969821322789,0.1426862137309924,-0.3336630497477155,0.0,0.0,0.0,0.0,-0.2017600667172733,-0.4544352937270931,-0.4859309703877141,-0.3779644730092272,-0.7508058875955863,-0.7995900589021115,0.7995900589021115,-0.408248290463863,-0.7250102411641544,-1.0834726777719228,-0.4472135954999578,-1.1389071909150976,0.09932458554831175,0.026130462791627045,False,,,0.09932458554831175,0.38510570066648553,0.25,0.049940174805847344,0.19609261525516117
26,6,-0.0027871764812247,-0.2012187622802215,-0.1954215857290635,0.3460381659308536,-0.3520595781717153,0.9122357483337862,-1.118033988749895,-0.4850584519619434,-0.331124340588225,1.4209964001470166,1.7157614829110486,1.764961998489199,-1.1271543790448286,0.871812750115739,0.4244336466896691,-0.1994021250836393,-0.604552460560396,-0.0202411263759726,-0.450743191424412,0.0,0.0,0.0,0.0,-0.2018587612979899,-0.4449775224868864,-0.4766477799716704,-0.3779644730092272,-0.7508058875955863,-0.7995900589021115,0.7995900589021115,-0.408248290463863,-0.7250102411641544,-0.939009654069,-0.4472135954999578,-1.1389071909150976,0.09607246191428437,0.026454837967047593,False,0.05,0.05,0.09607246191428437,0.38510570066648553,0.25,0.10610841167241727,0.20932164356329677
26,7,-0.0002834797888247,-0.2011128931705403,-0.199000759407421,0.3460381659308536,-0.3495638041108769,0.9122357483337862,-1.118033988749895,-0.4850584519619434,-0.331124340588225,1.4209964001470166,1.7157614829110486,1.764961998489199,-1.1271543790448286,0.871812750115739,-0.8624802086985695,-0.2804777444519414,0.9710380262612158,-0.6653824048514386,-0.428598778169896,0.0,0.0,0.0,0.0,-0.2022585294450898,-0.4673174997705395,-0.4985753840283867,-0.3779644730092272,-0.7508058875955863,-0.7995900589021115,0.7995900589021115,-0.408248290463863,-0.7250102411641544,-0.7945466303660769,-0.4472135954999578,-1.1389071909150976,0.09737668797688634,0.026551701609357298,False,,,0.09737668797688634,0.38510570066648553,0.25,0.38841521050448635,0.28022439978696456
26,8,0.0017708269032857,-0.2012373000772464,-0.2002810516266041,0.79391499086447,-0.4235056962099254,0.9122357483337862,-1.118033988749895,-0.4850584519619434,-0.331124340588225,1.4209964001470166,1.7157614829110486,1.764961998489199,-1.1271543790448286,0.871812750115739,-0.6196122769794686,-0.1087261744113196,-0.3038072867496617,0.0828580769913335,-0.5797679692872353,0.0,0.0,0.0,0.0,-0.2017887614577127,-0.5671421909403209,-0.5965574130726432,-0.3779644730092272,-0.5696743445630004,-0.7995900589021115,0.7995900589021115,-0.408248290463863,-0.7250102411641544,-0.6500836066631539,-0.4472135954999578,-1.1389071909150976,0.1090428107429362,0.0255967800464471,False,,,0.1090428107429362,0.38510570066648553,0.25,0.029000326946966724,0.19328720958909712
26,9,0.0024807987520112,-0.2011977142496682,-0.2005260073726283,0.79391499086447,-0.4991117557350027,0.9122357483337862,-1.118033988749895,-0.4850584519619434,-0.331124340588225,1.4209964001470166,1.7157614829110486,1.764961998489199,-1.1271543790448286,0.871812750115739,-0.8505613102929747,0.0073546206487665,-0.3634980341343998,-0.1608670801417877,-0.6476399003589057,0.0,0.0,0.0,0.0,-0.2019382399315568,-0.60540828473884,-0.6341171537544329,-0.3779644730092272,-0.2318890353679351,-0.7995900589021115,0.7995900589021115,-0.408248290463863,-0.7250102411641544,-0.5056205829602308,-0.4472135954999578,-1.1389071909150976,0.09749262759466382,0.025983141421377337,False,,,0.09749262759466382,0.38510570066648553,0.25,0.0,0.18314958206528734
26,10,0.0009800432270692,-0.201118795480918,-0.2005231454123111,0.3460381659308536,-0.3029075499685345,0.9122357483337862,-1.118033988749895,-0.4850584519619434,-0.331124340588225,1.4209964001470166,1.7157614829110486,1.764961998489199,-1.1271543790448286,0.871812750115739,-1.223362017859254,-0.477532628994691,-0.4965304130649048,-0.6416192881081333,-0.5418624670365803,0.0,0.0,0.0,0.0,-0.2022362419649136,-0.7191575279318821,-0.5333674839048059,2.6457513110645903,0.7722067441744597,-0.7995900589021115,0.7995900589021115,-0.408248290463863,-0.7250102411641544,-0.3611575592573077,-0.4472135954999578,-1.1389071909150976,0.09947202337791738,0.026442196504505817,False,,,0.09947202337791738,0.38510570066648553,0.25,0.0,0.18364443101110073
26,11,0.0011475597074402,-0.2011278985329598,-0.200652092117676,0.79391499086447,-0.3381532313603421,0.9122357483337862,-1.118033988749895,-0.4850584519619434,-0.331124340588225,1.4209964001470166,1.7157614829110486,1.764961998489199,-1.1271543790448286,0.871812750115739,-1.3133810467910476,-0.1304080006368865,0.167855663105065,-0.5906865136011502,-0.7070681847195615,0.0,0.0,0.0,0.0,-0.2022018682910565,-0.7525475073136783,-0.5743345268682786,2.6457513110645903,1.0669492535322698,-0.7995900589021115,0.7995900589021115,-0.408248290463863,-0.7250102411641544,-0.2166945355543847,-0.4472135954999578,-1.1389071909150976,0.09623947098543631,0.02610137414114751,False,,,0.09623947098543631,0.38510570066648553,0.25,0.067142265242026,0.19962185922348696
26,12,0.0019084470591329,-0.2011836153938853,-0.2008410681463781,0.79391499086447,-0.3688141343342076,0.9122357483337862,-1.118033988749895,-0.4850584519619434,-0.331124340588225,1.4209964001470166,1.7157614829110486,1.764961998489199,-1.1271543790448286,0.871812750115739,-0.8392398680657382,-0.3203206597629757,-0.1478825417773612,-0.2589215205235482,-0.6517360382150983,0.0,0.0,0.0,0.0,-0.2019914780618245,-0.7672449610583418,-0.5923672190160179,2.6457513110645903,1.196687710341088,-0.7995900589021115,0.7995900589021115,-0.408248290463863,-0.7250102411641544,-0.0722315118514616,-0.4472135954999578,-1.1389071909150976,0.10266457992358757,0.026327192608211935,False,0.2,0.2,0.1110336022747555,0.44972425443477615,0.2623287671232877,0.4319371727748691,0.3137559491519221
26,13,0.0010708341609529,-0.2011401747949826,-0.2010175772652032,-0.5497154839363793,0.4284983935162565,0.9122357483337862,-1.118033988749895,-0.4850584519619434,-0.331124340588225,1.4209964001470166,1.7157614829110486,1.764961998489199,-1.1271543790448286,0.871812750115739,0.4951271350968123,-0.1214785115237222,-0.5164130239943971,-0.5247782188593606,-0.2741606088112742,0.0,0.0,0.0,0.0,-0.2021555123848159,-0.1542472565658319,-0.1912840986448555,-0.3779644730092272,-0.7508058875955863,-0.5535623484706925,0.5535623484706925,-0.408248290463863,-0.7250102411641544,0.0722315118514612,-0.4472135954999578,-1.1389071909150976,0.09725570729221124,0.026664136029913695,False,,,0.09725570729221124,0.38510570066648553,0.25,0.12378178377420307,0.21403579793322497
26,14,0.0022841412407338,-0.2012047816825333,-0.2013697552485585,-0.9975923088699956,1.3393426404307085,0.9122357483337862,-1.118033988749895,-0.4850584519619434,-0.331124340588225,1.4209964001470166,1.7157614829110486,1.764961998489199,0.7910167686474099,0.871812750115739,0.3773013998647964,-0.3199023106538856,-0.6742293049982323,-0.140123556881736,0.1907788149381494,0.0,0.0,0.0,0.0,-0.2019115528785558,0.270085123659644,0.22521553803278,-0.3779644730092272,-0.7508058875955863,-0.3075346380392736,0.3075346380392736,-0.408248290463863,-0.7250102411641544,0.2166945355543845,2.2360679774997894,0.5133933969410024,0.0989720586315801,0.0266712009683542,False,,,0.0989720586315801,0.38510570066648553,0.5268558690265934,0.0943253499661991,0.27631474457271454
26,15,0.002054233480479,-0.2010868486014782,-0.201134154966479,-1.445469133803612,1.1887487552817126,0.9122357483337862,-1.118033988749895,-0.4850584519619434,3.020013564160076,1.4209964001470166,1.7157614829110486,1.764961998489199,-0.112825273463833,0.871812750115739,1.6017386824582642,-0.2717203415858397,-0.4554435067675835,-0.8534645517648807,0.0702790943578489,0.0,0.0,0.0,0.0,-0.2023568753095949,0.169571793036712,0.126557581118285,-0.3779644730092272,-0.7508058875955863,-0.0615069276078547,0.0615069276078547,-0.408248290463863,-0.7250102411641544,0.3611575592573074,2.2360679774997894,-0.0373734656776976,0.09985535950380003,0.02665432773563528,False,,,0.09985535950380003,0.6351057006664855,0.25,0.25,0.3087402650425714
26,16,0.0020898778959151,-0.2011824923323752,-0.2011146825232827,-0.9975923088699956,1.2307731395991817,0.9122357483337862,-1.118033988749895,-0.4850584519619434,-0.331124340588225,1.4209964001470166,1.7157614829110486,1.764961998489199,-1.1271543790448286,0.871812750115739,0.6686802229576186,0.4846866680614075,0.0007003139132659,-0.2827405716250988,-0.3760738161759402,0.0,0.0,0.0,0.0,-0.2019957188098607,0.1137327265227255,0.0717492468989268,-0.3779644730092272,-0.7508058875955863,0.1845207828235641,-0.1845207828235641,-0.408248290463863,-0.7250102411641544,0.5056205829602304,2.2360679774997894,-1.1389071909150976,0.10027336793247499,0.026651734948008387,False,,,0.10027336793247499,0.38510570066648553,0.25,0.167450181304711,0.22570731247591788
26,17,0.0022208164941062,-0.2012058142950022,-0.2010296939758409,-1.445469133803612,1.303401647251171,0.9122357483337862,-1.118033988749895,-0.4850584519619434,3.020013564160076,1.4209964001470166,1.7157614829110486,1.764961998489199,-0.1451838266758329,0.871812750115739,0.1168390143292999,0.8209939327341678,-0.1898432216914325,-0.147011756100489,-0.4651211320620542,0.0,0.0,0.0,0.0,-0.2019076536715573,0.1576933321567133,0.1148983845276783,-0.3779644730092272,-0.7508058875955863,0.4305484932549831,-0.4305484932549831,-0.408248290463863,-0.7250102411641544,0.6500836066631537,2.2360679774997894,-0.0373734656776976,0.09951959175793329,0.026667843528824196,False,,,0.09951959175793329,0.6351057006664855,0.25,0.029209753582324974,0.25345876150168595
26,18,0.0018995332622166,-0.201108733672398,-0.2008431870711076,-0.9975923088699956,1.2319037060109437,0.9122357483337862,-1.118033988749895,-0.4850584519619434,-0.331124340588225,1.4209964001470166,1.7157614829110486,1.764961998489199,-1.1271543790448286,0.871812750115739,0.6503771013851403,0.2982205891985641,-0.4587188681023323,-0.7335485710761355,-0.3142376121758429,0.0,0.0,0.0,0.0,-0.2022742359610908,0.0917380350982885,0.0501605550761461,-0.3779644730092272,-0.7508058875955863,0.676576203686402,-0.676576203686402,-0.408248290463863,-0.7250102411641544,0.7945466303660766,-0.4472135954999578,-1.1389071909150976,0.1003800384696758,0.026381172925826143,False,0.1,0.26,0.11438363996542435,0.36635213682924594,0.40454682893642757,0.4048937278706454,0.32254408340043583
26,19,0.0019754012266997,-0.2011837226171453,-0.2008188839499811,-0.5497154839363793,1.08876038938609,0.9122357483337862,-1.118033988749895,-0.4850584519619434,-0.331124340588225,1.4209964001470166,1.7157614829110486,1.764961998489199,-1.1271543790448286,0.871812750115739,0.4311512495603702,0.6355782297215808,-0.3264680094981816,-0.2880838478120025,-0.4996788838634225,0.0,0.0,0.0,0.0,-0.201991073180324,-0.0214401466984894,-0.0609284727589335,-0.3779644730092272,-0.7508058875955863,0.922603914117821,-0.922603914117821,-0.408248290463863,-0.7250102411641544,0.9390096540689996,-0.4472135954999578,-1.1389071909150976,0.0981715015748188,0.025734504505163056,False,,,0.0981715015748188,0.38510570066648553,0.25,0.10778781239009255,0.21026625365784923
26,20,0.0021506000029709,-0.20112172808101,-0.2009281719010646,-0.5497154839363793,0.9346155496761328,0.9122357483337862,-1.118033988749895,-0.4850584519619434,-0.331124340588225,1.4209964001470166,1.7157614829110486,1.764961998489199,-1.1271543790448286,0.871812750115739,0.0696392628309878,0.6618785646621009,-0.1992135166999984,-0.6634838778171401,-0.5176341478999303,0.0,0.0,0.0,0.0,-0.2022251682899909,-0.0407929881916458,-0.0799240805093867,-0.3779644730092272,-0.7508058875955863,1.16863162454924,-1.16863162454924,-0.408248290463863,-0.7250102411641544,1.0834726777719228,-0.4472135954999578,-1.1389071909150976,0.10310559209373835,0.025362196902222776,False,,,0.10310559209373835,0.38510570066648553,0.25,0.01740981570774695,0.1889052771169927
26,21,0.0008019553581029,-0.2010843089734321,-0.2009019071725019,-0.9975923088699956,1.191432793363177,0.9122357483337862,-1.118033988749895,-0.4850584519619434,-0.331124340588225,1.4209964001470166,1.7157614829110486,1.764961998489199,-1.1271543790448286,0.871812750115739,-0.0056034894536689,0.6549694830180859,-0.2105007882432019,-0.8912556573071063,-0.503160581737921,0.0,0.0,0.0,0.0,-0.2023664650983572,-0.0168231302463658,-0.0563966817279912,-0.3779644730092272,-0.7508058875955863,1.4146593349806589,-1.4146593349806589,-0.408248290463863,-0.7250102411641544,1.2279357014748458,-0.4472135954999578,-1.1389071909150976,0.09848319357355409,0.025646053399114327,False,,,0.09848319357355409,0.38510570066648553,0.25,0.0,0.1833972235600099
26,22,0.0010951724860314,-0.2011318081036806,-0.2010185359084108,-0.9975923088699956,1.2338613275583776,0.9122357483337862,-1.118033988749895,-0.4850584519619434,-0.331124340588225,1.4209964001470166,1.7157614829110486,1.764961998489199,-1.1271543790448286,0.871812750115739,-0.3407179451441919,0.2153156495030398,-0.4451603188733108,-0.6110677776405415,-0.2994328909480079,0.0,0.0,0.0,0.0,-0.2021871055160816,0.0561752265740643,0.0152541997758388,-0.3779644730092272,-0.7508058875955863,1.6606870454120777,-1.6606870454120777,-0.408248290463863,-0.7250102411641544,1.3723987251777687,-0.4472135954999578,-1.1389071909150976,0.10101892483624952,0.026144651357677857,False,,,0.10101892483624952,0.38510570066648553,0.25,0.0,0.18403115637568376
26,23,0.0013291529500834,-0.2010723022777214,-0.2012911505536022,-0.9975923088699956,1.4625687331804655,0.9122357483337862,-1.118033988749895,-0.4850584519619434,-0.331124340588225,1.4209964001470166,1.7157614829110486,1.764961998489199,-0.5468453254643298,0.871812750115739,0.0416966611980478,0.4700475241594114,-0.3793163884274744,-0.9704249295109902,-0.3531061169502082,0.0,0.0,0.0,0.0,-0.2024118031059357,0.1451445019752205,0.1025811929700979,-0.3779644730092272,-0.7508058875955863,1.9067147558434967,-1.9067147558434967,-0.408248290463863,-0.7250102411641544,1.516861748880692,-0.4472135954999578,-0.5881403282963976,0.09748083006050554,0.0263115746828686,False,,,0.09748083006050554,0.38510570066648553,0.25,0.01042416529951195,0.18575267400662576
26,24,0.0009088620182416,-0.2010821186537422,-0.2011885134330145,-0.9975923088699956,1.136525438787536,0.9122357483337862,-1.118033988749895,-0.4850584519619434,-0.331124340588225,1.4209964001470166,1.7157614829110486,1.764961998489199,-1.1271543790448286,0.871812750115739,0.4681479197584953,0.548966240800351,-0.2368712986531274,-0.9155062356127934,-0.455899278545426,0.0,0.0,0.0,0.0,-0.2023747358776869,0.0090667637695304,-0.0309846887862469,-0.3779644730092272,-0.7508058875955863,2.1527424662749155,-2.1527424662749155,-0.408248290463863,-0.7250102411641544,1.6613247725836149,-0.4472135954999578,-1.1389071909150976,0.0018558669741596812,0.026485457102371997,False,,,0.0018558669741596812,0.38510570066648553,0.25,0.11703697993962382,0.18849963689506727
27,1,0.0020047759736183,-0.2017013597530169,-0.2028924952362883,0.3460381659308536,-1.0448869188268377,0.8832937411969858,1.118033988749895,-1.400487393164631,-0.331124340588225,0.4736654667156748,0.947977805626654,-0.6188991429977113,-1.1271543790448286,-1.1181946142788823,0.0720333374626868,-1.0121799813091947,2.4119963984560537,3.688616800527147,-0.3570767072663159,0.0,0.0,0.0,0.0,-0.2017187185633069,-0.8795990987369788,-0.9032466845950624,-0.3779644730092272,-0.7508058875955863,-0.7995900589021115,0.7995900589021115,-0.408248290463863,-0.5837104445982053,-1.661324772583615,-0.4472135954999578,-1.1389071909150976,0.09555705689848248,0.02661719188212935,False,,,0.09555705689848248,0.04668250352120569,0.65,0.7680083343656717,0.39006197369634
27,2,-0.0203939762321,-0.2013458491077593,-0.1950121278622972,0.79391499086447,-1.0807247145131798,0.8832937411969858,1.118033988749895,-1.400487393164631,-0.331124340588225,0.4736654667156748,0.947977805626654,-0.6188991429977113,-1.1271543790448286,-1.1181946142788823,-0.597604398155628,-0.782710436677453,2.4119963984560537,0.1192756881428127,-0.5776227778560473,0.0,0.0,0.0,0.0,-0.2030611482140038,-0.920471232636591,-0.943364360531984,-0.3779644730092272,-0.7508058875955863,-0.7995900589021115,0.7995900589021115,-0.408248290463863,-0.5837104445982053,-1.516861748880692,-0.4472135954999578,-1.1389071909150976,0.10446756673001395,0.02603681944330887,False,,,0.10446756673001395,0.04668250352120569,0.65,0.44174649084998446,0.31072414027530104
27,3,-0.0112346506104011,-0.2012810901733102,-0.1947018352596455,0.79391499086447,-1.1769121147644142,0.8832937411969858,1.118033988749895,-1.400487393164631,-0.331124340588225,0.4736654667156748,0.947977805626654,-0.6188991429977113,-1.1271543790448286,-1.1181946142788823,-0.2931545925043594,-0.951475571403699,2.4119963984560537,-0.5849530427423154,-0.5136332562331903,0.0,0.0,0.0,0.0,-0.2033056818585279,-0.9598511769055492,-0.9820173911390082,-0.3779644730092272,-0.5059881838693585,-0.7995900589021115,0.7995900589021115,-0.408248290463863,-0.5837104445982053,-1.3723987251777692,-0.4472135954999578,-1.1389071909150976,0.10072542318965777,0.02624216538732447,False,,,0.10072542318965777,0.04668250352120569,0.65,0.4,0.29935198167771593
27,4,-0.0053509338129309,-0.2013337825509068,-0.1954970814178014,0.79391499086447,-1.0509773281670964,0.8832937411969858,1.118033988749895,-1.400487393164631,-0.331124340588225,0.4736654667156748,0.947977805626654,-0.6188991429977113,-1.1271543790448286,-1.1181946142788823,-1.510932917559366,-0.8259095946985642,-0.8635721200092316,-0.1745361760272137,-0.5190972838352576,0.0,0.0,0.0,0.0,-0.2031067122608663,-0.8924661385468526,-0.9158762119553868,-0.3779644730092272,-0.7508058875955863,-0.7995900589021115,0.7995900589021115,-0.408248290463863,-0.5837104445982053,-1.2279357014748462,-0.4472135954999578,-1.1389071909150976,0.10543633641284383,0.026181910142978132,False,,,0.10543633641284383,0.04668250352120569,0.65,0.0,0.20052970998351238
27,5,-0.0031817667198467,-0.2012957917237732,-0.1959454447840134,0.79391499086447,-1.1501588024961955,0.8832937411969858,1.118033988749895,-1.400487393164631,-0.331124340588225,0.4736654667156748,0.947977805626654,-0.6188991429977113,-1.1271543790448286,-1.1181946142788823,-0.3099954049513923,-0.8705511688664954,-0.771031132771664,-0.6067212006619683,-0.5560581518863076,0.0,0.0,0.0,0.0,-0.2032501679167769,-0.9488630127092949,-0.9712320572621486,-0.3779644730092272,-0.6628210938826242,-0.7995900589021115,0.7995900589021115,-0.408248290463863,-0.5837104445982053,-1.0834726777719228,-0.4472135954999578,-1.1389071909150976,0.09832845650585786,0.02602333204061989,False,,,0.09832845650585786,0.04668250352120569,0.65,0.0,0.1987527400067659
27,6,-0.0014376810727891,-0.2013383874881331,-0.1964901422607891,0.79391499086447,-1.2081274776021098,0.8832937411969858,1.118033988749895,-1.400487393164631,-0.331124340588225,0.4736654667156748,0.947977805626654,-0.6188991429977113,-1.1271543790448286,-1.1181946142788823,-1.2042735917389271,-1.0665993428260805,-0.619368134919591,-0.299771000960793,-0.4361010949505036,0.0,0.0,0.0,0.0,-0.2030893237400028,-0.9719918652652564,-0.9939339747571316,-0.3779644730092272,-0.3327054178850251,-0.7995900589021115,0.7995900589021115,-0.408248290463863,-0.5837104445982053,-0.939009654069,-0.4472135954999578,-1.1389071909150976,0.09253161320030473,0.025786268407654855,False,0.1,0.05,0.09253161320030473,0.04668250352120569,0.65,0.0,0.19730352918037763
27,7,0.0020823572098795,-0.2013276884129949,-0.2018442918368425,0.79391499086447,-1.2071842901076302,0.8832937411969858,1.118033988749895,-1.400487393164631,-0.331124340588225,0.4736654667156748,0.947977805626654,-0.6188991429977113,-1.1271543790448286,-1.1181946142788823,-1.0132386748031823,-0.8492096597312834,1.3290963070214412,-0.4747251376192201,-0.6112095206446707,0.0,0.0,0.0,0.0,-0.2031297240933877,-0.9842422248819056,-1.005958205212497,-0.3779644730092272,-0.1578573256037912,-0.7995900589021115,0.7995900589021115,-0.408248290463863,-0.5837104445982053,-0.7945466303660769,-0.4472135954999578,-1.1389071909150976,0.11000038345761703,0.02643614695008032,False,,,0.11000038345761703,0.04668250352120569,0.65,0.4,0.30167072174470566
27,8,0.0025699157901233,-0.2013390163823545,-0.2018936471642395,0.3460381659308536,-0.9572906215694356,0.8832937411969858,1.118033988749895,-1.400487393164631,-0.331124340588225,0.4736654667156748,0.947977805626654,-0.6188991429977113,-1.1271543790448286,-1.1181946142788823,-0.1394094256797812,-0.9201515117552836,-0.5101084723766481,-0.4520756403277331,-0.426829472611433,0.0,0.0,0.0,0.0,-0.2030869489974706,-0.8723064071878505,-0.8960886087041772,-0.3779644730092272,-0.7508058875955863,-0.7995900589021115,0.7995900589021115,-0.408248290463863,-0.5837104445982053,-0.6500836066631539,-0.4472135954999578,-1.1389071909150976,0.11441199915267461,0.026272779829447254,False,,,0.11441199915267461,0.04668250352120569,0.65,0.0,0.2027736256684701
27,9,0.0021999530219036,-0.2013316723782323,-0.2022366326491914,0.79391499086447,-1.1363094080811125,0.8832937411969858,1.118033988749895,-1.400487393164631,-0.331124340588225,0.4736654667156748,0.947977805626654,-0.6188991429977113,-1.1271543790448286,-1.1181946142788823,-1.486483397208784,-1.0386826707483066,-0.5328079088636511,-0.5906430245076946,-0.4600293369423366,0.0,0.0,0.0,0.0,-0.2031146804002288,-0.9715470038759616,-0.9934973250559828,-0.3779644730092272,-0.3390548776300302,-0.7995900589021115,0.7995900589021115,-0.408248290463863,-0.5837104445982053,-0.5056205829602308,-0.4472135954999578,-1.1389071909150976,0.1042614162501678,0.02633767704090909,False,,,0.1042614162501678,0.04668250352120569,0.65,0.0,0.2002359799428434
27,10,0.0026175193261811,-0.201365632983324,-0.2019795295052343,1.2417918157980865,-1.202765082008433,0.8832937411969858,1.118033988749895,-1.400487393164631,-0.331124340588225,0.4736654667156748,0.947977805626654,-0.6188991429977113,-1.1271543790448286,-1.1181946142788823,-0.510189759186981,-1.08432561367407,-0.4061470789788047,-0.3752379626089103,-0.6493925810130166,0.0,0.0,0.0,0.0,-0.2029864431059626,-1.1289854351940858,-1.036196110795013,2.6457513110645903,1.908047267054084,-0.7995900589021115,0.7995900589021115,-0.408248290463863,-0.5837104445982053,-0.3611575592573077,-0.4472135954999578,-1.1389071909150976,0.1070538559054185,0.026474241225711754,False,,,0.1070538559054185,0.04668250352120569,0.65,0.0,0.20093408985665606
27,11,0.0018517146370431,-0.2013000839324201,-0.2020358629423704,0.79391499086447,-1.0901017583509032,0.8832937411969858,1.118033988749895,-1.400487393164631,-0.331124340588225,0.4736654667156748,0.947977805626654,-0.6188991429977113,-1.1271543790448286,-1.1181946142788823,-0.7971971010792476,-0.8654526521915891,0.4173860588022326,-0.9967274007437904,-0.7249464082669216,0.0,0.0,0.0,0.0,-0.2032339602779018,-1.0880229372472807,-0.9859381458502124,2.6457513110645903,1.3233938490973756,-0.7995900589021115,0.7995900589021115,-0.408248290463863,-0.5837104445982053,-0.2166945355543847,-0.4472135954999578,-1.1389071909150976,0.09826047416684083,0.026357474524639272,False,,,0.09826047416684083,0.04668250352120569,0.65,0.16695442352089307,0.2404743503022349
27,12,0.0017163749539713,-0.2013122134668343,-0.2019752974004003,0.79391499086447,-1.1381581077524476,0.8832937411969858,1.118033988749895,-1.400487393164631,-0.331124340588225,0.4736654667156748,0.947977805626654,-0.6188991429977113,-1.1271543790448286,-1.1181946142788823,-0.3668072145744362,-1.7693379015840498,-0.8121970222112948,-0.9612849743770387,1.1402521637500973,0.0,0.0,0.0,0.0,-0.2031881584239658,-1.1100541798359336,-1.0129688562123784,2.6457513110645903,1.637843453660467,-0.7995900589021115,0.7995900589021115,-0.408248290463863,-0.5837104445982053,-0.0722315118514616,-0.4472135954999578,-1.1389071909150976,0.09887016749286452,0.02663311852340115,False,0.1,0.15,0.09951543772198357,0.14458245132153702,0.4769230769230769,0.23493975903614456,0.2389901812506855
27,13,0.0017017846644111,-0.201330138215454,-0.2019758885317094,0.79391499086447,-0.9836366532797692,0.8832937411969858,1.118033988749895,-1.400487393164631,-0.331124340588225,0.4736654667156748,0.947977805626654,-0.6188991429977113,-1.1271543790448286,-1.1181946142788823,-0.8614985172472029,-1.7093247551530086,-0.8164516537150316,-0.8798438428106289,1.490609403348465,0.0,0.0,0.0,0.0,-0.2031204734914626,-0.921754965027914,-0.9446243965308704,-0.3779644730092272,-0.7508058875955863,-0.5535623484706925,0.5535623484706925,-0.408248290463863,-0.5837104445982053,0.0722315118514612,-0.4472135954999578,-1.1389071909150976,0.09543720528183378,0.026639911788935433,False,,,0.09543720528183378,0.04668250352120569,0.65,0.0,0.19802992720075988
27,14,0.0017838491629948,-0.2013259976419389,-0.2019937370589627,0.3460381659308536,-0.8616813517711929,0.8832937411969858,1.118033988749895,-1.400487393164631,-0.331124340588225,0.4736654667156748,0.947977805626654,-0.6188991429977113,-1.1271543790448286,-1.1181946142788823,-1.0170364743760878,-0.9203548883879464,-0.1793765733271179,-0.9771414054788052,-0.439086428753795,0.0,0.0,0.0,0.0,-0.2031361085469292,-0.882254844009633,-0.905853407514914,-0.3779644730092272,-0.7508058875955863,-0.3075346380392736,0.3075346380392736,-0.408248290463863,-0.5837104445982053,0.2166945355543845,2.2360679774997894,-1.1389071909150976,0.0970216955621321,0.02647756686594918,False,,,0.0970216955621321,0.04668250352120569,0.65,0.0,0.19842604977083447
27,15,0.0024068925578223,-0.2013911762735705,-0.2015024854776697,1.2417918157980865,-1.123995497726993,0.8832937411969858,1.118033988749895,-1.400487393164631,-0.331124340588225,0.4736654667156748,0.947977805626654,-0.6188991429977113,-1.1271543790448286,-1.1181946142788823,-1.498379994170699,-1.0132503723968858,0.4059369010221464,-0.5250255335976098,-0.5560336596205935,0.0,0.0,0.0,0.0,-0.2028899901005161,-1.0264845257021282,-1.0474207561842173,-0.3779644730092272,0.4450625839430138,-0.0615069276078547,0.0615069276078547,-0.408248290463863,-0.5837104445982053,0.3611575592573074,2.2360679774997894,-1.1389071909150976,0.09706181865978197,0.026359079258695628,False,,,0.09706181865978197,0.04668250352120569,0.65,0.16237476040885856,0.23902977064746156
27,16,0.0039656163257136,-0.2014713901296404,-0.2002597092706408,0.79391499086447,-0.9316701426210582,0.8832937411969858,1.118033988749895,-1.400487393164631,-0.331124340588225,0.4736654667156748,0.947977805626654,-0.6188991429977113,-1.1271543790448286,-1.1181946142788823,-1.313970450235104,-0.8881068378508828,-0.2944819484303738,0.031778888725092,-0.5528234746717305,0.0,0.0,0.0,0.0,-0.2025870977392847,-0.9557487047862228,-0.9779906464765534,-0.3779644730092272,-0.5645423362492025,0.1845207828235641,-0.1845207828235641,-0.408248290463863,-0.5837104445982053,0.5056205829602304,2.2360679774997894,-1.1389071909150976,0.10085262134803119,0.02631275049533717,False,,,0.10085262134803119,0.04668250352120569,0.65,0.011122611053782198,0.2021644339807548
27,17,0.0038824663019326,-0.2014230441193733,-0.2003192705293503,1.2417918157980865,-1.0636298839761884,0.8832937411969858,1.118033988749895,-1.400487393164631,-0.331124340588225,0.4736654667156748,0.947977805626654,-0.6188991429977113,-1.1271543790448286,-1.1181946142788823,-1.7984046889453298,-0.9973544518827996,-0.4186198549622734,-0.413134939374968,-0.5567885194082659,0.0,0.0,0.0,0.0,-0.2027696551916177,-1.0183987242505983,-1.0394842103919295,-0.3779644730092272,0.3296547916327043,0.4305484932549831,-0.4305484932549831,-0.408248290463863,-0.5837104445982053,0.6500836066631537,2.2360679774997894,-1.1389071909150976,0.10345559982847793,0.02634503488891914,False,,,0.10345559982847793,0.04668250352120569,0.65,0.0,0.20003452583742093
27,18,0.0042265391488126,-0.2015027127020705,-0.199958326733503,0.79391499086447,-0.971922237378722,0.8832937411969858,1.118033988749895,-1.400487393164631,-0.331124340588225,0.4736654667156748,0.947977805626654,-0.6188991429977113,-1.1271543790448286,-1.1181946142788823,-0.9387346215801764,-1.7842288508948612,-0.8819878025388059,0.123329165053382,1.9754414391194843,0.0,0.0,0.0,0.0,-0.2024688218155476,-0.9837414462350316,-1.0054666704293909,-0.3779644730092272,-0.1650048864755657,0.676576203686402,-0.676576203686402,-0.408248290463863,-0.5837104445982053,0.7945466303660766,-0.4472135954999578,-1.1389071909150976,0.10237042038222288,0.02642299759936775,False,0.3,0.25,0.14777522002942753,0.14458245132153702,0.6368035190615836,0.3057033857602428,0.30871614404319775
27,19,0.0038380599125832,-0.2014724288193966,-0.2002594528253591,0.79391499086447,-0.8367155101750005,0.8832937411969858,1.118033988749895,-1.400487393164631,-0.331124340588225,0.4736654667156748,0.947977805626654,-0.6188991429977113,-1.1271543790448286,-1.1181946142788823,0.0194113205041397,-1.759089325336601,-0.745487761226107,-0.1761431581443856,1.91937798289486,0.0,0.0,0.0,0.0,-0.2025831755840831,-0.935745145089828,-0.9583563321181234,-0.3779644730092272,-0.7508058875955863,0.922603914117821,-0.922603914117821,-0.408248290463863,-0.5837104445982053,0.9390096540689996,-0.4472135954999578,-1.1389071909150976,0.10160951103403837,0.02634783840584667,False,,,0.10160951103403837,0.04668250352120569,0.65,0.004852830126034925,0.20078621117031975
27,20,0.0022238989261219,-0.201398964618782,-0.2010592245891973,0.3460381659308536,-0.7711567348375433,0.8832937411969858,1.118033988749895,-1.400487393164631,-0.331124340588225,0.4736654667156748,0.947977805626654,-0.6188991429977113,-1.1271543790448286,-1.1181946142788823,-0.9886248200079036,-1.7694835880358886,-0.6689963262013016,-0.7865240659518788,2.332438196478356,0.0,0.0,0.0,0.0,-0.2028605808389899,-0.88003986232524,-0.9036793121364112,-0.3779644730092272,-0.7508058875955863,1.16863162454924,-1.16863162454924,-0.408248290463863,-0.5837104445982053,1.0834726777719228,-0.4472135954999578,-1.1389071909150976,0.09966344202747365,0.026503577657686843,False,,,0.09966344202747365,0.04668250352120569,0.65,0.0,0.19908648638716986
27,21,0.001268712588895,-0.2014101155607532,-0.2012155237646584,0.79391499086447,-0.6966009635604449,0.8832937411969858,1.118033988749895,-1.400487393164631,-0.331124340588225,0.4736654667156748,0.947977805626654,-0.6188991429977113,-1.1271543790448286,-1.1181946142788823,-0.9800008947300232,-0.9391351353142688,0.948957101792625,-0.7649434244112158,-0.4324300386739326,0.0,0.0,0.0,0.0,-0.2028184742091743,-0.8888026696267781,-0.9122803669402594,-0.3779644730092272,-0.7508058875955863,1.4146593349806589,-1.4146593349806589,-0.408248290463863,-0.5837104445982053,1.2279357014748458,-0.4472135954999578,-1.1389071909150976,0.09960294171277434,0.026416144667106296,False,,,0.09960294171277434,0.04668250352120569,0.65,0.37958284071705006,0.2939670714877575
27,22,0.0017761889018134,-0.201467898474121,-0.2012316236685902,0.3460381659308536,-0.7120727520451633,0.8832937411969858,1.118033988749895,-1.400487393164631,-0.331124340588225,0.4736654667156748,0.947977805626654,-0.6188991429977113,-1.1271543790448286,-1.1181946142788823,-0.90162360651046,-0.7777930164973754,-0.3519349267228402,-0.4084540098444602,-0.5276939527406432,0.0,0.0,0.0,0.0,-0.202600282441239,-0.8727778633572112,-0.896551362272839,-0.3779644730092272,-0.7508058875955863,1.6606870454120777,-1.6606870454120777,-0.408248290463863,-0.5837104445982053,1.3723987251777687,-0.4472135954999578,-1.1389071909150976,0.10205902444681733,0.026127438087466266,False,,,0.10205902444681733,0.04668250352120569,0.65,0.0,0.19968538199200578
27,23,0.0020589545890307,-0.2015092201419429,-0.2010223314343142,0.79391499086447,-0.7481527520677291,0.8832937411969858,1.118033988749895,-1.400487393164631,-0.331124340588225,0.4736654667156748,0.947977805626654,-0.6188991429977113,-1.1271543790448286,-1.1181946142788823,-1.339534340847402,-0.9942864899253312,-0.5247858938078401,-0.1777566648378583,-0.3981248313298226,0.0,0.0,0.0,0.0,-0.2024442493298811,-0.8980250961349564,-0.9213325568483248,-0.3779644730092272,-0.7508058875955863,1.9067147558434967,-1.9067147558434967,-0.408248290463863,-0.5837104445982053,1.516861748880692,-0.4472135954999578,-1.1389071909150976,0.09671318573391191,0.025977741666151608,False,,,0.09671318573391191,0.04668250352120569,0.65,0.0,0.19834892231377943
27,24,0.0031233610119366,-0.201518997373504,-0.2008867033244314,0.79391499086447,-0.7955477630642653,0.8832937411969858,1.118033988749895,-1.400487393164631,-0.331124340588225,0.4736654667156748,0.947977805626654,-0.6188991429977113,-1.1271543790448286,-1.1181946142788823,-0.5719366225831307,-0.9389701343788024,-0.5107199969696437,-0.1740695117297636,-0.4631494164873481,0.0,0.0,0.0,0.0,-0.2024073299134744,-0.9128979615667844,-0.935930884332596,-0.3779644730092272,-0.7508058875955863,2.1527424662749155,-2.1527424662749155,-0.408248290463863,-0.5837104445982053,1.6613247725836149,-0.4472135954999578,-1.1389071909150976,0.0023873398942726998,0.02621678909039747,False,,,0.0023873398942726998,0.04668250352120569,0.65,0.0,0.17476746085386963
28,1,0.0020047759736183,-0.2016152322949742,-0.2028924952362883,3.033299115532552,2.1167514526001803,-1.787924153240542,1.118033988749895,-0.4850584519619434,-0.331124340588225,0.4736654667156754,-0.0391726365961387,-0.1063496208834506,1.058762483368768,-1.1181946142788823,-1.4696494050628512,0.1286648231567839,2.4119963984560537,2.5692282692420263,-0.1059595462882437,0.0,0.0,0.0,0.0,-0.2004123036197446,0.2934096373803815,0.2481095049867226,-0.3779644730092272,-0.7508058875955863,-0.7995900589021115,0.7995900589021115,-0.408248290463863,1.5520050265427423,-1.661324772583615,-0.4472135954999578,1.0641602595597024,0.10578476896893463,0.026643927316567697,False,,,0.10578476896893463,0.4,1.0,0.75,0.5639461922422336
28,2,-0.0137463787367518,-0.2013652316197935,-0.1973508970016063,2.137545465665319,1.8446520615512687,-1.787924153240542,1.118033988749895,-0.4850584519619434,-0.331124340588225,0.4736654667156754,-0.0391726365961387,-0.1063496208834506,1.058762483368768,-1.1181946142788823,-1.982994219776529,-0.0257703189281995,2.4119963984560537,0.9899278836999352,-0.1292586200921833,0.0,0.0,0.0,0.0,-0.2013563212561608,0.12603010473908,0.0838196280385361,-0.3779644730092272,-0.7508058875955863,-0.7995900589021115,0.7995900589021115,-0.408248290463863,1.5520050265427423,-1.516861748880692,-0.4472135954999578,1.0641602595597024,0.09192667160377732,0.02629462607001125,False,,,0.09192667160377732,0.4,1.0,0.7464747592949773,0.5596003577246886
28,3,-0.0090010513104682,-0.2012658656228111,-0.1963764309193539,2.5854222905989355,1.924537812800557,-1.787924153240542,1.118033988749895,-0.4850584519619434,-0.331124340588225,0.4736654667156754,-0.0391726365961387,-0.1063496208834506,1.058762483368768,-1.1181946142788823,-2.426810730754311,-0.0374946372193398,2.4119963984560537,0.3570343318749095,-0.0636196544909111,0.0,0.0,0.0,0.0,-0.2017315332572629,0.2101414838695332,0.1663783967793839,-0.3779644730092272,-0.7508058875955863,-0.7995900589021115,0.7995900589021115,-0.408248290463863,1.5520050265427423,-1.3723987251777692,-0.4472135954999578,1.0641602595597024,0.10464817583832217,0.026411385031232172,False,,,0.10464817583832217,0.4,1.0,0.5249620161562183,0.507402547998635
28,4,-0.0051341408966063,-0.2012706604951257,-0.1966021032554183,1.689668640731703,1.6949954466750148,-1.787924153240542,1.118033988749895,-0.4850584519619434,-0.331124340588225,0.4736654667156754,-0.0391726365961387,-0.1063496208834506,1.058762483368768,-1.1181946142788823,-0.8561621704576443,0.4300696101706011,-0.8908815687239753,0.3754824049603187,-0.3698825972575265,0.0,0.0,0.0,0.0,-0.201713427530044,0.0879244653262526,0.0464173799179042,-0.3779644730092272,-0.7508058875955863,-0.7995900589021115,0.7995900589021115,-0.408248290463863,1.5520050265427423,-1.2279357014748462,-0.4472135954999578,1.0641602595597024,0.10078901304003915,0.026381884230085178,False,,,0.10078901304003915,0.4,1.0,0.13141884173611154,0.4080519636940376
28,5,-0.0033522659824241,-0.2012373858175915,-0.1967294048060972,2.137545465665319,1.8027309444745332,-1.787924153240542,1.118033988749895,-0.4850584519619434,-0.331124340588225,0.4736654667156754,-0.0391726365961387,-0.1063496208834506,1.058762483368768,-1.1181946142788823,-1.4083149070932124,0.015976464023257,-0.8640780096780358,0.157170229667515,-0.1419757847039001,0.0,0.0,0.0,0.0,-0.201839074720459,0.142787329223882,0.100267531226921,-0.3779644730092272,-0.7508058875955863,-0.7995900589021115,0.7995900589021115,-0.408248290463863,1.5520050265427423,-1.0834726777719228,-0.4472135954999578,1.0641602595597024,0.10064278982119637,0.025850619855015793,False,,,0.10064278982119637,0.4,1.0,0.05500958038363025,0.3889130925512067
28,6,-0.0031295126349489,-0.2011205445705708,-0.1961002397822201,2.137545465665319,1.6482875145996916,-1.787924153240542,1.118033988749895,-0.4850584519619434,-0.331124340588225,0.4736654667156754,-0.0391726365961387,-0.1063496208834506,1.058762483368768,-1.1181946142788823,-1.640842097136949,-0.0408126845543752,-0.7165927033703217,-0.5788315955117945,-0.132234699826909,0.0,0.0,0.0,0.0,-0.2022802743202947,0.108991145873857,0.0670951909994404,-0.3779644730092272,-0.7508058875955863,-0.7995900589021115,0.7995900589021115,-0.408248290463863,1.5520050265427423,-0.939009654069,-0.4472135954999578,1.0641602595597024,0.09974029929121309,0.026160818943868718,False,0.2,0.1,0.09974029929121309,0.4,1.0,0.0,0.3749350748228033
28,7,-0.0009862186354643,-0.2011267699179987,-0.1990998816445072,2.137545465665319,1.8114340426177165,-1.787924153240542,1.118033988749895,-0.4850584519619434,-0.331124340588225,0.4736654667156754,-0.0391726365961387,-0.1063496208834506,1.058762483368768,-1.1181946142788823,-1.5446081774686111,-0.0376547498679047,0.8166122333705542,-0.5498103314932956,-0.1098146524776942,0.0,0.0,0.0,0.0,-0.2022567670327223,0.1437971193449395,0.1012586816508354,-0.3779644730092272,-0.7508058875955863,-0.7995900589021115,0.7995900589021115,-0.408248290463863,1.5520050265427423,-0.7945466303660769,-0.4472135954999578,1.0641602595597024,0.09648322707383436,0.026549635952237523,False,,,0.09648322707383436,0.4,1.0,0.3266448933482217,0.45578203010551405
28,8,0.0003292097081315,-0.2011894073345632,-0.2001778023766383,0.79391499086447,1.1925697178578998,-1.787924153240542,1.118033988749895,-0.4850584519619434,-0.331124340588225,0.4736654667156754,-0.0391726365961387,-0.1063496208834506,1.058762483368768,-1.1181946142788823,-1.157220068453248,-0.0916532700879365,-0.4248768747929284,-0.1722179675554749,-0.3214544659215781,0.0,0.0,0.0,0.0,-0.202020244367759,-0.1979475570745233,-0.2341777361157973,-0.3779644730092272,0.4721492415400172,-0.7995900589021115,0.7995900589021115,-0.408248290463863,1.5520050265427423,-0.6500836066631539,-0.4472135954999578,1.0641602595597024,0.10118834944226904,0.02660983903496678,False,,,0.10118834944226904,0.4,1.0,0.0,0.3752970873605672
28,9,0.0015965396362701,-0.2012528461252159,-0.2002715894077427,2.137545465665319,1.9038593129646495,-1.787924153240542,1.118033988749895,-0.4850584519619434,-0.331124340588225,0.4736654667156754,-0.0391726365961387,-0.1063496208834506,1.058762483368768,-1.1181946142788823,-0.8876643656926908,0.1238822651156421,-0.5658449048306385,0.2088536141108866,-0.2274916725460091,0.0,0.0,0.0,0.0,-0.2017806956658772,0.1010462444222734,0.05929694433661,-0.3779644730092272,-0.7508058875955863,-0.7995900589021115,0.7995900589021115,-0.408248290463863,1.5520050265427423,-0.5056205829602308,-0.4472135954999578,1.0641602595597024,0.10104749182105466,0.026591591173534348,False,,,0.10104749182105466,0.4,1.0,0.0730987649388103,0.3935365641899663
28,10,0.0019495216507083,-0.2011393384657743,-0.2005551207787967,0.3460381659308536,1.1328699358969392,-1.787924153240542,1.118033988749895,-0.4850584519619434,-0.331124340588225,0.4736654667156754,-0.0391726365961387,-0.1063496208834506,1.058762483368768,-1.1181946142788823,-0.5219110977239886,-0.0252017106199453,-0.3907125907879322,-0.5010249692194761,-0.5633136366137803,0.0,0.0,0.0,0.0,-0.2022093074378403,-0.499389254381076,-0.263728015080437,2.6457513110645903,2.19820292441828,-0.7995900589021115,0.7995900589021115,-0.408248290463863,1.5520050265427423,-0.3611575592573077,-0.4472135954999578,1.0641602595597024,0.09974804623363534,0.026616015103764806,False,,,0.09974804623363534,0.4,1.0,0.0,0.37493701155840886
28,11,0.0029254111691195,-0.2012026012604782,-0.200786833180084,1.2417918157980865,1.6819796837583556,-1.787924153240542,1.118033988749895,-0.4850584519619434,-0.331124340588225,0.4736654667156754,-0.0391726365961387,-0.1063496208834506,1.058762483368768,-1.1181946142788823,-1.418767252885042,0.2684363057136756,0.0652379066074124,-0.1218720119666778,-0.5665826462483639,0.0,0.0,0.0,0.0,-0.2019704233072824,-0.3465537319186124,-0.0762100971005856,2.6457513110645903,1.3230674711014694,-0.7995900589021115,0.7995900589021115,-0.408248290463863,1.5520050265427423,-0.2166945355543847,-0.4472135954999578,1.0641602595597024,0.1029467949575617,0.026479753362689214,False,,,0.1029467949575617,0.4,1.0,0.02609516264296496,0.38226048940013163
28,12,0.0020847745449068,-0.2011504431968565,-0.2009763649085287,2.137545465665319,2.107106703940984,-1.787924153240542,1.118033988749895,-0.4850584519619434,-0.331124340588225,0.4736654667156754,-0.0391726365961387,-0.1063496208834506,1.058762483368768,-1.1181946142788823,-0.7643602192880629,0.5306588819409095,-0.1738356677644587,-0.4520972656201258,-0.5703470843912127,0.0,0.0,0.0,0.0,-0.2021673753031307,-0.2127864955319402,0.0879124397089311,2.6457513110645903,0.5571169304937491,-0.7995900589021115,0.7995900589021115,-0.408248290463863,1.5520050265427423,-0.0722315118514616,-0.4472135954999578,1.0641602595597024,0.09902187452691338,0.02658761593636667,False,0.2,0.2,0.10950533317213715,0.37222222222222223,0.7222222222222222,0.47058823529411764,0.4186345032276748
28,13,0.0016453193663752,-0.2011982597297097,-0.2012436296920272,-0.1018386590027628,1.0124242404942976,-1.787924153240542,1.118033988749895,-0.4850584519619434,-0.331124340588225,0.4736654667156754,-0.0391726365961387,-0.1063496208834506,1.058762483368768,-1.1181946142788823,-0.0594987561880699,0.3839907847736251,-0.2768561656294215,-0.1690526571451714,-0.59638826352282,0.0,0.0,0.0,0.0,-0.2019868171894652,-0.3362651981806343,-0.369942174446408,-0.3779644730092272,1.2641553772918503,-0.5535623484706925,0.5535623484706925,-0.408248290463863,1.5520050265427423,0.0722315118514612,-0.4472135954999578,1.0641602595597024,0.10004872052908204,0.026662810436516932,False,,,0.10004872052908204,0.4,1.0,0.0,0.37501218013227056
28,14,0.0008189971153789,-0.201096181076076,-0.2006441483728451,0.79391499086447,1.660580101576619,-1.787924153240542,1.118033988749895,-0.4850584519619434,-0.331124340588225,0.4736654667156754,-0.0391726365961387,-0.1063496208834506,1.058762483368768,-1.1181946142788823,-0.0800839177031574,0.5259157043664868,-0.3707949714659108,-0.8029230190949598,-0.5291905878594386,0.0,0.0,0.0,0.0,-0.2023722723457848,-0.1397319352721547,-0.1770367153981108,-0.3779644730092272,0.1388068761311618,-0.3075346380392736,0.3075346380392736,-0.408248290463863,1.5520050265427423,0.2166945355543845,2.2360679774997894,1.0641602595597024,0.0965846006596918,0.026479196041264058,False,,,0.0965846006596918,0.4,1.0,0.0,0.3741461501649229
28,15,0.0018390421610629,-0.2011752137020395,-0.2012635562116958,1.2417918157980865,1.858258437744433,-1.787924153240542,1.118033988749895,-0.4850584519619434,-0.331124340588225,0.4736654667156754,-0.0391726365961387,-0.1063496208834506,1.058762483368768,-1.1181946142788823,-0.7885084488818739,0.2239362240633842,-0.3630780208835384,-0.3299329664236275,-0.3900243079960518,0.0,0.0,0.0,0.0,-0.2020738403807196,-0.0843415087462168,-0.1226687397295707,-0.3779644730092272,-0.1783584349573868,-0.0615069276078547,0.0615069276078547,-0.408248290463863,1.5520050265427423,0.3611575592573074,2.2360679774997894,1.0641602595597024,0.1043270998883167,0.02623276309119491,False,,,0.1043270998883167,0.4,1.0,0.0,0.3760817749720792
28,16,0.0008030624360562,-0.2010746403896821,-0.2007277330011619,1.2417918157980865,2.181738948783733,-1.787924153240542,1.118033988749895,-0.4850584519619434,-0.331124340588225,0.4736654667156754,-0.0391726365961387,-0.1063496208834506,1.058762483368768,-1.1181946142788823,-1.584181842158959,-0.2986442171469314,-0.4896962055133481,-0.9519078758660132,-0.0729142471361091,0.0,0.0,0.0,0.0,-0.2024536112775365,-0.035600075486987,-0.0748270236841695,-0.3779644730092272,-0.4574516431551296,0.1845207828235641,-0.1845207828235641,-0.408248290463863,1.5520050265427423,0.5056205829602304,2.2360679774997894,1.0641602595597024,0.09750460771876086,0.026541563563381335,False,,,0.09750460771876086,0.4,1.0,0.0,0.3743761519296902
28,17,0.001932780595105,-0.2012008093540149,-0.2007419601130436,0.3460381659308536,1.5140055725503825,-1.787924153240542,1.118033988749895,-0.4850584519619434,-0.331124340588225,0.4736654667156754,-0.0391726365961387,-0.1063496208834506,1.058762483368768,-1.1181946142788823,-0.7389791401612816,0.175519617116392,-0.1272389199458613,-0.1940966298895809,-0.4839635323564797,0.0,0.0,0.0,0.0,-0.2019771896542249,-0.2653985931635401,-0.3003836947788569,-0.3779644730092272,0.8583735439363903,0.4305484932549831,-0.4305484932549831,-0.408248290463863,1.5520050265427423,0.6500836066631537,2.2360679774997894,1.0641602595597024,0.10041721048758151,0.026613038057218284,False,,,0.10041721048758151,0.4,1.0,0.0,0.3751043026218954
28,18,0.0021791827149031,-0.201174974583928,-0.2006997524839142,0.3460381659308536,1.6386070503314458,-1.787924153240542,1.118033988749895,-0.4850584519619434,-0.331124340588225,0.4736654667156754,-0.0391726365961387,-0.1063496208834506,1.058762483368768,-1.1181946142788823,-0.7003349841362577,0.2728743389000314,-0.2083219631674484,-0.360804243863216,-0.5069680884086669,0.0,0.0,0.0,0.0,-0.2020747433051389,-0.2454866070356986,-0.2808392636341744,-0.3779644730092272,0.7443576088601297,0.676576203686402,-0.676576203686402,-0.408248290463863,1.5520050265427423,0.7945466303660766,-0.4472135954999578,1.0641602595597024,0.09842005489406364,0.026428988559106727,False,0.2,0.25,0.11355028036111597,0.37252747252747254,0.886117136659436,0.543728423475259,0.4789808282558209
28,19,0.0033700686150132,-0.2012227792251193,-0.2005063492978652,0.79391499086447,1.933177747801807,-1.787924153240542,1.118033988749895,-0.4850584519619434,-0.331124340588225,0.4736654667156754,-0.0391726365961387,-0.1063496208834506,1.058762483368768,-1.1181946142788823,-0.9258180488864376,-0.214165846824975,-0.4548303094572832,-0.081235963829172,-0.2422524449678327,0.0,0.0,0.0,0.0,-0.2018942300951066,-0.1816889607620713,-0.2182192569315635,-0.3779644730092272,0.379052598659189,0.922603914117821,-0.922603914117821,-0.408248290463863,1.5520050265427423,0.9390096540689996,-0.4472135954999578,1.0641602595597024,0.10207871460264484,0.025887912309024957,False,,,0.10207871460264484,0.4,1.0,0.0,0.37551967865066116
28,20,0.0030660578937525,-0.2012094092419092,-0.2007361722704906,0.79391499086447,1.803813328975808,-1.787924153240542,1.118033988749895,-0.4850584519619434,-0.331124340588225,0.4736654667156754,-0.0391726365961387,-0.1063496208834506,1.058762483368768,-1.1181946142788823,-1.1177112425359228,0.0830546480229461,-0.3727140329220981,-0.1722352183792527,-0.3891791313937342,0.0,0.0,0.0,0.0,-0.2019447159585537,-0.1764549777239898,-0.2130818878894473,-0.3779644730092272,0.349082837409419,1.16863162454924,-1.16863162454924,-0.408248290463863,1.5520050265427423,1.0834726777719228,-0.4472135954999578,1.0641602595597024,0.09971286318790445,0.026063122661857643,False,,,0.09971286318790445,0.4,1.0,0.0,0.3749282157969761
28,21,0.0028775836490297,-0.20115689131174,-0.2007120228207976,0.3460381659308536,1.9031739837630477,-1.787924153240542,1.118033988749895,-0.4850584519619434,-0.331124340588225,0.4736654667156754,-0.0391726365961387,-0.1063496208834506,1.058762483368768,-1.1181946142788823,0.2878904373882837,-0.1111968024723209,-0.33543793335127,-0.4989021717265287,-0.3345937391928582,0.0,0.0,0.0,0.0,-0.2021430268322021,-0.2300011481094979,-0.2656396505074976,-0.3779644730092272,0.6556879468675922,1.4146593349806589,-1.4146593349806589,-0.408248290463863,1.5520050265427423,1.2279357014748458,-0.4472135954999578,1.0641602595597024,0.10164373592035464,0.026205339353957337,False,,,0.10164373592035464,0.4,1.0,0.07197260934707092,0.39340408631685636
28,22,0.0018907738047947,-0.2012016673007209,-0.2019163713916717,-0.1018386590027628,1.470776075667381,-1.787924153240542,1.118033988749895,-0.4850584519619434,-0.331124340588225,0.4736654667156754,-0.0391726365961387,-0.1063496208834506,1.058762483368768,-1.1181946142788823,0.5562515768396835,-0.2781073183920417,-0.2988445841621154,-0.2388835302908183,-0.322373889345026,0.0,0.0,0.0,0.0,-0.2019739499956883,-0.3318706037867189,-0.3656286997890209,-0.3779644730092272,1.2389919513088157,1.6606870454120777,-1.6606870454120777,-0.408248290463863,1.5520050265427423,1.3723987251777687,-0.4472135954999578,1.0641602595597024,0.09951610387950943,0.026445242559251177,False,,,0.09951610387950943,0.4,1.0,0.13906289420992088,0.4096447495223575
28,23,0.0021552898153202,-0.2012148679039412,-0.201860216983563,0.79391499086447,2.064995935307993,-1.787924153240542,1.118033988749895,-0.4850584519619434,-0.331124340588225,0.4736654667156754,-0.0391726365961387,-0.1063496208834506,1.058762483368768,-1.1181946142788823,0.0804618269745909,0.0570074231844654,-0.3286009377043497,-0.1694875619256303,-0.3574102380781535,0.0,0.0,0.0,0.0,-0.2019241037213039,-0.1460585360698233,-0.183246533588825,-0.3779644730092272,0.1750329613227242,1.9067147558434967,-1.9067147558434967,-0.408248290463863,1.5520050265427423,1.516861748880692,-0.4472135954999578,1.0641602595597024,0.0968245603559093,0.02634863304208228,False,,,0.0968245603559093,0.4,1.0,0.020115456743647724,0.37923500427488926
28,24,0.00106567561691,-0.2011062117136895,-0.2010654991595176,0.79391499086447,1.9495156420997817,-1.787924153240542,1.118033988749895,-0.4850584519619434,-0.331124340588225,0.4736654667156754,-0.0391726365961387,-0.1063496208834506,1.058762483368768,-1.1181946142788823,-0.7633718192791168,-0.2371769143043847,-0.4307372097817927,-0.8308423625233718,-0.2188597807560502,0.0,0.0,0.0,0.0,-0.2023343960528316,-0.1691969938395071,-0.2059578789950684,-0.3779644730092272,0.3075236572229355,2.1527424662749155,-2.1527424662749155,-0.408248290463863,1.5520050265427423,1.6613247725836149,-0.4472135954999578,1.0641602595597024,0.0021636253001948713,0.02653120950544255,False,,,0.0021636253001948713,0.4,1.0,0.0,0.35054090632504875
29,1,0.0020047759736183,-0.2016842333442478,-0.2028924952362883,0.79391499086447,-0.6491318922886247,-1.242787069916968,-1.118033988749895,-1.400487393164631,-0.331124340588225,1.4209964001470166,0.5092442757498572,-0.3705949460871659,-1.1271543790448286,-1.1181946142788823,-0.0873103472390841,-0.6981078531439137,2.4119963984560537,3.521266278130762,-0.6122713037579328,0.0,0.0,0.0,0.0,-0.2017833889163559,-0.9090170334222654,-0.932121594168821,-0.3779644730092272,-0.7508058875955863,-0.7995900589021115,0.7995900589021115,-0.408248290463863,-0.7250102411641544,-1.661324772583615,-0.4472135954999578,-1.1389071909150976,0.0968829035079865,0.026537796604717435,False,,,0.0968829035079865,0.75,0.65,0.75,0.5617207258769966
29,2,-0.0103666049860007,-0.2014878760834823,-0.1985399747927384,0.3460381659308536,-0.4581031073099361,-1.242787069916968,-1.118033988749895,-1.400487393164631,-0.331124340588225,1.4209964001470166,0.5092442757498572,-0.3705949460871659,-1.1271543790448286,-1.1181946142788823,0.0767863215465664,-0.7318020735379307,2.4119963984560537,1.483805293182802,-0.5280287420682928,0.0,0.0,0.0,0.0,-0.2025248457826906,-0.8471346243294419,-0.871381471319364,-0.3779644730092272,-0.7508058875955863,-0.7995900589021115,0.7995900589021115,-0.408248290463863,-0.7250102411641544,-1.516861748880692,-0.4472135954999578,-1.1389071909150976,0.09950307374726153,0.026351874140220184,False,,,0.09950307374726153,0.75,0.65,0.7691965803866416,0.5671749135334758
29,3,-0.0083228157531455,-0.2013563964393151,-0.1969204591482417,0.3460381659308536,-0.5659050121448614,-1.242787069916968,-1.118033988749895,-1.400487393164631,-0.331124340588225,1.4209964001470166,0.5092442757498572,-0.3705949460871659,-1.1271543790448286,-1.1181946142788823,-0.7125493907949008,-0.7260325457072698,2.4119963984560537,0.1266157169384608,-0.558701368088039,0.0,0.0,0.0,0.0,-0.203021320853543,-0.8727188086220962,-0.8964933976279857,-0.3779644730092272,-0.7508058875955863,-0.7995900589021115,0.7995900589021115,-0.408248290463863,-0.7250102411641544,-1.3723987251777692,-0.4472135954999578,-1.1389071909150976,0.10664326664679494,0.02639828428304482,False,,,0.10664326664679494,0.75,0.65,0.4443155009284613,0.48773969189381405
29,4,-0.0047184638076962,-0.2013723580372889,-0.1970890471295126,0.79391499086447,-0.6905434737845463,-1.242787069916968,-1.118033988749895,-1.400487393164631,-0.331124340588225,1.4209964001470166,0.5092442757498572,-0.3705949460871659,-1.1271543790448286,-1.1181946142788823,-1.554726167369821,-0.503493200692605,-0.8029934099377207,0.1840463162443077,-0.7256316654744204,0.0,0.0,0.0,0.0,-0.2029610488963506,-0.9356094584021828,-0.9582231500685324,-0.3779644730092272,-0.7508058875955863,-0.7995900589021115,0.7995900589021115,-0.408248290463863,-0.7250102411641544,-1.2279357014748462,-0.4472135954999578,-1.1389071909150976,0.09743986434107033,0.026372814845404328,False,,,0.09743986434107033,0.75,0.65,0.0644162106855077,0.3904640187566445
29,5,-0.0024115281412108,-0.2013915167892639,-0.1974937003758479,0.3460381659308536,-0.5832495285532069,-1.242787069916968,-1.118033988749895,-1.400487393164631,-0.331124340588225,1.4209964001470166,0.5092442757498572,-0.3705949460871659,-1.1271543790448286,-1.1181946142788823,-0.8020393696875683,-0.7367903566246168,-0.7695197667868096,0.2688868014218525,-0.5667753690549944,0.0,0.0,0.0,0.0,-0.2028887042927085,-0.8860806950192978,-0.9096086372116468,-0.3779644730092272,-0.7508058875955863,-0.7995900589021115,0.7995900589021115,-0.408248290463863,-0.7250102411641544,-1.0834726777719228,-0.4472135954999578,-1.1389071909150976,0.10323567442471171,0.026073050779623273,False,,,0.10323567442471171,0.75,0.65,0.09411038049764837,0.39933651373059004
29,6,-0.0020615730963448,-0.2012870719401907,-0.1972084073738062,0.79391499086447,-0.7986774717086543,-1.242787069916968,-1.118033988749895,-1.400487393164631,-0.331124340588225,1.4209964001470166,0.5092442757498572,-0.3705949460871659,-1.1271543790448286,-1.1181946142788823,-0.8446365431259809,-0.6753491151788151,-0.4653291163137723,-0.7617797905004277,-0.6834048918210898,0.0,0.0,0.0,0.0,-0.2032830943458022,-0.967012992949237,-0.989047007352984,-0.3779644730092272,-0.3683658813008283,-0.7995900589021115,0.7995900589021115,-0.408248290463863,-0.7250102411641544,-0.939009654069,-0.4472135954999578,-1.1389071909150976,0.0984968824434477,0.026217937337948655,False,0.2,0.05,0.0984968824434477,0.75,0.65,0.0,0.3746242206108619
29,7,2.92207149647604e-06,-0.2013032265266585,-0.1999850310329528,0.3460381659308536,-0.4978339174886674,-1.242787069916968,-1.118033988749895,-1.400487393164631,-0.331124340588225,1.4209964001470166,0.5092442757498572,-0.3705949460871659,-1.1271543790448286,-1.1181946142788823,0.4067371214505656,-0.5996629625378063,0.8319218524603623,-0.6915533597330576,-0.6035356966316253,0.0,0.0,0.0,0.0,-0.2032220936524095,-0.8504136275309695,-0.8745999474615227,-0.3779644730092272,-0.7508058875955863,-0.7995900589021115,0.7995900589021115,-0.408248290463863,-0.7250102411641544,-0.7945466303660769,-0.4472135954999578,-1.1389071909150976,0.09854571501407139,0.02648472232447061,False,,,0.09854571501407139,0.75,0.65,0.4344530213467863,0.48324968409021446
29,8,0.0015191550548998,-0.2013648102455647,-0.2012208874237198,0.79391499086447,-0.5541217430738186,-1.242787069916968,-1.118033988749895,-1.400487393164631,-0.331124340588225,1.4209964001470166,0.5092442757498572,-0.3705949460871659,-1.1271543790448286,-1.1181946142788823,-0.9880460039563554,-0.6211468244256209,-0.2417758257883552,-0.2269261667201721,-0.6526315816383486,0.0,0.0,0.0,0.0,-0.2029895498133918,-0.911220029319354,-0.9342839250054452,-0.3779644730092272,-0.7508058875955863,-0.7995900589021115,0.7995900589021115,-0.408248290463863,-0.7250102411641544,-0.6500836066631539,-0.4472135954999578,-1.1389071909150976,0.10899291067116654,0.026234706767660505,False,,,0.10899291067116654,0.75,0.65,0.0,0.37724822766779165
29,9,0.001636809841978,-0.2013442688073367,-0.2012338817733956,1.2417918157980865,-0.9217901647064544,-1.242787069916968,-1.118033988749895,-1.400487393164631,-0.331124340588225,1.4209964001470166,0.5092442757498572,-0.3705949460871659,-1.1271543790448286,-1.1181946142788823,-1.8318178199087447,-0.7437540247650994,-0.2585927358592447,-0.4823422405224147,-0.7488504940794355,0.0,0.0,0.0,0.0,-0.2030671155237668,-1.0586967071404203,-1.0790383335619174,-0.3779644730092272,0.9349715738596664,-0.7995900589021115,0.7995900589021115,-0.408248290463863,-0.7250102411641544,-0.5056205829602308,-0.4472135954999578,-1.1389071909150976,0.10171913828188438,0.026573635171367228,False,,,0.10171913828188438,0.75,0.65,0.0,0.3754297845704711
29,10,0.0015629046605542,-0.2012957885793115,-0.201182927912773,0.3460381659308536,-0.5061842087332289,-1.242787069916968,-1.118033988749895,-1.400487393164631,-0.331124340588225,1.4209964001470166,0.5092442757498572,-0.3705949460871659,-1.1271543790448286,-1.1181946142788823,-0.9090679846308144,-0.5030274206936756,-0.2104319539422369,-0.9668585834363164,-0.8139866472174736,0.0,0.0,0.0,0.0,-0.2032501797904541,-1.0325928100757436,-0.9179294664993902,2.6457513110645903,0.5638894567117669,-0.7995900589021115,0.7995900589021115,-0.408248290463863,-0.7250102411641544,-0.3611575592573077,-0.4472135954999578,-1.1389071909150976,0.10014253232723587,0.026550701114804693,False,,,0.10014253232723587,0.75,0.65,0.0,0.375035633081809
29,11,0.001901850194409,-0.2012842076060536,-0.2015435935338653,1.2417918157980865,-0.8219882293630265,-1.242787069916968,-1.118033988749895,-1.400487393164631,-0.331124340588225,1.4209964001470166,0.5092442757498572,-0.3705949460871659,-1.1271543790448286,-1.1181946142788823,-0.4807356155831016,-0.6220873639075706,0.3346145136583102,-1.129248272852472,-0.8821044318890382,0.0,0.0,0.0,0.0,-0.2032939102443594,-1.1444994138394002,-1.0552306187960423,2.6457513110645903,2.1547070784852558,-0.7995900589021115,0.7995900589021115,-0.408248290463863,-0.7250102411641544,-0.2166945355543847,-0.4472135954999578,-1.1389071909150976,0.10326272253193562,0.026579591393055237,False,,,0.10326272253193562,0.75,0.65,0.13384580546332409,0.4092771319988149
29,12,0.0015905680074453,-0.2013152642982653,-0.201646146549508,0.79391499086447,-0.6275067761735863,-1.242787069916968,-1.118033988749895,-1.400487393164631,-0.331124340588225,1.4209964001470166,0.5092442757498572,-0.3705949460871659,-1.1271543790448286,-1.1181946142788823,0.0043922167141402,-1.6452375280000415,-0.7669030662784763,-0.9361853423027654,0.4620176030016984,0.0,0.0,0.0,0.0,-0.2031766383003719,-1.083148354064104,-0.9799573916721162,2.6457513110645903,1.2825659918774932,-0.7995900589021115,0.7995900589021115,-0.408248290463863,-0.7250102411641544,-0.0722315118514616,-0.4472135954999578,-1.1389071909150976,0.09982219004863026,0.02653575753925782,False,0.2,0.19,0.09992358136591212,0.6177685950413224,0.4688427749166919,0.3803182235867388,0.3917132937276663
29,13,0.0024097349652705,-0.2014295214120907,-0.2007266226327607,0.79391499086447,-0.5543772112035669,-1.242787069916968,-1.118033988749895,-1.400487393164631,-0.331124340588225,1.4209964001470166,0.5092442757498572,-0.3705949460871659,-1.1271543790448286,-1.1181946142788823,-1.1532677216042324,-0.6371500561690537,-0.1294946582463203,-0.073785191593365,-0.6782419302343364,0.0,0.0,0.0,0.0,-0.2027451965434278,-0.944529660935656,-0.9669786947486448,-0.3779644730092272,-0.6879795552081085,-0.5535623484706925,0.5535623484706925,-0.408248290463863,-0.7250102411641544,0.0722315118514612,-0.4472135954999578,-1.1389071909150976,0.09885144154843561,0.026569474736497775,False,,,0.09885144154843561,0.75,0.65,0.0,0.37471286038710894
29,14,0.0036256313471176,-0.2014379000943879,-0.2001747327269639,1.2417918157980865,-0.901547897027457,-1.242787069916968,-1.118033988749895,-1.400487393164631,-0.331124340588225,1.4209964001470166,0.5092442757498572,-0.3705949460871659,-1.1271543790448286,-1.1181946142788823,-2.0226958308247047,-1.7179806675328544,-0.7720519639701166,-0.0822198573497004,0.8005815627532883,0.0,0.0,0.0,0.0,-0.2027135581334407,-1.0978711940691968,-1.117489699361997,-0.3779644730092272,1.491859746981689,-0.3075346380392736,0.3075346380392736,-0.408248290463863,-0.7250102411641544,0.2166945355543845,2.2360679774997894,-1.1389071909150976,0.10087676940896495,0.026612637317488506,False,,,0.10087676940896495,0.75,0.65,0.0,0.3752191923522412
29,15,0.0044433191006006,-0.2014516517684105,-0.1997224487670318,0.79391499086447,-0.4060575321625774,-1.242787069916968,-1.118033988749895,-1.400487393164631,-0.331124340588225,1.4209964001470166,0.5092442757498572,-0.3705949460871659,-1.1271543790448286,-1.1181946142788823,-0.6371781687822172,-0.8460125459347965,0.237397186854112,-0.048044409323952,-0.5388116735440172,0.0,0.0,0.0,0.0,-0.2026616309824512,-0.9207780803044175,-0.9436655441043932,-0.3779644730092272,-0.7508058875955863,-0.0615069276078547,0.0615069276078547,-0.408248290463863,-0.7250102411641544,0.3611575592573074,2.2360679774997894,-1.1389071909150976,0.10256847972241012,0.02653197227345304,False,,,0.10256847972241012,0.75,0.65,0.09495887474164481,0.39938183861601373
29,16,0.0039220573938376,-0.201413715614486,-0.2000315663256963,0.79391499086447,-0.4366898886275006,-1.242787069916968,-1.118033988749895,-1.400487393164631,-0.331124340588225,1.4209964001470166,0.5092442757498572,-0.3705949460871659,-1.1271543790448286,-1.1181946142788823,-1.0216240541781565,-1.6562473642353552,-0.7802927833448504,-0.4169298430451051,0.9600239164660072,0.0,0.0,0.0,0.0,-0.2028048801890249,-0.9605990747472736,-0.9827514835483232,-0.3779644730092272,-0.4595434682986971,0.1845207828235641,-0.1845207828235641,-0.408248290463863,-0.7250102411641544,0.5056205829602304,2.2360679774997894,-1.1389071909150976,0.10306913151998914,0.02625350153083895,False,,,0.10306913151998914,0.75,0.65,0.0,0.3757672828799973
29,17,0.0022186892918383,-0.2013457639102464,-0.2006553220551758,0.79391499086447,-0.4232553915055582,-1.242787069916968,-1.118033988749895,-1.400487393164631,-0.331124340588225,1.4209964001470166,0.5092442757498572,-0.3705949460871659,-1.1271543790448286,-1.1181946142788823,-0.5685346924059682,-1.728985932647672,-0.7571182086181631,-1.0063167756829547,1.5280839438638747,0.0,0.0,0.0,0.0,-0.2030614699249537,-0.9529376361004492,-0.9752314672555886,-0.3779644730092272,-0.5684552858107879,0.4305484932549831,-0.4305484932549831,-0.408248290463863,-0.7250102411641544,0.6500836066631537,2.2360679774997894,-1.1389071909150976,0.0970729229034275,0.026374729915981,False,,,0.0970729229034275,0.75,0.65,0.0,0.3742682307258569
29,18,0.001373135099398,-0.2014222129895092,-0.2013883788577212,0.79391499086447,-0.4656032703514567,-1.242787069916968,-1.118033988749895,-1.400487393164631,-0.331124340588225,1.4209964001470166,0.5092442757498572,-0.3705949460871659,-1.1271543790448286,-1.1181946142788823,-1.0565980810334237,-0.6796072113078945,0.2306501488165684,-0.4863915034062558,-0.6936992893802794,0.0,0.0,0.0,0.0,-0.2027727935881413,-0.9789626756142016,-1.000776111046947,-0.3779644730092272,-0.1984941747286686,0.676576203686402,-0.676576203686402,-0.408248290463863,-0.7250102411641544,0.7945466303660766,-0.4472135954999578,-1.1389071909150976,0.09652340670270934,0.025848241370404385,False,0.24,0.24,0.13083940363112478,0.5769230769230769,0.6551219512195122,0.2963230391198973,0.4148018677234028
29,19,0.0018538087795178,-0.2014523807543042,-0.2012814070036213,0.79391499086447,-0.4046131593312058,-1.242787069916968,-1.118033988749895,-1.400487393164631,-0.331124340588225,1.4209964001470166,0.5092442757498572,-0.3705949460871659,-1.1271543790448286,-1.1181946142788823,-0.934788148309649,-0.639620156160987,0.2634648068857071,-0.3260087996490697,-0.7071353413655956,0.0,0.0,0.0,0.0,-0.2026588782877239,-0.9746112686121404,-0.9965050265861476,-0.3779644730092272,-0.2603519624335593,0.922603914117821,-0.922603914117821,-0.408248290463863,-0.7250102411641544,0.9390096540689996,-0.4472135954999578,-1.1389071909150976,0.10177100424981184,0.025485723601722528,False,,,0.10177100424981184,0.75,0.65,0.10538592275428285,0.40178923175102366
29,20,0.0019987669936727,-0.2014124952513717,-0.2013164499909845,0.79391499086447,-0.3092023748235578,-1.242787069916968,-1.118033988749895,-1.400487393164631,-0.331124340588225,1.4209964001470166,0.5092442757498572,-0.3705949460871659,-1.1271543790448286,-1.1181946142788823,-0.4830748963848458,-0.9202239856567402,-0.4332556675310258,-0.6866817231742384,-0.4850963053838925,0.0,0.0,0.0,0.0,-0.2028094883537902,-0.9190351821395614,-0.9419548180644832,-0.3779644730092272,-0.7508058875955863,1.16863162454924,-1.16863162454924,-0.408248290463863,-0.7250102411641544,1.0834726777719228,-0.4472135954999578,-1.1389071909150976,0.09831896826536207,0.026015937093117565,False,,,0.09831896826536207,0.75,0.65,0.0,0.37457974206634054
29,21,0.0029992000802282,-0.2014781270225489,-0.2010794302505658,0.3460381659308536,-0.0665686020160666,-1.242787069916968,-1.118033988749895,-1.400487393164631,-0.331124340588225,1.4209964001470166,0.5092442757498572,-0.3705949460871659,-1.1271543790448286,-1.1181946142788823,-0.7119712466896732,-0.6086808053412398,-0.3825943453121308,-0.269472759743148,-0.6277341812804058,0.0,0.0,0.0,0.0,-0.2025616588251072,-0.8797985616307343,-0.9034424656069564,-0.3779644730092272,-0.7508058875955863,1.4146593349806589,-1.4146593349806589,-0.408248290463863,-0.7250102411641544,1.2279357014748458,-0.4472135954999578,-1.1389071909150976,0.10513066441473085,0.026001573050281283,False,,,0.10513066441473085,0.75,0.65,0.0,0.3762826661036827
29,22,0.0023995267946471,-0.201364050696348,-0.2008454360064006,0.79391499086447,-0.2466092839485209,-1.242787069916968,-1.118033988749895,-1.400487393164631,-0.331124340588225,1.4209964001470166,0.5092442757498572,-0.3705949460871659,-1.1271543790448286,-1.1181946142788823,-0.6313808842098451,-0.5534783495748382,-0.1469097178754543,-1.1554917155055096,-0.6887247046278266,0.0,0.0,0.0,0.0,-0.2029924179170709,-0.9174764183265722,-0.940424827443849,-0.3779644730092272,-0.7508058875955863,1.6606870454120777,-1.6606870454120777,-0.408248290463863,-0.7250102411641544,1.3723987251777687,-0.4472135954999578,-1.1389071909150976,0.10344616955020544,0.025976395368646984,False,,,0.10344616955020544,0.75,0.65,0.0,0.3758615423875514
29,23,0.0017531750726499,-0.2014341309883064,-0.2013246183496189,0.3460381659308536,-0.0888054789980285,-1.242787069916968,-1.118033988749895,-1.400487393164631,-0.331124340588225,1.4209964001470166,0.5092442757498572,-0.3705949460871659,-1.1271543790448286,-1.1181946142788823,-0.6494842876707054,-0.4885623306636803,-0.0011453337197105,-0.7112150554020727,-0.6740178006447166,0.0,0.0,0.0,0.0,-0.2027277905054606,-0.8719948329378567,-0.8957827857974934,-0.3779644730092272,-0.7508058875955863,1.9067147558434967,-1.9067147558434967,-0.408248290463863,-0.7250102411641544,1.516861748880692,-0.4472135954999578,-1.1389071909150976,0.09140616588954809,0.02554183191886333,False,,,0.09140616588954809,0.75,0.65,0.0,0.372851541472387
29,24,0.0024602037731174,-0.2015128140931811,-0.2007946467098254,0.3460381659308536,-0.1183418259583116,-1.242787069916968,-1.118033988749895,-1.400487393164631,-0.331124340588225,1.4209964001470166,0.5092442757498572,-0.3705949460871659,-1.1271543790448286,-1.1181946142788823,-0.2372629852625838,-0.7478822181287914,-0.3167381808981971,-0.2174592629592554,-0.5473013929146466,0.0,0.0,0.0,0.0,-0.2024306783531197,-0.8740252288099394,-0.8977757026297769,-0.3779644730092272,-0.7508058875955863,2.1527424662749155,-2.1527424662749155,-0.408248290463863,-0.7250102411641544,1.6613247725836149,-0.4472135954999578,-1.1389071909150976,0.003299530043559762,0.026300134346240372,False,,,0.003299530043559762,0.75,0.65,0.0,0.35082488251088995
30,1,0.0020047759736183,-0.2033763902976355,-0.2028924952362883,-0.5497154839363793,0.5104466072285541,0.9122357483337862,-1.118033988749895,0.4581107601862798,-0.331124340588225,1.4209964001470157,2.319020086491644,-0.9220037436429076,1.058762483368768,1.5351485382472794,-0.3568764307141177,-0.1424908178385156,2.4119963984560537,3.885189894236324,-0.3892787560099155,0.0,0.0,0.0,0.0,-0.2043958396474323,-0.3262525502289671,-0.3601143497778435,-0.3779644730092272,-0.7508058875955863,-0.7995900589021115,0.7995900589021115,-0.408248290463863,-0.7225999215986191,-1.661324772583615,-0.4472135954999578,1.0641602595597024,0.11657972637330483,0.02667335887448561,False,,,0.11657972637330483,0.38510570066648553,0.966553216359545,0.75,0.5545596608498339
30,2,-0.0022579485104387,-0.2033087327818077,-0.2013927762055156,-0.9975923088699956,0.5186151633687976,0.9122357483337862,-1.118033988749895,0.4581107601862798,-0.331124340588225,1.4209964001470157,2.319020086491644,-0.9220037436429076,1.058762483368768,1.5351485382472794,1.420236300387454,-0.1685476065683137,2.4119963984560537,1.3118753253711084,-0.3998306941187271,0.0,0.0,0.0,0.0,-0.204651318510165,-0.3576736866640943,-0.3909554840374424,-0.3779644730092272,-0.7508058875955863,-0.7995900589021115,0.7995900589021115,-0.408248290463863,-0.7225999215986191,-1.516861748880692,-0.4472135954999578,1.0641602595597024,0.8627641602034362,0.026556631762885634,False,,,0.8627641602034362,0.38510570066648553,0.966553216359545,1.0,0.8036057693073667
30,3,-0.0012020901837729,-0.2032745922111709,-0.201017086143859,-0.5497154839363793,0.5317011287952488,0.9122357483337862,-1.118033988749895,0.4581107601862798,-0.331124340588225,1.4209964001470157,2.319020086491644,-0.9220037436429076,1.058762483368768,1.5351485382472794,0.6955359147342941,0.1700708005042225,2.4119963984560537,0.0365503197033942,-0.5140207095816128,0.0,0.0,0.0,0.0,-0.2047802353651901,-0.3161887623232123,-0.3502363291466576,-0.3779644730092272,-0.7508058875955863,-0.7995900589021115,0.7995900589021115,-0.408248290463863,-0.7225999215986191,-1.3723987251777692,-0.4472135954999578,1.0641602595597024,0.12380999975134829,0.026539319575460518,False,,,0.12380999975134829,0.38510570066648553,0.966553216359545,0.5866765905797615,0.5155363768392851
30,4,-0.000436007097063,-0.2032586376450266,-0.2008872160272942,-0.9975923088699956,0.3843862228193682,0.9122357483337862,-1.118033988749895,0.4581107601862798,-0.331124340588225,1.4209964001470157,2.319020086491644,-0.9220037436429076,1.058762483368768,1.5351485382472794,-0.0776790509730955,-0.0259818074878145,-0.868790754771762,-0.5049297677359751,-0.4943342055556061,0.0,0.0,0.0,0.0,-0.2048404807697703,-0.4003805942029384,-0.4328740655609692,-0.3779644730092272,-0.6836811478991308,-0.7995900589021115,0.7995900589021115,-0.408248290463863,-0.7225999215986191,-1.2279357014748462,-0.4472135954999578,1.0641602595597024,0.09761759571700449,0.026382064159648517,False,,,0.09761759571700449,0.38510570066648553,0.966553216359545,0.0,0.3623191281857588
30,5,0.0001915404746007,-0.2032575404479156,-0.2009143711794963,-0.5497154839363793,0.5313056598216432,0.9122357483337862,-1.118033988749895,0.4581107601862798,-0.331124340588225,1.4209964001470157,2.319020086491644,-0.9220037436429076,1.058762483368768,1.5351485382472794,0.689555910724695,-0.1425475358692548,-0.8185905758101331,-0.3952579736636492,-0.3896920554049206,0.0,0.0,0.0,0.0,-0.2048446238522744,-0.3268514315389732,-0.3607021763488397,-0.3779644730092272,-0.7508058875955863,-0.7995900589021115,0.7995900589021115,-0.408248290463863,-0.7225999215986191,-1.0834726777719228,-0.4472135954999578,1.0641602595597024,0.10939866754920616,0.025072635058459285,False,,,0.10939866754920616,0.38510570066648553,0.966553216359545,0.17238897768117376,0.4083616405641026
30,6,0.0005982920185357,-0.2032540316506891,-0.2009629947681875,-0.5497154839363793,0.6625600022560872,0.9122357483337862,-1.118033988749895,0.4581107601862798,-0.331124340588225,1.4209964001470157,2.319020086491644,-0.9220037436429076,1.058762483368768,1.5351485382472794,0.7396285491189254,-0.0373824211642811,-0.6398039101218962,-0.3933501106859656,-0.3780668474547674,0.0,0.0,0.0,0.0,-0.2048578732823491,-0.2404449626554521,-0.27589068287417,-0.3779644730092272,-0.7508058875955863,-0.7995900589021115,0.7995900589021115,-0.408248290463863,-0.7225999215986191,-0.939009654069,-0.4472135954999578,1.0641602595597024,0.09516289555134844,0.025143043574573486,False,0.05,0.05,0.09516289555134844,0.38510570066648553,0.966553216359545,0.18490713727973135,0.4079322374642776
30,7,0.0013761506146086,-0.2032514462272552,-0.2020119037438658,-0.5497154839363793,0.5223490399766757,0.9122357483337862,-1.118033988749895,0.4581107601862798,-0.331124340588225,1.4209964001470157,2.319020086491644,-0.9220037436429076,1.058762483368768,1.5351485382472794,-0.2401957170147488,-0.0363113565936937,1.0520241616667108,-0.3457302913375574,-0.4430805583820876,0.0,0.0,0.0,0.0,-0.2048676359972598,-0.3329576482842294,-0.3666956785522838,-0.3779644730092272,-0.7508058875955863,-0.7995900589021115,0.7995900589021115,-0.408248290463863,-0.7225999215986191,-0.7945466303660769,-0.4472135954999578,1.0641602595597024,0.09232456765601232,0.026575792912836498,False,,,0.09232456765601232,0.38510570066648553,0.966553216359545,0.4,0.4609958711705108
30,8,0.0017168515293051,-0.203247619475252,-0.2025130565438614,-0.9975923088699956,0.5305979775202938,0.9122357483337862,-1.118033988749895,0.4581107601862798,-0.331124340588225,1.4209964001470157,2.319020086491644,-0.9220037436429076,1.058762483368768,1.5351485382472794,1.5057935474853548,0.1690048774741588,-0.3357478273289329,-0.3581730080702855,-0.5627459078677935,0.0,0.0,0.0,0.0,-0.2048820860437589,-0.393836949358207,-0.426451209735237,-0.3779644730092272,-0.7339403873132034,-0.7995900589021115,0.7995900589021115,-0.408248290463863,-0.7225999215986191,-0.6500836066631539,-0.4472135954999578,1.0641602595597024,0.09116151359268171,0.026281306932018505,False,,,0.09116151359268171,0.38510570066648553,0.966553216359545,0.25,0.42320510765467806
30,9,0.0019067124118188,-0.2032542121313532,-0.2027293277229679,-0.9975923088699956,0.3927455437137755,0.9122357483337862,-1.118033988749895,0.4581107601862798,-0.331124340588225,1.4209964001470157,2.319020086491644,-0.9220037436429076,0.3483577615716194,1.5351485382472794,1.602374314768852,-0.1552518835077925,-0.5050565421359484,0.1808931280081655,-0.4733555745566571,0.0,0.0,0.0,0.0,-0.20485719177647,-0.4481286948744463,-0.4797407849264886,-0.3779644730092272,-0.3169462042768861,-0.7995900589021115,0.7995900589021115,-0.408248290463863,-0.7225999215986191,-0.5056205829602308,-0.4472135954999578,0.5133933969410024,0.112915175918198,0.026468060968952854,False,,,0.112915175918198,0.38510570066648553,0.7384784329096119,0.3133125948028579,0.3874529760742883
30,10,0.0018798069744448,-0.2032443130460031,-0.2026967599739935,-0.9975923088699956,0.6501924459535146,0.9122357483337862,-1.118033988749895,0.4581107601862798,-0.331124340588225,1.4209964001470157,2.319020086491644,-0.9220037436429076,1.058762483368768,1.5351485382472794,1.1363748824578248,0.1321232658651247,-0.3619012801246247,-0.1465860538948043,-0.6790406102118569,0.0,0.0,0.0,0.0,-0.2048945713201375,-0.5945217675120281,-0.3804485948716189,2.6457513110645903,0.8074431323751352,-0.7995900589021115,0.7995900589021115,-0.408248290463863,-0.7225999215986191,-0.3611575592573077,-0.4472135954999578,1.0641602595597024,0.0991599166166362,0.02644370663931525,False,,,0.0991599166166362,0.38510570066648553,0.966553216359545,0.25,0.4252047084106667
30,11,0.0019181852687427,-0.2032473725181324,-0.2027297761174687,-0.9975923088699956,0.6082007759849537,0.9122357483337862,-1.118033988749895,0.4581107601862798,-0.331124340588225,1.4209964001470157,2.319020086491644,-0.9220037436429076,1.058762483368768,1.5351485382472794,0.3861868007207474,0.1716257983370899,0.202860414303611,0.2417554578346825,-0.7122054994344843,0.0,0.0,0.0,0.0,-0.2048830185687456,-0.6290045603973475,-0.4227564394342181,2.6457513110645903,1.0722923080886575,-0.7995900589021115,0.7995900589021115,-0.408248290463863,-0.7225999215986191,-0.2166945355543847,-0.4472135954999578,1.0641602595597024,0.10735025533211251,0.026306228964469804,False,,,0.10735025533211251,0.38510570066648553,0.966553216359545,0.2623052761437701,0.4303286121254783
30,12,0.0018629371203185,-0.2032378154587976,-0.2026608733464089,-0.9975923088699956,0.4874098886556368,0.9122357483337862,-1.118033988749895,0.4581107601862798,-0.331124340588225,1.4209964001470157,2.319020086491644,-0.9220037436429076,0.4229049625894633,1.5351485382472794,0.8763414437293333,0.1728961875295462,-0.0248554355920339,-0.0900769681246845,-0.7391947379128037,0.0,0.0,0.0,0.0,-0.2049191066015394,-0.6712014705659901,-0.4745289371658892,2.6457513110645903,1.396390675439305,-0.7995900589021115,0.7995900589021115,-0.408248290463863,-0.7225999215986191,-0.0722315118514616,-0.4472135954999578,0.5133933969410024,0.096022547064615,0.026477113213665904,False,0.2,0.25,0.1125304420039304,0.3799440721395986,0.7117262027038862,0.4803999389081789,0.4211501639388985
30,13,0.0019310390212203,-0.2032486531681482,-0.2026736803505041,-0.9975923088699956,0.5594060747783205,0.9122357483337862,-1.118033988749895,0.4581107601862798,-0.331124340588225,1.4209964001470157,2.319020086491644,-0.9220037436429076,0.4536383237800475,1.5351485382472794,0.488805754414466,0.0702867743428922,-0.3926890897485376,0.8186088552255014,-0.5584787835700438,0.0,0.0,0.0,0.0,-0.2048781827570022,-0.4406297506832753,-0.4723802636072602,-0.3779644730092272,-0.3745427334895447,-0.5535623484706925,0.5535623484706925,-0.408248290463863,-0.7225999215986191,0.0722315118514612,-0.4472135954999578,0.5133933969410024,0.09927629244706032,0.026630701754940693,False,,,0.09927629244706032,0.38510570066648553,0.7753266296825617,0.408714537932542,0.41710579018216243
30,14,0.0019608627059583,-0.2032486405624902,-0.2026715800568672,-0.9975923088699956,0.6667469038121095,0.9122357483337862,-1.118033988749895,0.4581107601862798,-0.331124340588225,1.4209964001470157,2.319020086491644,-0.9220037436429076,0.464840882867495,1.5351485382472794,1.4177736900113138,0.1180268755576766,-0.3715750185504018,1.1038807674834787,-0.5747255283598359,0.0,0.0,0.0,0.0,-0.204878230356727,-0.4398318126438796,-0.4715970546913559,-0.3779644730092272,-0.3806713911277836,-0.3075346380392736,0.3075346380392736,-0.408248290463863,-0.7225999215986191,0.2166945355543845,2.2360679774997894,0.5133933969410024,0.10239863196780541,0.026646523209990853,False,,,0.10239863196780541,0.38510570066648553,0.7792475253631683,0.6,0.4666879644993648
30,15,0.0019192724820903,-0.2032318849603841,-0.2026150682317544,-1.445469133803612,0.4119672392592963,0.9122357483337862,-1.118033988749895,0.4581107601862798,3.020013564160076,1.4209964001470157,2.319020086491644,-0.9220037436429076,-0.1480878764060146,1.5351485382472794,1.551355513250321,0.0530765969753529,-0.1426319291324472,0.2749886762539955,-0.6280553377976776,0.0,0.0,0.0,0.0,-0.2049415005214398,-0.5541915836820915,-0.5838458608339447,-0.3779644730092272,0.4976823778081523,-0.0615069276078547,0.0615069276078547,-0.408248290463863,-0.7225999215986191,0.3611575592573074,2.2360679774997894,-0.0373734656776976,0.10275790282279385,0.026582843306525432,False,,,0.10275790282279385,0.6351057006664855,0.6165532163595451,0.3462460366888984,0.4251657141344307
30,16,0.0018749229083855,-0.2032365062387085,-0.2025967485187304,-0.9975923088699956,0.4247593942248951,0.9122357483337862,-1.118033988749895,0.4581107601862798,-0.331124340588225,1.4209964001470157,2.319020086491644,-0.9220037436429076,-0.9155958369638566,1.5351485382472794,1.121358381415705,-0.0541165653920834,-0.1068264477905067,0.8932823927439628,-0.6191865518209557,0.0,0.0,0.0,0.0,-0.2049240502956038,-0.5943824312049288,-0.6232948262467025,-0.3779644730092272,0.8063729433621704,0.1845207828235641,-0.1845207828235641,-0.408248290463863,-0.7225999215986191,0.5056205829602304,2.2360679774997894,-0.5881403282963976,0.10009894000256642,0.026617020304298467,False,,,0.10009894000256642,0.38510570066648553,0.6165532163595451,0.562648837460387,0.41610167362224604
30,17,0.0018659099375148,-0.203233026266782,-0.2025901914375277,-1.445469133803612,0.665145662064844,0.9122357483337862,-1.118033988749895,0.4581107601862798,3.020013564160076,1.4209964001470157,2.319020086491644,-0.9220037436429076,-0.0236388427100581,1.5351485382472794,1.8810764305275445,-0.4884518855430959,-0.4503132114962181,0.9662845159773508,-0.3379395309809184,0.0,0.0,0.0,0.0,-0.2049371908796064,-0.498789835085591,-0.5294667720887327,-0.3779644730092272,0.0721626846188617,0.4305484932549831,-0.4305484932549831,-0.408248290463863,-0.7225999215986191,0.6500836066631537,2.2360679774997894,-0.0373734656776976,0.10025183350279337,0.02661650143273327,False,,,0.10025183350279337,0.6351057006664855,0.6165532163595451,0.5881995805920728,0.4850275827802242
30,18,0.0017826852831235,-0.2032324224889212,-0.20256845883502,-0.9975923088699956,0.4784148529074435,0.9122357483337862,-1.118033988749895,0.4581107601862798,-0.331124340588225,1.4209964001470157,2.319020086491644,-0.9220037436429076,-0.8200808292399807,1.5351485382472794,0.2584050859858914,-0.1016247882584458,-0.2127345726999617,1.2761390162662285,-0.5971978782640824,0.0,0.0,0.0,0.0,-0.2049394707812452,-0.5875790698121334,-0.6166170479758567,-0.3779644730092272,0.7541189202337191,0.676576203686402,-0.676576203686402,-0.408248290463863,-0.7225999215986191,0.7945466303660766,-0.4472135954999578,-0.5881403282963976,0.10087429863263875,0.02622236938857953,False,0.2,0.3,0.1145610278371744,0.568937463093211,0.6494126658566284,0.5557727750617065,0.4721709829621801
30,19,0.0017496465950817,-0.2032206683326317,-0.2025277484647907,-0.9975923088699956,0.5710752494522643,0.9122357483337862,-1.118033988749895,0.4581107601862798,-0.331124340588225,1.4209964001470157,2.319020086491644,-0.9220037436429076,-0.7269365332705464,1.5351485382472794,0.5593835224203597,-0.1854648653856802,-0.2301405214305578,0.6835043142852516,-0.5596912209873672,0.0,0.0,0.0,0.0,-0.2049838551847292,-0.5809445699334387,-0.6101050142075507,-0.3779644730092272,0.7031618579682716,0.922603914117821,-0.922603914117821,-0.408248290463863,-0.7225999215986191,0.9390096540689996,-0.4472135954999578,-0.5881403282963976,0.09932012245670357,0.02552142495392016,False,,,0.09932012245670357,0.38510570066648553,0.6165532163595451,0.379072390604928,0.37001285752191554
30,20,0.0017171736119461,-0.2032095548980086,-0.202478329564869,-0.9975923088699956,0.4586616201284501,0.9122357483337862,-1.118033988749895,0.4581107601862798,-0.331124340588225,1.4209964001470157,2.319020086491644,-0.9220037436429076,-0.8093357815351748,1.5351485382472794,0.2768197370842055,-0.4256919740911031,-0.2912544479067581,0.0741157703021297,-0.4521751443781784,0.0,0.0,0.0,0.0,-0.2050258201845348,-0.5868137194817439,-0.6158658252330417,-0.3779644730092272,0.7482405563549619,1.16863162454924,-1.16863162454924,-0.408248290463863,-0.7225999215986191,1.0834726777719228,-0.4472135954999578,-0.5881403282963976,0.10078204018575748,0.026108067285748292,False,,,0.10078204018575748,0.38510570066648553,0.6165532163595451,0.09514545387679677,0.29939660277214625
30,21,0.0015393150155712,-0.2032012256587534,-0.2023120542478721,-0.9975923088699956,0.6469455073532471,0.9122357483337862,-1.118033988749895,0.4581107601862798,-0.331124340588225,1.4209964001470157,2.319020086491644,-0.9220037436429076,-0.7379652303006204,1.5351485382472794,1.4562359752472722,-0.4011650599408672,-0.3341642728167427,-0.3508152282174234,-0.4607742785155491,0.0,0.0,0.0,0.0,-0.2050572718946117,-0.5817301240926779,-0.610876067837113,-0.3779644730092272,0.7091953997479286,1.4146593349806589,-1.4146593349806589,-0.408248290463863,-0.7225999215986191,1.2279357014748458,-0.4472135954999578,-0.5881403282963976,0.09799441570302947,0.02566434842329572,False,,,0.09799441570302947,0.38510570066648553,0.6165532163595451,0.25,0.337413333182265
30,22,0.0014979979876977,-0.203197662362606,-0.2022715400344465,-0.9975923088699956,0.5037476479453346,0.9122357483337862,-1.118033988749895,0.4581107601862798,-0.331124340588225,1.4209964001470157,2.319020086491644,-0.9220037436429076,-0.9954937159920924,1.5351485382472794,1.6792712591816752,-0.3707876018984062,-0.2685464203807849,-0.3491250735734258,-0.4917005241207425,0.0,0.0,0.0,0.0,-0.2050707271159006,-0.6000734127428077,-0.6288807580617721,-0.3779644730092272,0.8500832012383468,1.6606870454120777,-1.6606870454120777,-0.408248290463863,-0.7225999215986191,1.3723987251777687,-0.4472135954999578,-0.5881403282963976,0.10004317989596531,0.025642523846918414,False,,,0.10004317989596531,0.38510570066648553,0.6165532163595451,0.25,0.337925524230499
30,23,0.0015882677391277,-0.2032016164937607,-0.2023451423884107,-0.9975923088699956,0.5476101711421892,0.9122357483337862,-1.118033988749895,0.4581107601862798,-0.331124340588225,1.4209964001470157,2.319020086491644,-0.9220037436429076,-0.9337517513730442,1.5351485382472794,1.3201668509949132,-0.3186560569847561,-0.234399822435655,0.4806229208057813,-0.5131050543747684,0.0,0.0,0.0,0.0,-0.2050557960780382,-0.5956756441783229,-0.6245641678257713,-0.3779644730092272,0.816305618803064,1.9067147558434967,-1.9067147558434967,-0.408248290463863,-0.7225999215986191,1.516861748880692,-0.4472135954999578,-0.5881403282963976,0.09806233569081005,0.026221007396922555,False,,,0.09806233569081005,0.38510570066648553,0.6165532163595451,0.4182180222820234,0.37948481874971596
30,24,0.0017077043446308,-0.2031931384062939,-0.2024958870862641,-0.9975923088699956,0.480997324812519,0.9122357483337862,-1.118033988749895,0.4581107601862798,-0.331124340588225,1.4209964001470157,2.319020086491644,-0.9220037436429076,-1.1271543790448286,1.5351485382472794,0.5500216001454301,-0.4355157251816656,-0.2978363120375175,-0.0344218705211772,-0.4659809398412161,0.0,0.0,0.0,0.0,-0.2050878098479448,-0.6087413469300144,-0.6373886910123494,-0.3779644730092272,0.9166582965983896,2.1527424662749155,-2.1527424662749155,-0.408248290463863,-0.7225999215986191,1.6613247725836149,-0.4472135954999578,-1.1389071909150976,0.002774534310170107,0.026479328127505156,False,,,0.002774534310170107,0.38510570066648553,0.6165532163595451,0.13750540003635753,0.2854847128431396
31,1,0.0020047759736183,-0.201756701998271,-0.2028924952362883,2.137545465665319,1.936086375323635,-1.1165199948722522,1.118033988749895,-0.4850584519619434,-0.331124340588225,0.4736654667156743,1.4415530267380496,1.5292955878130257,1.058762483368768,0.871812750115739,-0.579128988213133,2.5259938202755725,2.4119963984560537,4.229392965499982,-0.728697868869583,0.0,0.0,0.0,0.0,-0.2015097429054572,0.3348415274253568,0.2887766045406868,-0.3779644730092272,-0.7508058875955863,-0.7995900589021115,0.7995900589021115,-0.408248290463863,1.7140608072470047,-1.661324772583615,-0.4472135954999578,1.0641602595597024,0.0981242067622638,0.02671615556551367,False,,,0.0981242067622638,0.4,0.6,0.75,0.4620310516905659
31,2,-0.0230164720148548,-0.2013595673750637,-0.1940894769032149,1.689668640731703,1.8532897129313783,-1.1165199948722522,1.118033988749895,-0.4850584519619434,-0.331124340588225,0.4736654667156743,1.4415530267380496,1.5292955878130257,1.058762483368768,0.871812750115739,-0.6300861658840329,1.7465592410457338,2.4119963984560537,0.2510744663072685,-0.6413097849575083,0.0,0.0,0.0,0.0,-0.2030093472087983,0.2439746177593654,0.1995870054773422,-0.3779644730092272,-0.6724861373153779,-0.7995900589021115,0.7995900589021115,-0.408248290463863,1.7140608072470047,-1.516861748880692,-0.4472135954999578,1.0641602595597024,0.10007704458342911,0.026645171615451973,False,,,0.10007704458342911,0.4,0.6,0.48787606320754395,0.3969882769477433
31,3,-0.0110396990283626,-0.2013426209206816,-0.1944103042103341,2.5854222905989355,2.192971638979604,-1.1165199948722522,1.118033988749895,-0.4850584519619434,-0.331124340588225,0.4736654667156743,1.4415530267380496,1.5292955878130257,1.058762483368768,0.871812750115739,-2.3083669007854404,2.588396283622152,2.4119963984560537,-0.0035491315932879,-0.7005629300103503,0.0,0.0,0.0,0.0,-0.2030733380432224,0.4542975581751245,0.4060275986312002,-0.3779644730092272,-0.7508058875955863,-0.7995900589021115,0.7995900589021115,-0.408248290463863,1.7140608072470047,-1.3723987251777692,-0.4472135954999578,1.0641602595597024,0.09898815869809041,0.026660251765443947,False,,,0.09898815869809041,0.4,0.6,0.4,0.3747470396745226
31,4,-0.0065197481328558,-0.2013113496419024,-0.1948154001339824,2.137545465665319,1.971929034969542,-1.1165199948722522,1.118033988749895,-0.4850584519619434,-0.331124340588225,0.4736654667156743,1.4415530267380496,1.5292955878130257,1.058762483368768,0.871812750115739,-1.552234711469607,1.7641793209866183,-0.8400930913272918,-0.3830636418897402,-0.614248546308445,0.0,0.0,0.0,0.0,-0.2031914202790382,0.3261767622846712,0.2802717821392591,-0.3779644730092272,-0.7508058875955863,-0.7995900589021115,0.7995900589021115,-0.408248290463863,1.7140608072470047,-1.2279357014748462,-0.4472135954999578,1.0641602595597024,0.0985849858579265,0.026386456842039423,False,,,0.0985849858579265,0.4,0.6,0.0,0.27464624646448166
31,5,-0.0045990930431218,-0.2012567312835929,-0.19495205079129,1.689668640731703,1.883734560749735,-1.1165199948722522,1.118033988749895,-0.4850584519619434,-0.331124340588225,0.4736654667156743,1.4415530267380496,1.5292955878130257,1.058762483368768,0.871812750115739,-1.1942644433075995,2.048756385797488,-0.7234171703356937,-0.9640114653525166,-0.6736770086272305,0.0,0.0,0.0,0.0,-0.2033976624961002,0.2952138332110603,0.2498803971999769,-0.3779644730092272,-0.7508058875955863,-0.7995900589021115,0.7995900589021115,-0.408248290463863,1.7140608072470047,-1.0834726777719228,-0.4472135954999578,1.0641602595597024,0.10524707832539795,0.025791463888955975,False,,,0.10524707832539795,0.4,0.6,0.0,0.2763117695813495
31,6,-0.0030881115440768,-0.2012588214740455,-0.1952500747554772,2.137545465665319,1.862178085079211,-1.1165199948722522,1.118033988749895,-0.4850584519619434,-0.331124340588225,0.4736654667156743,1.4415530267380496,1.5292955878130257,1.058762483368768,0.871812750115739,-1.040681205698872,2.1663005736236283,-0.4673020673953436,-1.0161269463039098,-0.6826567420354616,0.0,0.0,0.0,0.0,-0.2033897698108135,0.3222304187402676,0.2763982840772545,-0.3779644730092272,-0.7508058875955863,-0.7995900589021115,0.7995900589021115,-0.408248290463863,1.7140608072470047,-0.939009654069,-0.4472135954999578,1.0641602595597024,0.09408856806164514,0.02595824134963675,False,0.2,0.1,0.09408856806164514,0.4,0.6,0.0,0.27352214201541125
31,7,0.0005958702779016,-0.2012642366909037,-0.2010527273463798,1.2417918157980865,1.464470202426332,-1.1165199948722522,1.118033988749895,-0.4850584519619434,-0.331124340588225,0.4736654667156743,1.4415530267380496,1.5292955878130257,1.058762483368768,0.871812750115739,0.0762540786625783,2.566449163140617,1.552544810678374,-1.0371561742897075,-0.8051666639052946,0.0,0.0,0.0,0.0,-0.2033693216251616,0.0996952388923731,0.0579708769927653,-0.3779644730092272,0.0443207877835987,-0.7995900589021115,0.7995900589021115,-0.408248290463863,1.7140608072470047,-0.7945466303660769,-0.4472135954999578,1.0641602595597024,0.09894254268206966,0.026652296484431178,False,,,0.09894254268206966,0.4,0.6,0.4190635196656446,0.3795015155869286
31,8,0.0016582378831146,-0.2013319691396592,-0.2013127647109302,1.689668640731703,1.9678066782068333,-1.1165199948722522,1.118033988749895,-0.4850584519619434,-0.331124340588225,0.4736654667156743,1.4415530267380496,1.5292955878130257,1.058762483368768,0.871812750115739,-0.2479902590321814,2.315931456899308,-0.3310660137335069,-0.5135896124807046,-0.73329454609572,0.0,0.0,0.0,0.0,-0.2031135598111721,0.2321825019297498,0.1880125600954322,-0.3779644730092272,-0.6139007015128708,-0.7995900589021115,0.7995900589021115,-0.408248290463863,1.7140608072470047,-0.6500836066631539,-0.4472135954999578,1.0641602595597024,0.09883747691585208,0.02642942926659037,False,,,0.09883747691585208,0.4,0.6,0.0,0.27470936922896305
31,9,0.0032913998147597,-0.2014080719953201,-0.2004972160727891,2.5854222905989355,2.4381428515696326,-1.1165199948722522,1.118033988749895,-0.4850584519619434,-0.331124340588225,0.4736654667156743,1.4415530267380496,1.5292955878130257,1.058762483368768,0.871812750115739,-0.9685791964999272,1.482513056985435,-0.578322826140083,0.0662207865157333,-0.5100722865379185,0.0,0.0,0.0,0.0,-0.202826190835574,0.4473388681246746,0.3991973589115147,-0.3779644730092272,-0.7508058875955863,-0.7995900589021115,0.7995900589021115,-0.408248290463863,1.7140608072470047,-0.5056205829602308,-0.4472135954999578,1.0641602595597024,0.10393591146757314,0.026598966555262088,False,,,0.10393591146757314,0.4,0.6,0.02317727528050665,0.28177829668702
31,10,0.0035603607319993,-0.2013264650277468,-0.2004716155026968,1.689668640731703,1.9653406756306708,-1.1165199948722522,1.118033988749895,-0.4850584519619434,-0.331124340588225,0.4736654667156743,1.4415530267380496,1.5292955878130257,1.058762483368768,0.871812750115739,-0.5858134387554272,1.7344352800118812,-0.3263071537059763,-0.7070121472801216,-0.7805805129287433,0.0,0.0,0.0,0.0,-0.203134343669913,-0.1381663980029821,0.1794657978722488,2.6457513110645903,1.226061864581203,-0.7995900589021115,0.7995900589021115,-0.408248290463863,1.7140608072470047,-0.3611575592573077,-0.4472135954999578,1.0641602595597024,0.1033685097837404,0.02660824076048463,False,,,0.1033685097837404,0.4,0.6,0.0,0.27584212744593506
31,11,0.0038081503720795,-0.2014066246856872,-0.2002491833524048,0.79391499086447,1.4760109414236229,-1.1165199948722522,1.118033988749895,-0.4850584519619434,-0.331124340588225,0.4736654667156743,1.4415530267380496,1.5292955878130257,1.058762483368768,0.871812750115739,-0.5094862016478884,2.6712678964481267,1.0169617326949931,-0.1074238419642984,-0.9451349186346,0.0,0.0,0.0,0.0,-0.2028316559640893,-0.3340208552744743,-0.0608331814677405,2.6457513110645903,2.199103420388906,-0.7995900589021115,0.7995900589021115,-0.408248290463863,1.7140608072470047,-0.2166945355543847,-0.4472135954999578,1.0641602595597024,0.10417861151339353,0.026617612275786177,False,,,0.10417861151339353,0.4,0.6,0.4,0.3760446528783483
31,12,0.0040149367615178,-0.2014591001848423,-0.200021411101192,1.2417918157980865,1.8408921325123164,-1.1165199948722522,1.118033988749895,-0.4850584519619434,-0.331124340588225,0.4736654667156743,1.4415530267380496,1.5292955878130257,1.058762483368768,0.871812750115739,-0.0963439040087263,2.0319526333960103,-0.0962392008086173,0.2471733301684139,-0.8449349291776873,0.0,0.0,0.0,0.0,-0.2026335053125107,-0.2117018184917121,0.0892432584674701,2.6457513110645903,1.5913995799242917,-0.7995900589021115,0.7995900589021115,-0.408248290463863,1.7140608072470047,-0.0722315118514616,-0.4472135954999578,1.0641602595597024,0.2927937127981559,0.026547596482221388,False,0.3,0.25,0.22968595883557777,0.3868035190615836,0.5228028503562945,0.5096797461971516,0.41224301861265183
31,13,0.0032680181031225,-0.2014256706202672,-0.2007509423467788,-0.1018386590027628,1.245566156620978,-1.1165199948722522,1.118033988749895,-0.4850584519619434,-0.331124340588225,0.4736654667156743,1.4415530267380496,1.5292955878130257,1.058762483368768,0.871812750115739,0.7628700495462554,2.2914595815355034,-0.2001203088023371,-0.1050174739959455,-0.8553545355321364,0.0,0.0,0.0,0.0,-0.2027597373657396,-0.1564895707219925,-0.1934850219655356,-0.3779644730092272,1.3170948118943415,-0.5535623484706925,0.5535623484706925,-0.408248290463863,1.7140608072470047,0.0722315118514612,-0.4472135954999578,1.0641602595597024,0.10148795234520189,0.02669181904573495,False,,,0.10148795234520189,0.4,0.6,0.19071751238656384,0.32305136618294145
31,14,0.0020416179921105,-0.2013421468085449,-0.2008412274798072,-1.445469133803612,0.4713668999371818,-1.1165199948722522,1.118033988749895,-0.4850584519619434,3.020013564160076,0.4736654667156743,1.4415530267380496,1.5292955878130257,-0.0113407718160471,0.871812750115739,1.2995590515330058,1.7033719236276692,-0.1007960430249049,-0.8479910887187748,-0.9178010845648028,0.0,0.0,0.0,0.0,-0.203075128319262,-0.5177675503113098,-0.5480941780205723,-0.3779644730092272,3.111991350048449,-0.3075346380392736,0.3075346380392736,-0.408248290463863,1.7140608072470047,0.2166945355543845,2.2360679774997894,-0.0373734656776976,0.09887375956672367,0.026434204063888328,False,,,0.09887375956672367,0.65,0.25,0.25,0.3122184398916809
31,15,0.0021493104939435,-0.2013878959241562,-0.2008573533140649,-1.445469133803612,0.5306984599088029,-1.1165199948722522,1.118033988749895,-0.4850584519619434,3.020013564160076,0.4736654667156743,1.4415530267380496,1.5292955878130257,0.0124622636890342,0.871812750115739,1.3686174179076178,2.085373482567345,0.405685859525509,-0.5508982404813263,-0.9511707843604308,0.0,0.0,0.0,0.0,-0.2029023768978656,-0.5074084143332438,-0.5379262611416717,-0.3779644730092272,3.060525226022748,-0.0615069276078547,0.0615069276078547,-0.408248290463863,1.7140608072470047,0.3611575592573074,2.2360679774997894,-0.0373734656776976,0.10141516060373593,0.026410866662418975,False,,,0.10141516060373593,0.65,0.25436179229116196,0.4122743438102036,0.3545128241762754
31,16,0.0008287554262402,-0.2013353922811444,-0.2009471753608097,-0.9975923088699956,0.3350579236473054,-1.1165199948722522,1.118033988749895,-0.4850584519619434,-0.331124340588225,0.4736654667156743,1.4415530267380496,1.5292955878130257,-1.1271543790448286,0.871812750115739,0.5657423630328533,1.4623912810424395,0.127119800245761,-1.0262867397198323,-0.9344406124945284,0.0,0.0,0.0,0.0,-0.2031006338223459,-0.6281833708955584,-0.6564718350175848,-0.3779644730092272,3.660557787309308,0.1845207828235641,-0.1845207828235641,-0.408248290463863,1.7140608072470047,0.5056205829602304,2.2360679774997894,-1.1389071909150976,0.0989577193815091,0.026596618501682424,False,,,0.0989577193815091,0.4,0.25,0.19228351085651774,0.23531030755950672
31,17,0.0013564848681255,-0.201432090106274,-0.2008450965717063,-0.9975923088699956,0.3655406595122122,-1.1165199948722522,1.118033988749895,-0.4850584519619434,-0.331124340588225,0.4736654667156743,1.4415530267380496,1.5292955878130257,-0.8529604327243129,0.871812750115739,-0.130640831342248,0.7444302306538619,-0.2107779902872021,-0.3437004077966591,-0.8280189025790559,0.0,0.0,0.0,0.0,-0.2027354969991772,-0.6122091505892016,-0.6407924825480165,-0.3779644730092272,3.5811948746840105,0.4305484932549831,-0.4305484932549831,-0.408248290463863,1.7140608072470047,0.6500836066631537,2.2360679774997894,-0.5881403282963976,0.10057517602671387,0.026589884499502992,False,,,0.10057517602671387,0.4,0.25,0.0,0.18764379400667847
31,18,0.0017980500587295,-0.201359237445991,-0.201202966923249,-1.445469133803612,0.5181401537795416,-1.1165199948722522,1.118033988749895,-0.4850584519619434,3.020013564160076,0.4736654667156743,1.4415530267380496,1.5292955878130257,-0.1378132255712992,0.871812750115739,1.3455654349831645,1.1840317913945737,-0.0881283772324282,-0.963380666085333,-0.8774958971379988,0.0,0.0,0.0,0.0,-0.2030105930408871,-0.5728086540247693,-0.6021192790199598,-0.3779644730092272,3.3854458424140588,0.676576203686402,-0.676576203686402,-0.408248290463863,1.7140608072470047,0.7945466303660766,-0.4472135954999578,-0.0373734656776976,0.09940863090241267,0.026404714332310685,False,0.23,0.15,0.12250549769279613,0.5967564259485925,0.3988402061855669,0.33446166775609304,0.36314094939576214
31,19,0.002249064697477,-0.2013671436054031,-0.2014593327005612,-1.445469133803612,0.6381866544081974,-1.1165199948722522,1.118033988749895,-0.4850584519619434,3.020013564160076,0.4736654667156743,1.4415530267380496,1.5292955878130257,-0.100717468256285,0.871812750115739,2.052214430305188,1.0477747265132342,0.0077861708619919,-0.963183506596253,-0.8508372862826628,0.0,0.0,0.0,0.0,-0.2029807389058293,-0.5566644948416457,-0.586273124572204,-0.3779644730092272,3.305238641681434,0.922603914117821,-0.922603914117821,-0.408248290463863,1.7140608072470047,0.9390096540689996,-0.4472135954999578,-0.0373734656776976,0.09997674437965728,0.026410650655035634,False,,,0.09997674437965728,0.65,0.25,0.2531144683447968,0.3132728031811135
31,20,0.001879441824855,-0.201369490628431,-0.2015705897999646,-0.9975923088699956,0.2703234390299012,-1.1165199948722522,1.118033988749895,-0.4850584519619434,-0.331124340588225,0.4736654667156743,1.4415530267380496,1.5292955878130257,-1.1271543790448286,0.871812750115739,0.9485933849259228,0.642099358981172,0.0116707865711329,-1.004012215757841,-0.8329436465546523,0.0,0.0,0.0,0.0,-0.2029718764052389,-0.6574142132464023,-0.6851631057908371,-0.3779644730092272,3.805782076380286,1.16863162454924,-1.16863162454924,-0.408248290463863,1.7140608072470047,1.0834726777719228,-0.4472135954999578,-1.1389071909150976,0.09816864728498617,0.026474954191896976,False,,,0.09816864728498617,0.4,0.25,0.24181666085993386,0.24749632703623003
31,21,0.0031267675373744,-0.2014960276627459,-0.2004763160898244,-0.9975923088699956,0.4259781012336445,-1.1165199948722522,1.118033988749895,-0.4850584519619434,-0.331124340588225,0.4736654667156743,1.4415530267380496,1.5292955878130257,-1.1271543790448286,0.871812750115739,0.6156737392550949,0.897099629337022,0.0297865079253111,-0.139064709949315,-0.8758768301498238,0.0,0.0,0.0,0.0,-0.202494064927463,-0.659484608361851,-0.6871952835211936,-0.3779644730092272,3.816068186343463,1.4146593349806589,-1.4146593349806589,-0.408248290463863,1.7140608072470047,1.2279357014748458,-0.4472135954999578,-1.1389071909150976,0.10303048416967159,0.02626119971735961,False,,,0.10303048416967159,0.4,0.25,0.16583303798389817,0.22971588053839243
31,22,0.0027869584434161,-0.2014364495983534,-0.2007024138677064,-0.9975923088699956,0.463242892931059,-1.1165199948722522,1.118033988749895,-0.4850584519619434,-0.331124340588225,0.4736654667156743,1.4415530267380496,1.5292955878130257,-0.8902508962754184,0.871812750115739,-0.2302964361833588,1.1780234685033757,0.0363894474077933,-0.6346841372759789,-0.894909267346519,0.0,0.0,0.0,0.0,-0.2027190352940008,-0.6148057739150196,-0.6433411748519532,-0.3779644730092272,3.594095384766853,1.6606870454120777,-1.6606870454120777,-0.408248290463863,1.7140608072470047,1.3723987251777687,-0.4472135954999578,-0.5881403282963976,0.09957447565359939,0.026490173951800054,False,,,0.09957447565359939,0.4,0.25,0.01455577896311732,0.19103256365417917
31,23,0.0039758583992925,-0.2015113401377387,-0.2001259161249453,-0.9975923088699956,0.5703688644317519,-1.1165199948722522,1.118033988749895,-0.4850584519619434,-0.331124340588225,0.4736654667156743,1.4415530267380496,1.5292955878130257,-0.4980151067700853,0.871812750115739,0.9405552660238824,1.2165766997253429,0.0100294900056519,-0.1626955076607509,-0.8881786121800729,0.0,0.0,0.0,0.0,-0.2024362440978196,-0.5874934666047524,-0.6165330249164954,-0.3779644730092272,3.458402736419101,1.9067147558434967,-1.9067147558434967,-0.408248290463863,1.7140608072470047,1.516861748880692,-0.4472135954999578,-0.5881403282963976,0.09889943668882198,0.02654778693121366,False,,,0.09889943668882198,0.4,0.25,0.23915061250823136,0.24701251229926333
31,24,0.0032525120515971,-0.2014325770656444,-0.2004338233035666,-1.445469133803612,0.5758139791958983,-1.1165199948722522,1.118033988749895,-0.4850584519619434,3.020013564160076,0.4736654667156743,1.4415530267380496,1.5292955878130257,-0.1411678352990645,0.871812750115739,1.9114466327869488,0.6717280947201811,-0.176104667243459,-0.7805041974251595,-0.7953855727567257,0.0,0.0,0.0,0.0,-0.2027336582112077,-0.5742685879191604,-0.6035522640216326,-0.3779644730092272,3.392699066914359,2.1527424662749155,-2.1527424662749155,-0.408248290463863,1.7140608072470047,1.6613247725836149,-0.4472135954999578,-0.0373734656776976,0.0010718307283880124,0.02671208431090199,False,,,0.0010718307283880124,0.65,0.25,0.25,0.287767957682097
32,1,0.0020047759736183,-0.2033803548189461,-0.2028924952362883,-0.5497154839363793,0.5464328380694874,0.9122357483337862,-1.118033988749895,1.373539701388967,-0.331124340588225,0.9473309334313323,1.331869644268829,1.6500190191944584,1.058762483368768,-1.1181946142788823,0.4107030771142405,2.174595762759787,2.4119963984560537,2.969317012031833,-0.9461514100135856,0.0,0.0,0.0,0.0,-0.2021303349995562,-0.4689609706440492,-0.5001885181034792,-0.3779644730092272,-0.4396117619864049,-0.7995900589021115,0.7995900589021115,-0.408248290463863,-0.7250102411641544,-1.661324772583615,-0.4472135954999578,1.0641602595597024,0.11130111204525073,0.026629457423520343,False,,,0.11130111204525073,0.38510570066648553,0.6,0.8526757692785601,0.48727064549757404
32,2,-0.0098478689426972,-0.2031922308822416,-0.1987224773961789,-0.5497154839363793,0.5405401294001511,0.9122357483337862,-1.118033988749895,1.373539701388967,-0.331124340588225,0.9473309334313323,1.331869644268829,1.6500190191944584,1.058762483368768,-1.1181946142788823,1.2211629881039838,1.2723553791557094,2.4119963984560537,1.2193374057960291,-0.8594982429906415,0.0,0.0,0.0,0.0,-0.2028407023373752,-0.502408006198943,-0.5330181554485129,-0.3779644730092272,-0.1742443447451679,-0.7995900589021115,0.7995900589021115,-0.408248290463863,-0.7250102411641544,-1.516861748880692,-0.4472135954999578,1.0641602595597024,0.08574623257152877,0.02637167400528067,False,,,0.08574623257152877,0.38510570066648553,0.6,1.0,0.5177129833095035
32,3,-0.0062152023644269,-0.2031194215512246,-0.1980186346827014,-0.9975923088699956,0.3308111752384617,0.9122357483337862,-1.118033988749895,1.373539701388967,-0.331124340588225,0.9473309334313323,1.331869644268829,1.6500190191944584,1.058762483368768,-1.1181946142788823,0.7452920465424064,1.1893633317759091,2.4119963984560537,0.6141194205593773,-0.871070315277007,0.0,0.0,0.0,0.0,-0.203115634765162,-0.5562816775236467,-0.585897373671988,-0.3779644730092272,0.2531871683788149,-0.7995900589021115,0.7995900589021115,-0.408248290463863,-0.7250102411641544,-1.3723987251777692,-0.4472135954999578,1.0641602595597024,0.10608801633988696,0.026383993269778406,False,,,0.10608801633988696,0.38510570066648553,0.6,0.8012648088313836,0.47311463145943905
32,4,-0.0046054173787315,-0.2030549036111416,-0.1974887517402392,-0.5497154839363793,0.6141454494248811,0.9122357483337862,-1.118033988749895,1.373539701388967,-0.331124340588225,0.9473309334313323,1.331869644268829,1.6500190191944584,1.058762483368768,-1.1181946142788823,-0.2640319045172549,1.2736938688942403,-0.7466535382345977,0.0676152246134383,-0.8402929320072872,0.0,0.0,0.0,0.0,-0.2033592584004163,-0.4564165478630314,-0.4878756525902507,-0.3779644730092272,-0.5391387011890567,-0.7995900589021115,0.7995900589021115,-0.408248290463863,-0.7250102411641544,-1.2279357014748462,-0.4472135954999578,1.0641602595597024,0.0982034418172498,0.026346275508022435,False,,,0.0982034418172498,0.38510570066648553,0.6,0.023665328614703406,0.2767436177746097
32,5,-0.0037734880020758,-0.2029904584562425,-0.1969364959273889,-0.5497154839363793,0.4706656284739638,0.9122357483337862,-1.118033988749895,1.373539701388967,-0.331124340588225,0.9473309334313323,1.331869644268829,1.6500190191944584,1.058762483368768,-1.1181946142788823,-0.3084946603215807,1.4970925444896874,-0.5694536103134942,-0.5083066447874887,-0.8909111592418346,0.0,0.0,0.0,0.0,-0.2036026071944239,-0.5084920767994237,-0.5389899203024578,-0.3779644730092272,-0.1259735765058384,-0.7995900589021115,0.7995900589021115,-0.408248290463863,-0.7250102411641544,-1.0834726777719228,-0.4472135954999578,1.0641602595597024,0.1012550798442908,0.026196252474646946,False,,,0.1012550798442908,0.38510570066648553,0.6,0.0,0.2715901951276941
32,6,-0.0024625616813437,-0.2030179860602823,-0.1970496772189051,-0.9975923088699956,0.3163990436149583,0.9122357483337862,-1.118033988749895,1.373539701388967,-0.331124340588225,0.9473309334313323,1.331869644268829,1.6500190191944584,1.058762483368768,-1.1181946142788823,1.0319379424675834,2.146124347825967,-0.0532451903355781,-0.0465887959134946,-0.970863155407741,0.0,0.0,0.0,0.0,-0.2034986613003454,-0.5505504094097463,-0.5802718989300572,-0.3779644730092272,0.20771552069253,-0.7995900589021115,0.7995900589021115,-0.408248290463863,-0.7250102411641544,-0.939009654069,-0.4472135954999578,1.0641602595597024,0.09986958860213271,0.02647333055533586,False,0.05,0.05,0.09986958860213271,0.38510570066648553,0.6,0.25,0.33374382231715455
32,7,-0.0002619888662698,-0.203014136231588,-0.1997784033474859,-0.5497154839363793,0.5202558982178208,0.9122357483337862,-1.118033988749895,1.373539701388967,-0.331124340588225,0.9473309334313323,1.331869644268829,1.6500190191944584,1.058762483368768,-1.1181946142788823,0.6232707100329992,1.3354384283448584,0.7737055945589182,0.0662964332394747,-0.8630078439719768,0.0,0.0,0.0,0.0,-0.2035131984858229,-0.4902705294518974,-0.5211047241599521,-0.3779644730092272,-0.2705425906959305,-0.7995900589021115,0.7995900589021115,-0.408248290463863,-0.7250102411641544,-0.7945466303660769,-0.4472135954999578,1.0641602595597024,0.0980339789335117,0.026382369506040334,False,,,0.0980339789335117,0.38510570066648553,0.6,0.4885036669656333,0.39291083664140763
32,8,0.0006073833469353,-0.2029831215739126,-0.2008469763834549,-0.1018386590027628,0.8007109616234619,0.9122357483337862,-1.118033988749895,1.373539701388967,-0.331124340588225,0.9473309334313323,1.331869644268829,1.6500190191944584,1.058762483368768,-1.1181946142788823,1.0729025649050992,2.0598586469604974,0.0853438089188809,-0.1492397719061889,-0.925846261656366,0.0,0.0,0.0,0.0,-0.2036303117048645,-0.439749982596437,-0.4715167351432435,-0.3779644730092272,-0.67137055090919,-0.7995900589021115,0.7995900589021115,-0.408248290463863,-0.7250102411641544,-0.6500836066631539,-0.4472135954999578,1.0641602595597024,0.101784976590647,0.026377195728243964,False,,,0.101784976590647,0.38510570066648553,0.6,0.28413752356755234,0.3427570502061712
32,9,0.0007880147326365,-0.2029248895588747,-0.2011265765807048,0.3460381659308536,0.995793984676198,0.9122357483337862,-1.118033988749895,1.373539701388967,-0.331124340588225,0.9473309334313323,1.331869644268829,1.6500190191944584,1.058762483368768,-1.1181946142788823,-0.2687967068676055,2.1565614447376364,-0.1431065620621176,-0.7245184838569924,-0.908021862574688,0.0,0.0,0.0,0.0,-0.2038501993078086,-0.359193232825572,-0.3924469809244675,-0.3779644730092272,-0.7508058875955863,-0.7995900589021115,0.7995900589021115,-0.408248290463863,-0.7250102411641544,-0.5056205829602308,-0.4472135954999578,1.0641602595597024,0.09635459003186478,0.026527930299382097,False,,,0.09635459003186478,0.38510570066648553,0.6,0.0,0.27036507267458754
32,10,0.000664031776146,-0.202903558229866,-0.2009721961651959,-0.1018386590027628,0.9974217739342728,0.9122357483337862,-1.118033988749895,1.373539701388967,-0.331124340588225,0.9473309334313323,1.331869644268829,1.6500190191944584,1.058762483368768,-1.1181946142788823,-0.533283381449422,1.2712131503430184,-0.1267487760019832,-0.8521161200162466,-0.9059461234869388,0.0,0.0,0.0,0.0,-0.2039307476934393,-0.6128707910487158,-0.4029614939354345,2.6457513110645903,0.7021628892755983,-0.7995900589021115,0.7995900589021115,-0.408248290463863,-0.7250102411641544,-0.3611575592573077,-0.4472135954999578,1.0641602595597024,0.09659580205332932,0.026560940606111492,False,,,0.09659580205332932,0.38510570066648553,0.6,0.0,0.27042537567995373
32,11,0.0006433738332942,-0.2029447230406543,-0.2009647498460021,0.3460381659308536,1.294944365595092,0.9122357483337862,-1.118033988749895,1.373539701388967,-0.331124340588225,0.9473309334313323,1.331869644268829,1.6500190191944584,1.058762483368768,-1.1181946142788823,0.3705221907666915,1.784504822474977,0.2471415339684482,-0.1401735595606431,-0.9359099540507358,0.0,0.0,0.0,0.0,-0.2037753068837063,-0.5442139581792954,-0.3187246218566526,2.6457513110645903,0.1574423748186559,-0.7995900589021115,0.7995900589021115,-0.408248290463863,-0.7250102411641544,-0.2166945355543847,-0.4472135954999578,1.0641602595597024,0.09587514884345955,0.02647929148993864,False,,,0.09587514884345955,0.38510570066648553,0.6,0.1914871612790522,0.3181170026972493
32,12,0.0012589504542153,-0.2029585779665253,-0.2012778421170432,0.3460381659308536,1.2295054575091475,0.9122357483337862,-1.118033988749895,1.373539701388967,-0.331124340588225,0.9473309334313323,1.331869644268829,1.6500190191944584,1.058762483368768,-1.1181946142788823,-0.9779344555992868,1.726774373477448,0.1858546008535868,0.2373460989550704,-0.9377732831857192,0.0,0.0,0.0,0.0,-0.2037229898475064,-0.5649476562691722,-0.344163340782689,2.6457513110645903,0.3219426906370831,-0.7995900589021115,0.7995900589021115,-0.408248290463863,-0.7250102411641544,-0.0722315118514616,-0.4472135954999578,1.0641602595597024,0.10459424550291951,0.026554317152600104,False,0.2,0.2,0.11189361492711816,0.4351107471626173,0.4666666666666667,0.5374979948298084,0.38779225589655264
32,13,0.0014084010786842,-0.2028884163687788,-0.2014651631590059,0.79391499086447,1.5497014157548452,0.9122357483337862,-1.118033988749895,1.373539701388967,-0.331124340588225,0.9473309334313323,1.331869644268829,1.6500190191944584,1.058762483368768,-1.1181946142788823,0.2830006095911116,1.4277477764214015,-0.2739886529874041,-0.5793369364940754,-0.7681285850688788,0.0,0.0,0.0,0.0,-0.2039879242746791,-0.2248197674609842,-0.2605539128684145,-0.3779644730092272,-0.7508058875955863,-0.5535623484706925,0.5535623484706925,-0.408248290463863,-0.7250102411641544,0.0722315118514612,-0.4472135954999578,1.0641602595597024,0.09975497496291624,0.02662217215286964,False,,,0.09975497496291624,0.38510570066648553,0.6,0.0707501523977779,0.2889027070067949
32,14,0.0019190143283798,-0.2029216752914983,-0.2018505110688895,0.3460381659308536,1.4937688732886594,0.9122357483337862,-1.118033988749895,1.373539701388967,-0.331124340588225,0.9473309334313323,1.331869644268829,1.6500190191944584,1.058762483368768,-1.1181946142788823,0.3954967888637409,1.9172398462911016,-0.0781300437031307,0.1022125904775128,-0.8604319863288007,0.0,0.0,0.0,0.0,-0.2038623365753951,-0.2942876430998045,-0.3287394822773803,-0.3779644730092272,-0.7508058875955863,-0.3075346380392736,0.3075346380392736,-0.408248290463863,-0.7250102411641544,0.2166945355543845,2.2360679774997894,1.0641602595597024,0.10160799205335208,0.026480508819453803,False,,,0.10160799205335208,0.38510570066648553,0.6,0.1346486038830647,0.3053405741507256
32,15,0.0018505321473576,-0.2029142822061032,-0.2018399926850847,0.79391499086447,1.7713116334218877,0.9122357483337862,-1.118033988749895,1.373539701388967,-0.331124340588225,0.9473309334313323,1.331869644268829,1.6500190191944584,1.058762483368768,-1.1181946142788823,-0.2214645640404612,1.2672703659565523,-0.1989903763571509,0.1998993178648661,-0.7371143158955349,0.0,0.0,0.0,0.0,-0.2038902533120018,-0.2143444199412175,-0.2502719295945089,-0.3779644730092272,-0.7508058875955863,-0.0615069276078547,0.0615069276078547,-0.408248290463863,-0.7250102411641544,0.3611575592573074,2.2360679774997894,1.0641602595597024,0.10331804777875386,0.02625429901161801,False,,,0.10331804777875386,0.38510570066648553,0.6,0.06996476125270312,0.2895971274244856
32,16,0.0010969337324688,-0.2028637844746663,-0.2014723570646275,1.689668640731703,2.509760134841473,0.9122357483337862,-1.118033988749895,1.373539701388967,-0.331124340588225,0.9473309334313323,1.331869644268829,1.6500190191944584,1.058762483368768,-1.1181946142788823,-0.7092378014831001,1.6257648396204212,-0.0947405447528388,-0.3958400213328034,-0.7237590578646957,0.0,0.0,0.0,0.0,-0.204080935793323,-0.0307223921795978,-0.0700393774426152,-0.3779644730092272,-0.7508058875955863,0.1845207828235641,-0.1845207828235641,-0.408248290463863,-0.7250102411641544,0.5056205829602304,2.2360679774997894,1.0641602595597024,0.09652246110959067,0.026284887369751514,False,,,0.09652246110959067,0.38510570066648553,0.6,0.0,0.27040704044401903
32,17,0.0009068989601455,-0.20285285799858,-0.2012968001056879,1.689668640731703,2.394176218304925,0.9122357483337862,-1.118033988749895,1.373539701388967,-0.331124340588225,0.9473309334313323,1.331869644268829,1.6500190191944584,1.058762483368768,-1.1181946142788823,-1.2965080064115515,2.4224706626656363,0.0568363378224832,-0.3705498360522696,-0.8392393721357188,0.0,0.0,0.0,0.0,-0.2041221948264109,-0.0618042564426565,-0.1005475021488859,-0.3779644730092272,-0.7508058875955863,0.4305484932549831,-0.4305484932549831,-0.408248290463863,-0.7250102411641544,0.6500836066631537,2.2360679774997894,1.0641602595597024,0.0995406253606756,0.026476470619657095,False,,,0.0995406253606756,0.38510570066648553,0.6,0.02273453512899328,0.2768452152890386
32,18,0.0009926230862133,-0.2028273527996775,-0.2014075441559165,0.79391499086447,1.854587526649866,0.9122357483337862,-1.118033988749895,1.373539701388967,-0.331124340588225,0.9473309334313323,1.331869644268829,1.6500190191944584,1.058762483368768,-1.1181946142788823,-0.3598618842890274,1.7061120810108417,-0.0275416936027376,-0.6007256838546766,-0.8236451503514262,0.0,0.0,0.0,0.0,-0.2042185039966438,-0.2645031749464211,-0.2995048050700242,-0.3779644730092272,-0.7508058875955863,0.676576203686402,-0.676576203686402,-0.408248290463863,-0.7250102411641544,0.7945466303660766,-0.4472135954999578,1.0641602595597024,0.10030591962995522,0.02649058585854791,False,0.2,0.15,0.10013160497950532,0.3799440721395986,0.6,0.47058823529411764,0.3876659781033054
32,19,0.0005789163148447,-0.2028176005661059,-0.2011336334262914,1.689668640731703,2.569960919118955,0.9122357483337862,-1.118033988749895,1.373539701388967,-0.331124340588225,0.9473309334313323,1.331869644268829,1.6500190191944584,1.058762483368768,-1.1181946142788823,-0.6119651821422504,1.724775858523119,-0.2005119126938734,-0.5607143774978733,-0.7552635983599686,0.0,0.0,0.0,0.0,-0.2042553290191337,-0.0736424335761613,-0.1121671585899296,-0.3779644730092272,-0.7508058875955863,0.922603914117821,-0.922603914117821,-0.408248290463863,-0.7250102411641544,0.9390096540689996,-0.4472135954999578,1.0641602595597024,0.09873895138414437,0.026368273559501457,False,,,0.09873895138414437,0.38510570066648553,0.6,0.0,0.2709611630126575
32,20,0.0007875374864318,-0.2028118544200043,-0.2013437040643806,1.689668640731703,2.6646248793508573,0.9122357483337862,-1.118033988749895,1.373539701388967,-0.331124340588225,0.9473309334313323,1.331869644268829,1.6500190191944584,1.058762483368768,-1.1181946142788823,-1.964584476853263,2.1077374514526435,-0.1334743719133963,-0.4394208237117826,-0.7781968268420402,0.0,0.0,0.0,0.0,-0.2042770268135791,0.0120083992368614,-0.0280973529135274,-0.3779644730092272,-0.7508058875955863,1.16863162454924,-1.16863162454924,-0.408248290463863,-0.7250102411641544,1.0834726777719228,-0.4472135954999578,1.0641602595597024,0.10074902848581191,0.02644463307312006,False,,,0.10074902848581191,0.38510570066648553,0.6,0.0,0.2714636822880744
32,21,0.0009821483557151,-0.2027767198006211,-0.2016327959708976,0.79391499086447,2.308525414209334,0.9122357483337862,-1.118033988749895,1.373539701388967,-0.331124340588225,0.9473309334313323,1.331869644268829,1.6500190191944584,1.058762483368768,-1.1181946142788823,-1.3498483539422297,2.666089017148413,0.2227913253027632,-0.902825518394108,-0.9036116020601228,0.0,0.0,0.0,0.0,-0.2044096972566593,-0.1955101012134389,-0.2317852732073103,-0.3779644730092272,-0.7508058875955863,1.4146593349806589,-1.4146593349806589,-0.408248290463863,-0.7250102411641544,1.2279357014748458,-0.4472135954999578,1.0641602595597024,0.10083817667882866,0.026383752345395084,False,,,0.10083817667882866,0.38510570066648553,0.6,0.08911653012110528,0.2937651018666048
32,22,0.0008499738860247,-0.2027560847441095,-0.2014717333699943,0.3460381659308536,1.6996045257702832,0.9122357483337862,-1.118033988749895,1.373539701388967,-0.331124340588225,0.9473309334313323,1.331869644268829,1.6500190191944584,1.058762483368768,-1.1181946142788823,0.0278855405646349,2.6525776587234278,0.2506158622177121,-1.104847708352201,-0.9462023425539544,0.0,0.0,0.0,0.0,-0.2044876164753224,-0.3425690400127464,-0.3761296537788898,-0.3779644730092272,-0.7508058875955863,1.6606870454120777,-1.6606870454120777,-0.408248290463863,-0.7250102411641544,1.3723987251777687,-0.4472135954999578,1.0641602595597024,0.10000223587741935,0.026511510486805025,False,,,0.10000223587741935,0.38510570066648553,0.6,0.10721773002824356,0.2980814166430371
32,23,0.0011353914384121,-0.2027746977557747,-0.2017340476907772,0.3460381659308536,1.808124352626426,0.9122357483337862,-1.118033988749895,1.373539701388967,-0.331124340588225,0.9473309334313323,1.331869644268829,1.6500190191944584,1.058762483368768,-1.1181946142788823,-0.8461425531095074,1.7951499913837532,-0.1365556171631426,-0.4443444664238364,-0.8563042843977653,0.0,0.0,0.0,0.0,-0.2044173326200246,-0.3227764894196391,-0.3567024535106175,-0.3779644730092272,-0.7508058875955863,1.9067147558434967,-1.9067147558434967,-0.408248290463863,-0.7250102411641544,1.516861748880692,-0.4472135954999578,1.0641602595597024,0.09753444928097713,0.02628324019244817,False,,,0.09753444928097713,0.38510570066648553,0.6,0.0,0.2706600374868656
32,24,0.0010833797540779,-0.2027416514469867,-0.2016770996730936,0.79391499086447,2.0595670274150604,0.9122357483337862,-1.118033988749895,1.373539701388967,-0.331124340588225,0.9473309334313323,1.331869644268829,1.6500190191944584,1.058762483368768,-1.1181946142788823,-1.243300861649634,2.135709205149933,-0.1238844206170852,-0.9393077773104798,-0.8622799095002667,0.0,0.0,0.0,0.0,-0.2045421174762729,-0.2285557642383946,-0.2642209469505024,-0.3779644730092272,-0.7508058875955863,2.1527424662749155,-2.1527424662749155,-0.408248290463863,-0.7250102411641544,1.6613247725836149,-0.4472135954999578,1.0641602595597024,0.0021909470895391525,0.02645511825890792,False,,,0.0021909470895391525,0.38510570066648553,0.6,0.0,0.24682416193900616
33,1,0.0020047759736183,-0.201752529905274,-0.2028924952362883,-0.9975923088699956,0.2396306458253922,0.9122357483337862,1.118033988749895,0.4581107601862798,-0.331124340588225,0.9473309334313323,1.331869644268829,-0.9411021325816428,1.058762483368768,0.871812750115739,1.2987592384255848,1.6849497848370891,2.4119963984560537,3.485229801872773,-0.9442140863699828,0.0,0.0,0.0,0.0,-0.2015254969803894,-0.5934468170953432,-0.6223764826206382,-0.3779644730092272,-0.7508058875955863,-0.7995900589021115,0.7995900589021115,-0.408248290463863,-0.6781470133579576,-1.661324772583615,-0.4472135954999578,1.0641602595597024,0.1003532837982643,0.0266473460791885,False,,,0.1003532837982643,0.03510570066648553,1.0,1.0,0.5338647461161874
33,2,-0.0097459372276866,-0.201566023818057,-0.1987583391867808,-0.5497154839363793,0.3396290839344089,0.9122357483337862,1.118033988749895,0.4581107601862798,-0.331124340588225,0.9473309334313323,1.331869644268829,-0.9411021325816428,1.058762483368768,0.871812750115739,-0.0187042211033451,1.5796839613203846,2.4119963984560537,1.7045480024699695,-0.928848963276361,0.0,0.0,0.0,0.0,-0.2022297552209105,-0.5816543409316474,-0.6108016835560481,-0.3779644730092272,-0.7508058875955863,-0.7995900589021115,0.7995900589021115,-0.408248290463863,-0.6781470133579576,-1.516861748880692,-0.4472135954999578,1.0641602595597024,0.08920188214274213,0.02655089105432322,False,,,0.08920188214274213,0.03510570066648553,1.0,0.75,0.4685768957023069
33,3,-0.0055755168963355,-0.2015119026788386,-0.1983230256309667,-0.9975923088699956,0.2357741672197083,0.9122357483337862,1.118033988749895,0.4581107601862798,-0.331124340588225,0.9473309334313323,1.331869644268829,-0.9411021325816428,1.058762483368768,0.871812750115739,1.2949700182337898,1.084570604609817,2.4119963984560537,1.1376615854155328,-0.8733895294006366,0.0,0.0,0.0,0.0,-0.2024341199086786,-0.5948495235784036,-0.6237532965707061,-0.3779644730092272,-0.7508058875955863,-0.7995900589021115,0.7995900589021115,-0.408248290463863,-0.6781470133579576,-1.3723987251777692,-0.4472135954999578,1.0641602595597024,0.1109312470981044,0.026547768998353656,False,,,0.1109312470981044,0.03510570066648553,1.0,1.0,0.5365092369411475
33,4,-0.0054783413078805,-0.2013746661101067,-0.1968845624787382,-0.9975923088699956,0.1860372974164962,0.9122357483337862,1.118033988749895,0.4581107601862798,-0.331124340588225,0.9473309334313323,1.331869644268829,-0.9411021325816428,1.058762483368768,0.871812750115739,1.456278366838473,1.3355106830553056,-0.6883003676322983,-0.1408962961459699,-0.9199595201520164,0.0,0.0,0.0,0.0,-0.2029523334741037,-0.627854120588164,-0.6561486623355166,-0.3779644730092272,-0.4812420980794384,-0.7995900589021115,0.7995900589021115,-0.408248290463863,-0.6781470133579576,-1.2279357014748462,-0.4472135954999578,1.0641602595597024,0.10215567742790238,0.02628327675051426,False,,,0.10215567742790238,0.03510570066648553,1.0,0.25,0.34681534452359697
33,5,-0.0041655170911026,-0.2013585375381203,-0.1965239457061466,-0.9975923088699956,0.1738550950866214,0.9122357483337862,1.118033988749895,0.4581107601862798,-0.331124340588225,0.9473309334313323,1.331869644268829,-0.9411021325816428,1.058762483368768,0.871812750115739,1.2593881252680068,1.9716483708603791,-0.4453801865556448,-0.3442545458111115,-0.9828026124884948,0.0,0.0,0.0,0.0,-0.2030132359352446,-0.6279483251406897,-0.6562411279679521,-0.3779644730092272,-0.4803664734288925,-0.7995900589021115,0.7995900589021115,-0.408248290463863,-0.6781470133579576,-1.0834726777719228,-0.4472135954999578,1.0641602595597024,0.10010174918007975,0.025821938806210816,False,,,0.10010174918007975,0.03510570066648553,1.0,0.25,0.3463018624616413
33,6,-0.002779969408047,-0.2013728681497195,-0.1966364181013015,-0.5497154839363793,0.2655068095584033,0.9122357483337862,1.118033988749895,0.4581107601862798,-0.331124340588225,0.9473309334313323,1.331869644268829,-0.9411021325816428,1.058762483368768,0.871812750115739,1.3842602665529655,1.7906808690660745,-0.1563984925001069,-0.2832290988358522,-0.9464508117539518,0.0,0.0,0.0,0.0,-0.2029591226810283,-0.5714373330612342,-0.6007732712446936,-0.3779644730092272,-0.7508058875955863,-0.7995900589021115,0.7995900589021115,-0.408248290463863,-0.6781470133579576,-0.939009654069,-0.4472135954999578,1.0641602595597024,0.0947793991724431,0.026143936673293757,False,0.2,0.1,0.0947793991724431,0.03510570066648553,1.0,0.25,0.3449712749597321
33,7,0.0003873484823827,-0.2014729687736784,-0.1993875830932938,-0.5497154839363793,0.3160595119642207,0.9122357483337862,1.118033988749895,0.4581107601862798,-0.331124340588225,0.9473309334313323,1.331869644268829,-0.9411021325816428,1.058762483368768,0.871812750115739,-0.0444554534557152,2.02566477228075,1.218055268145106,0.4986061187114878,-0.9681168327087628,0.0,0.0,0.0,0.0,-0.2025811366841301,-0.5723224879862898,-0.6016420871113809,-0.3779644730092272,-0.7508058875955863,-0.7995900589021115,0.7995900589021115,-0.408248290463863,-0.6781470133579576,-0.7945466303660769,-0.4472135954999578,1.0641602595597024,0.0962856196640957,0.026505020110599433,False,,,0.0962856196640957,0.03510570066648553,1.0,0.5745121415490207,0.42647586546990046
33,8,0.0022917535846885,-0.2014819391081374,-0.2001670659091106,-0.9975923088699956,0.2806820499716221,0.9122357483337862,1.118033988749895,0.4581107601862798,-0.331124340588225,0.9473309334313323,1.331869644268829,-0.9411021325816428,1.058762483368768,0.871812750115739,0.396678041512979,1.9459106152552188,0.117802590360995,0.5037990993160311,-0.9841561597549436,0.0,0.0,0.0,0.0,-0.2025472641598748,-0.6379499288181069,-0.6660581122283199,-0.3779644730092272,-0.3874022748828943,-0.7995900589021115,0.7995900589021115,-0.408248290463863,-0.6781470133579576,-0.6500836066631539,-0.4472135954999578,1.0641602595597024,0.10307368693579436,0.02616374725768536,False,,,0.10307368693579436,0.03510570066648553,1.0,0.3226202312832536,0.36519990472138336
33,9,0.003420554061653,-0.2014379026123377,-0.2006801124478271,-0.9975923088699956,0.402972515767274,0.9122357483337862,1.118033988749895,0.4581107601862798,-0.331124340588225,0.9473309334313323,1.331869644268829,-0.9411021325816428,1.058762483368768,0.871812750115739,-0.1632783193094253,1.5247665464601623,-0.1861769721571693,0.0727778308553206,-0.9246989640142902,0.0,0.0,0.0,0.0,-0.2027135486255104,-0.5862864458489012,-0.6153482845344223,-0.3779644730092272,-0.7508058875955863,-0.7995900589021115,0.7995900589021115,-0.408248290463863,-0.6781470133579576,-0.5056205829602308,-0.4472135954999578,1.0641602595597024,0.10335786347082776,0.026422260864777242,False,,,0.10335786347082776,0.03510570066648553,1.0,0.025472240799362205,0.2909839512341688
33,10,0.0036146498284159,-0.201496585036229,-0.2005234627500267,-0.9975923088699956,0.3694756423127291,0.9122357483337862,1.118033988749895,0.4581107601862798,-0.331124340588225,0.9473309334313323,1.331869644268829,-0.9411021325816428,1.058762483368768,0.871812750115739,1.0730908041611151,1.645903030440902,0.0951586019000836,0.4870327099162113,-1.0198992601401822,0.0,0.0,0.0,0.0,-0.2024919602515547,-0.8035304898215972,-0.6368868875908071,2.6457513110645903,1.1516573244534234,-0.7995900589021115,0.7995900589021115,-0.408248290463863,-0.6781470133579576,-0.3611575592573077,-0.4472135954999578,1.0641602595597024,0.1048949845448654,0.026355923567986002,False,,,0.1048949845448654,0.03510570066648553,1.0,0.4585248892307074,0.3996313936105146
33,11,0.0033309998950351,-0.2015148535000172,-0.2008266765715113,-0.9975923088699956,0.3623349775882858,0.9122357483337862,1.118033988749895,0.4581107601862798,-0.331124340588225,0.9473309334313323,1.331869644268829,-0.9411021325816428,1.058762483368768,0.871812750115739,0.1937865442534173,1.474260364982196,0.4634283689254161,0.5669587063064468,-1.0126171515422495,0.0,0.0,0.0,0.0,-0.2024229774298332,-0.8215977809380611,-0.6590541217462519,2.6457513110645903,1.3195915170801251,-0.7995900589021115,0.7995900589021115,-0.408248290463863,-0.6781470133579576,-0.2166945355543847,-0.4472135954999578,1.0641602595597024,0.09919204075972204,0.026351695388197587,False,,,0.09919204075972204,0.03510570066648553,1.0,0.43225353084077717,0.39163781806674614
33,12,0.0022379388803149,-0.2014673888141374,-0.2018274948603093,-0.9975923088699956,0.3876375623638636,0.9122357483337862,1.118033988749895,0.4581107601862798,-0.331124340588225,0.9473309334313323,1.331869644268829,-0.9411021325816428,1.058762483368768,0.871812750115739,1.1916210518243653,1.5091284332476396,0.3163141306177947,0.1223389642577525,-1.0130133149117524,0.0,0.0,0.0,0.0,-0.2026022069480938,-0.8150309180438527,-0.6509970651291719,2.6457513110645903,1.2585529910985405,-0.7995900589021115,0.7995900589021115,-0.408248290463863,-0.6781470133579576,-0.0722315118514616,-0.4472135954999578,1.0641602595597024,0.09474232836333918,0.026422052551712826,False,0.1,0.1,0.09773483878990318,0.14161941463099786,0.8666666666666667,0.5377752747214192,0.4109490487022467
33,13,0.0017187024126736,-0.2014288099874595,-0.2015398647475664,-1.445469133803612,0.3012371356192498,0.9122357483337862,1.118033988749895,0.4581107601862798,3.020013564160076,0.9473309334313323,1.331869644268829,-0.9411021325816428,0.0833954478609702,0.871812750115739,0.0630328579762871,2.045789512214548,0.1177795405225304,-0.2426170822348421,-1.0056849770912517,0.0,0.0,0.0,0.0,-0.202747882925768,-0.6771872474305021,-0.7045711499031339,-0.3779644730092272,-0.022694174507806,-0.5535623484706925,0.5535623484706925,-0.408248290463863,-0.6781470133579576,0.0722315118514612,-0.4472135954999578,-0.0373734656776976,0.0986284658868212,0.02668266481098952,False,,,0.0986284658868212,0.28510570066648555,0.6791884067513396,0.06287003070308395,0.28144815100193254
33,14,0.0014569703891814,-0.2014271975893966,-0.2013877908782903,-1.445469133803612,0.1608538036499429,0.9122357483337862,1.118033988749895,0.4581107601862798,3.020013564160076,0.9473309334313323,1.331869644268829,-0.9411021325816428,-0.1476051281764296,0.871812750115739,0.2577157524402577,1.489545443211456,0.0538828278605773,-0.3120398435761376,-0.9893592221014044,0.0,0.0,0.0,0.0,-0.2027539714381577,-0.7595169526379186,-0.7853811326068935,-0.3779644730092272,0.7425546103862892,-0.3075346380392736,0.3075346380392736,-0.408248290463863,-0.6781470133579576,0.2166945355543845,2.2360679774997894,-0.0373734656776976,0.1006227568089409,0.0261117072852217,False,,,0.1006227568089409,0.28510570066648555,0.65,0.08598206925429534,0.2804276316824305
33,15,0.0010792218210003,-0.2014540622590343,-0.2014506196380262,-1.445469133803612,0.2185064071912248,0.9122357483337862,1.118033988749895,0.4581107601862798,3.020013564160076,0.9473309334313323,1.331869644268829,-0.9411021325816428,-0.1200863671205916,0.871812750115739,0.3336268710604628,1.275184612282701,0.0908249327637416,-0.1607998403886927,-0.9641017686546892,0.0,0.0,0.0,0.0,-0.2026525288243884,-0.7497091351672226,-0.7757543574572457,-0.3779644730092272,0.6513916409209615,-0.0615069276078547,0.0615069276078547,-0.408248290463863,-0.6781470133579576,0.3611575592573074,2.2360679774997894,-0.0373734656776976,0.09623282336243194,0.02609362893052505,False,,,0.09623282336243194,0.28510570066648555,0.65,0.11973669087061234,0.28776880372488245
33,16,0.0015927463954215,-0.2014773940810047,-0.2015582826677997,-0.9975923088699956,0.1624978136601045,0.9122357483337862,1.118033988749895,0.4581107601862798,-0.331124340588225,0.9473309334313323,1.331869644268829,-0.9411021325816428,-1.1271543790448286,0.871812750115739,-0.2666971577774097,1.2656488128091496,0.2472242131524491,-0.0396785256047551,-0.9863045189865416,0.0,0.0,0.0,0.0,-0.2025644264566093,-0.8046474202731799,-0.8296785377759031,-0.3779644730092272,1.1620391139755837,0.1845207828235641,-0.1845207828235641,-0.408248290463863,-0.6781470133579576,0.5056205829602304,2.2360679774997894,-1.1389071909150976,0.09873631344216169,0.026637568682585027,False,,,0.09873631344216169,0.03510570066648553,0.65,0.09888968526097965,0.22068292484240673
33,17,0.0028420679575993,-0.2015258912978154,-0.2014098161394468,-0.9975923088699956,0.2786727437354387,0.9122357483337862,1.118033988749895,0.4581107601862798,-0.331124340588225,0.9473309334313323,1.331869644268829,-0.9411021325816428,-0.4014920220609418,0.871812750115739,1.663369050157722,0.9283216085440096,0.016709136992527,0.2684973226466638,-0.9290154492144128,0.0,0.0,0.0,0.0,-0.2023812980392427,-0.7625488526227621,-0.7883570668060684,-0.3779644730092272,0.7707359062317763,0.4305484932549831,-0.4305484932549831,-0.408248290463863,-0.6781470133579576,0.6500836066631537,2.2360679774997894,-0.5881403282963976,0.09972738359606356,0.026627123570283764,False,,,0.09972738359606356,0.03510570066648553,0.65,0.35065771772334314,0.28387270049647306
33,18,0.00401669311485,-0.2015884579626458,-0.2003407720558365,-1.445469133803612,0.4260862719906929,0.9122357483337862,1.118033988749895,0.4581107601862798,3.020013564160076,0.9473309334313323,1.331869644268829,-0.9411021325816428,-0.0626754676538921,0.871812750115739,2.671308158876904,1.4593306863296145,0.1696686542109624,0.675152534938387,-0.9744541447800854,0.0,0.0,0.0,0.0,-0.2021450425370969,-0.7292476172356794,-0.7556705383062489,-0.3779644730092272,0.4612032794449435,0.676576203686402,-0.676576203686402,-0.408248290463863,-0.6781470133579576,0.7945466303660766,-0.4472135954999578,-0.0373734656776976,0.101341370325291,0.02669281938616373,False,0.2,0.4,0.11486626638282646,0.3216886725754291,0.703265306122449,0.49811266857201186,0.4094832284131791
33,19,0.0038657665444278,-0.2015436228536502,-0.2004459138973337,-0.9975923088699956,0.3771108395208342,0.9122357483337862,1.118033988749895,0.4581107601862798,-0.331124340588225,0.9473309334313323,1.331869644268829,-0.9411021325816428,-0.4939313371960649,0.871812750115739,-0.0767559586394569,0.8339039652831219,-0.0222963646999243,0.2809069632726029,-0.9188614506042212,0.0,0.0,0.0,0.0,-0.2023143426143542,-0.7678201825528957,-0.793531093354648,-0.3779644730092272,0.8197325449741103,0.922603914117821,-0.922603914117821,-0.408248290463863,-0.6781470133579576,0.9390096540689996,-0.4472135954999578,-0.5881403282963976,0.10206349140676602,0.026479106777733574,False,,,0.10206349140676602,0.03510570066648553,0.65,0.09831743714541101,0.22137165730466565
33,20,0.0024379210689194,-0.2014499354970743,-0.2006561748832064,-0.9975923088699956,0.1963658803665992,0.9122357483337862,1.118033988749895,0.4581107601862798,-0.331124340588225,0.9473309334313323,1.331869644268829,-0.9411021325816428,-1.1271543790448286,0.871812750115739,-0.114675838330091,1.002602860964985,0.1696299610326318,-0.4620944432232648,-0.9545535534877516,0.0,0.0,0.0,0.0,-0.2026681117265896,-0.7975872184416697,-0.822748660079244,-0.3779644730092272,1.0964150374765993,1.16863162454924,-1.16863162454924,-0.408248290463863,-0.6781470133579576,1.0834726777719228,-0.4472135954999578,-1.1389071909150976,0.10005550745665864,0.026156309544120966,False,,,0.10005550745665864,0.03510570066648553,0.65,0.06785198441305272,0.21325329813404922
33,21,0.0015280028224869,-0.201478963529178,-0.2008154887332023,-0.9975923088699956,0.2922496037585707,0.9122357483337862,1.118033988749895,0.4581107601862798,-0.331124340588225,0.9473309334313323,1.331869644268829,-0.9411021325816428,-1.1271543790448286,0.871812750115739,0.5996097947746793,0.8539455513437488,0.0861944109760556,-0.3028638707072903,-0.9450237640723484,0.0,0.0,0.0,0.0,-0.2025585001255945,-0.8163151216086498,-0.8411308652285103,-0.3779644730092272,1.2704895723730851,1.4146593349806589,-1.4146593349806589,-0.408248290463863,-0.6781470133579576,1.2279357014748458,-0.4472135954999578,-1.1389071909150976,0.09919932954937957,0.02568910869777797,False,,,0.09919932954937957,0.03510570066648553,0.65,0.18438021308409208,0.24217131082498933
33,22,0.0016169251914282,-0.2015672339407205,-0.2007579604968783,-0.9975923088699956,0.1948854420756245,0.9122357483337862,1.118033988749895,0.4581107601862798,-0.331124340588225,0.9473309334313323,1.331869644268829,-0.9411021325816428,-1.1271543790448286,0.871812750115739,0.3625639286870854,0.8432342037965187,0.1176845455249166,0.2772162940947895,-0.9461346052079374,0.0,0.0,0.0,0.0,-0.202225185724705,-0.8214524913855347,-0.8461734043918291,-0.3779644730092272,1.3182410609689494,1.6606870454120777,-1.6606870454120777,-0.408248290463863,-0.6781470133579576,1.3723987251777687,-0.4472135954999578,-1.1389071909150976,0.10046764932678265,0.02546263945553004,False,,,0.10046764932678265,0.03510570066648553,0.65,0.2347405033149143,0.25507846332704565
33,23,0.0026206309132646,-0.2016369091989515,-0.2000754661484404,-0.9975923088699956,0.2955173436802764,0.9122357483337862,1.118033988749895,0.4581107601862798,-0.331124340588225,0.9473309334313323,1.331869644268829,-0.9411021325816428,-1.1271543790448286,0.871812750115739,-0.0903910020640969,1.2086416844108492,0.1754839901472022,0.7140305476012739,-0.977921997167613,0.0,0.0,0.0,0.0,-0.2019620877448923,-0.7986107833820743,-0.8237533310533703,-0.3779644730092272,1.1059290011781753,1.9067147558434967,-1.9067147558434967,-0.408248290463863,-0.6781470133579576,1.516861748880692,-0.4472135954999578,-1.1389071909150976,0.09855875503209127,0.026271586095372078,False,,,0.09855875503209127,0.03510570066648553,0.65,0.32010428771932675,0.27594218585447594
33,24,0.0029261547962593,-0.2015161527463223,-0.2001970025877322,-0.9975923088699956,0.3309109368281272,0.9122357483337862,1.118033988749895,0.4581107601862798,-0.331124340588225,0.9473309334313323,1.331869644268829,-0.9411021325816428,-0.68098016071997,0.871812750115739,0.6426617750803982,0.5531986320723704,-0.0948805768961597,-0.1940310304229744,-0.8816085966381456,0.0,0.0,0.0,0.0,-0.2024180713973785,-0.778486597166597,-0.8040006168185395,-0.3779644730092272,0.9188761141360244,2.1527424662749155,-2.1527424662749155,-0.408248290463863,-0.6781470133579576,1.6613247725836149,-0.4472135954999578,-0.5881403282963976,0.0008772011500688404,0.026544537529235843,False,,,0.0008772011500688404,0.03510570066648553,0.65,0.16066544377009956,0.2116620863966635
34,1,0.0020047759736183,-0.2015840907507309,-0.2028924952362883,-0.5497154839363793,1.117347480526763,0.9122357483337862,-1.118033988749895,0.4581107601862798,-0.331124340588225,0.9473309334313454,0.2350358195768589,-0.91797453217475,1.058762483368768,1.5351485382472794,0.1377337885057686,-0.409697448134244,2.4119963984560537,2.75348980724494,-0.4910593895456758,0.0,0.0,0.0,0.0,-0.2018239532364146,-0.6222882635734224,-0.6506855453723294,-0.3779644730092272,-0.7508058875955863,-0.7995900589021115,0.7995900589021115,-0.408248290463863,1.2498004344354203,-1.661324772583615,-0.4472135954999578,1.0641602595597024,0.10247959937036294,0.026568592363949466,False,,,0.10247959937036294,0.38510570066648553,0.966553216359545,0.7844334471264421,0.5596429908807089
34,2,-0.0068450460242029,-0.2014436273043762,-0.1997789356997238,-0.9975923088699956,0.9050275558975108,0.9122357483337862,-1.118033988749895,0.4581107601862798,-0.331124340588225,0.9473309334313454,0.2350358195768589,-0.91797453217475,0.867780023394165,1.5351485382472794,0.2159827161750696,-0.7184665777149415,2.4119963984560537,1.3836070444611388,-0.3898590991200888,0.0,0.0,0.0,0.0,-0.2023543516864779,-0.7089530298475321,-0.7357505683308382,-0.3779644730092272,-0.5686564433847386,-0.7995900589021115,0.7995900589021115,-0.408248290463863,1.2498004344354203,-1.516861748880692,-0.4472135954999578,0.5133933969410024,0.09805489439846221,0.026442792349738935,False,,,0.09805489439846221,0.38510570066648553,0.9202762245475028,0.8039956790437675,0.5518581246640545
34,3,-0.0057921933604657,-0.2013365853920792,-0.1983993685670283,-0.5497154839363793,1.1031142230118696,0.9122357483337862,-1.118033988749895,0.4581107601862798,-0.331124340588225,0.9473309334313454,0.2350358195768589,-0.91797453217475,1.058762483368768,1.5351485382472794,0.9621918698768498,-0.6889575373579304,2.4119963984560537,0.3461071066056327,-0.3245588523571301,0.0,0.0,0.0,0.0,-0.2027585484070309,-0.6262564666779318,-0.6545804994892247,-0.3779644730092272,-0.7508058875955863,-0.7995900589021115,0.7995900589021115,-0.408248290463863,1.2498004344354203,-1.3723987251777692,-0.4472135954999578,1.0641602595597024,0.10322482496550295,0.026539226293500494,False,,,0.10322482496550295,0.38510570066648553,0.966553216359545,0.7616854547811839,0.5541422991931794
34,4,-0.0031095572540381,-0.2013491908532704,-0.1985051574967569,-0.5497154839363793,1.121483290754257,0.9122357483337862,-1.118033988749895,0.4581107601862798,-0.331124340588225,0.9473309334313454,0.2350358195768589,-0.91797453217475,1.058762483368768,1.5351485382472794,-0.1576951850938341,-0.6433863239651152,-0.8917297529566025,0.3742881070058038,-0.364348294146654,0.0,0.0,0.0,0.0,-0.2027109494248637,-0.6336742481607404,-0.6618613562810209,-0.3779644730092272,-0.7508058875955863,-0.7995900589021115,0.7995900589021115,-0.408248290463863,1.2498004344354203,-1.2279357014748462,-0.4472135954999578,1.0641602595597024,0.10230597061966243,0.026372138825414608,False,,,0.10230597061966243,0.38510570066648553,0.966553216359545,0.1310008374520313,0.39624143127443107
34,5,-0.0026637966900404,-0.2012608134984898,-0.1979703076743243,-0.5497154839363793,1.1828519465135343,0.9122357483337862,-1.118033988749895,0.4581107601862798,-0.331124340588225,0.9473309334313454,0.2350358195768589,-0.91797453217475,1.058762483368768,1.5351485382472794,1.1846395782737087,-0.6635340266499159,-0.8316185984215833,-0.4613450820592613,-0.3276477668603513,0.0,0.0,0.0,0.0,-0.2030446676498741,-0.6112527620453629,-0.6398537479625958,-0.3779644730092272,-0.7508058875955863,-0.7995900589021115,0.7995900589021115,-0.408248290463863,1.2498004344354203,-1.0834726777719228,-0.4472135954999578,1.0641602595597024,0.09903577023573484,0.026444676182895796,False,,,0.09903577023573484,0.38510570066648553,0.966553216359545,0.25,0.42517367181544136
34,6,-0.0009562844657467,-0.2013622744573893,-0.198367032355919,-0.5497154839363793,1.0159994921821456,0.9122357483337862,-1.118033988749895,0.4581107601862798,-0.331124340588225,0.9473309334313454,0.2350358195768589,-0.91797453217475,1.058762483368768,1.5351485382472794,0.219930337175793,-0.772535464350524,-0.6756004651280416,0.3261186868048039,-0.2753361734289191,0.0,0.0,0.0,0.0,-0.2026615449461473,-0.6409406239706565,-0.6689936021944369,-0.3779644730092272,-0.7508058875955863,-0.7995900589021115,0.7995900589021115,-0.408248290463863,1.2498004344354203,-0.939009654069,-0.4472135954999578,1.0641602595597024,0.09538021224885945,0.02615524547076596,False,0.2,0.05,0.09538021224885945,0.38510570066648553,0.966553216359545,0.1691241246756296,0.40404081348762994
34,7,0.0010004687811602,-0.2013343075273366,-0.2005141270715195,-0.9975923088699956,1.0160431582307312,0.9122357483337862,-1.118033988749895,0.4581107601862798,-0.331124340588225,0.9473309334313454,0.2350358195768589,-0.91797453217475,1.058762483368768,1.5351485382472794,-0.293824210112439,-0.6420207987978003,1.1362824911785758,0.0159568923748664,-0.3922668200156587,0.0,0.0,0.0,0.0,-0.2027671497617625,-0.6606727232221182,-0.6883614669912597,-0.3779644730092272,-0.7508058875955863,-0.7995900589021115,0.7995900589021115,-0.408248290463863,1.2498004344354203,-0.7945466303660769,-0.4472135954999578,1.0641602595597024,0.10059237783377949,0.026584592675186737,False,,,0.10059237783377949,0.38510570066648553,0.966553216359545,0.40558491233120325,0.4644590517977533
34,8,0.0019396720312318,-0.201317989935253,-0.2014509769238202,-0.9975923088699956,1.0855955056614408,0.9122357483337862,-1.118033988749895,0.4581107601862798,-0.331124340588225,0.9473309334313454,0.2350358195768589,-0.91797453217475,1.058762483368768,1.5351485382472794,1.4540255736468908,-0.4755936108102226,-0.3850991698796351,-0.1904030565695849,-0.5161806916687361,0.0,0.0,0.0,0.0,-0.2028287659741973,-0.6893314417780811,-0.7164911747921644,-0.3779644730092272,-0.7508058875955863,-0.7995900589021115,0.7995900589021115,-0.408248290463863,1.2498004344354203,-0.6500836066631539,-0.4472135954999578,1.0641602595597024,0.10716464461887171,0.026121559496853037,False,,,0.10716464461887171,0.38510570066648553,0.966553216359545,0.25,0.4272058904112256
34,9,0.0020693824150206,-0.2013276563638456,-0.2014632123146089,-0.9975923088699956,0.9438094039503993,0.9122357483337862,-1.118033988749895,0.4581107601862798,-0.331124340588225,0.9473309334313454,0.2350358195768589,-0.91797453217475,0.592755746929982,1.5351485382472794,1.747934018365349,-0.687417684158869,-0.5330736501833206,-0.180883071945107,-0.4262338107710644,0.0,0.0,0.0,0.0,-0.2027922649564859,-0.7235713365686672,-0.7500990359989427,-0.3779644730092272,-0.4187388113811697,-0.7995900589021115,0.7995900589021115,-0.408248290463863,1.2498004344354203,-0.5056205829602308,-0.4472135954999578,0.5133933969410024,0.09390612086938105,0.026305127902444627,False,,,0.09390612086938105,0.38510570066648553,0.8240177277850388,0.25,0.38825738733022636
34,10,0.0029425583521325,-0.2013890385577657,-0.2011323589950418,-0.9975923088699956,1.1525835521604926,0.9122357483337862,-1.118033988749895,0.4581107601862798,-0.331124340588225,0.9473309334313454,0.2350358195768589,-0.91797453217475,1.058762483368768,1.5351485382472794,-0.3478115007569847,-0.6710363199366645,-0.4594220478621829,0.2419806337973276,-0.5729870028231824,0.0,0.0,0.0,0.0,-0.2025604820879775,-0.8568947967096174,-0.7023609577601756,2.6457513110645903,0.9485561712829644,-0.7995900589021115,0.7995900589021115,-0.408248290463863,1.2498004344354203,-0.3611575592573077,-0.4472135954999578,1.0641602595597024,0.10436909242230313,0.026359358571192922,False,,,0.10436909242230313,0.38510570066648553,0.966553216359545,0.08469322182906465,0.3851803078193496
34,11,0.0025160518737373,-0.2013843069755707,-0.2016674699526649,-0.9975923088699956,1.2337186274564915,0.9122357483337862,-1.118033988749895,0.4581107601862798,-0.331124340588225,0.9473309334313454,0.2350358195768589,-0.91797453217475,1.058762483368768,1.5351485382472794,0.0849952290640986,-0.5214029704144694,0.1895430654977775,0.1320888096417977,-0.6440406301611897,0.0,0.0,0.0,0.0,-0.2025783488278854,-0.8545121393260752,-0.6994376128163919,2.6457513110645903,0.924120895732204,-0.7995900589021115,0.7995900589021115,-0.408248290463863,1.2498004344354203,-0.2166945355543847,-0.4472135954999578,1.0641602595597024,0.09279062107493097,0.025982881394381648,False,,,0.09279062107493097,0.38510570066648553,0.966553216359545,0.14329711683976484,0.3969366637351816
34,12,0.0031632231218447,-0.2014109481256265,-0.2013253254510595,-0.9975923088699956,1.220702515185285,0.9122357483337862,-1.118033988749895,0.4581107601862798,-0.331124340588225,0.9473309334313454,0.2350358195768589,-0.91797453217475,1.058762483368768,1.5351485382472794,1.0911786846024611,-0.3705191039153612,-0.0192208880619554,0.2695624350449047,-0.7078683160966055,0.0,0.0,0.0,0.0,-0.202477750237546,-0.8581824617410312,-0.7039408278182339,2.6457513110645903,0.9617617836706328,-0.7995900589021115,0.7995900589021115,-0.408248290463863,1.2498004344354203,-0.0722315118514616,-0.4472135954999578,1.0641602595597024,0.10373741018153793,0.02642853921656497,False,0.2,0.37,0.11584072418506078,0.4069765633238236,0.9191122705261632,0.5405586694838765,0.49562205687973104
34,13,0.0029871006738961,-0.2013781006767645,-0.2014018230643462,-0.9975923088699956,1.1098812800910272,0.9122357483337862,-1.118033988749895,0.4581107601862798,-0.331124340588225,0.9473309334313454,0.2350358195768589,-0.91797453217475,0.524532507480973,1.5351485382472794,1.4658467166150388,-0.6531366026640495,-0.4510767454571807,-0.0544576906076867,-0.4518927643190142,0.0,0.0,0.0,0.0,-0.2026017841867124,-0.7271975918672788,-0.7536583543181562,-0.3779644730092272,-0.3815498525106966,-0.5535623484706925,0.5535623484706925,-0.408248290463863,1.2498004344354203,0.0722315118514612,-0.4472135954999578,0.5133933969410024,0.10130284776025936,0.026623392579359233,False,,,0.10130284776025936,0.38510570066648553,0.8001395939778856,0.25,0.38413703560115764
34,14,0.0018005697587242,-0.201306202885092,-0.20126576227911,-1.445469133803612,1.0950313399842055,0.9122357483337862,-1.118033988749895,0.4581107601862798,3.020013564160076,0.9473309334313454,0.2350358195768589,-0.91797453217475,0.0123997084677279,1.5351485382472794,1.691470123715178,-0.6187508594864761,-0.4127059747929714,-0.6675903520049921,-0.5074171074443629,0.0,0.0,0.0,0.0,-0.202873274586925,-0.7623945719302432,-0.7882056339779954,-0.3779644730092272,-0.0205882168455023,-0.3075346380392736,0.3075346380392736,-0.408248290463863,1.2498004344354203,0.2166945355543845,2.2360679774997894,-0.0373734656776976,0.10065237548177935,0.026165765501671438,False,,,0.10065237548177935,0.6351057006664855,0.6208931143232499,0.25,0.4016627976178787
34,15,0.001194393241193,-0.2013524343338169,-0.2014123801281563,-1.445469133803612,1.141805166586998,0.9122357483337862,-1.118033988749895,0.4581107601862798,3.020013564160076,0.9473309334313454,0.2350358195768589,-0.91797453217475,0.0168689425164799,1.5351485382472794,1.6574063249689477,-0.7603466427974059,-0.3242736101462515,-0.378228741571155,-0.4162745771769782,0.0,0.0,0.0,0.0,-0.2026987018465841,-0.760909870402865,-0.7867483385286139,-0.3779644730092272,-0.0358145314565387,-0.0615069276078547,0.0615069276078547,-0.408248290463863,1.2498004344354203,0.3611575592573074,2.2360679774997894,-0.0373734656776976,0.09761610460388717,0.02611420843167498,False,,,0.09761610460388717,0.6351057006664855,0.622457346240313,0.25,0.4012947878776714
34,16,0.0009496220258775,-0.201316563759621,-0.2012406025208901,-0.9975923088699956,1.0304580298260362,0.9122357483337862,-1.118033988749895,0.4581107601862798,-0.331124340588225,0.9473309334313454,0.2350358195768589,-0.91797453217475,-0.4906780025818132,1.5351485382472794,1.561166075555004,-0.369500158010526,0.1291156309962741,-0.7053713541890421,-0.6789065459217001,0.0,0.0,0.0,0.0,-0.2028341512994498,-0.823115483161701,-0.8478056990335983,-0.3779644730092272,0.602133374551794,0.1845207828235641,-0.1845207828235641,-0.408248290463863,1.2498004344354203,0.5056205829602304,2.2360679774997894,-0.5881403282963976,0.09875622946500424,0.026544736222213264,False,,,0.09875622946500424,0.38510570066648553,0.6165532163595451,0.3016462523985096,0.35051534972238607
34,17,0.0020230676478082,-0.2014406562509045,-0.2007563260729271,-0.9975923088699956,0.9954086698082164,0.9122357483337862,-1.118033988749895,0.4581107601862798,-0.331124340588225,0.9473309334313454,0.2350358195768589,-0.91797453217475,-0.5802661948145896,1.5351485382472794,0.6187386378675107,-0.3906678890331775,-0.1469886739040917,0.1489093843988005,-0.6747608939031312,0.0,0.0,0.0,0.0,-0.2023655705636828,-0.8278773452397977,-0.8524796619877861,-0.3779644730092272,0.6509685166988468,0.4305484932549831,-0.4305484932549831,-0.408248290463863,1.2498004344354203,0.6500836066631537,2.2360679774997894,-0.5881403282963976,0.10046814149073396,0.026525014721593833,False,,,0.10046814149073396,0.38510570066648553,0.6165532163595451,0.20680294400645785,0.3272325006308056
34,18,0.0026122009096026,-0.2013720896661484,-0.2009255360833913,-1.445469133803612,1.1786600806914684,0.9122357483337862,-1.118033988749895,0.4581107601862798,3.020013564160076,0.9473309334313454,0.2350358195768589,-0.91797453217475,-0.0971450969908046,1.5351485382472794,0.7808696728404023,-0.8521117344206254,-0.4789710276344752,-0.4138596690648597,-0.3912906414929002,0.0,0.0,0.0,0.0,-0.2026244821255486,-0.7987858949637864,-0.8239252102536386,-0.3779644730092272,0.3526219694463117,0.676576203686402,-0.676576203686402,-0.408248290463863,1.2498004344354203,0.7945466303660766,-0.4472135954999578,-0.0373734656776976,0.10028275464589706,0.026684891198042782,False,0.2,0.2,0.11006193106971325,0.7046959230105716,0.6969537211729961,0.44131829760033525,0.4882574682134041
34,19,0.0030585599028125,-0.2013866700232717,-0.2008962656423689,-0.9975923088699956,1.133892188476462,0.9122357483337862,-1.118033988749895,0.4581107601862798,-0.331124340588225,0.9473309334313454,0.2350358195768589,-0.91797453217475,-0.6221246971498355,1.5351485382472794,1.2914564633781302,-0.6520880986274948,-0.3177670454213909,-0.367637665060474,-0.5561590318571186,0.0,0.0,0.0,0.0,-0.202569425817162,-0.8301022412885787,-0.8546634887216081,-0.3779644730092272,0.6737858753334881,0.922603914117821,-0.922603914117821,-0.408248290463863,1.2498004344354203,0.9390096540689996,-0.4472135954999578,-0.5881403282963976,0.10036823098585684,0.026202722292763384,False,,,0.10036823098585684,0.38510570066648553,0.6165532163595451,0.25,0.3380067870029719
34,20,0.0031826340857366,-0.2014549477753202,-0.2007606777631914,-0.9975923088699956,1.0613379779103016,0.9122357483337862,-1.118033988749895,0.4581107601862798,-0.331124340588225,0.9473309334313454,0.2350358195768589,-0.91797453217475,-0.4289310343359048,1.5351485382472794,0.9610496064777924,-0.7640216282059338,-0.2501491962031347,0.0580716930991283,-0.4782186655194709,0.0,0.0,0.0,0.0,-0.2023116049050303,-0.8198334597253576,-0.8445842584070823,-0.3779644730092272,0.5684746758294963,1.16863162454924,-1.16863162454924,-0.408248290463863,1.2498004344354203,1.0834726777719228,-0.4472135954999578,-0.5881403282963976,0.09965037311656341,0.025730122318963086,False,,,0.09965037311656341,0.38510570066648553,0.6165532163595451,0.260587494204143,0.3404741960866843
34,21,0.003846985003264,-0.2015097482127721,-0.2001150393094747,-0.9975923088699956,1.0199379709440737,0.9122357483337862,-1.118033988749895,0.4581107601862798,-0.331124340588225,0.9473309334313454,0.2350358195768589,-0.91797453217475,-1.1271543790448286,1.5351485382472794,0.4223814262179877,-0.7600709358661567,-0.1428286638021236,0.3797607301519267,-0.5419421229361615,0.0,0.0,0.0,0.0,-0.2021046751461387,-0.8758249691807489,-0.8995422216264135,-0.3779644730092272,1.1426940207910783,1.4146593349806589,-1.4146593349806589,-0.408248290463863,1.2498004344354203,1.2279357014748458,-0.4472135954999578,-1.1389071909150976,0.10257404110668761,0.026324317079007405,False,,,0.10257404110668761,0.38510570066648553,0.6165532163595451,0.23851161210767124,0.3356861425600973
34,22,0.0035906090990034,-0.2015205968115455,-0.2004170486822248,-0.9975923088699956,1.1529559023586091,0.9122357483337862,-1.118033988749895,0.4581107601862798,-0.331124340588225,0.9473309334313454,0.2350358195768589,-0.91797453217475,-0.464788968594178,1.5351485382472794,1.5816358168086435,-0.8153391629882686,-0.353401779497477,0.3897467350736152,-0.4452672071353847,0.0,0.0,0.0,0.0,-0.2020637101824839,-0.8217394088586953,-0.8464550256606664,-0.3779644730092272,0.5880210833745053,1.6606870454120777,-1.6606870454120777,-0.408248290463863,1.2498004344354203,1.3723987251777687,-0.4472135954999578,-0.5881403282963976,0.10011542153965503,0.026351112842048097,False,,,0.10011542153965503,0.38510570066648553,0.6165532163595451,0.3864113572757653,0.3720464239603627
34,23,0.0035856418322547,-0.2014564128651615,-0.2004175281737415,-0.9975923088699956,1.044440212971628,0.9122357483337862,-1.118033988749895,0.4581107601862798,-0.331124340588225,0.9473309334313454,0.2350358195768589,-0.91797453217475,-1.1271543790448286,1.5351485382472794,0.2850255507063434,-0.7185040045633164,-0.2541754343254989,-0.1146605820243479,-0.5442107506231965,0.0,0.0,0.0,0.0,-0.2023060726373751,-0.854934455649929,-0.8790373256979613,-0.3779644730092272,0.9284519488723793,1.9067147558434967,-1.9067147558434967,-0.408248290463863,1.2498004344354203,1.516861748880692,-0.4472135954999578,-1.1389071909150976,0.09624638847150163,0.02630959029790475,False,,,0.09624638847150163,0.38510570066648553,0.6165532163595451,0.07125638767658585,0.29229042329352956
34,24,0.003263710093022,-0.201523492941531,-0.200736750566565,-0.9975923088699956,0.9514812928770048,0.9122357483337862,-1.118033988749895,0.4581107601862798,-0.331124340588225,0.9473309334313454,0.2350358195768589,-0.91797453217475,-1.1271543790448286,1.5351485382472794,1.3568090688382806,-0.8740508940453584,-0.3327213930570739,0.2816317595173923,-0.4566404204638589,0.0,0.0,0.0,0.0,-0.2020527742208839,-0.8678283592120736,-0.8916932209330505,-0.3779644730092272,1.0606850129470533,2.1527424662749155,-2.1527424662749155,-0.408248290463863,1.2498004344354203,1.6613247725836149,-0.4472135954999578,-1.1389071909150976,0.0021323372469273516,0.026428417430864767,False,,,0.0021323372469273516,0.38510570066648553,0.6165532163595451,0.3485711158310873,0.3380905925260113
35,1,0.0020047759736183,-0.2016211915198778,-0.2028924952362883,1.2417918157980865,-0.8636729292746329,0.9122357483337862,1.118033988749895,-1.400487393164631,-0.331124340588225,0.9473309334313454,0.2350358195768589,-0.3579411286977252,-1.1271543790448286,-1.1181946142788823,-1.215363174227919,-1.683332976642265,2.4119963984560537,3.2062238168140875,0.2077651867385515,0.0,0.0,0.0,0.0,-0.2005585913050958,-1.1964343811362972,-1.2142335103844406,-0.3779644730092272,0.2262820911476773,-0.7995900589021115,0.7995900589021115,-0.408248290463863,-0.7250102411641544,-1.661324772583615,-0.4472135954999578,-1.1389071909150976,0.10305956610200562,0.02665026394046761,False,,,0.10305956610200562,0.03510570066648553,0.65,0.75,0.38454131669212277
35,2,-0.023991794404061,-0.2012085766820256,-0.1937463373093468,0.79391499086447,-0.6189837559382784,0.9122357483337862,1.118033988749895,-1.400487393164631,-0.331124340588225,0.9473309334313454,0.2350358195768589,-0.3579411286977252,-1.1271543790448286,-1.1181946142788823,-0.5394905678157239,-0.8157867842448057,2.4119963984560537,0.292604024139253,-0.8063662191325915,0.0,0.0,0.0,0.0,-0.2021166498331291,-1.1383268151968708,-1.1571985509285234,-0.3779644730092272,-0.7508058875955863,-0.7995900589021115,0.7995900589021115,-0.408248290463863,-0.7250102411641544,-1.516861748880692,-0.4472135954999578,-1.1389071909150976,0.09685515554669372,0.0260095678227913,False,,,0.09685515554669372,0.03510570066648553,0.65,0.5024114084487386,0.3210930661654795
35,3,-0.0113823954724817,-0.2011962319582677,-0.1941375696763579,0.3460381659308536,-0.3336957579493141,0.9122357483337862,1.118033988749895,-1.400487393164631,-0.331124340588225,0.9473309334313454,0.2350358195768589,-0.3579411286977252,-1.1271543790448286,-1.1181946142788823,-0.3238191946679185,-0.9561077583303732,2.4119963984560537,0.1715352998523739,-0.6170944244288904,0.0,0.0,0.0,0.0,-0.2021632642550129,-1.0427458451007212,-1.063381908189195,-0.3779644730092272,-0.7508058875955863,-0.7995900589021115,0.7995900589021115,-0.408248290463863,-0.7250102411641544,-1.3723987251777692,-0.4472135954999578,-1.1389071909150976,0.10008737470882945,0.026171184742080113,False,,,0.10008737470882945,0.03510570066648553,0.65,0.46003735494833087,0.31130760758091147
35,4,-0.0064557390950071,-0.2011776917357473,-0.1946805964955352,0.3460381659308536,-0.393380210692397,0.9122357483337862,1.118033988749895,-1.400487393164631,-0.331124340588225,0.9473309334313454,0.2350358195768589,-0.3579411286977252,-1.1271543790448286,-1.1181946142788823,-1.1109631274907006,-0.6821409291928714,-0.7777733747812234,0.0095764152045908,-0.7831269529487905,0.0,0.0,0.0,0.0,-0.2022332732541076,-1.0669835157230827,-1.087172176098426,-0.3779644730092272,-0.7508058875955863,-0.7995900589021115,0.7995900589021115,-0.408248290463863,-0.7250102411641544,-1.2279357014748462,-0.4472135954999578,-1.1389071909150976,0.09893515723282789,0.02624366154566955,False,,,0.09893515723282789,0.03510570066648553,0.65,0.00335174532160678,0.19684815080523005
35,5,-0.0049814055800092,-0.2010822142893643,-0.1945864719794499,0.79391499086447,-0.7536281648500082,0.9122357483337862,1.118033988749895,-1.400487393164631,-0.331124340588225,0.9473309334313454,0.2350358195768589,-0.3579411286977252,-1.1271543790448286,-1.1181946142788823,-0.5512264645674828,-0.6886723278386218,-0.5739019083323726,-0.6736001796919754,-0.8849595086563402,0.0,0.0,0.0,0.0,-0.2025938018534819,-1.167944232264185,-1.1862692606427143,-0.3779644730092272,-0.3743837172105617,-0.7995900589021115,0.7995900589021115,-0.408248290463863,-0.7250102411641544,-1.0834726777719228,-0.4472135954999578,-1.1389071909150976,0.10621368899464484,0.02589711803772212,False,,,0.10621368899464484,0.03510570066648553,0.65,0.0,0.19782984741528262
35,6,-0.003166794148729,-0.2011261386707872,-0.1950071181823874,0.79391499086447,-0.726916626745305,0.9122357483337862,1.118033988749895,-1.400487393164631,-0.331124340588225,0.9473309334313454,0.2350358195768589,-0.3579411286977252,-1.1271543790448286,-1.1181946142788823,-1.3206558619553828,-0.718668345136381,-0.2889926982031411,-0.4061950458627827,-0.8581814009105667,0.0,0.0,0.0,0.0,-0.2024279407384989,-1.151882400983099,-1.1705039144077765,-0.3779644730092272,-0.7130198160766856,-0.7995900589021115,0.7995900589021115,-0.408248290463863,-0.7250102411641544,-0.939009654069,-0.4472135954999578,-1.1389071909150976,0.09234089008013655,0.025937457072841924,False,0.1,0.1,0.09234089008013655,0.03510570066648553,0.65,0.0,0.19436164768665554
35,7,0.0003842334370106,-0.2010896805758296,-0.2006703274294634,0.79391499086447,-0.5545728317422542,0.9122357483337862,1.118033988749895,-1.400487393164631,-0.331124340588225,0.9473309334313454,0.2350358195768589,-0.3579411286977252,-1.1271543790448286,-1.1181946142788823,-0.6847711440536733,-0.8646568644812885,0.6895929988726527,-0.6820308006960545,-0.7532297401343057,0.0,0.0,0.0,0.0,-0.2025656087052163,-1.1114716555886477,-1.1308391102141444,-0.3779644730092272,-0.7508058875955863,-0.7995900589021115,0.7995900589021115,-0.408248290463863,-0.7250102411641544,-0.7945466303660769,-0.4472135954999578,-1.1389071909150976,0.10036992145309853,0.02609711528737278,False,,,0.10036992145309853,0.03510570066648553,0.65,0.2758371995490611,0.2653282054171613
35,8,0.0004734088871531,-0.2010701138937006,-0.2007562469253082,0.79391499086447,-0.7370576002164402,0.9122357483337862,1.118033988749895,-1.400487393164631,-0.331124340588225,0.9473309334313454,0.2350358195768589,-0.3579411286977252,-1.1271543790448286,-1.1181946142788823,-0.2206727949071498,-0.9276138390945248,-0.0675846304339653,-0.8417395856026861,-0.8144039619608363,0.0,0.0,0.0,0.0,-0.2026394936777376,-1.185526034413144,-1.2035265206314247,-0.3779644730092272,-0.0037016457477296,-0.7995900589021115,0.7995900589021115,-0.408248290463863,-0.7250102411641544,-0.6500836066631539,-0.4472135954999578,-1.1389071909150976,0.0989196730826897,0.026014295654409055,False,,,0.0989196730826897,0.03510570066648553,0.65,0.0,0.1960063434372938
35,9,0.0006854750325585,-0.2010456649491947,-0.2009963985402477,0.79391499086447,-0.6266064183608223,0.9122357483337862,1.118033988749895,-1.400487393164631,-0.331124340588225,0.9473309334313454,0.2350358195768589,-0.3579411286977252,-1.1271543790448286,-1.1181946142788823,-0.0752035835921078,-0.669616861153548,-0.094381629370246,-1.0319250929619623,-0.8759947607075667,0.0,0.0,0.0,0.0,-0.2027318143676261,-1.1532728253390925,-1.1718686729463332,-0.3779644730092272,-0.6837051089650239,-0.7995900589021115,0.7995900589021115,-0.408248290463863,-0.7250102411641544,-0.5056205829602308,-0.4472135954999578,-1.1389071909150976,0.08830436606865248,0.026138500857536856,False,,,0.08830436606865248,0.03510570066648553,0.65,0.0,0.1933525166837845
35,10,0.0010813915811485,-0.2010318208372812,-0.2015346787011698,0.79391499086447,-0.4972540949115656,0.9122357483337862,1.118033988749895,-1.400487393164631,-0.331124340588225,0.9473309334313454,0.2350358195768589,-0.3579411286977252,-1.1271543790448286,-1.1181946142788823,-1.456536752414718,-0.8626409437007344,-0.1432898534104911,-1.1498730600662792,-0.8767355588219237,0.0,0.0,0.0,0.0,-0.2027840905696702,-1.2147025004676235,-1.1413646302364573,2.6457513110645903,0.6114339804758904,-0.7995900589021115,0.7995900589021115,-0.408248290463863,-0.7250102411641544,-0.3611575592573077,-0.4472135954999578,-1.1389071909150976,0.09732310598091168,0.026543942320612465,False,,,0.09732310598091168,0.03510570066648553,0.65,0.0,0.1956072016618493
35,11,0.0023555046196637,-0.2012047114007543,-0.2003279105901431,0.79391499086447,-0.683552384401995,0.9122357483337862,1.118033988749895,-1.400487393164631,-0.331124340588225,0.9473309334313454,0.2350358195768589,-0.3579411286977252,-1.1271543790448286,-1.1181946142788823,-0.6153914966360405,-0.7106452037024984,0.4626668191098227,-0.0418856846534176,-0.9765330100012332,0.0,0.0,0.0,0.0,-0.2021312453684699,-1.261833153563107,-1.199190466790039,2.6457513110645903,1.60510277340247,-0.7995900589021115,0.7995900589021115,-0.408248290463863,-0.7250102411641544,-0.2166945355543847,-0.4472135954999578,-1.1389071909150976,0.09869168272485135,0.026342796041752214,False,,,0.09869168272485135,0.03510570066648553,0.65,0.1850667276439291,0.24221602775881648
35,12,0.0029889862919162,-0.201121039874441,-0.2003470806254207,0.79391499086447,-0.5202890787196817,0.9122357483337862,1.118033988749895,-1.400487393164631,-0.331124340588225,0.9473309334313454,0.2350358195768589,-0.3579411286977252,-1.1271543790448286,-1.1181946142788823,-0.1520906925731744,-0.625890819379477,0.1761141992522527,-0.6194873421550872,-0.963051772450502,0.0,0.0,0.0,0.0,-0.2024471941012024,-1.2275930299691271,-1.157180359556671,2.6457513110645903,0.8832086334600815,-0.7995900589021115,0.7995900589021115,-0.408248290463863,-0.7250102411641544,-0.0722315118514616,-0.4472135954999578,-1.1389071909150976,0.10341869525971994,0.026399549313051024,False,0.3,0.2,0.14388064554760477,0.10469592301057164,0.4372340425531915,0.38876290990724305,0.26864338025465273
35,13,0.0033982042559978,-0.2011451252584959,-0.2002153244229734,0.79391499086447,-0.5663284237461101,0.9122357483337862,1.118033988749895,-1.400487393164631,-0.331124340588225,0.9473309334313454,0.2350358195768589,-0.3579411286977252,-1.1271543790448286,-1.1181946142788823,-0.9988949167398607,-0.9186211504008812,-0.286977121468008,-0.4919813412208192,-0.7878900112624907,0.0,0.0,0.0,0.0,-0.2023562462375165,-1.1610235855243496,-1.179476361992877,-0.3779644730092272,-0.5202936556599955,-0.5535623484706925,0.5535623484706925,-0.408248290463863,-0.7250102411641544,0.0722315118514612,-0.4472135954999578,-1.1389071909150976,0.103517275010157,0.02656073305484514,False,,,0.103517275010157,0.03510570066648553,0.65,0.0,0.19715574391916066
35,14,0.0043385074231678,-0.2012537017869509,-0.1993707495109586,0.79391499086447,-0.4164102644685696,0.9122357483337862,1.118033988749895,-1.400487393164631,-0.331124340588225,0.9473309334313454,0.2350358195768589,-0.3579411286977252,-1.1271543790448286,-1.1181946142788823,-0.7050448117336688,-0.7416043340920839,-0.176786001771337,0.1783667750394592,-0.8364492137559513,0.0,0.0,0.0,0.0,-0.2019462547137406,-1.13920934969685,-1.1580647947405125,-0.3779644730092272,-0.7508058875955863,-0.3075346380392736,0.3075346380392736,-0.408248290463863,-0.7250102411641544,0.2166945355543845,2.2360679774997894,-1.1389071909150976,0.10187718494600578,0.026479730473200177,False,,,0.10187718494600578,0.03510570066648553,0.65,0.06242837126381071,0.2123528142190755
35,15,0.0044701495059134,-0.2012715205792661,-0.1992449748960671,1.2417918157980865,-0.7278759459835428,0.9122357483337862,1.118033988749895,-1.400487393164631,-0.331124340588225,0.9473309334313454,0.2350358195768589,-0.3579411286977252,-1.1271543790448286,-1.1181946142788823,-1.5398505774053528,-0.8066554535276129,0.1916299554567025,0.2596110424982376,-0.9042179567220636,0.0,0.0,0.0,0.0,-0.2018789698786374,-1.2213490436424104,-1.2386882735967792,-0.3779644730092272,0.7515649164984486,-0.0615069276078547,0.0615069276078547,-0.408248290463863,-0.7250102411641544,0.3611575592573074,2.2360679774997894,-1.1389071909150976,0.107150077856906,0.025963790906507408,False,,,0.107150077856906,0.03510570066648553,0.65,0.16751584705706415,0.23994290639511393
35,16,0.0030683049113599,-0.201210869210277,-0.2005066687501953,1.2417918157980865,-0.6748815269832015,0.9122357483337862,1.118033988749895,-1.400487393164631,-0.331124340588225,0.9473309334313454,0.2350358195768589,-0.3579411286977252,-1.1271543790448286,-1.1181946142788823,-1.4332133712800028,-0.8496395643977603,0.1534182626275969,-0.159781219042065,-0.8933209177700904,0.0,0.0,0.0,0.0,-0.2021079931081033,-1.2247398875652449,-1.2420165259944416,-0.3779644730092272,0.8230550310313257,0.1845207828235641,-0.1845207828235641,-0.408248290463863,-0.7250102411641544,0.5056205829602304,2.2360679774997894,-1.1389071909150976,0.09323712740665457,0.025902452658364196,False,,,0.09323712740665457,0.03510570066648553,0.65,0.06136730505103876,0.20992753328104471
35,17,0.0026907452524033,-0.2011542431719259,-0.2003884867130701,1.2417918157980865,-0.5601808375481145,0.9122357483337862,1.118033988749895,-1.400487393164631,-0.331124340588225,0.9473309334313454,0.2350358195768589,-0.3579411286977252,-1.1271543790448286,-1.1181946142788823,-0.3085481332845821,-1.6918815903869089,-0.7581712878381,-0.54886488223334,0.2472806759899647,0.0,0.0,0.0,0.0,-0.2023218164461609,-1.1959325671689605,-1.2137409593918331,-0.3779644730092272,0.2157022063710542,0.4305484932549831,-0.4305484932549831,-0.408248290463863,-0.7250102411641544,0.6500836066631537,2.2360679774997894,-1.1389071909150976,0.1002964350225215,0.02658968551222393,False,,,0.1002964350225215,0.03510570066648553,0.65,0.0,0.19635053392225177
35,18,0.0017740206241628,-0.2011912930284153,-0.2008147901293899,1.2417918157980865,-0.7988640582086572,0.9122357483337862,1.118033988749895,-1.400487393164631,-0.331124340588225,0.9473309334313454,0.2350358195768589,-0.3579411286977252,-1.1271543790448286,-1.1181946142788823,-1.6015325528736415,-1.705691005541462,-0.649428371133552,-0.3437936003130403,0.0507268093727066,0.0,0.0,0.0,0.0,-0.202181913952188,-1.2583301450996496,-1.2749867415871186,-0.3779644730092272,1.5312478623651948,0.676576203686402,-0.676576203686402,-0.408248290463863,-0.7250102411641544,0.7945466303660766,-0.4472135954999578,-1.1389071909150976,0.09965604372084519,0.026636365529598974,False,0.1,0.1,0.09985249438919691,0.1789341240744836,0.6222222222222222,0.30000000000000004,0.30025221017147574
35,19,0.0002811026377151,-0.2011216577885788,-0.2005731427473175,0.79391499086447,-0.2464367440301081,0.9122357483337862,1.118033988749895,-1.400487393164631,-0.331124340588225,0.9473309334313454,0.2350358195768589,-0.3579411286977252,-1.1271543790448286,-1.1181946142788823,-1.0016510144296804,-1.688264096811266,-0.5999089463379191,-0.808837648963818,0.444914270727233,0.0,0.0,0.0,0.0,-0.2024448608201286,-1.1422184359450636,-1.161018336321399,-0.3779644730092272,-0.7508058875955863,0.922603914117821,-0.922603914117821,-0.408248290463863,-0.7250102411641544,0.9390096540689996,-0.4472135954999578,-1.1389071909150976,0.0981944414786709,0.02642892335503415,False,,,0.0981944414786709,0.03510570066648553,0.65,0.0,0.19582503553628913
35,20,0.0002126469311014,-0.2011185260718764,-0.2005134121190351,0.79391499086447,-0.2738126113104328,0.9122357483337862,1.118033988749895,-1.400487393164631,-0.331124340588225,0.9473309334313454,0.2350358195768589,-0.3579411286977252,-1.1271543790448286,-1.1181946142788823,0.168436849076089,-1.6451558462430864,-0.2286676932516881,-0.8547058239115048,0.286238909015415,0.0,0.0,0.0,0.0,-0.2024566863713882,-1.1326427447948402,-1.1516194026767734,-0.3779644730092272,-0.7508058875955863,1.16863162454924,-1.16863162454924,-0.408248290463863,-0.7250102411641544,1.0834726777719228,-0.4472135954999578,-1.1389071909150976,0.09798687511602103,0.025937983470302933,False,,,0.09798687511602103,0.03510570066648553,0.65,0.04210921226902225,0.2063004470128822
35,21,0.0002556835729186,-0.2010518966406122,-0.2005744397774926,0.79391499086447,-0.150406599253061,0.9122357483337862,1.118033988749895,-1.400487393164631,-0.331124340588225,0.9473309334313454,0.2350358195768589,-0.3579411286977252,-1.1271543790448286,-1.1181946142788823,0.1538501793066041,-1.6759382810147183,-0.5328170886052249,-1.293047818384422,0.4197888993803274,0.0,0.0,0.0,0.0,-0.2027082831247662,-1.1332145658834465,-1.1521806685304954,-0.3779644730092272,-0.7508058875955863,1.4146593349806589,-1.4146593349806589,-0.408248290463863,-0.7250102411641544,1.2279357014748458,-0.4472135954999578,-1.1389071909150976,0.10178281725856579,0.0261451775672952,False,,,0.10178281725856579,0.03510570066648553,0.65,0.03846254482665103,0.20633776568792558
35,22,0.0014162197770198,-0.2011731168324807,-0.2008813697451629,0.79391499086447,-0.1787561133584284,0.9122357483337862,1.118033988749895,-1.400487393164631,-0.331124340588225,0.9473309334313454,0.2350358195768589,-0.3579411286977252,-1.1271543790448286,-1.1181946142788823,-0.8280884632410802,-0.6275294982534501,0.755998876683819,-0.570380426310395,-0.8606156279957968,0.0,0.0,0.0,0.0,-0.2022505483649264,-1.1244702608599426,-1.1435977744714736,-0.3779644730092272,-0.7508058875955863,1.6606870454120777,-1.6606870454120777,-0.408248290463863,-0.7250102411641544,1.3723987251777687,-0.4472135954999578,-1.1389071909150976,0.10224922633630651,0.026313412489482668,False,,,0.10224922633630651,0.03510570066648553,0.65,0.30239955067352764,0.27243861941907993
35,23,0.0011692795300595,-0.2010809171049988,-0.2007491853200198,0.79391499086447,-0.1983087290060988,0.9122357483337862,1.118033988749895,-1.400487393164631,-0.331124340588225,0.9473309334313454,0.2350358195768589,-0.3579411286977252,-1.1271543790448286,-1.1181946142788823,-0.8254233642853528,-0.8392626835947389,-0.1598882914982657,-1.161926380448782,-0.7915688378168371,0.0,0.0,0.0,0.0,-0.2025987000999276,-1.134179192849207,-1.15312748946496,-0.3779644730092272,-0.7508058875955863,1.9067147558434967,-1.9067147558434967,-0.408248290463863,-0.7250102411641544,1.516861748880692,-0.4472135954999578,-1.1389071909150976,0.09605202001578189,0.026107426336985068,False,,,0.09605202001578189,0.03510570066648553,0.65,0.0,0.19528943017056685
35,24,0.0021029141183912,-0.2011308825987018,-0.2011944826787587,0.3460381659308536,0.0151837870314721,0.9122357483337862,1.118033988749895,-1.400487393164631,-0.331124340588225,0.9473309334313454,0.2350358195768589,-0.3579411286977252,-1.1271543790448286,-1.1181946142788823,-0.163188118622204,-0.5877203871266877,-0.1093811125978282,-0.8816575717554784,-0.8308773968529256,0.0,0.0,0.0,0.0,-0.202410027380409,-1.0805860657259103,-1.1005236368826743,-0.3779644730092272,-0.7508058875955863,2.1527424662749155,-2.1527424662749155,-0.408248290463863,-0.7250102411641544,1.6613247725836149,-0.4472135954999578,-1.1389071909150976,0.0015669512881710812,0.026309499549306743,False,,,0.0015669512881710812,0.03510570066648553,0.65,0.0,0.17166816298866416
